trade_id,open_time,close_time,symbol,strategy_id,qty,entry_price,exit_price,fees_usd,pnl_usd,pnl_pct,exit_reason,stop_pct,take_pct,holding_minutes,sentiment_score,sentiment_label,news_headline
401e52cca9df573a,2025-05-07 08:00:00+00:00,2025-05-12 08:00:00+00:00,AMZN,S01,5340,187.26,196.613,0.0,49945.02000000005,4.994659831250673,TAKE_PROFIT,3.0,5.0,7200.0,0.32632,NEU,
3ec570f30b9a7fbc,2025-05-07 08:00:00+00:00,2025-05-12 08:15:00+00:00,META,S01,1688,592.33,621.9365,0.0,49975.77199999997,4.998311751895055,TAKE_PROFIT,3.0,5.0,7215.0,0.33849,NEU,
f5b92ea20b83bde8,2025-05-07 08:00:00+00:00,2025-05-12 08:00:00+00:00,AVGO,S01,4949,202.04,212.132,0.0,49945.30800000006,4.995050485052471,TAKE_PROFIT,3.0,5.0,7200.0,0.26307,NEU,
3d69a1e75cbdbef1,2025-05-07 08:00:00+00:00,2025-05-12 08:00:00+00:00,ORCL,S01,6741,148.32999999999998,155.7365,0.0,49927.216500000155,4.99325827546688,TAKE_PROFIT,3.0,5.0,7200.0,0.27408,NEU,
d2f4f0101f4d1dfb,2025-05-07 11:41:00+00:00,2025-05-08 18:37:00+00:00,INTU,S01,1586,630.51,662.0255000000001,0.0,49983.58300000014,4.998413982331777,TAKE_PROFIT,3.0,5.0,1856.0,0.4096666666666667,NEU,
931d2ff5e406f574,2025-05-07 08:20:00+00:00,2025-05-12 08:00:00+00:00,QCOM,S01,7110,140.63,147.6515,0.0,49922.86500000002,4.992889141719408,TAKE_PROFIT,3.0,5.0,7180.0,0.34524999999999995,NEU,
81c661e7ded6e886,2025-05-08 08:00:00+00:00,2025-05-09 14:28:00+00:00,NVDA,S01,8374,119.41000000000001,115.8177,0.0,-30081.920200000073,-3.008374507997662,STOP_LOSS,3.0,5.0,1828.0,0.27297000000000005,NEU,
11bb3a4118099260,2025-05-08 08:01:00+00:00,2025-05-12 08:00:00+00:00,AVGO,S01,4799,208.35999999999999,218.768,0.0,49947.99200000007,4.995200614321375,TAKE_PROFIT,3.0,5.0,5759.0,0.42554,NEU,
fc5601c8a14d3b0a,2025-05-08 08:00:00+00:00,2025-05-12 08:00:00+00:00,TSM,S01,5712,175.04,183.782,0.0,49934.304000000106,4.9942870201097005,TAKE_PROFIT,3.0,5.0,5760.0,0.47366,NEU,
5fea7ec7db274f31,2025-05-08 08:22:00+00:00,2025-05-13 13:44:00+00:00,ORCL,S01,6595,151.60999999999999,159.1805,0.0,49927.44750000007,4.993404129015244,TAKE_PROFIT,3.0,5.0,7522.0,0.333575,NEU,
37e9e412348b1180,2025-05-08 08:00:00+00:00,2025-05-08 16:00:00,GOOGL,S01,6512,153.56,154.3899,0.0,5404.30880000006,0.038602205714286145,SENTIMENT_EOD_SELL,3.0,5.0,720.0,0.21204,NEU,
7f24db73bbaf4977,2025-05-07 08:00:00+00:00,2025-05-09 09:30:00,MSFT,S01,2294,435.8,438.68,0.0,6606.719999999989,0.04719085714285707,SENTIMENT_MORNING_SELL,3.0,5.0,3210.0,0.25551,NEU,
8e80676e28d9e410,2025-05-08 11:45:00+00:00,2025-05-09 09:30:00,ADBE,S01,2564,390.01,384.29,0.0,-14666.079999999924,-0.10475771428571375,SENTIMENT_MORNING_SELL,3.0,5.0,1545.0,0.3612,NEU,
d62c0fc990a0faed,2025-05-08 13:30:00+00:00,2025-05-09 09:30:00,INTU,S01,1553,643.54,655.25,0.0,18185.630000000056,0.12989735714285755,SENTIMENT_MORNING_SELL,3.0,5.0,1440.0,0.5106,NEU,
bcf45d3dcafc24af,2025-05-07 08:02:00+00:00,2025-05-14 20:07:00+00:00,CSCO,S01,16795,59.54,62.507000000000005,0.0,49830.7650000001,0.032912507142857206,TAKE_PROFIT,3.0,5.0,10805.0,0.359625,NEU,
6d0458433a5c3924,2025-05-09 08:00:00+00:00,2025-05-13 11:45:00+00:00,NVDA,S01,8473,118.01,123.90050000000001,0.0,49910.20650000002,4.991526141852387,TAKE_PROFIT,3.0,5.0,5985.0,0.24496,NEU,
5fad9a7662062490,2025-05-09 08:00:00+00:00,2025-05-12 08:00:00+00:00,AMZN,S01,5186,192.79999999999998,202.43,0.0,49941.180000000124,4.994813278008311,TAKE_PROFIT,3.0,5.0,4320.0,0.22382999999999997,NEU,
7dd7368c9a694d00,2025-05-09 08:00:00+00:00,2025-05-14 14:27:00+00:00,GOOGL,S01,6450,155.01999999999998,162.761,0.0,49929.45000000009,4.993549219455564,TAKE_PROFIT,3.0,5.0,7587.0,0.24081000000000002,NEU,
06df3888d094bf38,2025-05-09 08:01:00+00:00,2025-05-12 08:00:00+00:00,AVGO,S01,4791,208.72,219.14600000000002,0.0,49950.96600000008,4.995208892295907,TAKE_PROFIT,3.0,5.0,4319.0,0.3163625,NEU,
b8d33b232ff9b82e,2025-05-09 08:00:00+00:00,2025-05-12 13:28:00+00:00,TSM,S01,5597,178.66,187.58300000000003,0.0,49942.03100000017,4.99440277622301,TAKE_PROFIT,3.0,5.0,4648.0,0.45099999999999996,NEU,
f8533e6ec6268b56,2025-05-09 08:00:00+00:00,2025-05-09 13:56:00+00:00,TSLA,S01,3488,286.65999999999997,300.983,0.0,49958.62400000013,4.996511546780171,TAKE_PROFIT,3.0,5.0,356.0,0.2885,NEU,
ae278e9e302f623f,2025-05-09 08:11:00+00:00,2025-05-12 09:57:00+00:00,QCOM,S01,6874,145.45999999999998,152.72299999999998,0.0,49925.86200000004,4.993125257802837,TAKE_PROFIT,3.0,5.0,4426.0,0.2361625,NEU,
79f9b5ee837cedfd,2025-05-09 08:04:00+00:00,2025-05-09 16:00:00,ADBE,S01,2602,384.31,382.94,0.0,-3564.7400000000116,-0.025462428571428653,SENTIMENT_EOD_SELL,3.0,5.0,716.0,0.34482,NEU,
1aadf358e51284d0,2025-05-12 08:00:00+00:00,2025-05-13 14:07:00+00:00,NVDA,S01,8196,122.01,128.1005,0.0,49917.73800000005,4.991803950495866,TAKE_PROFIT,3.0,5.0,1807.0,0.31070000000000003,NEU,
97521a315ea53469,2025-05-12 08:00:00+00:00,2025-05-14 15:42:00+00:00,GOOGL,S01,6369,157.01,164.8505,0.0,49936.144500000126,4.993630978918553,TAKE_PROFIT,3.0,5.0,3342.0,0.33197,NEU,
425323ef0e51c0a6,2025-05-12 08:00:00+00:00,2025-05-13 13:40:00+00:00,META,S01,1615,619.0,649.94,0.0,49968.100000000086,4.9983844911147095,TAKE_PROFIT,3.0,5.0,1780.0,0.47735000000000005,NEU,
aa1691b8a97c79ea,2025-05-12 08:00:00+00:00,2025-05-13 14:57:00+00:00,AVGO,S01,4559,219.29999999999998,230.255,0.0,49943.84500000006,4.995440036479714,TAKE_PROFIT,3.0,5.0,1857.0,0.3345,NEU,
63a9c8e94ec8ca01,2025-05-12 08:00:00+00:00,2025-05-13 17:48:00+00:00,TSLA,S01,3134,319.01,334.95050000000003,0.0,49957.52700000013,4.996865302028163,TAKE_PROFIT,3.0,5.0,2028.0,0.41772,NEU,
dc458300a40d3f81,2025-05-12 08:00:00+00:00,2025-05-14 11:31:00+00:00,ORCL,S01,6430,155.51,163.2755,0.0,49932.165000000015,4.993569545366859,TAKE_PROFIT,3.0,5.0,3091.0,0.4965,NEU,
4e973a41633247be,2025-05-12 08:00:00+00:00,2025-05-14 20:08:00+00:00,CSCO,S01,16553,60.41,63.420500000000004,0.0,49832.80650000012,4.983446449263379,TAKE_PROFIT,3.0,5.0,3608.0,0.49375,NEU,
9b287397bfef55fe,2025-05-12 08:00:00+00:00,2025-05-12 16:00:00,AAPL,S01,4863,205.63,210.14000000000001,0.0,21932.130000000096,0.15665807142857213,SENTIMENT_EOD_SELL,3.0,5.0,720.0,0.27124000000000004,NEU,
c7d6ca25db07c6c5,2025-05-13 08:00:00+00:00,2025-05-13 14:57:00+00:00,AVGO,S01,4566,219.01,229.9505,0.0,49954.32300000006,4.995433998447566,TAKE_PROFIT,3.0,5.0,417.0,0.2927,NEU,
6f0b46fb4149eaa6,2025-05-13 08:00:00+00:00,2025-05-13 17:38:00+00:00,TSLA,S01,3159,316.53999999999996,332.35699999999997,0.0,49965.90300000002,4.9968408415998,TAKE_PROFIT,3.0,5.0,578.0,0.3686,NEU,
a57cbfb03476563e,2025-05-13 11:00:00+00:00,2025-05-16 13:19:00+00:00,ADBE,S01,2531,395.03,414.7715,0.0,49965.73650000008,4.997468546692665,TAKE_PROFIT,3.0,5.0,4459.0,0.4599666666666667,NEU,
4e78ec2663791f78,2025-05-13 08:05:00+00:00,2025-05-15 13:55:00+00:00,CSCO,S01,16212,61.68,64.75399999999999,0.0,49835.68799999986,4.983787289234746,TAKE_PROFIT,3.0,5.0,3230.0,0.50249,NEU,
a3a0c5daeb96ce72,2025-05-12 08:00:00+00:00,2025-05-14 09:30:00,QCOM,S01,6648,150.42,151.63,0.0,8044.080000000053,0.05745771428571466,SENTIMENT_MORNING_SELL,3.0,5.0,3210.0,0.44348,NEU,
f2d1d6baa8a7c829,2025-05-13 08:00:00+00:00,2025-05-19 08:30:00+00:00,AMZN,S01,4816,207.62,201.3814,0.0,-30045.097599999957,-0.722429879999999,STOP_LOSS,3.0,5.0,8670.0,0.24168000000000003,NEU,
3b22f7acf19e12ce,2025-05-14 08:00:00+00:00,2025-05-16 13:29:00+00:00,GOOGL,S01,6249,160.01,168.00050000000002,0.0,49932.63450000016,4.993750390600604,TAKE_PROFIT,3.0,5.0,3209.0,0.35845,NEU,
fbbae3c6aeaa765b,2025-05-14 09:02:00+00:00,2025-05-16 13:28:00+00:00,ADBE,S01,2521,396.65,416.4725,0.0,49972.52250000012,4.997478885667478,TAKE_PROFIT,3.0,5.0,3146.0,0.29231666666666667,NEU,
ba17322144512330,2025-05-14 08:05:00+00:00,2025-05-15 13:55:00+00:00,CSCO,S01,16191,61.76,64.838,0.0,49835.897999999936,4.983808290155435,TAKE_PROFIT,3.0,5.0,1790.0,0.23651,NEU,
29b249f10809ed6e,2025-05-14 08:09:00+00:00,2025-05-14 16:00:00,QCOM,S01,6594,151.64999999999998,152.82000000000002,0.0,7714.980000000292,0.05510700000000209,SENTIMENT_EOD_SELL,3.0,5.0,711.0,0.2803,NEU,
a9a7ace7b3b379fc,2025-05-15 08:05:00+00:00,2025-05-16 13:30:00+00:00,META,S01,1529,653.6899999999999,634.0692999999999,0.0,-30000.050300000086,-3.0015297771114837,STOP_LOSS,3.0,5.0,1765.0,0.24576000000000003,NEU,
b4acb5c11a1d9381,2025-05-15 08:13:00+00:00,2025-05-16 13:52:00+00:00,ADBE,S01,2510,398.36,418.26800000000003,0.0,49969.08000000004,4.997489707801992,TAKE_PROFIT,3.0,5.0,1779.0,0.45449999999999996,NEU,
648891087f7ca90d,2025-05-13 08:00:00+00:00,2025-05-15 16:00:00,AAPL,S01,4761,210.01,211.0,0.0,4713.390000000043,0.03366707142857173,SENTIMENT_EOD_SELL,3.0,5.0,3600.0,0.28106,NEU,
b1da5bb7e9953d65,2025-05-14 08:00:00+00:00,2025-05-15 16:00:00,TSLA,S01,2955,338.37,342.2238,0.0,11387.978999999936,0.08134270714285669,SENTIMENT_EOD_SELL,3.0,5.0,2160.0,0.34683,NEU,
ed5c8d6a6e193586,2025-05-15 08:36:00+00:00,2025-05-21 19:21:00+00:00,ORCL,S01,6191,161.51,156.6547,0.0,-30059.1623,-0.5509031464285714,STOP_LOSS,3.0,5.0,9285.0,0.27762000000000003,NEU,
c3eb8d6fc2f5785e,2025-05-16 08:00:00+00:00,2025-05-19 13:35:00+00:00,AAPL,S01,4722,211.76,205.3972,0.0,-30045.141599999966,-3.0047223271628223,STOP_LOSS,3.0,5.0,4655.0,0.20924,NEU,
f1ce1c66bbb4e685,2025-05-16 08:00:00+00:00,2025-05-21 15:17:00+00:00,GOOGL,S01,6076,164.57999999999998,172.799,0.0,49938.64400000014,4.993923927573231,TAKE_PROFIT,3.0,5.0,7637.0,0.52989,NEU,
1602e6a6a48594ac,2025-05-16 08:02:00+00:00,2025-05-16 22:10:00+00:00,AVGO,S01,4295,232.79,225.7963,0.0,-30037.941499999957,-3.0042957171699776,STOP_LOSS,3.0,5.0,848.0,0.43226,NEU,
6d2bdd3bddb22bac,2025-05-16 08:00:00+00:00,2025-05-19 13:25:00+00:00,TSM,S01,5148,194.25,188.4125,0.0,-30051.45000000003,-3.0051480051480084,STOP_LOSS,3.0,5.0,4645.0,0.3326,NEU,
44319059399ca487,2025-05-16 08:00:00+00:00,2025-05-21 20:43:00+00:00,TSLA,S01,2922,342.21999999999997,331.9434,0.0,-30028.225199999924,-3.0029220968967256,STOP_LOSS,3.0,5.0,7963.0,0.48654000000000003,NEU,
0844df16e76d73a2,2025-05-15 08:00:00+00:00,2025-05-19 09:30:00,CSCO,S01,15885,62.949999999999996,63.690000000000005,0.0,11754.900000000145,0.08396357142857247,SENTIMENT_MORNING_SELL,3.0,5.0,6090.0,0.27358,NEU,
72e998c3c0bfc301,2025-05-15 08:00:00+00:00,2025-05-23 12:06:00+00:00,NVDA,S01,7488,133.53,129.5141,0.0,-30071.05919999991,-0.18757121499999943,STOP_LOSS,3.0,5.0,11766.0,0.29019,NEU,
f4716d5280a5df13,2025-05-16 08:00:00+00:00,2025-05-23 11:46:00+00:00,AMZN,S01,4859,205.76999999999998,199.58689999999999,0.0,-30043.68289999998,-0.3307075199999998,STOP_LOSS,3.0,5.0,10306.0,0.51032,NEU,
705d87e5687ca63d,2025-05-16 08:07:00+00:00,2025-05-22 14:34:00+00:00,QCOM,S01,6539,152.91,148.3127,0.0,-30061.744699999934,-0.1595591478571425,STOP_LOSS,3.0,5.0,9027.0,0.4267333333333333,NEU,
8b4d20b4a584cde4,2025-05-19 08:00:00+00:00,2025-05-21 18:49:00+00:00,AAPL,S01,4809,207.91,201.6627,0.0,-30043.265699999978,-3.004809773459668,STOP_LOSS,3.0,5.0,3529.0,0.30571000000000004,NEU,
8ab03b2256a24a18,2025-05-19 08:00:00+00:00,2025-05-21 14:55:00+00:00,GOOGL,S01,6137,162.92999999999998,171.0665,0.0,49933.70050000007,4.993862394893521,TAKE_PROFIT,3.0,5.0,3295.0,0.31225,NEU,
9e8408ab09eb5cc8,2025-05-19 08:01:00+00:00,2025-05-23 12:24:00+00:00,ORCL,S01,6352,157.42999999999998,152.69709999999998,0.0,-30063.380800000006,-3.0063520294734176,STOP_LOSS,3.0,5.0,6023.0,0.44980000000000003,NEU,
a749f120c0c31b8b,2025-05-20 08:00:00+00:00,2025-05-21 17:18:00+00:00,AAPL,S01,4787,208.89,202.61329999999998,0.0,-30046.562900000026,-3.0047872085786804,STOP_LOSS,3.0,5.0,1998.0,0.24988000000000002,NEU,
53fc3ca5d342a974,2025-05-20 08:00:00+00:00,2025-05-23 11:46:00+00:00,AMZN,S01,4864,205.56,199.38320000000002,0.0,-30043.95519999993,-3.004864759680865,STOP_LOSS,3.0,5.0,4546.0,0.28942,NEU,
d24d66af64556c9b,2025-05-20 08:00:00+00:00,2025-05-23 12:55:00+00:00,META,S01,1564,639.36,620.1692,0.0,-30014.411199999948,-3.001564064064059,STOP_LOSS,3.0,5.0,4615.0,0.29424,NEU,
1c0bb19b25b000f1,2025-05-20 08:00:00+00:00,2025-05-23 12:24:00+00:00,AVGO,S01,4345,230.12,223.2064,0.0,-30039.59200000001,-3.004345558838868,STOP_LOSS,3.0,5.0,4584.0,0.25355,NEU,
b2709583aece94d9,2025-05-20 11:30:00+00:00,2025-05-23 11:58:00+00:00,ORCL,S01,6265,159.60999999999999,154.8117,0.0,-30061.349499999895,-3.0062652715995135,STOP_LOSS,3.0,5.0,4348.0,0.360925,NEU,
dedc7a02bc8af809,2025-05-20 11:04:00+00:00,2025-05-23 12:02:00+00:00,ADBE,S01,2386,419.01,406.42969999999997,0.0,-30016.595800000054,-3.0023865778859746,STOP_LOSS,3.0,5.0,4378.0,0.28576666666666667,NEU,
c5cb3a9821253e30,2025-05-20 13:30:00+00:00,2025-05-22 20:03:00+00:00,INTU,S01,1500,666.37,699.6785000000001,0.0,49962.750000000146,4.9984993322028455,TAKE_PROFIT,3.0,5.0,3273.0,0.5781333333333333,NEU,
4ab95aa6e8d5df50,2025-05-20 08:00:00+00:00,2025-05-22 14:29:00+00:00,QCOM,S01,6524,153.26,148.6522,0.0,-30061.287199999984,-3.0065248597155145,STOP_LOSS,3.0,5.0,3269.0,0.45201,NEU,
80a410313980a3c5,2025-05-12 08:00:00+00:00,2025-05-20 23:59:00+00:00,MSFT,S01,2228,448.81,457.2362,0.0,18773.57359999999,0.13409695428571422,BACKTEST_END,3.0,5.0,12479.0,0.23206000000000002,NEU,
d247ee21c408f3c6,2025-05-07 08:00:00+00:00,2025-05-12 08:00:00+00:00,AMZN,S02,5340,187.26,202.23080000000002,0.0,79944.07200000013,7.994659831250682,TAKE_PROFIT,3.0,8.0,7200.0,0.32632,NEU,
0a4d7bb82cedc0e2,2025-05-07 08:00:00+00:00,2025-05-12 19:50:00+00:00,META,S02,1688,592.33,639.7064000000001,0.0,79971.36320000017,7.998311751895075,TAKE_PROFIT,3.0,8.0,7910.0,0.33849,NEU,
19fc2004334be1e5,2025-05-07 08:00:00+00:00,2025-05-12 08:00:00+00:00,AVGO,S02,4949,202.04,218.19320000000002,0.0,79942.18680000013,7.995050485052478,TAKE_PROFIT,3.0,8.0,7200.0,0.26307,NEU,
d079e05d066483d6,2025-05-07 08:20:00+00:00,2025-05-12 08:19:00+00:00,QCOM,S02,7110,140.63,151.87040000000002,0.0,79919.24400000017,7.992889141719423,TAKE_PROFIT,3.0,8.0,7199.0,0.34524999999999995,NEU,
198cc36cf524bbef,2025-05-07 11:41:00+00:00,2025-05-08 09:30:00,INTU,S02,1586,630.51,643.52,0.0,20633.859999999986,0.14738471428571417,SENTIMENT_MORNING_SELL,3.0,8.0,1549.0,0.4096666666666667,NEU,
24e6ff53c0b9a879,2025-05-07 08:00:00+00:00,2025-05-13 14:01:00+00:00,ORCL,S02,6741,148.32999999999998,160.1864,0.0,79923.99240000005,0.6021357428571432,TAKE_PROFIT,3.0,8.0,9001.0,0.27408,NEU,
96f5affd93c2f428,2025-05-08 08:00:00+00:00,2025-05-09 14:28:00+00:00,NVDA,S02,8374,119.41000000000001,115.8177,0.0,-30081.920200000073,-3.008374507997662,STOP_LOSS,3.0,8.0,1828.0,0.27297000000000005,NEU,
8bace1e8ede4bc32,2025-05-08 08:01:00+00:00,2025-05-13 13:38:00+00:00,AVGO,S02,4799,208.35999999999999,225.0188,0.0,79945.58120000006,7.995200614321374,TAKE_PROFIT,3.0,8.0,7537.0,0.42554,NEU,
ca155964de2937ba,2025-05-08 08:00:00+00:00,2025-05-12 13:30:00+00:00,TSM,S02,5712,175.04,189.03320000000002,0.0,79929.15840000017,7.994287020109707,TAKE_PROFIT,3.0,8.0,6090.0,0.47366,NEU,
76003fdcc5bdd3bf,2025-05-08 08:00:00+00:00,2025-05-08 16:00:00,GOOGL,S02,6512,153.56,154.3899,0.0,5404.30880000006,0.038602205714286145,SENTIMENT_EOD_SELL,3.0,8.0,720.0,0.21204,NEU,
c528eba084a66752,2025-05-07 08:00:00+00:00,2025-05-09 09:30:00,MSFT,S02,2294,435.8,438.68,0.0,6606.719999999989,0.04719085714285707,SENTIMENT_MORNING_SELL,3.0,8.0,3210.0,0.25551,NEU,
c8af6f9e97026fa0,2025-05-08 11:45:00+00:00,2025-05-09 09:30:00,ADBE,S02,2564,390.01,384.29,0.0,-14666.079999999924,-0.10475771428571375,SENTIMENT_MORNING_SELL,3.0,8.0,1545.0,0.3612,NEU,
b29112dd2f3a104b,2025-05-08 13:30:00+00:00,2025-05-09 09:30:00,INTU,S02,1553,643.54,655.25,0.0,18185.630000000056,0.12989735714285755,SENTIMENT_MORNING_SELL,3.0,8.0,1440.0,0.5106,NEU,
0e69afbc38db22b9,2025-05-09 08:00:00+00:00,2025-05-13 13:56:00+00:00,NVDA,S02,8473,118.01,127.44080000000001,0.0,79907.16840000004,7.991526141852388,TAKE_PROFIT,3.0,8.0,6116.0,0.24496,NEU,
2ba9dc7ff9ff9eef,2025-05-09 08:00:00+00:00,2025-05-12 09:00:00+00:00,AMZN,S02,5186,192.79999999999998,208.214,0.0,79937.00400000009,7.9948132780083085,TAKE_PROFIT,3.0,8.0,4380.0,0.22382999999999997,NEU,
24a642e942e7815d,2025-05-09 08:01:00+00:00,2025-05-13 13:38:00+00:00,AVGO,S02,4791,208.72,225.40760000000003,0.0,79950.29160000016,7.995208892295914,TAKE_PROFIT,3.0,8.0,6097.0,0.3163625,NEU,
fd285d719afdb418,2025-05-09 08:00:00+00:00,2025-05-13 14:58:00+00:00,TSM,S02,5597,178.66,192.9428,0.0,79940.83160000005,7.994402776222998,TAKE_PROFIT,3.0,8.0,6178.0,0.45099999999999996,NEU,
2c6bc946ba2953c3,2025-05-09 08:00:00+00:00,2025-05-12 08:00:00+00:00,TSLA,S02,3488,286.65999999999997,309.5828,0.0,79954.72640000019,7.9965115467801775,TAKE_PROFIT,3.0,8.0,4320.0,0.2885,NEU,
7bb0c6d0cc2dfeb0,2025-05-09 08:00:00+00:00,2025-05-09 16:00:00,GOOGL,S02,6450,155.01999999999998,152.64000000000001,0.0,-15350.999999999787,-0.10964999999999848,SENTIMENT_EOD_SELL,3.0,8.0,720.0,0.24081000000000002,NEU,
f759a1f9d9ee0480,2025-05-09 08:04:00+00:00,2025-05-09 16:00:00,ADBE,S02,2602,384.31,382.94,0.0,-3564.7400000000116,-0.025462428571428653,SENTIMENT_EOD_SELL,3.0,8.0,716.0,0.34482,NEU,
38b9ca61c0b7ef3e,2025-05-09 08:11:00+00:00,2025-05-09 16:00:00,QCOM,S02,6874,145.45999999999998,145.22,0.0,-1649.7599999998672,-0.01178399999999905,SENTIMENT_EOD_SELL,3.0,8.0,709.0,0.2361625,NEU,
c1759f3546a1e852,2025-05-07 08:02:00+00:00,2025-05-12 09:30:00,CSCO,S02,16795,59.54,60.39,0.0,14275.750000000024,0.10196964285714304,SENTIMENT_MORNING_SELL,3.0,8.0,7528.0,0.359625,NEU,
bdd4e2dd728846ac,2025-05-12 08:00:00+00:00,2025-05-14 08:00:00+00:00,NVDA,S02,8196,122.01,131.76080000000002,0.0,79917.55680000011,7.991803950495871,TAKE_PROFIT,3.0,8.0,2880.0,0.31070000000000003,NEU,
e98ff3e36e50c980,2025-05-12 08:00:00+00:00,2025-05-14 12:01:00+00:00,TSLA,S02,3134,319.01,344.5208,0.0,79950.84720000005,7.996865302028154,TAKE_PROFIT,3.0,8.0,3121.0,0.41772,NEU,
879ffd564e11bdfb,2025-05-12 08:00:00+00:00,2025-05-15 14:44:00+00:00,CSCO,S02,16553,60.41,65.2328,0.0,79831.80840000001,7.983446449263368,TAKE_PROFIT,3.0,8.0,4724.0,0.49375,NEU,
37643f426a0f6f00,2025-05-12 08:00:00+00:00,2025-05-12 16:00:00,AAPL,S02,4863,205.63,210.14000000000001,0.0,21932.130000000096,0.15665807142857213,SENTIMENT_EOD_SELL,3.0,8.0,720.0,0.27124000000000004,NEU,
23fc5e3463dff3ae,2025-05-12 08:00:00+00:00,2025-05-12 16:00:00,AVGO,S02,4559,219.29999999999998,221.668,0.0,10795.712000000107,0.07711222857142933,SENTIMENT_EOD_SELL,3.0,8.0,720.0,0.3345,NEU,
c3d6be29d404178b,2025-05-12 08:00:00+00:00,2025-05-12 16:00:00,ORCL,S02,6430,155.51,157.20000000000002,0.0,10866.700000000168,0.07761928571428692,SENTIMENT_EOD_SELL,3.0,8.0,720.0,0.4965,NEU,
8816e8906f1dfd1b,2025-05-13 08:00:00+00:00,2025-05-14 08:50:00+00:00,TSLA,S02,3159,316.53999999999996,341.8532,0.0,79964.39880000017,7.996840841599815,TAKE_PROFIT,3.0,8.0,1490.0,0.3686,NEU,
2c33b6b20b26ddc3,2025-05-13 11:00:00+00:00,2025-05-13 16:00:00,ADBE,S02,2531,395.03,397.3525,0.0,5878.24750000012,0.041987482142858,SENTIMENT_EOD_SELL,3.0,8.0,540.0,0.4599666666666667,NEU,
a18cd4a3addf7f17,2025-05-12 08:00:00+00:00,2025-05-14 09:30:00,QCOM,S02,6648,150.42,151.63,0.0,8044.080000000053,0.05745771428571466,SENTIMENT_MORNING_SELL,3.0,8.0,3210.0,0.44348,NEU,
96b441633d7fbc52,2025-05-13 08:00:00+00:00,2025-05-14 09:30:00,AVGO,S02,4566,219.01,233.57000000000002,0.0,66480.96000000014,0.47486400000000095,SENTIMENT_MORNING_SELL,3.0,8.0,1770.0,0.2927,NEU,
493655c4d3d9e0a4,2025-05-13 08:00:00+00:00,2025-05-19 08:30:00+00:00,AMZN,S02,4816,207.62,201.3814,0.0,-30045.097599999957,-0.722429879999999,STOP_LOSS,3.0,8.0,8670.0,0.24168000000000003,NEU,
9423a9742fe3f12d,2025-05-14 08:09:00+00:00,2025-05-14 16:00:00,QCOM,S02,6594,151.64999999999998,152.82000000000002,0.0,7714.980000000292,0.05510700000000209,SENTIMENT_EOD_SELL,3.0,8.0,711.0,0.2803,NEU,
96ab87f6daffdbf9,2025-05-12 08:00:00+00:00,2025-05-15 16:00:00,META,S02,1615,619.0,641.34,0.0,36079.10000000005,0.2577078571428575,SENTIMENT_EOD_SELL,3.0,8.0,5040.0,0.47735000000000005,NEU,
f8f1640efe97710b,2025-05-13 08:00:00+00:00,2025-05-15 16:00:00,AAPL,S02,4761,210.01,211.0,0.0,4713.390000000043,0.03366707142857173,SENTIMENT_EOD_SELL,3.0,8.0,3600.0,0.28106,NEU,
07bb0bc10325d7ec,2025-05-14 08:00:00+00:00,2025-05-15 16:00:00,TSLA,S02,2955,338.37,342.2238,0.0,11387.978999999936,0.08134270714285669,SENTIMENT_EOD_SELL,3.0,8.0,2160.0,0.34683,NEU,
a3db4283cc87fdb0,2025-05-12 08:00:00+00:00,2025-05-21 14:03:00+00:00,GOOGL,S02,6369,157.01,169.5608,0.0,79936.04520000007,0.5550143057142861,TAKE_PROFIT,3.0,8.0,13323.0,0.33197,NEU,
9396b557620bf451,2025-05-15 08:36:00+00:00,2025-05-21 19:21:00+00:00,ORCL,S02,6191,161.51,156.6547,0.0,-30059.1623,-0.22088146928571425,STOP_LOSS,3.0,8.0,9285.0,0.27762000000000003,NEU,
0fa1ebe8bb1a1308,2025-05-16 08:00:00+00:00,2025-05-19 13:35:00+00:00,AAPL,S02,4722,211.76,205.3972,0.0,-30045.141599999966,-3.0047223271628223,STOP_LOSS,3.0,8.0,4655.0,0.20924,NEU,
cdcc4b808ba37531,2025-05-16 08:02:00+00:00,2025-05-16 22:10:00+00:00,AVGO,S02,4295,232.79,225.7963,0.0,-30037.941499999957,-3.0042957171699776,STOP_LOSS,3.0,8.0,848.0,0.43226,NEU,
0c76285f1b0c880d,2025-05-16 08:00:00+00:00,2025-05-19 13:25:00+00:00,TSM,S02,5148,194.25,188.4125,0.0,-30051.45000000003,-3.0051480051480084,STOP_LOSS,3.0,8.0,4645.0,0.3326,NEU,
98b3ea2406f0cb88,2025-05-16 08:00:00+00:00,2025-05-21 20:43:00+00:00,TSLA,S02,2922,342.21999999999997,331.9434,0.0,-30028.225199999924,-3.0029220968967256,STOP_LOSS,3.0,8.0,7963.0,0.48654000000000003,NEU,
d07af4b4b1424ce1,2025-05-14 09:02:00+00:00,2025-05-16 16:00:00,ADBE,S02,2521,396.65,412.74,0.0,40562.89000000008,0.28973492857142913,SENTIMENT_EOD_SELL,3.0,8.0,3538.0,0.29231666666666667,NEU,
2dfd3a9a98960355,2025-05-13 08:05:00+00:00,2025-05-19 09:30:00,CSCO,S02,16212,61.68,63.690000000000005,0.0,32586.120000000083,0.23275800000000058,SENTIMENT_MORNING_SELL,3.0,8.0,8965.0,0.50249,NEU,
35077e5e7808b33f,2025-05-15 08:00:00+00:00,2025-05-23 12:06:00+00:00,NVDA,S02,7488,133.53,129.5141,0.0,-30071.05919999991,-0.18757121499999943,STOP_LOSS,3.0,8.0,11766.0,0.29019,NEU,
6d397f798757920b,2025-05-16 08:00:00+00:00,2025-05-23 11:46:00+00:00,AMZN,S02,4859,205.76999999999998,199.58689999999999,0.0,-30043.68289999998,-0.3307075199999998,STOP_LOSS,3.0,8.0,10306.0,0.51032,NEU,
d9e6002ddf153baa,2025-05-16 08:07:00+00:00,2025-05-22 14:34:00+00:00,QCOM,S02,6539,152.91,148.3127,0.0,-30061.744699999934,-0.1595591478571425,STOP_LOSS,3.0,8.0,9027.0,0.4267333333333333,NEU,
55e1d253d3c71d4f,2025-05-19 08:00:00+00:00,2025-05-21 18:49:00+00:00,AAPL,S02,4809,207.91,201.6627,0.0,-30043.265699999978,-3.004809773459668,STOP_LOSS,3.0,8.0,3529.0,0.30571000000000004,NEU,
0f82867ee5bdcb6a,2025-05-19 08:00:00+00:00,2025-05-22 13:57:00+00:00,GOOGL,S02,6137,162.92999999999998,175.9544,0.0,79930.74280000008,7.993862394893521,TAKE_PROFIT,3.0,8.0,4677.0,0.31225,NEU,
11e8df183f41c7ff,2025-05-19 08:01:00+00:00,2025-05-23 12:24:00+00:00,ORCL,S02,6352,157.42999999999998,152.69709999999998,0.0,-30063.380800000006,-3.0063520294734176,STOP_LOSS,3.0,8.0,6023.0,0.44980000000000003,NEU,
b02998f2239e04cc,2025-05-20 08:00:00+00:00,2025-05-21 17:18:00+00:00,AAPL,S02,4787,208.89,202.61329999999998,0.0,-30046.562900000026,-3.0047872085786804,STOP_LOSS,3.0,8.0,1998.0,0.24988000000000002,NEU,
2074ff519a6ff869,2025-05-20 08:00:00+00:00,2025-05-23 11:46:00+00:00,AMZN,S02,4864,205.56,199.38320000000002,0.0,-30043.95519999993,-3.004864759680865,STOP_LOSS,3.0,8.0,4546.0,0.28942,NEU,
89aa0f84b961b4fa,2025-05-20 08:00:00+00:00,2025-05-23 12:55:00+00:00,META,S02,1564,639.36,620.1692,0.0,-30014.411199999948,-3.001564064064059,STOP_LOSS,3.0,8.0,4615.0,0.29424,NEU,
c6870f9c87e6330d,2025-05-20 08:00:00+00:00,2025-05-23 12:24:00+00:00,AVGO,S02,4345,230.12,223.2064,0.0,-30039.59200000001,-3.004345558838868,STOP_LOSS,3.0,8.0,4584.0,0.25355,NEU,
9b139c10086796f9,2025-05-20 11:30:00+00:00,2025-05-23 11:58:00+00:00,ORCL,S02,6265,159.60999999999999,154.8117,0.0,-30061.349499999895,-3.0062652715995135,STOP_LOSS,3.0,8.0,4348.0,0.360925,NEU,
6b8f2586ff88d45c,2025-05-20 11:04:00+00:00,2025-05-23 12:02:00+00:00,ADBE,S02,2386,419.01,406.42969999999997,0.0,-30016.595800000054,-3.0023865778859746,STOP_LOSS,3.0,8.0,4378.0,0.28576666666666667,NEU,
b8671e57ed8fb10e,2025-05-20 13:30:00+00:00,2025-05-22 20:20:00+00:00,INTU,S02,1500,666.37,719.6696000000001,0.0,79949.40000000008,7.998499332202838,TAKE_PROFIT,3.0,8.0,3290.0,0.5781333333333333,NEU,
b6ee59ae67c56bbc,2025-05-20 08:00:00+00:00,2025-05-22 14:29:00+00:00,QCOM,S02,6524,153.26,148.6522,0.0,-30061.287199999984,-3.0065248597155145,STOP_LOSS,3.0,8.0,3269.0,0.45201,NEU,
55629ca480f41852,2025-05-12 08:00:00+00:00,2025-05-20 23:59:00+00:00,MSFT,S02,2228,448.81,457.2362,0.0,18773.57359999999,0.13409695428571422,BACKTEST_END,3.0,8.0,12479.0,0.23206000000000002,NEU,
3f56f3298c514fd4,2025-05-07 08:00:00+00:00,2025-05-12 12:24:00+00:00,AMZN,S03,5340,187.26,209.7212,0.0,119942.8080000001,11.99465983125068,TAKE_PROFIT,3.0,12.0,7464.0,0.32632,NEU,
2489fd11b7fbcc85,2025-05-07 08:20:00+00:00,2025-05-07 16:00:00,QCOM,S03,7110,140.63,143.89000000000001,0.0,23178.600000000137,0.16556142857142955,SENTIMENT_EOD_SELL,3.0,12.0,700.0,0.34524999999999995,NEU,
1ebea003f9c1ba94,2025-05-07 11:41:00+00:00,2025-05-08 09:30:00,INTU,S03,1586,630.51,643.52,0.0,20633.859999999986,0.14738471428571417,SENTIMENT_MORNING_SELL,3.0,12.0,1549.0,0.4096666666666667,NEU,
768d16696de81842,2025-05-07 08:00:00+00:00,2025-05-13 13:48:00+00:00,AVGO,S03,4949,202.04,226.27480000000003,0.0,119938.02520000018,1.2307816285714304,TAKE_PROFIT,3.0,12.0,8988.0,0.26307,NEU,
599cd02427010355,2025-05-08 08:00:00+00:00,2025-05-09 14:28:00+00:00,NVDA,S03,8374,119.41000000000001,115.8177,0.0,-30081.920200000073,-3.008374507997662,STOP_LOSS,3.0,12.0,1828.0,0.27297000000000005,NEU,
bcf08e67418b8c27,2025-05-08 08:00:00+00:00,2025-05-08 16:00:00,GOOGL,S03,6512,153.56,154.3899,0.0,5404.30880000006,0.038602205714286145,SENTIMENT_EOD_SELL,3.0,12.0,720.0,0.21204,NEU,
8cbdf283e73a2a2b,2025-05-07 08:00:00+00:00,2025-05-09 09:30:00,MSFT,S03,2294,435.8,438.68,0.0,6606.719999999989,0.04719085714285707,SENTIMENT_MORNING_SELL,3.0,12.0,3210.0,0.25551,NEU,
f6351fb9849d1587,2025-05-07 08:00:00+00:00,2025-05-09 09:30:00,ORCL,S03,6741,148.32999999999998,150.68,0.0,15841.350000000153,0.1131525000000011,SENTIMENT_MORNING_SELL,3.0,12.0,3210.0,0.27408,NEU,
d24e21e9bb1ac4be,2025-05-08 11:45:00+00:00,2025-05-09 09:30:00,ADBE,S03,2564,390.01,384.29,0.0,-14666.079999999924,-0.10475771428571375,SENTIMENT_MORNING_SELL,3.0,12.0,1545.0,0.3612,NEU,
de05a6679a8357fd,2025-05-08 13:30:00+00:00,2025-05-09 09:30:00,INTU,S03,1553,643.54,655.25,0.0,18185.630000000056,0.12989735714285755,SENTIMENT_MORNING_SELL,3.0,12.0,1440.0,0.5106,NEU,
9574ca66f772d3e9,2025-05-07 08:00:00+00:00,2025-05-14 11:30:00+00:00,META,S03,1688,592.33,663.3996000000001,0.0,119965.48480000006,0.7883649200000004,TAKE_PROFIT,3.0,12.0,10290.0,0.33849,NEU,
86df47500ddeb218,2025-05-08 08:00:00+00:00,2025-05-14 13:35:00+00:00,TSM,S03,5712,175.04,196.03480000000002,0.0,119922.29760000015,0.25313730285714314,TAKE_PROFIT,3.0,12.0,8975.0,0.47366,NEU,
d42dd5ad48894bf4,2025-05-09 08:00:00+00:00,2025-05-14 08:00:00+00:00,NVDA,S03,8473,118.01,132.16120000000004,0.0,119903.11760000026,11.99152614185241,TAKE_PROFIT,3.0,12.0,7200.0,0.24496,NEU,
fe8ea40927009aba,2025-05-09 08:01:00+00:00,2025-05-13 16:28:00+00:00,AVGO,S03,4791,208.72,233.75640000000004,0.0,119949.3924000002,11.995208892295919,TAKE_PROFIT,3.0,12.0,6267.0,0.3163625,NEU,
379f9689d044d227,2025-05-09 08:00:00+00:00,2025-05-12 08:00:00+00:00,TSLA,S03,3488,286.65999999999997,321.0492,0.0,119949.52960000005,11.996511546780164,TAKE_PROFIT,3.0,12.0,4320.0,0.2885,NEU,
1dc4fba785861dec,2025-05-09 08:00:00+00:00,2025-05-09 16:00:00,GOOGL,S03,6450,155.01999999999998,152.64000000000001,0.0,-15350.999999999787,-0.10964999999999848,SENTIMENT_EOD_SELL,3.0,12.0,720.0,0.24081000000000002,NEU,
ec22bdf9213e7c1e,2025-05-09 08:04:00+00:00,2025-05-09 16:00:00,ADBE,S03,2602,384.31,382.94,0.0,-3564.7400000000116,-0.025462428571428653,SENTIMENT_EOD_SELL,3.0,12.0,716.0,0.34482,NEU,
1e990ec28b296bcc,2025-05-09 08:11:00+00:00,2025-05-09 16:00:00,QCOM,S03,6874,145.45999999999998,145.22,0.0,-1649.7599999998672,-0.01178399999999905,SENTIMENT_EOD_SELL,3.0,12.0,709.0,0.2361625,NEU,
00076e7e5e1fbad3,2025-05-07 08:02:00+00:00,2025-05-12 09:30:00,CSCO,S03,16795,59.54,60.39,0.0,14275.750000000024,0.10196964285714304,SENTIMENT_MORNING_SELL,3.0,12.0,7528.0,0.359625,NEU,
a269932a120f5a69,2025-05-12 08:00:00+00:00,2025-05-16 12:19:00+00:00,NVDA,S03,8196,122.01,136.64120000000003,0.0,119917.31520000017,11.991803950495877,TAKE_PROFIT,3.0,12.0,6019.0,0.31070000000000003,NEU,
cea13635bd7603f0,2025-05-12 08:00:00+00:00,2025-05-12 16:00:00,AAPL,S03,4863,205.63,210.14000000000001,0.0,21932.130000000096,0.15665807142857213,SENTIMENT_EOD_SELL,3.0,12.0,720.0,0.27124000000000004,NEU,
2858646578dac594,2025-05-12 08:00:00+00:00,2025-05-12 16:00:00,AVGO,S03,4559,219.29999999999998,221.668,0.0,10795.712000000107,0.07711222857142933,SENTIMENT_EOD_SELL,3.0,12.0,720.0,0.3345,NEU,
8dfd0ce76c27eeae,2025-05-12 08:00:00+00:00,2025-05-12 16:00:00,ORCL,S03,6430,155.51,157.20000000000002,0.0,10866.700000000168,0.07761928571428692,SENTIMENT_EOD_SELL,3.0,12.0,720.0,0.4965,NEU,
fcb621e9ff2d3936,2025-05-12 08:00:00+00:00,2025-05-12 16:00:00,CSCO,S03,16553,60.41,61.74,0.0,22015.49000000009,0.15725350000000063,SENTIMENT_EOD_SELL,3.0,12.0,720.0,0.49375,NEU,
a81d4b64b1187ce6,2025-05-13 11:00:00+00:00,2025-05-13 16:00:00,ADBE,S03,2531,395.03,397.3525,0.0,5878.24750000012,0.041987482142858,SENTIMENT_EOD_SELL,3.0,12.0,540.0,0.4599666666666667,NEU,
c90ad4a562cd75e8,2025-05-12 08:00:00+00:00,2025-05-14 09:30:00,QCOM,S03,6648,150.42,151.63,0.0,8044.080000000053,0.05745771428571466,SENTIMENT_MORNING_SELL,3.0,12.0,3210.0,0.44348,NEU,
a82964cbd5cef742,2025-05-13 08:00:00+00:00,2025-05-14 09:30:00,AVGO,S03,4566,219.01,233.57000000000002,0.0,66480.96000000014,0.47486400000000095,SENTIMENT_MORNING_SELL,3.0,12.0,1770.0,0.2927,NEU,
cb113cd393c7f797,2025-05-14 08:09:00+00:00,2025-05-14 16:00:00,QCOM,S03,6594,151.64999999999998,152.82000000000002,0.0,7714.980000000292,0.05510700000000209,SENTIMENT_EOD_SELL,3.0,12.0,711.0,0.2803,NEU,
aa806c844ec9968f,2025-05-12 08:00:00+00:00,2025-05-15 16:00:00,META,S03,1615,619.0,641.34,0.0,36079.10000000005,0.2577078571428575,SENTIMENT_EOD_SELL,3.0,12.0,5040.0,0.47735000000000005,NEU,
f2a8a08a82346b83,2025-05-12 08:00:00+00:00,2025-05-15 16:00:00,TSLA,S03,3134,319.01,342.2238,0.0,72752.04919999998,0.5196574942857141,SENTIMENT_EOD_SELL,3.0,12.0,5040.0,0.41772,NEU,
b699cd45aa512cbd,2025-05-13 08:00:00+00:00,2025-05-15 16:00:00,AAPL,S03,4761,210.01,211.0,0.0,4713.390000000043,0.03366707142857173,SENTIMENT_EOD_SELL,3.0,12.0,3600.0,0.28106,NEU,
7b84cb1e29531dcf,2025-05-15 08:36:00+00:00,2025-05-21 19:21:00+00:00,ORCL,S03,6191,161.51,156.6547,0.0,-30059.1623,-0.21470830214285713,STOP_LOSS,3.0,12.0,9285.0,0.27762000000000003,NEU,
28e31e04c41f426c,2025-05-16 08:00:00+00:00,2025-05-19 13:35:00+00:00,AAPL,S03,4722,211.76,205.3972,0.0,-30045.141599999966,-3.0047223271628223,STOP_LOSS,3.0,12.0,4655.0,0.20924,NEU,
51db173a44060d8b,2025-05-16 08:02:00+00:00,2025-05-16 22:10:00+00:00,AVGO,S03,4295,232.79,225.7963,0.0,-30037.941499999957,-3.0042957171699776,STOP_LOSS,3.0,12.0,848.0,0.43226,NEU,
d417cc34b5efc909,2025-05-16 08:00:00+00:00,2025-05-19 13:25:00+00:00,TSM,S03,5148,194.25,188.4125,0.0,-30051.45000000003,-3.0051480051480084,STOP_LOSS,3.0,12.0,4645.0,0.3326,NEU,
19e925586707efef,2025-05-16 08:00:00+00:00,2025-05-21 20:43:00+00:00,TSLA,S03,2922,342.21999999999997,331.9434,0.0,-30028.225199999924,-3.0029220968967256,STOP_LOSS,3.0,12.0,7963.0,0.48654000000000003,NEU,
f6af439d454805fb,2025-05-14 09:02:00+00:00,2025-05-16 16:00:00,ADBE,S03,2521,396.65,412.74,0.0,40562.89000000008,0.28973492857142913,SENTIMENT_EOD_SELL,3.0,12.0,3538.0,0.29231666666666667,NEU,
f8117c040a11356d,2025-05-13 08:05:00+00:00,2025-05-19 09:30:00,CSCO,S03,16212,61.68,63.690000000000005,0.0,32586.120000000083,0.23275800000000058,SENTIMENT_MORNING_SELL,3.0,12.0,8965.0,0.50249,NEU,
417f424f66b01ebc,2025-05-12 08:00:00+00:00,2025-05-22 13:57:00+00:00,GOOGL,S03,6369,157.01,175.84120000000001,0.0,119935.91280000015,0.8795515485714297,TAKE_PROFIT,3.0,12.0,14757.0,0.33197,NEU,
772bb348995a2b46,2025-05-15 08:00:00+00:00,2025-05-23 12:06:00+00:00,NVDA,S03,7488,133.53,129.5141,0.0,-30071.05919999991,-0.18269476499999943,STOP_LOSS,3.0,12.0,11766.0,0.29019,NEU,
1e1cc5ab5dee7eb6,2025-05-16 08:07:00+00:00,2025-05-22 14:34:00+00:00,QCOM,S03,6539,152.91,148.3127,0.0,-30061.744699999934,-0.24588987428571374,STOP_LOSS,3.0,12.0,9027.0,0.4267333333333333,NEU,
09672bd7ffdc62ec,2025-05-19 08:00:00+00:00,2025-05-21 18:49:00+00:00,AAPL,S03,4809,207.91,201.6627,0.0,-30043.265699999978,-3.004809773459668,STOP_LOSS,3.0,12.0,3529.0,0.30571000000000004,NEU,
ce06e67402d84130,2025-05-19 08:01:00+00:00,2025-05-23 12:24:00+00:00,ORCL,S03,6352,157.42999999999998,152.69709999999998,0.0,-30063.380800000006,-3.0063520294734176,STOP_LOSS,3.0,12.0,6023.0,0.44980000000000003,NEU,
c1888f60ed66697f,2025-05-20 08:00:00+00:00,2025-05-21 17:18:00+00:00,AAPL,S03,4787,208.89,202.61329999999998,0.0,-30046.562900000026,-3.0047872085786804,STOP_LOSS,3.0,12.0,1998.0,0.24988000000000002,NEU,
c0c8e8b11c94a68f,2025-05-20 08:00:00+00:00,2025-05-23 12:55:00+00:00,META,S03,1564,639.36,620.1692,0.0,-30014.411199999948,-3.001564064064059,STOP_LOSS,3.0,12.0,4615.0,0.29424,NEU,
713daf8055a2784a,2025-05-20 08:00:00+00:00,2025-05-23 12:24:00+00:00,AVGO,S03,4345,230.12,223.2064,0.0,-30039.59200000001,-3.004345558838868,STOP_LOSS,3.0,12.0,4584.0,0.25355,NEU,
027d7387d3f80792,2025-05-20 11:30:00+00:00,2025-05-23 11:58:00+00:00,ORCL,S03,6265,159.60999999999999,154.8117,0.0,-30061.349499999895,-3.0062652715995135,STOP_LOSS,3.0,12.0,4348.0,0.360925,NEU,
c564a9068c12ca05,2025-05-20 11:04:00+00:00,2025-05-23 12:02:00+00:00,ADBE,S03,2386,419.01,406.42969999999997,0.0,-30016.595800000054,-3.0023865778859746,STOP_LOSS,3.0,12.0,4378.0,0.28576666666666667,NEU,
4d0e199d37841916,2025-05-20 08:00:00+00:00,2025-05-22 14:29:00+00:00,QCOM,S03,6524,153.26,148.6522,0.0,-30061.287199999984,-3.0065248597155145,STOP_LOSS,3.0,12.0,3269.0,0.45201,NEU,
862e2629c18383ea,2025-05-20 13:30:00+00:00,2025-05-20 16:00:00,INTU,S03,1500,666.37,671.15,0.0,7169.999999999959,0.05121428571428542,SENTIMENT_EOD_SELL,3.0,12.0,390.0,0.5781333333333333,NEU,
2d20fbf9bebf0aa1,2025-05-09 08:00:00+00:00,2025-05-20 23:59:00+00:00,AMZN,S03,5186,192.79999999999998,203.79000000000002,0.0,56994.140000000196,0.4071010000000014,BACKTEST_END,3.0,12.0,16799.0,0.22382999999999997,NEU,
e8fecabf77863c65,2025-05-12 08:00:00+00:00,2025-05-20 23:59:00+00:00,MSFT,S03,2228,448.81,457.2362,0.0,18773.57359999999,0.13409695428571422,BACKTEST_END,3.0,12.0,12479.0,0.23206000000000002,NEU,
affe4accc3b49da5,2025-05-07 08:20:00+00:00,2025-05-07 16:00:00,QCOM,S04,7110,140.63,143.89000000000001,0.0,23178.600000000137,0.16556142857142955,SENTIMENT_EOD_SELL,3.0,20.0,700.0,0.34524999999999995,NEU,
83606083e3031aa4,2025-05-07 11:41:00+00:00,2025-05-08 09:30:00,INTU,S04,1586,630.51,643.52,0.0,20633.859999999986,0.14738471428571417,SENTIMENT_MORNING_SELL,3.0,20.0,1549.0,0.4096666666666667,NEU,
0d2f234ee364694a,2025-05-08 08:00:00+00:00,2025-05-09 14:28:00+00:00,NVDA,S04,8374,119.41000000000001,115.8177,0.0,-30081.920200000073,-3.008374507997662,STOP_LOSS,3.0,20.0,1828.0,0.27297000000000005,NEU,
dc9c2f92e9a43cc9,2025-05-08 08:00:00+00:00,2025-05-08 16:00:00,GOOGL,S04,6512,153.56,154.3899,0.0,5404.30880000006,0.038602205714286145,SENTIMENT_EOD_SELL,3.0,20.0,720.0,0.21204,NEU,
cf2b0d0a506236c4,2025-05-07 08:00:00+00:00,2025-05-09 09:30:00,MSFT,S04,2294,435.8,438.68,0.0,6606.719999999989,0.04719085714285707,SENTIMENT_MORNING_SELL,3.0,20.0,3210.0,0.25551,NEU,
f5e69b1bfa61cb7b,2025-05-07 08:00:00+00:00,2025-05-09 09:30:00,ORCL,S04,6741,148.32999999999998,150.68,0.0,15841.350000000153,0.1131525000000011,SENTIMENT_MORNING_SELL,3.0,20.0,3210.0,0.27408,NEU,
a51751bb2370f223,2025-05-08 11:45:00+00:00,2025-05-09 09:30:00,ADBE,S04,2564,390.01,384.29,0.0,-14666.079999999924,-0.10475771428571375,SENTIMENT_MORNING_SELL,3.0,20.0,1545.0,0.3612,NEU,
ef69feca886e4fb4,2025-05-08 13:30:00+00:00,2025-05-09 09:30:00,INTU,S04,1553,643.54,655.25,0.0,18185.630000000056,0.12989735714285755,SENTIMENT_MORNING_SELL,3.0,20.0,1440.0,0.5106,NEU,
7c537442d33fc190,2025-05-09 08:00:00+00:00,2025-05-14 11:29:00+00:00,TSLA,S04,3488,286.65999999999997,343.98199999999997,0.0,199939.136,19.99651154678016,TAKE_PROFIT,3.0,20.0,7409.0,0.2885,NEU,
31fc0eab2eb701af,2025-05-09 08:00:00+00:00,2025-05-09 16:00:00,GOOGL,S04,6450,155.01999999999998,152.64000000000001,0.0,-15350.999999999787,-0.10964999999999848,SENTIMENT_EOD_SELL,3.0,20.0,720.0,0.24081000000000002,NEU,
a9afda35bce9aaaa,2025-05-09 08:04:00+00:00,2025-05-09 16:00:00,ADBE,S04,2602,384.31,382.94,0.0,-3564.7400000000116,-0.025462428571428653,SENTIMENT_EOD_SELL,3.0,20.0,716.0,0.34482,NEU,
c161b680c936d538,2025-05-09 08:11:00+00:00,2025-05-09 16:00:00,QCOM,S04,6874,145.45999999999998,145.22,0.0,-1649.7599999998672,-0.01178399999999905,SENTIMENT_EOD_SELL,3.0,20.0,709.0,0.2361625,NEU,
bee5c8bdf40cd39e,2025-05-07 08:02:00+00:00,2025-05-12 09:30:00,CSCO,S04,16795,59.54,60.39,0.0,14275.750000000024,0.10196964285714304,SENTIMENT_MORNING_SELL,3.0,20.0,7528.0,0.359625,NEU,
49da6455a361a857,2025-05-08 08:00:00+00:00,2025-05-12 09:30:00,TSM,S04,5712,175.04,182.63,0.0,43354.080000000016,0.3096720000000001,SENTIMENT_MORNING_SELL,3.0,20.0,6090.0,0.47366,NEU,
3763cf9ed70d1bd9,2025-05-07 08:00:00+00:00,2025-05-12 16:00:00,AVGO,S04,4949,202.04,221.668,0.0,97138.97200000007,0.6938498000000005,SENTIMENT_EOD_SELL,3.0,20.0,7920.0,0.26307,NEU,
8ce06c9115908f4c,2025-05-12 08:00:00+00:00,2025-05-12 16:00:00,AAPL,S04,4863,205.63,210.14000000000001,0.0,21932.130000000096,0.15665807142857213,SENTIMENT_EOD_SELL,3.0,20.0,720.0,0.27124000000000004,NEU,
b6e53203d606e871,2025-05-12 08:00:00+00:00,2025-05-12 16:00:00,ORCL,S04,6430,155.51,157.20000000000002,0.0,10866.700000000168,0.07761928571428692,SENTIMENT_EOD_SELL,3.0,20.0,720.0,0.4965,NEU,
27240748a5eeb635,2025-05-12 08:00:00+00:00,2025-05-12 16:00:00,CSCO,S04,16553,60.41,61.74,0.0,22015.49000000009,0.15725350000000063,SENTIMENT_EOD_SELL,3.0,20.0,720.0,0.49375,NEU,
54c66785792e4f7f,2025-05-13 11:00:00+00:00,2025-05-13 16:00:00,ADBE,S04,2531,395.03,397.3525,0.0,5878.24750000012,0.041987482142858,SENTIMENT_EOD_SELL,3.0,20.0,540.0,0.4599666666666667,NEU,
b65ad75e8991cd62,2025-05-09 08:00:00+00:00,2025-05-14 09:30:00,NVDA,S04,8473,118.01,132.19,0.0,120147.13999999994,0.8581938571428567,SENTIMENT_MORNING_SELL,3.0,20.0,7530.0,0.24496,NEU,
ce1e3d48770fe340,2025-05-12 08:00:00+00:00,2025-05-14 09:30:00,QCOM,S04,6648,150.42,151.63,0.0,8044.080000000053,0.05745771428571466,SENTIMENT_MORNING_SELL,3.0,20.0,3210.0,0.44348,NEU,
d01f02d38730ee94,2025-05-13 08:00:00+00:00,2025-05-14 09:30:00,AVGO,S04,4566,219.01,233.57000000000002,0.0,66480.96000000014,0.47486400000000095,SENTIMENT_MORNING_SELL,3.0,20.0,1770.0,0.2927,NEU,
085d6f17da2388d5,2025-05-14 08:09:00+00:00,2025-05-14 16:00:00,QCOM,S04,6594,151.64999999999998,152.82000000000002,0.0,7714.980000000292,0.05510700000000209,SENTIMENT_EOD_SELL,3.0,20.0,711.0,0.2803,NEU,
835a027b3f0ca0b5,2025-05-07 08:00:00+00:00,2025-05-15 16:00:00,META,S04,1688,592.33,641.34,0.0,82728.87999999999,0.5909205714285714,SENTIMENT_EOD_SELL,3.0,20.0,12240.0,0.33849,NEU,
3e474d6ab6346248,2025-05-12 08:00:00+00:00,2025-05-15 16:00:00,TSLA,S04,3134,319.01,342.2238,0.0,72752.04919999998,0.5196574942857141,SENTIMENT_EOD_SELL,3.0,20.0,5040.0,0.41772,NEU,
491f39fd194a312c,2025-05-13 08:00:00+00:00,2025-05-15 16:00:00,AAPL,S04,4761,210.01,211.0,0.0,4713.390000000043,0.03366707142857173,SENTIMENT_EOD_SELL,3.0,20.0,3600.0,0.28106,NEU,
c3e178ce2918cb70,2025-05-15 08:36:00+00:00,2025-05-21 19:21:00+00:00,ORCL,S04,6191,161.51,156.6547,0.0,-30059.1623,-0.21470830214285713,STOP_LOSS,3.0,20.0,9285.0,0.27762000000000003,NEU,
be274f863477effc,2025-05-16 08:00:00+00:00,2025-05-19 13:35:00+00:00,AAPL,S04,4722,211.76,205.3972,0.0,-30045.141599999966,-3.0047223271628223,STOP_LOSS,3.0,20.0,4655.0,0.20924,NEU,
6379b1c12fc6cfce,2025-05-16 08:02:00+00:00,2025-05-16 22:10:00+00:00,AVGO,S04,4295,232.79,225.7963,0.0,-30037.941499999957,-3.0042957171699776,STOP_LOSS,3.0,20.0,848.0,0.43226,NEU,
24e93489d64c9b50,2025-05-16 08:00:00+00:00,2025-05-19 13:25:00+00:00,TSM,S04,5148,194.25,188.4125,0.0,-30051.45000000003,-3.0051480051480084,STOP_LOSS,3.0,20.0,4645.0,0.3326,NEU,
7098f601c16b17c9,2025-05-16 08:00:00+00:00,2025-05-21 20:43:00+00:00,TSLA,S04,2922,342.21999999999997,331.9434,0.0,-30028.225199999924,-3.0029220968967256,STOP_LOSS,3.0,20.0,7963.0,0.48654000000000003,NEU,
1ee54f05792b2e71,2025-05-14 09:02:00+00:00,2025-05-16 16:00:00,ADBE,S04,2521,396.65,412.74,0.0,40562.89000000008,0.28973492857142913,SENTIMENT_EOD_SELL,3.0,20.0,3538.0,0.29231666666666667,NEU,
cc6d8573da913c67,2025-05-13 08:05:00+00:00,2025-05-19 09:30:00,CSCO,S04,16212,61.68,63.690000000000005,0.0,32586.120000000083,0.23275800000000058,SENTIMENT_MORNING_SELL,3.0,20.0,8965.0,0.50249,NEU,
e04a6ad363e5f33e,2025-05-15 08:00:00+00:00,2025-05-23 12:06:00+00:00,NVDA,S04,7488,133.53,129.5141,0.0,-30071.05919999991,-0.18757121499999943,STOP_LOSS,3.0,20.0,11766.0,0.29019,NEU,
7d85959ab6979cd2,2025-05-16 08:07:00+00:00,2025-05-22 14:34:00+00:00,QCOM,S04,6539,152.91,148.3127,0.0,-30061.744699999934,-0.24588987428571374,STOP_LOSS,3.0,20.0,9027.0,0.4267333333333333,NEU,
9135c1d293009110,2025-05-19 08:00:00+00:00,2025-05-21 18:49:00+00:00,AAPL,S04,4809,207.91,201.6627,0.0,-30043.265699999978,-3.004809773459668,STOP_LOSS,3.0,20.0,3529.0,0.30571000000000004,NEU,
8cdd1d32d9ada8c5,2025-05-19 08:01:00+00:00,2025-05-23 12:24:00+00:00,ORCL,S04,6352,157.42999999999998,152.69709999999998,0.0,-30063.380800000006,-3.0063520294734176,STOP_LOSS,3.0,20.0,6023.0,0.44980000000000003,NEU,
1c3393f3670f3ce2,2025-05-20 08:00:00+00:00,2025-05-21 17:18:00+00:00,AAPL,S04,4787,208.89,202.61329999999998,0.0,-30046.562900000026,-3.0047872085786804,STOP_LOSS,3.0,20.0,1998.0,0.24988000000000002,NEU,
8b076aca00153ad0,2025-05-20 08:00:00+00:00,2025-05-23 12:55:00+00:00,META,S04,1564,639.36,620.1692,0.0,-30014.411199999948,-3.001564064064059,STOP_LOSS,3.0,20.0,4615.0,0.29424,NEU,
44a281d75b0e2f90,2025-05-20 08:00:00+00:00,2025-05-23 12:24:00+00:00,AVGO,S04,4345,230.12,223.2064,0.0,-30039.59200000001,-3.004345558838868,STOP_LOSS,3.0,20.0,4584.0,0.25355,NEU,
41ebd93b8af1487b,2025-05-20 11:30:00+00:00,2025-05-23 11:58:00+00:00,ORCL,S04,6265,159.60999999999999,154.8117,0.0,-30061.349499999895,-3.0062652715995135,STOP_LOSS,3.0,20.0,4348.0,0.360925,NEU,
21a030fb7c7f046c,2025-05-20 11:04:00+00:00,2025-05-23 12:02:00+00:00,ADBE,S04,2386,419.01,406.42969999999997,0.0,-30016.595800000054,-3.0023865778859746,STOP_LOSS,3.0,20.0,4378.0,0.28576666666666667,NEU,
4a1cb2a9aca64528,2025-05-20 08:00:00+00:00,2025-05-22 14:29:00+00:00,QCOM,S04,6524,153.26,148.6522,0.0,-30061.287199999984,-3.0065248597155145,STOP_LOSS,3.0,20.0,3269.0,0.45201,NEU,
f1904ff87c81ac58,2025-05-20 13:30:00+00:00,2025-05-20 16:00:00,INTU,S04,1500,666.37,671.15,0.0,7169.999999999959,0.05121428571428542,SENTIMENT_EOD_SELL,3.0,20.0,390.0,0.5781333333333333,NEU,
c439b15c286e2038,2025-05-07 08:00:00+00:00,2025-05-20 23:59:00+00:00,AMZN,S04,5340,187.26,203.79000000000002,0.0,88270.20000000016,0.6305014285714297,BACKTEST_END,3.0,20.0,19679.0,0.32632,NEU,
3d9fac7a6a3833a6,2025-05-12 08:00:00+00:00,2025-05-20 23:59:00+00:00,MSFT,S04,2228,448.81,457.2362,0.0,18773.57359999999,0.13409695428571422,BACKTEST_END,3.0,20.0,12479.0,0.23206000000000002,NEU,
dff6ba113b28873b,2025-05-12 08:00:00+00:00,2025-05-20 23:59:00+00:00,GOOGL,S04,6369,157.01,164.26000000000002,0.0,46175.25000000018,0.3298232142857156,BACKTEST_END,3.0,20.0,12479.0,0.33197,NEU,
747c3f075a0e425b,2025-05-07 08:00:00+00:00,2025-05-12 08:00:00+00:00,AMZN,S05,5340,187.26,196.613,0.0,49945.02000000005,4.994659831250673,TAKE_PROFIT,5.0,5.0,7200.0,0.32632,NEU,
e98cfb65fdd78bb1,2025-05-07 08:00:00+00:00,2025-05-12 08:15:00+00:00,META,S05,1688,592.33,621.9365,0.0,49975.77199999997,4.998311751895055,TAKE_PROFIT,5.0,5.0,7215.0,0.33849,NEU,
ff55ab2d24f8db14,2025-05-07 08:00:00+00:00,2025-05-12 08:00:00+00:00,AVGO,S05,4949,202.04,212.132,0.0,49945.30800000006,4.995050485052471,TAKE_PROFIT,5.0,5.0,7200.0,0.26307,NEU,
ce07d0cd0802ef87,2025-05-07 08:00:00+00:00,2025-05-12 08:00:00+00:00,ORCL,S05,6741,148.32999999999998,155.7365,0.0,49927.216500000155,4.99325827546688,TAKE_PROFIT,5.0,5.0,7200.0,0.27408,NEU,
7e416115ffcf56e9,2025-05-07 11:41:00+00:00,2025-05-08 18:37:00+00:00,INTU,S05,1586,630.51,662.0255000000001,0.0,49983.58300000014,4.998413982331777,TAKE_PROFIT,5.0,5.0,1856.0,0.4096666666666667,NEU,
fd7e8893c52e6209,2025-05-07 08:20:00+00:00,2025-05-12 08:00:00+00:00,QCOM,S05,7110,140.63,147.6515,0.0,49922.86500000002,4.992889141719408,TAKE_PROFIT,5.0,5.0,7180.0,0.34524999999999995,NEU,
326cf8ae342cea6d,2025-05-08 08:00:00+00:00,2025-05-13 13:31:00+00:00,NVDA,S05,8374,119.41000000000001,125.3705,0.0,49913.22699999997,4.991625492002341,TAKE_PROFIT,5.0,5.0,7531.0,0.27297000000000005,NEU,
e383023639f01c86,2025-05-08 08:01:00+00:00,2025-05-12 08:00:00+00:00,AVGO,S05,4799,208.35999999999999,218.768,0.0,49947.99200000007,4.995200614321375,TAKE_PROFIT,5.0,5.0,5759.0,0.42554,NEU,
8e16b2e884132234,2025-05-08 08:00:00+00:00,2025-05-12 08:00:00+00:00,TSM,S05,5712,175.04,183.782,0.0,49934.304000000106,4.9942870201097005,TAKE_PROFIT,5.0,5.0,5760.0,0.47366,NEU,
08a4769b1fd42484,2025-05-08 08:22:00+00:00,2025-05-13 13:44:00+00:00,ORCL,S05,6595,151.60999999999999,159.1805,0.0,49927.44750000007,4.993404129015244,TAKE_PROFIT,5.0,5.0,7522.0,0.333575,NEU,
cd263218fbf61420,2025-05-08 08:00:00+00:00,2025-05-08 16:00:00,GOOGL,S05,6512,153.56,154.3899,0.0,5404.30880000006,0.038602205714286145,SENTIMENT_EOD_SELL,5.0,5.0,720.0,0.21204,NEU,
c98d53b2eaf92f10,2025-05-07 08:00:00+00:00,2025-05-09 09:30:00,MSFT,S05,2294,435.8,438.68,0.0,6606.719999999989,0.04719085714285707,SENTIMENT_MORNING_SELL,5.0,5.0,3210.0,0.25551,NEU,
bee357bdf7cce029,2025-05-08 11:45:00+00:00,2025-05-09 09:30:00,ADBE,S05,2564,390.01,384.29,0.0,-14666.079999999924,-0.10475771428571375,SENTIMENT_MORNING_SELL,5.0,5.0,1545.0,0.3612,NEU,
f8ab9a7e153015d7,2025-05-08 13:30:00+00:00,2025-05-09 09:30:00,INTU,S05,1553,643.54,655.25,0.0,18185.630000000056,0.12989735714285755,SENTIMENT_MORNING_SELL,5.0,5.0,1440.0,0.5106,NEU,
f1953ed62ed88453,2025-05-07 08:02:00+00:00,2025-05-14 20:07:00+00:00,CSCO,S05,16795,59.54,62.507000000000005,0.0,49830.7650000001,0.032912507142857206,TAKE_PROFIT,5.0,5.0,10805.0,0.359625,NEU,
dc4c7c6998d72e2c,2025-05-09 08:00:00+00:00,2025-05-13 11:45:00+00:00,NVDA,S05,8473,118.01,123.90050000000001,0.0,49910.20650000002,4.991526141852387,TAKE_PROFIT,5.0,5.0,5985.0,0.24496,NEU,
5992aa4f6a9f7dce,2025-05-09 08:00:00+00:00,2025-05-12 08:00:00+00:00,AMZN,S05,5186,192.79999999999998,202.43,0.0,49941.180000000124,4.994813278008311,TAKE_PROFIT,5.0,5.0,4320.0,0.22382999999999997,NEU,
6f68cc2c04d06082,2025-05-09 08:00:00+00:00,2025-05-14 14:27:00+00:00,GOOGL,S05,6450,155.01999999999998,162.761,0.0,49929.45000000009,4.993549219455564,TAKE_PROFIT,5.0,5.0,7587.0,0.24081000000000002,NEU,
6e066d9e2a5c8115,2025-05-09 08:01:00+00:00,2025-05-12 08:00:00+00:00,AVGO,S05,4791,208.72,219.14600000000002,0.0,49950.96600000008,4.995208892295907,TAKE_PROFIT,5.0,5.0,4319.0,0.3163625,NEU,
533a28d26a37cdbc,2025-05-09 08:00:00+00:00,2025-05-12 13:28:00+00:00,TSM,S05,5597,178.66,187.58300000000003,0.0,49942.03100000017,4.99440277622301,TAKE_PROFIT,5.0,5.0,4648.0,0.45099999999999996,NEU,
65332c4a46be25f7,2025-05-09 08:00:00+00:00,2025-05-09 13:56:00+00:00,TSLA,S05,3488,286.65999999999997,300.983,0.0,49958.62400000013,4.996511546780171,TAKE_PROFIT,5.0,5.0,356.0,0.2885,NEU,
4553e9357e4f76bd,2025-05-09 08:11:00+00:00,2025-05-12 09:57:00+00:00,QCOM,S05,6874,145.45999999999998,152.72299999999998,0.0,49925.86200000004,4.993125257802837,TAKE_PROFIT,5.0,5.0,4426.0,0.2361625,NEU,
ec47f1e8c4ddcc16,2025-05-09 08:04:00+00:00,2025-05-09 16:00:00,ADBE,S05,2602,384.31,382.94,0.0,-3564.7400000000116,-0.025462428571428653,SENTIMENT_EOD_SELL,5.0,5.0,716.0,0.34482,NEU,
67643842ab9b966b,2025-05-12 08:00:00+00:00,2025-05-13 14:07:00+00:00,NVDA,S05,8196,122.01,128.1005,0.0,49917.73800000005,4.991803950495866,TAKE_PROFIT,5.0,5.0,1807.0,0.31070000000000003,NEU,
861a6798624ce100,2025-05-12 08:00:00+00:00,2025-05-14 15:42:00+00:00,GOOGL,S05,6369,157.01,164.8505,0.0,49936.144500000126,4.993630978918553,TAKE_PROFIT,5.0,5.0,3342.0,0.33197,NEU,
11a5f80eab11df94,2025-05-12 08:00:00+00:00,2025-05-13 13:40:00+00:00,META,S05,1615,619.0,649.94,0.0,49968.100000000086,4.9983844911147095,TAKE_PROFIT,5.0,5.0,1780.0,0.47735000000000005,NEU,
3b240e17b3a2b0df,2025-05-12 08:00:00+00:00,2025-05-13 14:57:00+00:00,AVGO,S05,4559,219.29999999999998,230.255,0.0,49943.84500000006,4.995440036479714,TAKE_PROFIT,5.0,5.0,1857.0,0.3345,NEU,
0446f84de36425e7,2025-05-12 08:00:00+00:00,2025-05-13 17:48:00+00:00,TSLA,S05,3134,319.01,334.95050000000003,0.0,49957.52700000013,4.996865302028163,TAKE_PROFIT,5.0,5.0,2028.0,0.41772,NEU,
ea559525ea95a116,2025-05-12 08:00:00+00:00,2025-05-14 11:31:00+00:00,ORCL,S05,6430,155.51,163.2755,0.0,49932.165000000015,4.993569545366859,TAKE_PROFIT,5.0,5.0,3091.0,0.4965,NEU,
666740cd2289e390,2025-05-12 08:00:00+00:00,2025-05-14 20:08:00+00:00,CSCO,S05,16553,60.41,63.420500000000004,0.0,49832.80650000012,4.983446449263379,TAKE_PROFIT,5.0,5.0,3608.0,0.49375,NEU,
42754165d7ee1684,2025-05-12 08:00:00+00:00,2025-05-12 16:00:00,AAPL,S05,4863,205.63,210.14000000000001,0.0,21932.130000000096,0.15665807142857213,SENTIMENT_EOD_SELL,5.0,5.0,720.0,0.27124000000000004,NEU,
04c4276e8e74f12a,2025-05-13 08:00:00+00:00,2025-05-13 14:57:00+00:00,AVGO,S05,4566,219.01,229.9505,0.0,49954.32300000006,4.995433998447566,TAKE_PROFIT,5.0,5.0,417.0,0.2927,NEU,
d110f0ffcf75441b,2025-05-13 08:00:00+00:00,2025-05-13 17:38:00+00:00,TSLA,S05,3159,316.53999999999996,332.35699999999997,0.0,49965.90300000002,4.9968408415998,TAKE_PROFIT,5.0,5.0,578.0,0.3686,NEU,
ddb8cb9883dd4b58,2025-05-13 11:00:00+00:00,2025-05-16 13:19:00+00:00,ADBE,S05,2531,395.03,414.7715,0.0,49965.73650000008,4.997468546692665,TAKE_PROFIT,5.0,5.0,4459.0,0.4599666666666667,NEU,
a2218b39fc43171f,2025-05-13 08:05:00+00:00,2025-05-15 13:55:00+00:00,CSCO,S05,16212,61.68,64.75399999999999,0.0,49835.68799999986,4.983787289234746,TAKE_PROFIT,5.0,5.0,3230.0,0.50249,NEU,
016afd18ccc35685,2025-05-12 08:00:00+00:00,2025-05-14 09:30:00,QCOM,S05,6648,150.42,151.63,0.0,8044.080000000053,0.05745771428571466,SENTIMENT_MORNING_SELL,5.0,5.0,3210.0,0.44348,NEU,
de682e9980f0fb5c,2025-05-14 08:00:00+00:00,2025-05-16 13:29:00+00:00,GOOGL,S05,6249,160.01,168.00050000000002,0.0,49932.63450000016,4.993750390600604,TAKE_PROFIT,5.0,5.0,3209.0,0.35845,NEU,
5bc0a0cecdf93414,2025-05-14 09:02:00+00:00,2025-05-16 13:28:00+00:00,ADBE,S05,2521,396.65,416.4725,0.0,49972.52250000012,4.997478885667478,TAKE_PROFIT,5.0,5.0,3146.0,0.29231666666666667,NEU,
eaf38d3804dd05e4,2025-05-14 08:05:00+00:00,2025-05-15 13:55:00+00:00,CSCO,S05,16191,61.76,64.838,0.0,49835.897999999936,4.983808290155435,TAKE_PROFIT,5.0,5.0,1790.0,0.23651,NEU,
39eff5dce92af6b0,2025-05-14 08:09:00+00:00,2025-05-14 16:00:00,QCOM,S05,6594,151.64999999999998,152.82000000000002,0.0,7714.980000000292,0.05510700000000209,SENTIMENT_EOD_SELL,5.0,5.0,711.0,0.2803,NEU,
88a6ed3739794694,2025-05-15 08:13:00+00:00,2025-05-16 13:52:00+00:00,ADBE,S05,2510,398.36,418.26800000000003,0.0,49969.08000000004,4.997489707801992,TAKE_PROFIT,5.0,5.0,1779.0,0.45449999999999996,NEU,
1ab4eb99c8349512,2025-05-13 08:00:00+00:00,2025-05-15 16:00:00,AAPL,S05,4761,210.01,211.0,0.0,4713.390000000043,0.03366707142857173,SENTIMENT_EOD_SELL,5.0,5.0,3600.0,0.28106,NEU,
feec55b7a5527ed4,2025-05-14 08:00:00+00:00,2025-05-15 16:00:00,TSLA,S05,2955,338.37,342.2238,0.0,11387.978999999936,0.08134270714285669,SENTIMENT_EOD_SELL,5.0,5.0,2160.0,0.34683,NEU,
d6fd11037e2697a7,2025-05-15 08:05:00+00:00,2025-05-15 16:00:00,META,S05,1529,653.6899999999999,641.34,0.0,-18883.14999999986,-0.13487964285714185,SENTIMENT_EOD_SELL,5.0,5.0,715.0,0.24576000000000003,NEU,
38e29ad708db9198,2025-05-16 08:00:00+00:00,2025-05-21 18:55:00+00:00,AAPL,S05,4722,211.76,201.16199999999998,0.0,-50043.75600000006,-5.004722327162832,STOP_LOSS,5.0,5.0,7855.0,0.20924,NEU,
a0d2390f98f85a08,2025-05-16 08:00:00+00:00,2025-05-21 15:17:00+00:00,GOOGL,S05,6076,164.57999999999998,172.799,0.0,49938.64400000014,4.993923927573231,TAKE_PROFIT,5.0,5.0,7637.0,0.52989,NEU,
fa5f834036a9fa7b,2025-05-16 08:02:00+00:00,2025-05-19 08:33:00+00:00,AVGO,S05,4295,232.79,221.1405,0.0,-50034.60249999995,-5.004295717169978,STOP_LOSS,5.0,5.0,4351.0,0.43226,NEU,
92fa1b3ad7cf4748,2025-05-16 08:00:00+00:00,2025-05-16 16:00:00,TSLA,S05,2922,342.21999999999997,340.14,0.0,-6077.759999999954,-0.0434125714285711,SENTIMENT_EOD_SELL,5.0,5.0,720.0,0.48654000000000003,NEU,
29d3502a3869d381,2025-05-15 08:00:00+00:00,2025-05-19 09:30:00,CSCO,S05,15885,62.949999999999996,63.690000000000005,0.0,11754.900000000145,0.08396357142857247,SENTIMENT_MORNING_SELL,5.0,5.0,6090.0,0.27358,NEU,
21662e501249ef5a,2025-05-16 08:00:00+00:00,2025-05-19 09:30:00,TSM,S05,5148,194.25,189.87,0.0,-22548.239999999976,-0.16105885714285698,SENTIMENT_MORNING_SELL,5.0,5.0,4650.0,0.3326,NEU,
5325d9a4783e182d,2025-05-13 08:00:00+00:00,2025-05-23 12:02:00+00:00,AMZN,S05,4816,207.62,197.229,0.0,-50043.05599999996,-0.48533392142857096,STOP_LOSS,5.0,5.0,14642.0,0.24168000000000003,NEU,
0f22883611725ea9,2025-05-15 08:36:00+00:00,2025-05-23 12:04:00+00:00,ORCL,S05,6191,161.51,153.4245,0.0,-50057.330499999975,-0.27814119999999987,STOP_LOSS,5.0,5.0,11728.0,0.27762000000000003,NEU,
a7392005822d724c,2025-05-16 08:07:00+00:00,2025-05-23 11:44:00+00:00,QCOM,S05,6539,152.91,145.2545,0.0,-50059.31449999993,-0.33853714642857097,STOP_LOSS,5.0,5.0,10297.0,0.4267333333333333,NEU,
0b9973b24cab6fe0,2025-05-19 08:00:00+00:00,2025-05-23 11:20:00+00:00,AAPL,S05,4809,207.91,197.5045,0.0,-50040.04949999995,-5.004809773459665,STOP_LOSS,5.0,5.0,5960.0,0.30571000000000004,NEU,
f5be3a83229aa8b4,2025-05-19 08:00:00+00:00,2025-05-21 14:55:00+00:00,GOOGL,S05,6137,162.92999999999998,171.0665,0.0,49933.70050000007,4.993862394893521,TAKE_PROFIT,5.0,5.0,3295.0,0.31225,NEU,
3355ff88805e0a01,2025-05-20 08:00:00+00:00,2025-05-23 11:20:00+00:00,AAPL,S05,4787,208.89,198.4355,0.0,-50045.69149999998,-5.004787208578676,STOP_LOSS,5.0,5.0,4520.0,0.24988000000000002,NEU,
372ac69fd0422a0f,2025-05-20 13:30:00+00:00,2025-05-22 20:03:00+00:00,INTU,S05,1500,666.37,699.6785000000001,0.0,49962.750000000146,4.9984993322028455,TAKE_PROFIT,5.0,5.0,3273.0,0.5781333333333333,NEU,
bea4baaee39a7c35,2025-05-20 08:00:00+00:00,2025-05-23 11:23:00+00:00,QCOM,S05,6524,153.26,145.587,0.0,-50058.65200000001,-5.006524859715517,STOP_LOSS,5.0,5.0,4523.0,0.45201,NEU,
766c588de1eac4d4,2025-05-20 08:00:00+00:00,2025-05-20 16:00:00,AVGO,S05,4345,230.12,231.20000000000002,0.0,4692.600000000054,0.033518571428571814,SENTIMENT_EOD_SELL,5.0,5.0,720.0,0.25355,NEU,
4af4a74180189c75,2025-05-20 11:04:00+00:00,2025-05-20 16:00:00,ADBE,S05,2386,419.01,416.58,0.0,-5797.980000000016,-0.041414142857142976,SENTIMENT_EOD_SELL,5.0,5.0,536.0,0.28576666666666667,NEU,
0dbfd41e1ac07aa5,2025-05-12 08:00:00+00:00,2025-05-20 23:59:00+00:00,MSFT,S05,2228,448.81,457.2362,0.0,18773.57359999999,0.13409695428571422,BACKTEST_END,5.0,5.0,12479.0,0.23206000000000002,NEU,
3e89e2f8cafdd79e,2025-05-15 08:00:00+00:00,2025-05-20 23:59:00+00:00,NVDA,S05,7488,133.53,133.99,0.0,3444.4800000000596,0.024603428571428998,BACKTEST_END,5.0,5.0,8159.0,0.29019,NEU,
7a84159ba7278735,2025-05-20 08:00:00+00:00,2025-05-20 23:59:00+00:00,AMZN,S05,4864,205.56,203.79000000000002,0.0,-8609.279999999912,-0.06149485714285651,BACKTEST_END,5.0,5.0,959.0,0.28942,NEU,
8d3aa4e06a98b6bc,2025-05-20 08:00:00+00:00,2025-05-20 23:56:00+00:00,META,S05,1564,639.36,635.49,0.0,-6052.680000000008,-0.043233428571428624,BACKTEST_END,5.0,5.0,956.0,0.29424,NEU,
6f49609d27058799,2025-05-20 11:30:00+00:00,2025-05-20 22:05:00+00:00,ORCL,S05,6265,159.60999999999999,159.88,0.0,1691.550000000064,0.012082500000000457,BACKTEST_END,5.0,5.0,635.0,0.360925,NEU,
f6b33e80bb3c00bf,2025-05-07 08:00:00+00:00,2025-05-12 08:00:00+00:00,AMZN,S06,5340,187.26,202.23080000000002,0.0,79944.07200000013,7.994659831250682,TAKE_PROFIT,5.0,8.0,7200.0,0.32632,NEU,
85fad6ff4c448747,2025-05-07 08:00:00+00:00,2025-05-12 19:50:00+00:00,META,S06,1688,592.33,639.7064000000001,0.0,79971.36320000017,7.998311751895075,TAKE_PROFIT,5.0,8.0,7910.0,0.33849,NEU,
1c39837b34bd10fa,2025-05-07 08:00:00+00:00,2025-05-12 08:00:00+00:00,AVGO,S06,4949,202.04,218.19320000000002,0.0,79942.18680000013,7.995050485052478,TAKE_PROFIT,5.0,8.0,7200.0,0.26307,NEU,
04d92331dddbe220,2025-05-07 08:20:00+00:00,2025-05-12 08:19:00+00:00,QCOM,S06,7110,140.63,151.87040000000002,0.0,79919.24400000017,7.992889141719423,TAKE_PROFIT,5.0,8.0,7199.0,0.34524999999999995,NEU,
65f4564f25489404,2025-05-07 11:41:00+00:00,2025-05-08 09:30:00,INTU,S06,1586,630.51,643.52,0.0,20633.859999999986,0.14738471428571417,SENTIMENT_MORNING_SELL,5.0,8.0,1549.0,0.4096666666666667,NEU,
d8919ac6dc440de3,2025-05-07 08:00:00+00:00,2025-05-13 14:01:00+00:00,ORCL,S06,6741,148.32999999999998,160.1864,0.0,79923.99240000005,0.6021357428571432,TAKE_PROFIT,5.0,8.0,9001.0,0.27408,NEU,
2294636dd2608b8d,2025-05-08 08:00:00+00:00,2025-05-13 14:16:00+00:00,NVDA,S06,8374,119.41000000000001,128.95280000000002,0.0,79911.40720000012,7.991625492002356,TAKE_PROFIT,5.0,8.0,7576.0,0.27297000000000005,NEU,
287f7c34c2032f74,2025-05-08 08:01:00+00:00,2025-05-13 13:38:00+00:00,AVGO,S06,4799,208.35999999999999,225.0188,0.0,79945.58120000006,7.995200614321374,TAKE_PROFIT,5.0,8.0,7537.0,0.42554,NEU,
22a4a1c08349be52,2025-05-08 08:00:00+00:00,2025-05-12 13:30:00+00:00,TSM,S06,5712,175.04,189.03320000000002,0.0,79929.15840000017,7.994287020109707,TAKE_PROFIT,5.0,8.0,6090.0,0.47366,NEU,
5a70bbe01477c71c,2025-05-08 08:00:00+00:00,2025-05-08 16:00:00,GOOGL,S06,6512,153.56,154.3899,0.0,5404.30880000006,0.038602205714286145,SENTIMENT_EOD_SELL,5.0,8.0,720.0,0.21204,NEU,
e5693cc86206b78f,2025-05-07 08:00:00+00:00,2025-05-09 09:30:00,MSFT,S06,2294,435.8,438.68,0.0,6606.719999999989,0.04719085714285707,SENTIMENT_MORNING_SELL,5.0,8.0,3210.0,0.25551,NEU,
cbec77cffa0e2fe2,2025-05-08 11:45:00+00:00,2025-05-09 09:30:00,ADBE,S06,2564,390.01,384.29,0.0,-14666.079999999924,-0.10475771428571375,SENTIMENT_MORNING_SELL,5.0,8.0,1545.0,0.3612,NEU,
53c20cf8efa486ed,2025-05-08 13:30:00+00:00,2025-05-09 09:30:00,INTU,S06,1553,643.54,655.25,0.0,18185.630000000056,0.12989735714285755,SENTIMENT_MORNING_SELL,5.0,8.0,1440.0,0.5106,NEU,
0f4d1306f7296fe2,2025-05-09 08:00:00+00:00,2025-05-13 13:56:00+00:00,NVDA,S06,8473,118.01,127.44080000000001,0.0,79907.16840000004,7.991526141852388,TAKE_PROFIT,5.0,8.0,6116.0,0.24496,NEU,
5f72edcb203e1ba0,2025-05-09 08:00:00+00:00,2025-05-12 09:00:00+00:00,AMZN,S06,5186,192.79999999999998,208.214,0.0,79937.00400000009,7.9948132780083085,TAKE_PROFIT,5.0,8.0,4380.0,0.22382999999999997,NEU,
2805fcb2e488facd,2025-05-09 08:01:00+00:00,2025-05-13 13:38:00+00:00,AVGO,S06,4791,208.72,225.40760000000003,0.0,79950.29160000016,7.995208892295914,TAKE_PROFIT,5.0,8.0,6097.0,0.3163625,NEU,
e60c43eaaa432996,2025-05-09 08:00:00+00:00,2025-05-13 14:58:00+00:00,TSM,S06,5597,178.66,192.9428,0.0,79940.83160000005,7.994402776222998,TAKE_PROFIT,5.0,8.0,6178.0,0.45099999999999996,NEU,
78d668c08e3fa902,2025-05-09 08:00:00+00:00,2025-05-12 08:00:00+00:00,TSLA,S06,3488,286.65999999999997,309.5828,0.0,79954.72640000019,7.9965115467801775,TAKE_PROFIT,5.0,8.0,4320.0,0.2885,NEU,
93a1a3ee8e9780d3,2025-05-09 08:00:00+00:00,2025-05-09 16:00:00,GOOGL,S06,6450,155.01999999999998,152.64000000000001,0.0,-15350.999999999787,-0.10964999999999848,SENTIMENT_EOD_SELL,5.0,8.0,720.0,0.24081000000000002,NEU,
8f36e2aba6edf0ae,2025-05-09 08:04:00+00:00,2025-05-09 16:00:00,ADBE,S06,2602,384.31,382.94,0.0,-3564.7400000000116,-0.025462428571428653,SENTIMENT_EOD_SELL,5.0,8.0,716.0,0.34482,NEU,
21fafd955db34c79,2025-05-09 08:11:00+00:00,2025-05-09 16:00:00,QCOM,S06,6874,145.45999999999998,145.22,0.0,-1649.7599999998672,-0.01178399999999905,SENTIMENT_EOD_SELL,5.0,8.0,709.0,0.2361625,NEU,
934789d757039387,2025-05-07 08:02:00+00:00,2025-05-12 09:30:00,CSCO,S06,16795,59.54,60.39,0.0,14275.750000000024,0.10196964285714304,SENTIMENT_MORNING_SELL,5.0,8.0,7528.0,0.359625,NEU,
6706bf925e7c1890,2025-05-12 08:00:00+00:00,2025-05-14 08:00:00+00:00,NVDA,S06,8196,122.01,131.76080000000002,0.0,79917.55680000011,7.991803950495871,TAKE_PROFIT,5.0,8.0,2880.0,0.31070000000000003,NEU,
60dde841db326238,2025-05-12 08:00:00+00:00,2025-05-14 12:01:00+00:00,TSLA,S06,3134,319.01,344.5208,0.0,79950.84720000005,7.996865302028154,TAKE_PROFIT,5.0,8.0,3121.0,0.41772,NEU,
e44b41bad4a13e5d,2025-05-12 08:00:00+00:00,2025-05-15 14:44:00+00:00,CSCO,S06,16553,60.41,65.2328,0.0,79831.80840000001,7.983446449263368,TAKE_PROFIT,5.0,8.0,4724.0,0.49375,NEU,
dc58f3d616c458f0,2025-05-12 08:00:00+00:00,2025-05-12 16:00:00,AAPL,S06,4863,205.63,210.14000000000001,0.0,21932.130000000096,0.15665807142857213,SENTIMENT_EOD_SELL,5.0,8.0,720.0,0.27124000000000004,NEU,
ef29dfcf978fac76,2025-05-12 08:00:00+00:00,2025-05-12 16:00:00,AVGO,S06,4559,219.29999999999998,221.668,0.0,10795.712000000107,0.07711222857142933,SENTIMENT_EOD_SELL,5.0,8.0,720.0,0.3345,NEU,
f13b88db13a1c349,2025-05-12 08:00:00+00:00,2025-05-12 16:00:00,ORCL,S06,6430,155.51,157.20000000000002,0.0,10866.700000000168,0.07761928571428692,SENTIMENT_EOD_SELL,5.0,8.0,720.0,0.4965,NEU,
478975ceee647ce0,2025-05-13 08:00:00+00:00,2025-05-14 08:50:00+00:00,TSLA,S06,3159,316.53999999999996,341.8532,0.0,79964.39880000017,7.996840841599815,TAKE_PROFIT,5.0,8.0,1490.0,0.3686,NEU,
f4271a3650febcec,2025-05-13 11:00:00+00:00,2025-05-13 16:00:00,ADBE,S06,2531,395.03,397.3525,0.0,5878.24750000012,0.041987482142858,SENTIMENT_EOD_SELL,5.0,8.0,540.0,0.4599666666666667,NEU,
73920fc897b54188,2025-05-12 08:00:00+00:00,2025-05-14 09:30:00,QCOM,S06,6648,150.42,151.63,0.0,8044.080000000053,0.05745771428571466,SENTIMENT_MORNING_SELL,5.0,8.0,3210.0,0.44348,NEU,
3c392d2b60f27d62,2025-05-13 08:00:00+00:00,2025-05-14 09:30:00,AVGO,S06,4566,219.01,233.57000000000002,0.0,66480.96000000014,0.47486400000000095,SENTIMENT_MORNING_SELL,5.0,8.0,1770.0,0.2927,NEU,
ff73266ab536a8a7,2025-05-14 08:09:00+00:00,2025-05-14 16:00:00,QCOM,S06,6594,151.64999999999998,152.82000000000002,0.0,7714.980000000292,0.05510700000000209,SENTIMENT_EOD_SELL,5.0,8.0,711.0,0.2803,NEU,
7e3ae06cb832a1a4,2025-05-12 08:00:00+00:00,2025-05-15 16:00:00,META,S06,1615,619.0,641.34,0.0,36079.10000000005,0.2577078571428575,SENTIMENT_EOD_SELL,5.0,8.0,5040.0,0.47735000000000005,NEU,
913e6d60bd7929c3,2025-05-13 08:00:00+00:00,2025-05-15 16:00:00,AAPL,S06,4761,210.01,211.0,0.0,4713.390000000043,0.03366707142857173,SENTIMENT_EOD_SELL,5.0,8.0,3600.0,0.28106,NEU,
16754a7ab8f703e1,2025-05-14 08:00:00+00:00,2025-05-15 16:00:00,TSLA,S06,2955,338.37,342.2238,0.0,11387.978999999936,0.08134270714285669,SENTIMENT_EOD_SELL,5.0,8.0,2160.0,0.34683,NEU,
53ed38dc04abb57b,2025-05-12 08:00:00+00:00,2025-05-21 14:03:00+00:00,GOOGL,S06,6369,157.01,169.5608,0.0,79936.04520000007,0.5550143057142861,TAKE_PROFIT,5.0,8.0,13323.0,0.33197,NEU,
16923a256c5ba38b,2025-05-16 08:00:00+00:00,2025-05-21 18:55:00+00:00,AAPL,S06,4722,211.76,201.16199999999998,0.0,-50043.75600000006,-5.004722327162832,STOP_LOSS,5.0,8.0,7855.0,0.20924,NEU,
b32de3bf42e03d30,2025-05-16 08:02:00+00:00,2025-05-19 08:33:00+00:00,AVGO,S06,4295,232.79,221.1405,0.0,-50034.60249999995,-5.004295717169978,STOP_LOSS,5.0,8.0,4351.0,0.43226,NEU,
630530350fff63c1,2025-05-14 09:02:00+00:00,2025-05-16 16:00:00,ADBE,S06,2521,396.65,412.74,0.0,40562.89000000008,0.28973492857142913,SENTIMENT_EOD_SELL,5.0,8.0,3538.0,0.29231666666666667,NEU,
6062a23c6f827af8,2025-05-16 08:00:00+00:00,2025-05-16 16:00:00,TSLA,S06,2922,342.21999999999997,340.14,0.0,-6077.759999999954,-0.0434125714285711,SENTIMENT_EOD_SELL,5.0,8.0,720.0,0.48654000000000003,NEU,
fceeaf06dca9d147,2025-05-13 08:05:00+00:00,2025-05-19 09:30:00,CSCO,S06,16212,61.68,63.690000000000005,0.0,32586.120000000083,0.23275800000000058,SENTIMENT_MORNING_SELL,5.0,8.0,8965.0,0.50249,NEU,
e94b8e809f8840a9,2025-05-16 08:00:00+00:00,2025-05-19 09:30:00,TSM,S06,5148,194.25,189.87,0.0,-22548.239999999976,-0.16105885714285698,SENTIMENT_MORNING_SELL,5.0,8.0,4650.0,0.3326,NEU,
c5efc10d71954d6f,2025-05-13 08:00:00+00:00,2025-05-23 12:02:00+00:00,AMZN,S06,4816,207.62,197.229,0.0,-50043.05599999996,-0.48533392142857096,STOP_LOSS,5.0,8.0,14642.0,0.24168000000000003,NEU,
5e0189dde86f5035,2025-05-15 08:36:00+00:00,2025-05-23 12:04:00+00:00,ORCL,S06,6191,161.51,153.4245,0.0,-50057.330499999975,-0.27814119999999987,STOP_LOSS,5.0,8.0,11728.0,0.27762000000000003,NEU,
b1f857939d695494,2025-05-16 08:07:00+00:00,2025-05-23 11:44:00+00:00,QCOM,S06,6539,152.91,145.2545,0.0,-50059.31449999993,-0.33853714642857097,STOP_LOSS,5.0,8.0,10297.0,0.4267333333333333,NEU,
30580fac3e64ea84,2025-05-19 08:00:00+00:00,2025-05-23 11:20:00+00:00,AAPL,S06,4809,207.91,197.5045,0.0,-50040.04949999995,-5.004809773459665,STOP_LOSS,5.0,8.0,5960.0,0.30571000000000004,NEU,
39cd64b9bc95c6dc,2025-05-19 08:00:00+00:00,2025-05-22 13:57:00+00:00,GOOGL,S06,6137,162.92999999999998,175.9544,0.0,79930.74280000008,7.993862394893521,TAKE_PROFIT,5.0,8.0,4677.0,0.31225,NEU,
6885ca28cfc17773,2025-05-20 08:00:00+00:00,2025-05-23 11:20:00+00:00,AAPL,S06,4787,208.89,198.4355,0.0,-50045.69149999998,-5.004787208578676,STOP_LOSS,5.0,8.0,4520.0,0.24988000000000002,NEU,
0b1feac57cd01b19,2025-05-20 13:30:00+00:00,2025-05-22 20:20:00+00:00,INTU,S06,1500,666.37,719.6696000000001,0.0,79949.40000000008,7.998499332202838,TAKE_PROFIT,5.0,8.0,3290.0,0.5781333333333333,NEU,
478c7ead06a5ba5c,2025-05-20 08:00:00+00:00,2025-05-23 11:23:00+00:00,QCOM,S06,6524,153.26,145.587,0.0,-50058.65200000001,-5.006524859715517,STOP_LOSS,5.0,8.0,4523.0,0.45201,NEU,
e467c9206d427a37,2025-05-20 08:00:00+00:00,2025-05-20 16:00:00,AVGO,S06,4345,230.12,231.20000000000002,0.0,4692.600000000054,0.033518571428571814,SENTIMENT_EOD_SELL,5.0,8.0,720.0,0.25355,NEU,
74e5aa4b1232dbce,2025-05-20 11:04:00+00:00,2025-05-20 16:00:00,ADBE,S06,2386,419.01,416.58,0.0,-5797.980000000016,-0.041414142857142976,SENTIMENT_EOD_SELL,5.0,8.0,536.0,0.28576666666666667,NEU,
987229a252cec5a5,2025-05-12 08:00:00+00:00,2025-05-20 23:59:00+00:00,MSFT,S06,2228,448.81,457.2362,0.0,18773.57359999999,0.13409695428571422,BACKTEST_END,5.0,8.0,12479.0,0.23206000000000002,NEU,
c6e98de8387e7281,2025-05-15 08:00:00+00:00,2025-05-20 23:59:00+00:00,NVDA,S06,7488,133.53,133.99,0.0,3444.4800000000596,0.024603428571428998,BACKTEST_END,5.0,8.0,8159.0,0.29019,NEU,
16c5622def9cb421,2025-05-20 08:00:00+00:00,2025-05-20 23:59:00+00:00,AMZN,S06,4864,205.56,203.79000000000002,0.0,-8609.279999999912,-0.06149485714285651,BACKTEST_END,5.0,8.0,959.0,0.28942,NEU,
510256c7653b11b6,2025-05-20 08:00:00+00:00,2025-05-20 23:56:00+00:00,META,S06,1564,639.36,635.49,0.0,-6052.680000000008,-0.043233428571428624,BACKTEST_END,5.0,8.0,956.0,0.29424,NEU,
c1505d94c66390b6,2025-05-20 11:30:00+00:00,2025-05-20 22:05:00+00:00,ORCL,S06,6265,159.60999999999999,159.88,0.0,1691.550000000064,0.012082500000000457,BACKTEST_END,5.0,8.0,635.0,0.360925,NEU,
f20a66b9b78f69d2,2025-05-07 08:00:00+00:00,2025-05-12 12:24:00+00:00,AMZN,S07,5340,187.26,209.7212,0.0,119942.8080000001,11.99465983125068,TAKE_PROFIT,5.0,12.0,7464.0,0.32632,NEU,
7a4aed89bf6b67e6,2025-05-07 08:20:00+00:00,2025-05-07 16:00:00,QCOM,S07,7110,140.63,143.89000000000001,0.0,23178.600000000137,0.16556142857142955,SENTIMENT_EOD_SELL,5.0,12.0,700.0,0.34524999999999995,NEU,
9ef72d317396b7f2,2025-05-07 11:41:00+00:00,2025-05-08 09:30:00,INTU,S07,1586,630.51,643.52,0.0,20633.859999999986,0.14738471428571417,SENTIMENT_MORNING_SELL,5.0,12.0,1549.0,0.4096666666666667,NEU,
09244b8205a55d0f,2025-05-07 08:00:00+00:00,2025-05-13 13:48:00+00:00,AVGO,S07,4949,202.04,226.27480000000003,0.0,119938.02520000018,1.2307816285714304,TAKE_PROFIT,5.0,12.0,8988.0,0.26307,NEU,
73c06f0f897daf08,2025-05-08 08:00:00+00:00,2025-05-08 16:00:00,GOOGL,S07,6512,153.56,154.3899,0.0,5404.30880000006,0.038602205714286145,SENTIMENT_EOD_SELL,5.0,12.0,720.0,0.21204,NEU,
8ac12c837642bf2a,2025-05-07 08:00:00+00:00,2025-05-09 09:30:00,MSFT,S07,2294,435.8,438.68,0.0,6606.719999999989,0.04719085714285707,SENTIMENT_MORNING_SELL,5.0,12.0,3210.0,0.25551,NEU,
13c104ca34c98f24,2025-05-07 08:00:00+00:00,2025-05-09 09:30:00,ORCL,S07,6741,148.32999999999998,150.68,0.0,15841.350000000153,0.1131525000000011,SENTIMENT_MORNING_SELL,5.0,12.0,3210.0,0.27408,NEU,
d04d45379be48443,2025-05-08 11:45:00+00:00,2025-05-09 09:30:00,ADBE,S07,2564,390.01,384.29,0.0,-14666.079999999924,-0.10475771428571375,SENTIMENT_MORNING_SELL,5.0,12.0,1545.0,0.3612,NEU,
d7d770d608c6335e,2025-05-08 13:30:00+00:00,2025-05-09 09:30:00,INTU,S07,1553,643.54,655.25,0.0,18185.630000000056,0.12989735714285755,SENTIMENT_MORNING_SELL,5.0,12.0,1440.0,0.5106,NEU,
c0eb964684a16be5,2025-05-07 08:00:00+00:00,2025-05-14 11:30:00+00:00,META,S07,1688,592.33,663.3996000000001,0.0,119965.48480000006,0.7883649200000004,TAKE_PROFIT,5.0,12.0,10290.0,0.33849,NEU,
c976a75c6b4b270d,2025-05-08 08:00:00+00:00,2025-05-14 11:15:00+00:00,NVDA,S07,8374,119.41000000000001,133.72920000000002,0.0,119908.98080000008,0.17264864000000013,TAKE_PROFIT,5.0,12.0,8835.0,0.27297000000000005,NEU,
b335c6e811baa119,2025-05-08 08:00:00+00:00,2025-05-14 13:35:00+00:00,TSM,S07,5712,175.04,196.03480000000002,0.0,119922.29760000015,1.2557889657142873,TAKE_PROFIT,5.0,12.0,8975.0,0.47366,NEU,
610946b4c3d8a867,2025-05-09 08:01:00+00:00,2025-05-13 16:28:00+00:00,AVGO,S07,4791,208.72,233.75640000000004,0.0,119949.3924000002,11.995208892295919,TAKE_PROFIT,5.0,12.0,6267.0,0.3163625,NEU,
74e8eeb4c0468847,2025-05-09 08:00:00+00:00,2025-05-12 08:00:00+00:00,TSLA,S07,3488,286.65999999999997,321.0492,0.0,119949.52960000005,11.996511546780164,TAKE_PROFIT,5.0,12.0,4320.0,0.2885,NEU,
c4d34dae4ca43245,2025-05-09 08:00:00+00:00,2025-05-09 16:00:00,GOOGL,S07,6450,155.01999999999998,152.64000000000001,0.0,-15350.999999999787,-0.10964999999999848,SENTIMENT_EOD_SELL,5.0,12.0,720.0,0.24081000000000002,NEU,
ed26a1c0b98b61b5,2025-05-09 08:04:00+00:00,2025-05-09 16:00:00,ADBE,S07,2602,384.31,382.94,0.0,-3564.7400000000116,-0.025462428571428653,SENTIMENT_EOD_SELL,5.0,12.0,716.0,0.34482,NEU,
0077cb00d3c65c81,2025-05-09 08:11:00+00:00,2025-05-09 16:00:00,QCOM,S07,6874,145.45999999999998,145.22,0.0,-1649.7599999998672,-0.01178399999999905,SENTIMENT_EOD_SELL,5.0,12.0,709.0,0.2361625,NEU,
92672aff9607649c,2025-05-07 08:02:00+00:00,2025-05-12 09:30:00,CSCO,S07,16795,59.54,60.39,0.0,14275.750000000024,0.10196964285714304,SENTIMENT_MORNING_SELL,5.0,12.0,7528.0,0.359625,NEU,
c5a4b329ea902d40,2025-05-12 08:00:00+00:00,2025-05-16 12:19:00+00:00,NVDA,S07,8196,122.01,136.64120000000003,0.0,119917.31520000017,11.991803950495877,TAKE_PROFIT,5.0,12.0,6019.0,0.31070000000000003,NEU,
942e9b04fef88a64,2025-05-12 08:00:00+00:00,2025-05-12 16:00:00,AAPL,S07,4863,205.63,210.14000000000001,0.0,21932.130000000096,0.15665807142857213,SENTIMENT_EOD_SELL,5.0,12.0,720.0,0.27124000000000004,NEU,
06fb37bb82fec86e,2025-05-12 08:00:00+00:00,2025-05-12 16:00:00,AVGO,S07,4559,219.29999999999998,221.668,0.0,10795.712000000107,0.07711222857142933,SENTIMENT_EOD_SELL,5.0,12.0,720.0,0.3345,NEU,
8fec647d340913a1,2025-05-12 08:00:00+00:00,2025-05-12 16:00:00,ORCL,S07,6430,155.51,157.20000000000002,0.0,10866.700000000168,0.07761928571428692,SENTIMENT_EOD_SELL,5.0,12.0,720.0,0.4965,NEU,
9b84c67b813c1dbe,2025-05-12 08:00:00+00:00,2025-05-12 16:00:00,CSCO,S07,16553,60.41,61.74,0.0,22015.49000000009,0.15725350000000063,SENTIMENT_EOD_SELL,5.0,12.0,720.0,0.49375,NEU,
72ff779dd6dc2fa0,2025-05-13 11:00:00+00:00,2025-05-13 16:00:00,ADBE,S07,2531,395.03,397.3525,0.0,5878.24750000012,0.041987482142858,SENTIMENT_EOD_SELL,5.0,12.0,540.0,0.4599666666666667,NEU,
5a38b0d646970475,2025-05-12 08:00:00+00:00,2025-05-14 09:30:00,QCOM,S07,6648,150.42,151.63,0.0,8044.080000000053,0.05745771428571466,SENTIMENT_MORNING_SELL,5.0,12.0,3210.0,0.44348,NEU,
a7f2e2cdfb4953fe,2025-05-13 08:00:00+00:00,2025-05-14 09:30:00,AVGO,S07,4566,219.01,233.57000000000002,0.0,66480.96000000014,0.47486400000000095,SENTIMENT_MORNING_SELL,5.0,12.0,1770.0,0.2927,NEU,
c15c1253cab25c0a,2025-05-14 08:09:00+00:00,2025-05-14 16:00:00,QCOM,S07,6594,151.64999999999998,152.82000000000002,0.0,7714.980000000292,0.05510700000000209,SENTIMENT_EOD_SELL,5.0,12.0,711.0,0.2803,NEU,
133613f3bd3ed794,2025-05-12 08:00:00+00:00,2025-05-15 16:00:00,META,S07,1615,619.0,641.34,0.0,36079.10000000005,0.2577078571428575,SENTIMENT_EOD_SELL,5.0,12.0,5040.0,0.47735000000000005,NEU,
efdfc717e5f91a3a,2025-05-12 08:00:00+00:00,2025-05-15 16:00:00,TSLA,S07,3134,319.01,342.2238,0.0,72752.04919999998,0.5196574942857141,SENTIMENT_EOD_SELL,5.0,12.0,5040.0,0.41772,NEU,
840fcd66bb963195,2025-05-13 08:00:00+00:00,2025-05-15 16:00:00,AAPL,S07,4761,210.01,211.0,0.0,4713.390000000043,0.03366707142857173,SENTIMENT_EOD_SELL,5.0,12.0,3600.0,0.28106,NEU,
9654b8bf12527e79,2025-05-16 08:00:00+00:00,2025-05-21 18:55:00+00:00,AAPL,S07,4722,211.76,201.16199999999998,0.0,-50043.75600000006,-5.004722327162832,STOP_LOSS,5.0,12.0,7855.0,0.20924,NEU,
7d506e9cdc3d0dc6,2025-05-16 08:02:00+00:00,2025-05-19 08:33:00+00:00,AVGO,S07,4295,232.79,221.1405,0.0,-50034.60249999995,-5.004295717169978,STOP_LOSS,5.0,12.0,4351.0,0.43226,NEU,
34866a704f13c8a7,2025-05-14 09:02:00+00:00,2025-05-16 16:00:00,ADBE,S07,2521,396.65,412.74,0.0,40562.89000000008,0.28973492857142913,SENTIMENT_EOD_SELL,5.0,12.0,3538.0,0.29231666666666667,NEU,
1f8ce3a7509199c6,2025-05-16 08:00:00+00:00,2025-05-16 16:00:00,TSLA,S07,2922,342.21999999999997,340.14,0.0,-6077.759999999954,-0.0434125714285711,SENTIMENT_EOD_SELL,5.0,12.0,720.0,0.48654000000000003,NEU,
12c1861472133b5d,2025-05-13 08:05:00+00:00,2025-05-19 09:30:00,CSCO,S07,16212,61.68,63.690000000000005,0.0,32586.120000000083,0.23275800000000058,SENTIMENT_MORNING_SELL,5.0,12.0,8965.0,0.50249,NEU,
47fa5a89380f3f90,2025-05-16 08:00:00+00:00,2025-05-19 09:30:00,TSM,S07,5148,194.25,189.87,0.0,-22548.239999999976,-0.16105885714285698,SENTIMENT_MORNING_SELL,5.0,12.0,4650.0,0.3326,NEU,
062e6b00bbb3555a,2025-05-12 08:00:00+00:00,2025-05-22 13:57:00+00:00,GOOGL,S07,6369,157.01,175.84120000000001,0.0,119935.91280000015,0.8795515485714297,TAKE_PROFIT,5.0,12.0,14757.0,0.33197,NEU,
0d4c7c39a3b482ce,2025-05-15 08:36:00+00:00,2025-05-23 12:04:00+00:00,ORCL,S07,6191,161.51,153.4245,0.0,-50057.330499999975,-0.36783249642857124,STOP_LOSS,5.0,12.0,11728.0,0.27762000000000003,NEU,
29969716d87f2edd,2025-05-16 08:07:00+00:00,2025-05-23 11:44:00+00:00,QCOM,S07,6539,152.91,145.2545,0.0,-50059.31449999993,-0.33853714642857097,STOP_LOSS,5.0,12.0,10297.0,0.4267333333333333,NEU,
56aa9cd628a09201,2025-05-19 08:00:00+00:00,2025-05-23 11:20:00+00:00,AAPL,S07,4809,207.91,197.5045,0.0,-50040.04949999995,-5.004809773459665,STOP_LOSS,5.0,12.0,5960.0,0.30571000000000004,NEU,
45e54b848931cbdb,2025-05-20 08:00:00+00:00,2025-05-23 11:20:00+00:00,AAPL,S07,4787,208.89,198.4355,0.0,-50045.69149999998,-5.004787208578676,STOP_LOSS,5.0,12.0,4520.0,0.24988000000000002,NEU,
2491205bc62b5846,2025-05-20 08:00:00+00:00,2025-05-23 11:23:00+00:00,QCOM,S07,6524,153.26,145.587,0.0,-50058.65200000001,-5.006524859715517,STOP_LOSS,5.0,12.0,4523.0,0.45201,NEU,
780f28179997f418,2025-05-20 08:00:00+00:00,2025-05-20 16:00:00,AVGO,S07,4345,230.12,231.20000000000002,0.0,4692.600000000054,0.033518571428571814,SENTIMENT_EOD_SELL,5.0,12.0,720.0,0.25355,NEU,
ebd88a0ec3857e23,2025-05-20 11:04:00+00:00,2025-05-20 16:00:00,ADBE,S07,2386,419.01,416.58,0.0,-5797.980000000016,-0.041414142857142976,SENTIMENT_EOD_SELL,5.0,12.0,536.0,0.28576666666666667,NEU,
36c76593ea67f15c,2025-05-20 13:30:00+00:00,2025-05-20 16:00:00,INTU,S07,1500,666.37,671.15,0.0,7169.999999999959,0.05121428571428542,SENTIMENT_EOD_SELL,5.0,12.0,390.0,0.5781333333333333,NEU,
d7f2882c80d6cb8e,2025-05-09 08:00:00+00:00,2025-05-20 23:59:00+00:00,AMZN,S07,5186,192.79999999999998,203.79000000000002,0.0,56994.140000000196,0.4071010000000014,BACKTEST_END,5.0,12.0,16799.0,0.22382999999999997,NEU,
0344cc687178623c,2025-05-12 08:00:00+00:00,2025-05-20 23:59:00+00:00,MSFT,S07,2228,448.81,457.2362,0.0,18773.57359999999,0.13409695428571422,BACKTEST_END,5.0,12.0,12479.0,0.23206000000000002,NEU,
200ff814cb971ea2,2025-05-15 08:00:00+00:00,2025-05-20 23:59:00+00:00,NVDA,S07,7488,133.53,133.99,0.0,3444.4800000000596,0.024603428571428998,BACKTEST_END,5.0,12.0,8159.0,0.29019,NEU,
279d62bc91ee5b63,2025-05-20 08:00:00+00:00,2025-05-20 23:56:00+00:00,META,S07,1564,639.36,635.49,0.0,-6052.680000000008,-0.043233428571428624,BACKTEST_END,5.0,12.0,956.0,0.29424,NEU,
383851dbc8a1a151,2025-05-20 11:30:00+00:00,2025-05-20 22:05:00+00:00,ORCL,S07,6265,159.60999999999999,159.88,0.0,1691.550000000064,0.012082500000000457,BACKTEST_END,5.0,12.0,635.0,0.360925,NEU,
f101cece2d474b77,2025-05-07 08:20:00+00:00,2025-05-07 16:00:00,QCOM,S08,7110,140.63,143.89000000000001,0.0,23178.600000000137,0.16556142857142955,SENTIMENT_EOD_SELL,5.0,20.0,700.0,0.34524999999999995,NEU,
7245d853934d27ee,2025-05-07 11:41:00+00:00,2025-05-08 09:30:00,INTU,S08,1586,630.51,643.52,0.0,20633.859999999986,0.14738471428571417,SENTIMENT_MORNING_SELL,5.0,20.0,1549.0,0.4096666666666667,NEU,
d96fbb200e5a9da5,2025-05-08 08:00:00+00:00,2025-05-08 16:00:00,GOOGL,S08,6512,153.56,154.3899,0.0,5404.30880000006,0.038602205714286145,SENTIMENT_EOD_SELL,5.0,20.0,720.0,0.21204,NEU,
aedd5b59374dac40,2025-05-07 08:00:00+00:00,2025-05-09 09:30:00,MSFT,S08,2294,435.8,438.68,0.0,6606.719999999989,0.04719085714285707,SENTIMENT_MORNING_SELL,5.0,20.0,3210.0,0.25551,NEU,
4ab04fc86990f43d,2025-05-07 08:00:00+00:00,2025-05-09 09:30:00,ORCL,S08,6741,148.32999999999998,150.68,0.0,15841.350000000153,0.1131525000000011,SENTIMENT_MORNING_SELL,5.0,20.0,3210.0,0.27408,NEU,
233ab1783a6e0c1d,2025-05-08 11:45:00+00:00,2025-05-09 09:30:00,ADBE,S08,2564,390.01,384.29,0.0,-14666.079999999924,-0.10475771428571375,SENTIMENT_MORNING_SELL,5.0,20.0,1545.0,0.3612,NEU,
fc6b6e86171462a1,2025-05-08 13:30:00+00:00,2025-05-09 09:30:00,INTU,S08,1553,643.54,655.25,0.0,18185.630000000056,0.12989735714285755,SENTIMENT_MORNING_SELL,5.0,20.0,1440.0,0.5106,NEU,
140483b9381c6ad1,2025-05-09 08:00:00+00:00,2025-05-14 11:29:00+00:00,TSLA,S08,3488,286.65999999999997,343.98199999999997,0.0,199939.136,19.99651154678016,TAKE_PROFIT,5.0,20.0,7409.0,0.2885,NEU,
13e39046c72dd8b0,2025-05-09 08:00:00+00:00,2025-05-09 16:00:00,GOOGL,S08,6450,155.01999999999998,152.64000000000001,0.0,-15350.999999999787,-0.10964999999999848,SENTIMENT_EOD_SELL,5.0,20.0,720.0,0.24081000000000002,NEU,
4779cd4fc2b1d2e3,2025-05-09 08:04:00+00:00,2025-05-09 16:00:00,ADBE,S08,2602,384.31,382.94,0.0,-3564.7400000000116,-0.025462428571428653,SENTIMENT_EOD_SELL,5.0,20.0,716.0,0.34482,NEU,
19a35eef3a74ce55,2025-05-09 08:11:00+00:00,2025-05-09 16:00:00,QCOM,S08,6874,145.45999999999998,145.22,0.0,-1649.7599999998672,-0.01178399999999905,SENTIMENT_EOD_SELL,5.0,20.0,709.0,0.2361625,NEU,
c87e98d9da54fc19,2025-05-07 08:02:00+00:00,2025-05-12 09:30:00,CSCO,S08,16795,59.54,60.39,0.0,14275.750000000024,0.10196964285714304,SENTIMENT_MORNING_SELL,5.0,20.0,7528.0,0.359625,NEU,
b614081a8f041301,2025-05-08 08:00:00+00:00,2025-05-12 09:30:00,TSM,S08,5712,175.04,182.63,0.0,43354.080000000016,0.3096720000000001,SENTIMENT_MORNING_SELL,5.0,20.0,6090.0,0.47366,NEU,
6bef57482b0e3f23,2025-05-07 08:00:00+00:00,2025-05-12 16:00:00,AVGO,S08,4949,202.04,221.668,0.0,97138.97200000007,0.6938498000000005,SENTIMENT_EOD_SELL,5.0,20.0,7920.0,0.26307,NEU,
03292ccec7bea6d3,2025-05-12 08:00:00+00:00,2025-05-12 16:00:00,AAPL,S08,4863,205.63,210.14000000000001,0.0,21932.130000000096,0.15665807142857213,SENTIMENT_EOD_SELL,5.0,20.0,720.0,0.27124000000000004,NEU,
67b471b899158e2b,2025-05-12 08:00:00+00:00,2025-05-12 16:00:00,ORCL,S08,6430,155.51,157.20000000000002,0.0,10866.700000000168,0.07761928571428692,SENTIMENT_EOD_SELL,5.0,20.0,720.0,0.4965,NEU,
1ea8fe949acce661,2025-05-12 08:00:00+00:00,2025-05-12 16:00:00,CSCO,S08,16553,60.41,61.74,0.0,22015.49000000009,0.15725350000000063,SENTIMENT_EOD_SELL,5.0,20.0,720.0,0.49375,NEU,
7bd486f09c09cf39,2025-05-13 11:00:00+00:00,2025-05-13 16:00:00,ADBE,S08,2531,395.03,397.3525,0.0,5878.24750000012,0.041987482142858,SENTIMENT_EOD_SELL,5.0,20.0,540.0,0.4599666666666667,NEU,
4429ac71cbb2aea8,2025-05-08 08:00:00+00:00,2025-05-14 09:30:00,NVDA,S08,8374,119.41000000000001,132.19,0.0,107019.71999999988,0.7644265714285706,SENTIMENT_MORNING_SELL,5.0,20.0,8970.0,0.27297000000000005,NEU,
e2d158940f8a4594,2025-05-12 08:00:00+00:00,2025-05-14 09:30:00,QCOM,S08,6648,150.42,151.63,0.0,8044.080000000053,0.05745771428571466,SENTIMENT_MORNING_SELL,5.0,20.0,3210.0,0.44348,NEU,
05785db92f3deb2a,2025-05-13 08:00:00+00:00,2025-05-14 09:30:00,AVGO,S08,4566,219.01,233.57000000000002,0.0,66480.96000000014,0.47486400000000095,SENTIMENT_MORNING_SELL,5.0,20.0,1770.0,0.2927,NEU,
3b8ed7165d0bed71,2025-05-14 08:09:00+00:00,2025-05-14 16:00:00,QCOM,S08,6594,151.64999999999998,152.82000000000002,0.0,7714.980000000292,0.05510700000000209,SENTIMENT_EOD_SELL,5.0,20.0,711.0,0.2803,NEU,
46e2f76e0b513c4e,2025-05-07 08:00:00+00:00,2025-05-15 16:00:00,META,S08,1688,592.33,641.34,0.0,82728.87999999999,0.5909205714285714,SENTIMENT_EOD_SELL,5.0,20.0,12240.0,0.33849,NEU,
be9af3a5700f705f,2025-05-12 08:00:00+00:00,2025-05-15 16:00:00,TSLA,S08,3134,319.01,342.2238,0.0,72752.04919999998,0.5196574942857141,SENTIMENT_EOD_SELL,5.0,20.0,5040.0,0.41772,NEU,
c221c4f62eccb4cd,2025-05-13 08:00:00+00:00,2025-05-15 16:00:00,AAPL,S08,4761,210.01,211.0,0.0,4713.390000000043,0.03366707142857173,SENTIMENT_EOD_SELL,5.0,20.0,3600.0,0.28106,NEU,
85cb3fecb917936c,2025-05-16 08:00:00+00:00,2025-05-21 18:55:00+00:00,AAPL,S08,4722,211.76,201.16199999999998,0.0,-50043.75600000006,-5.004722327162832,STOP_LOSS,5.0,20.0,7855.0,0.20924,NEU,
d41fa450a5e39764,2025-05-16 08:02:00+00:00,2025-05-19 08:33:00+00:00,AVGO,S08,4295,232.79,221.1405,0.0,-50034.60249999995,-5.004295717169978,STOP_LOSS,5.0,20.0,4351.0,0.43226,NEU,
33793027a3e57f8b,2025-05-14 09:02:00+00:00,2025-05-16 16:00:00,ADBE,S08,2521,396.65,412.74,0.0,40562.89000000008,0.28973492857142913,SENTIMENT_EOD_SELL,5.0,20.0,3538.0,0.29231666666666667,NEU,
ee9aa365e8b00e5d,2025-05-16 08:00:00+00:00,2025-05-16 16:00:00,TSLA,S08,2922,342.21999999999997,340.14,0.0,-6077.759999999954,-0.0434125714285711,SENTIMENT_EOD_SELL,5.0,20.0,720.0,0.48654000000000003,NEU,
46fe8c3fee33c38f,2025-05-13 08:05:00+00:00,2025-05-19 09:30:00,CSCO,S08,16212,61.68,63.690000000000005,0.0,32586.120000000083,0.23275800000000058,SENTIMENT_MORNING_SELL,5.0,20.0,8965.0,0.50249,NEU,
8786b414864707cf,2025-05-16 08:00:00+00:00,2025-05-19 09:30:00,TSM,S08,5148,194.25,189.87,0.0,-22548.239999999976,-0.16105885714285698,SENTIMENT_MORNING_SELL,5.0,20.0,4650.0,0.3326,NEU,
98417905ab7c8de7,2025-05-15 08:36:00+00:00,2025-05-23 12:04:00+00:00,ORCL,S08,6191,161.51,153.4245,0.0,-50057.330499999975,-0.3776506035714284,STOP_LOSS,5.0,20.0,11728.0,0.27762000000000003,NEU,
81a9586b065f0a6a,2025-05-16 08:07:00+00:00,2025-05-23 11:44:00+00:00,QCOM,S08,6539,152.91,145.2545,0.0,-50059.31449999993,-0.33853714642857097,STOP_LOSS,5.0,20.0,10297.0,0.4267333333333333,NEU,
638fb4f8af705ac5,2025-05-19 08:00:00+00:00,2025-05-23 11:20:00+00:00,AAPL,S08,4809,207.91,197.5045,0.0,-50040.04949999995,-5.004809773459665,STOP_LOSS,5.0,20.0,5960.0,0.30571000000000004,NEU,
e8e1ff78777e60e4,2025-05-20 08:00:00+00:00,2025-05-23 11:20:00+00:00,AAPL,S08,4787,208.89,198.4355,0.0,-50045.69149999998,-5.004787208578676,STOP_LOSS,5.0,20.0,4520.0,0.24988000000000002,NEU,
dc74aea1e84d7c49,2025-05-20 08:00:00+00:00,2025-05-23 11:23:00+00:00,QCOM,S08,6524,153.26,145.587,0.0,-50058.65200000001,-5.006524859715517,STOP_LOSS,5.0,20.0,4523.0,0.45201,NEU,
81d7ad9cad513b5f,2025-05-20 08:00:00+00:00,2025-05-20 16:00:00,AVGO,S08,4345,230.12,231.20000000000002,0.0,4692.600000000054,0.033518571428571814,SENTIMENT_EOD_SELL,5.0,20.0,720.0,0.25355,NEU,
e4ae75a311d874c2,2025-05-20 11:04:00+00:00,2025-05-20 16:00:00,ADBE,S08,2386,419.01,416.58,0.0,-5797.980000000016,-0.041414142857142976,SENTIMENT_EOD_SELL,5.0,20.0,536.0,0.28576666666666667,NEU,
0ae9e88a06bc67c9,2025-05-20 13:30:00+00:00,2025-05-20 16:00:00,INTU,S08,1500,666.37,671.15,0.0,7169.999999999959,0.05121428571428542,SENTIMENT_EOD_SELL,5.0,20.0,390.0,0.5781333333333333,NEU,
1a17673f0b1ff72d,2025-05-07 08:00:00+00:00,2025-05-20 23:59:00+00:00,AMZN,S08,5340,187.26,203.79000000000002,0.0,88270.20000000016,0.6305014285714297,BACKTEST_END,5.0,20.0,19679.0,0.32632,NEU,
83249f0c96f7b76a,2025-05-12 08:00:00+00:00,2025-05-20 23:59:00+00:00,MSFT,S08,2228,448.81,457.2362,0.0,18773.57359999999,0.13409695428571422,BACKTEST_END,5.0,20.0,12479.0,0.23206000000000002,NEU,
d848aa73d5734855,2025-05-12 08:00:00+00:00,2025-05-20 23:59:00+00:00,GOOGL,S08,6369,157.01,164.26000000000002,0.0,46175.25000000018,0.3298232142857156,BACKTEST_END,5.0,20.0,12479.0,0.33197,NEU,
014dd07372bc72be,2025-05-15 08:00:00+00:00,2025-05-20 23:59:00+00:00,NVDA,S08,7488,133.53,133.99,0.0,3444.4800000000596,0.024603428571428998,BACKTEST_END,5.0,20.0,8159.0,0.29019,NEU,
5302e155a427241a,2025-05-20 08:00:00+00:00,2025-05-20 23:56:00+00:00,META,S08,1564,639.36,635.49,0.0,-6052.680000000008,-0.043233428571428624,BACKTEST_END,5.0,20.0,956.0,0.29424,NEU,
b8bc9a92c1782c43,2025-05-20 11:30:00+00:00,2025-05-20 22:05:00+00:00,ORCL,S08,6265,159.60999999999999,159.88,0.0,1691.550000000064,0.012082500000000457,BACKTEST_END,5.0,20.0,635.0,0.360925,NEU,
d9c8bbd074763e81,2025-05-07 08:00:00+00:00,2025-05-12 08:00:00+00:00,AMZN,S09,5340,187.26,196.613,0.0,49945.02000000005,4.994659831250673,TAKE_PROFIT,7.0,5.0,7200.0,0.32632,NEU,
775e6fa22d6be4e7,2025-05-07 08:00:00+00:00,2025-05-12 08:15:00+00:00,META,S09,1688,592.33,621.9365,0.0,49975.77199999997,4.998311751895055,TAKE_PROFIT,7.0,5.0,7215.0,0.33849,NEU,
7aa4358fee939e95,2025-05-07 08:00:00+00:00,2025-05-12 08:00:00+00:00,AVGO,S09,4949,202.04,212.132,0.0,49945.30800000006,4.995050485052471,TAKE_PROFIT,7.0,5.0,7200.0,0.26307,NEU,
b2f7f36f4775527b,2025-05-07 08:00:00+00:00,2025-05-12 08:00:00+00:00,ORCL,S09,6741,148.32999999999998,155.7365,0.0,49927.216500000155,4.99325827546688,TAKE_PROFIT,7.0,5.0,7200.0,0.27408,NEU,
5f434e7e12b863c1,2025-05-07 11:41:00+00:00,2025-05-08 18:37:00+00:00,INTU,S09,1586,630.51,662.0255000000001,0.0,49983.58300000014,4.998413982331777,TAKE_PROFIT,7.0,5.0,1856.0,0.4096666666666667,NEU,
a9a8dc730ed8f387,2025-05-07 08:20:00+00:00,2025-05-12 08:00:00+00:00,QCOM,S09,7110,140.63,147.6515,0.0,49922.86500000002,4.992889141719408,TAKE_PROFIT,7.0,5.0,7180.0,0.34524999999999995,NEU,
4a991d4ad94fe84e,2025-05-08 08:00:00+00:00,2025-05-13 13:31:00+00:00,NVDA,S09,8374,119.41000000000001,125.3705,0.0,49913.22699999997,4.991625492002341,TAKE_PROFIT,7.0,5.0,7531.0,0.27297000000000005,NEU,
5b51d413d85b448b,2025-05-08 08:01:00+00:00,2025-05-12 08:00:00+00:00,AVGO,S09,4799,208.35999999999999,218.768,0.0,49947.99200000007,4.995200614321375,TAKE_PROFIT,7.0,5.0,5759.0,0.42554,NEU,
7e0c3d7e1141bcc6,2025-05-08 08:00:00+00:00,2025-05-12 08:00:00+00:00,TSM,S09,5712,175.04,183.782,0.0,49934.304000000106,4.9942870201097005,TAKE_PROFIT,7.0,5.0,5760.0,0.47366,NEU,
ab9654d3eebec191,2025-05-08 08:22:00+00:00,2025-05-13 13:44:00+00:00,ORCL,S09,6595,151.60999999999999,159.1805,0.0,49927.44750000007,4.993404129015244,TAKE_PROFIT,7.0,5.0,7522.0,0.333575,NEU,
f00169cacbfca18b,2025-05-08 08:00:00+00:00,2025-05-08 16:00:00,GOOGL,S09,6512,153.56,154.3899,0.0,5404.30880000006,0.038602205714286145,SENTIMENT_EOD_SELL,7.0,5.0,720.0,0.21204,NEU,
34d61a0c727ab0a6,2025-05-07 08:00:00+00:00,2025-05-09 09:30:00,MSFT,S09,2294,435.8,438.68,0.0,6606.719999999989,0.04719085714285707,SENTIMENT_MORNING_SELL,7.0,5.0,3210.0,0.25551,NEU,
175884ffc86c4402,2025-05-08 11:45:00+00:00,2025-05-09 09:30:00,ADBE,S09,2564,390.01,384.29,0.0,-14666.079999999924,-0.10475771428571375,SENTIMENT_MORNING_SELL,7.0,5.0,1545.0,0.3612,NEU,
76190764191cb8f3,2025-05-08 13:30:00+00:00,2025-05-09 09:30:00,INTU,S09,1553,643.54,655.25,0.0,18185.630000000056,0.12989735714285755,SENTIMENT_MORNING_SELL,7.0,5.0,1440.0,0.5106,NEU,
16c1b1a7f90174ec,2025-05-07 08:02:00+00:00,2025-05-14 20:07:00+00:00,CSCO,S09,16795,59.54,62.507000000000005,0.0,49830.7650000001,0.032912507142857206,TAKE_PROFIT,7.0,5.0,10805.0,0.359625,NEU,
faff119375bca427,2025-05-09 08:00:00+00:00,2025-05-13 11:45:00+00:00,NVDA,S09,8473,118.01,123.90050000000001,0.0,49910.20650000002,4.991526141852387,TAKE_PROFIT,7.0,5.0,5985.0,0.24496,NEU,
b7dce00f74c26b3d,2025-05-09 08:00:00+00:00,2025-05-12 08:00:00+00:00,AMZN,S09,5186,192.79999999999998,202.43,0.0,49941.180000000124,4.994813278008311,TAKE_PROFIT,7.0,5.0,4320.0,0.22382999999999997,NEU,
0373fcc286e7a959,2025-05-09 08:00:00+00:00,2025-05-14 14:27:00+00:00,GOOGL,S09,6450,155.01999999999998,162.761,0.0,49929.45000000009,4.993549219455564,TAKE_PROFIT,7.0,5.0,7587.0,0.24081000000000002,NEU,
edec40e4fbc2fe32,2025-05-09 08:01:00+00:00,2025-05-12 08:00:00+00:00,AVGO,S09,4791,208.72,219.14600000000002,0.0,49950.96600000008,4.995208892295907,TAKE_PROFIT,7.0,5.0,4319.0,0.3163625,NEU,
dc82c9a89f7f5963,2025-05-09 08:00:00+00:00,2025-05-12 13:28:00+00:00,TSM,S09,5597,178.66,187.58300000000003,0.0,49942.03100000017,4.99440277622301,TAKE_PROFIT,7.0,5.0,4648.0,0.45099999999999996,NEU,
10485ee777ddfe01,2025-05-09 08:00:00+00:00,2025-05-09 13:56:00+00:00,TSLA,S09,3488,286.65999999999997,300.983,0.0,49958.62400000013,4.996511546780171,TAKE_PROFIT,7.0,5.0,356.0,0.2885,NEU,
b0c4fd0890ce6c32,2025-05-09 08:11:00+00:00,2025-05-12 09:57:00+00:00,QCOM,S09,6874,145.45999999999998,152.72299999999998,0.0,49925.86200000004,4.993125257802837,TAKE_PROFIT,7.0,5.0,4426.0,0.2361625,NEU,
9ba9f2758a1fb567,2025-05-09 08:04:00+00:00,2025-05-09 16:00:00,ADBE,S09,2602,384.31,382.94,0.0,-3564.7400000000116,-0.025462428571428653,SENTIMENT_EOD_SELL,7.0,5.0,716.0,0.34482,NEU,
87de18bbe5853c3f,2025-05-12 08:00:00+00:00,2025-05-13 14:07:00+00:00,NVDA,S09,8196,122.01,128.1005,0.0,49917.73800000005,4.991803950495866,TAKE_PROFIT,7.0,5.0,1807.0,0.31070000000000003,NEU,
c55f5805246790a5,2025-05-12 08:00:00+00:00,2025-05-14 15:42:00+00:00,GOOGL,S09,6369,157.01,164.8505,0.0,49936.144500000126,4.993630978918553,TAKE_PROFIT,7.0,5.0,3342.0,0.33197,NEU,
8fd108341c36b135,2025-05-12 08:00:00+00:00,2025-05-13 13:40:00+00:00,META,S09,1615,619.0,649.94,0.0,49968.100000000086,4.9983844911147095,TAKE_PROFIT,7.0,5.0,1780.0,0.47735000000000005,NEU,
bd01fcd1b9dd9012,2025-05-12 08:00:00+00:00,2025-05-13 14:57:00+00:00,AVGO,S09,4559,219.29999999999998,230.255,0.0,49943.84500000006,4.995440036479714,TAKE_PROFIT,7.0,5.0,1857.0,0.3345,NEU,
77aac3681dc4f794,2025-05-12 08:00:00+00:00,2025-05-13 17:48:00+00:00,TSLA,S09,3134,319.01,334.95050000000003,0.0,49957.52700000013,4.996865302028163,TAKE_PROFIT,7.0,5.0,2028.0,0.41772,NEU,
0149974989fee08b,2025-05-12 08:00:00+00:00,2025-05-14 11:31:00+00:00,ORCL,S09,6430,155.51,163.2755,0.0,49932.165000000015,4.993569545366859,TAKE_PROFIT,7.0,5.0,3091.0,0.4965,NEU,
63a1adbdf853d7c0,2025-05-12 08:00:00+00:00,2025-05-14 20:08:00+00:00,CSCO,S09,16553,60.41,63.420500000000004,0.0,49832.80650000012,4.983446449263379,TAKE_PROFIT,7.0,5.0,3608.0,0.49375,NEU,
c23e0b9385c7b453,2025-05-12 08:00:00+00:00,2025-05-12 16:00:00,AAPL,S09,4863,205.63,210.14000000000001,0.0,21932.130000000096,0.15665807142857213,SENTIMENT_EOD_SELL,7.0,5.0,720.0,0.27124000000000004,NEU,
b56562b31e282080,2025-05-13 08:00:00+00:00,2025-05-13 14:57:00+00:00,AVGO,S09,4566,219.01,229.9505,0.0,49954.32300000006,4.995433998447566,TAKE_PROFIT,7.0,5.0,417.0,0.2927,NEU,
826655a54ac0f428,2025-05-13 08:00:00+00:00,2025-05-13 17:38:00+00:00,TSLA,S09,3159,316.53999999999996,332.35699999999997,0.0,49965.90300000002,4.9968408415998,TAKE_PROFIT,7.0,5.0,578.0,0.3686,NEU,
b1e5184d70d43cba,2025-05-13 11:00:00+00:00,2025-05-16 13:19:00+00:00,ADBE,S09,2531,395.03,414.7715,0.0,49965.73650000008,4.997468546692665,TAKE_PROFIT,7.0,5.0,4459.0,0.4599666666666667,NEU,
c0cdcee4fcae5e80,2025-05-13 08:05:00+00:00,2025-05-15 13:55:00+00:00,CSCO,S09,16212,61.68,64.75399999999999,0.0,49835.68799999986,4.983787289234746,TAKE_PROFIT,7.0,5.0,3230.0,0.50249,NEU,
f0d7bf80a97edfa4,2025-05-12 08:00:00+00:00,2025-05-14 09:30:00,QCOM,S09,6648,150.42,151.63,0.0,8044.080000000053,0.05745771428571466,SENTIMENT_MORNING_SELL,7.0,5.0,3210.0,0.44348,NEU,
a3111054e08f7bb8,2025-05-14 08:00:00+00:00,2025-05-16 13:29:00+00:00,GOOGL,S09,6249,160.01,168.00050000000002,0.0,49932.63450000016,4.993750390600604,TAKE_PROFIT,7.0,5.0,3209.0,0.35845,NEU,
4ca7902254a4dcc0,2025-05-14 09:02:00+00:00,2025-05-16 13:28:00+00:00,ADBE,S09,2521,396.65,416.4725,0.0,49972.52250000012,4.997478885667478,TAKE_PROFIT,7.0,5.0,3146.0,0.29231666666666667,NEU,
6513f004caf8d9b9,2025-05-14 08:05:00+00:00,2025-05-15 13:55:00+00:00,CSCO,S09,16191,61.76,64.838,0.0,49835.897999999936,4.983808290155435,TAKE_PROFIT,7.0,5.0,1790.0,0.23651,NEU,
c02563e32e38e7a8,2025-05-14 08:09:00+00:00,2025-05-14 16:00:00,QCOM,S09,6594,151.64999999999998,152.82000000000002,0.0,7714.980000000292,0.05510700000000209,SENTIMENT_EOD_SELL,7.0,5.0,711.0,0.2803,NEU,
74566dec46093276,2025-05-15 08:13:00+00:00,2025-05-16 13:52:00+00:00,ADBE,S09,2510,398.36,418.26800000000003,0.0,49969.08000000004,4.997489707801992,TAKE_PROFIT,7.0,5.0,1779.0,0.45449999999999996,NEU,
d329df23a643b930,2025-05-13 08:00:00+00:00,2025-05-15 16:00:00,AAPL,S09,4761,210.01,211.0,0.0,4713.390000000043,0.03366707142857173,SENTIMENT_EOD_SELL,7.0,5.0,3600.0,0.28106,NEU,
5b389bb276945b53,2025-05-14 08:00:00+00:00,2025-05-15 16:00:00,TSLA,S09,2955,338.37,342.2238,0.0,11387.978999999936,0.08134270714285669,SENTIMENT_EOD_SELL,7.0,5.0,2160.0,0.34683,NEU,
42034b6e266a36c7,2025-05-15 08:05:00+00:00,2025-05-15 16:00:00,META,S09,1529,653.6899999999999,641.34,0.0,-18883.14999999986,-0.13487964285714185,SENTIMENT_EOD_SELL,7.0,5.0,715.0,0.24576000000000003,NEU,
3e6543c7c5665103,2025-05-16 08:00:00+00:00,2025-05-21 15:17:00+00:00,GOOGL,S09,6076,164.57999999999998,172.799,0.0,49938.64400000014,4.993923927573231,TAKE_PROFIT,7.0,5.0,7637.0,0.52989,NEU,
00ab7de3a36ae108,2025-05-16 08:00:00+00:00,2025-05-16 16:00:00,AAPL,S09,4722,211.76,207.92000000000002,0.0,-18132.479999999883,-0.12951771428571346,SENTIMENT_EOD_SELL,7.0,5.0,720.0,0.20924,NEU,
373b39c251e30e6f,2025-05-16 08:00:00+00:00,2025-05-16 16:00:00,TSLA,S09,2922,342.21999999999997,340.14,0.0,-6077.759999999954,-0.0434125714285711,SENTIMENT_EOD_SELL,7.0,5.0,720.0,0.48654000000000003,NEU,
dbfbaadbde112bc5,2025-05-15 08:00:00+00:00,2025-05-19 09:30:00,CSCO,S09,15885,62.949999999999996,63.690000000000005,0.0,11754.900000000145,0.08396357142857247,SENTIMENT_MORNING_SELL,7.0,5.0,6090.0,0.27358,NEU,
bcf86a83043e7404,2025-05-16 08:02:00+00:00,2025-05-19 09:30:00,AVGO,S09,4295,232.79,221.85000000000002,0.0,-46987.299999999865,-0.33562357142857047,SENTIMENT_MORNING_SELL,7.0,5.0,4648.0,0.43226,NEU,
14f56d4aaafa0ef9,2025-05-16 08:00:00+00:00,2025-05-19 09:30:00,TSM,S09,5148,194.25,189.87,0.0,-22548.239999999976,-0.16105885714285698,SENTIMENT_MORNING_SELL,7.0,5.0,4650.0,0.3326,NEU,
bc3e02a6a25a1221,2025-05-16 08:07:00+00:00,2025-05-23 13:31:00+00:00,QCOM,S09,6539,152.91,142.1963,0.0,-70056.88429999993,-0.5004063164285709,STOP_LOSS,7.0,5.0,10404.0,0.4267333333333333,NEU,
cf267af6be6e2de2,2025-05-19 08:00:00+00:00,2025-05-23 11:23:00+00:00,AAPL,S09,4809,207.91,193.34629999999999,0.0,-70036.83330000006,-7.004809773459677,STOP_LOSS,7.0,5.0,5963.0,0.30571000000000004,NEU,
493994e7b3b76d56,2025-05-19 08:00:00+00:00,2025-05-21 14:55:00+00:00,GOOGL,S09,6137,162.92999999999998,171.0665,0.0,49933.70050000007,4.993862394893521,TAKE_PROFIT,7.0,5.0,3295.0,0.31225,NEU,
0ad515c1e7d822b7,2025-05-20 08:00:00+00:00,2025-05-23 11:21:00+00:00,AAPL,S09,4787,208.89,194.25769999999997,0.0,-70044.82010000007,-7.004787208578684,STOP_LOSS,7.0,5.0,4521.0,0.24988000000000002,NEU,
29350bcc7bdcbc52,2025-05-20 13:30:00+00:00,2025-05-22 20:03:00+00:00,INTU,S09,1500,666.37,699.6785000000001,0.0,49962.750000000146,4.9984993322028455,TAKE_PROFIT,7.0,5.0,3273.0,0.5781333333333333,NEU,
78e1c57163947912,2025-05-20 08:00:00+00:00,2025-05-23 13:30:00+00:00,QCOM,S09,6524,153.26,142.52179999999998,0.0,-70056.01680000004,-7.00652485971552,STOP_LOSS,7.0,5.0,4650.0,0.45201,NEU,
5a50411899180248,2025-05-20 08:00:00+00:00,2025-05-20 16:00:00,AVGO,S09,4345,230.12,231.20000000000002,0.0,4692.600000000054,0.033518571428571814,SENTIMENT_EOD_SELL,7.0,5.0,720.0,0.25355,NEU,
88e68ba8d13ce18a,2025-05-20 11:04:00+00:00,2025-05-20 16:00:00,ADBE,S09,2386,419.01,416.58,0.0,-5797.980000000016,-0.041414142857142976,SENTIMENT_EOD_SELL,7.0,5.0,536.0,0.28576666666666667,NEU,
6b37f08e19efea6d,2025-05-12 08:00:00+00:00,2025-05-20 23:59:00+00:00,MSFT,S09,2228,448.81,457.2362,0.0,18773.57359999999,0.13409695428571422,BACKTEST_END,7.0,5.0,12479.0,0.23206000000000002,NEU,
815305945d42bd2f,2025-05-13 08:00:00+00:00,2025-05-20 23:59:00+00:00,AMZN,S09,4816,207.62,203.79000000000002,0.0,-18445.279999999922,-0.13175199999999945,BACKTEST_END,7.0,5.0,11039.0,0.24168000000000003,NEU,
d19b9e148d9bd8d1,2025-05-15 08:00:00+00:00,2025-05-20 23:59:00+00:00,NVDA,S09,7488,133.53,133.99,0.0,3444.4800000000596,0.024603428571428998,BACKTEST_END,7.0,5.0,8159.0,0.29019,NEU,
7efbed2a554b3205,2025-05-15 08:36:00+00:00,2025-05-20 22:05:00+00:00,ORCL,S09,6191,161.51,159.88,0.0,-10091.329999999973,-0.07208092857142837,BACKTEST_END,7.0,5.0,8009.0,0.27762000000000003,NEU,
f70a98735485c3c4,2025-05-20 08:00:00+00:00,2025-05-20 23:56:00+00:00,META,S09,1564,639.36,635.49,0.0,-6052.680000000008,-0.043233428571428624,BACKTEST_END,7.0,5.0,956.0,0.29424,NEU,
9a7fe86f3fbf2bc8,2025-05-07 08:00:00+00:00,2025-05-12 08:00:00+00:00,AMZN,S10,5340,187.26,202.23080000000002,0.0,79944.07200000013,7.994659831250682,TAKE_PROFIT,7.0,8.0,7200.0,0.32632,NEU,
c17d83635d3a79c4,2025-05-07 08:00:00+00:00,2025-05-12 19:50:00+00:00,META,S10,1688,592.33,639.7064000000001,0.0,79971.36320000017,7.998311751895075,TAKE_PROFIT,7.0,8.0,7910.0,0.33849,NEU,
5b4e35e4442509ea,2025-05-07 08:00:00+00:00,2025-05-12 08:00:00+00:00,AVGO,S10,4949,202.04,218.19320000000002,0.0,79942.18680000013,7.995050485052478,TAKE_PROFIT,7.0,8.0,7200.0,0.26307,NEU,
9598c75c1a40db2c,2025-05-07 08:20:00+00:00,2025-05-12 08:19:00+00:00,QCOM,S10,7110,140.63,151.87040000000002,0.0,79919.24400000017,7.992889141719423,TAKE_PROFIT,7.0,8.0,7199.0,0.34524999999999995,NEU,
4a9a6802e99fb502,2025-05-07 11:41:00+00:00,2025-05-08 09:30:00,INTU,S10,1586,630.51,643.52,0.0,20633.859999999986,0.14738471428571417,SENTIMENT_MORNING_SELL,7.0,8.0,1549.0,0.4096666666666667,NEU,
26d0371cd76c346d,2025-05-07 08:00:00+00:00,2025-05-13 14:01:00+00:00,ORCL,S10,6741,148.32999999999998,160.1864,0.0,79923.99240000005,0.6021357428571432,TAKE_PROFIT,7.0,8.0,9001.0,0.27408,NEU,
86f4cab81109eb2a,2025-05-08 08:00:00+00:00,2025-05-13 14:16:00+00:00,NVDA,S10,8374,119.41000000000001,128.95280000000002,0.0,79911.40720000012,7.991625492002356,TAKE_PROFIT,7.0,8.0,7576.0,0.27297000000000005,NEU,
bae42a445b0176b7,2025-05-08 08:01:00+00:00,2025-05-13 13:38:00+00:00,AVGO,S10,4799,208.35999999999999,225.0188,0.0,79945.58120000006,7.995200614321374,TAKE_PROFIT,7.0,8.0,7537.0,0.42554,NEU,
35f6f17bfcfe1a9c,2025-05-08 08:00:00+00:00,2025-05-12 13:30:00+00:00,TSM,S10,5712,175.04,189.03320000000002,0.0,79929.15840000017,7.994287020109707,TAKE_PROFIT,7.0,8.0,6090.0,0.47366,NEU,
a24b9bc747c67b4c,2025-05-08 08:00:00+00:00,2025-05-08 16:00:00,GOOGL,S10,6512,153.56,154.3899,0.0,5404.30880000006,0.038602205714286145,SENTIMENT_EOD_SELL,7.0,8.0,720.0,0.21204,NEU,
800b4b73655c27c0,2025-05-07 08:00:00+00:00,2025-05-09 09:30:00,MSFT,S10,2294,435.8,438.68,0.0,6606.719999999989,0.04719085714285707,SENTIMENT_MORNING_SELL,7.0,8.0,3210.0,0.25551,NEU,
196798270b9eee28,2025-05-08 11:45:00+00:00,2025-05-09 09:30:00,ADBE,S10,2564,390.01,384.29,0.0,-14666.079999999924,-0.10475771428571375,SENTIMENT_MORNING_SELL,7.0,8.0,1545.0,0.3612,NEU,
82843e585e00c1bb,2025-05-08 13:30:00+00:00,2025-05-09 09:30:00,INTU,S10,1553,643.54,655.25,0.0,18185.630000000056,0.12989735714285755,SENTIMENT_MORNING_SELL,7.0,8.0,1440.0,0.5106,NEU,
dcad9351877bd5be,2025-05-09 08:00:00+00:00,2025-05-13 13:56:00+00:00,NVDA,S10,8473,118.01,127.44080000000001,0.0,79907.16840000004,7.991526141852388,TAKE_PROFIT,7.0,8.0,6116.0,0.24496,NEU,
0ba9f42c8a094267,2025-05-09 08:00:00+00:00,2025-05-12 09:00:00+00:00,AMZN,S10,5186,192.79999999999998,208.214,0.0,79937.00400000009,7.9948132780083085,TAKE_PROFIT,7.0,8.0,4380.0,0.22382999999999997,NEU,
6beab538dc03d108,2025-05-09 08:01:00+00:00,2025-05-13 13:38:00+00:00,AVGO,S10,4791,208.72,225.40760000000003,0.0,79950.29160000016,7.995208892295914,TAKE_PROFIT,7.0,8.0,6097.0,0.3163625,NEU,
44d7fbf33cbb198d,2025-05-09 08:00:00+00:00,2025-05-13 14:58:00+00:00,TSM,S10,5597,178.66,192.9428,0.0,79940.83160000005,7.994402776222998,TAKE_PROFIT,7.0,8.0,6178.0,0.45099999999999996,NEU,
a3ac3947f7cc5842,2025-05-09 08:00:00+00:00,2025-05-12 08:00:00+00:00,TSLA,S10,3488,286.65999999999997,309.5828,0.0,79954.72640000019,7.9965115467801775,TAKE_PROFIT,7.0,8.0,4320.0,0.2885,NEU,
ad437ed0123aabc2,2025-05-09 08:00:00+00:00,2025-05-09 16:00:00,GOOGL,S10,6450,155.01999999999998,152.64000000000001,0.0,-15350.999999999787,-0.10964999999999848,SENTIMENT_EOD_SELL,7.0,8.0,720.0,0.24081000000000002,NEU,
884ec46f09a50886,2025-05-09 08:04:00+00:00,2025-05-09 16:00:00,ADBE,S10,2602,384.31,382.94,0.0,-3564.7400000000116,-0.025462428571428653,SENTIMENT_EOD_SELL,7.0,8.0,716.0,0.34482,NEU,
8acac330a79871f1,2025-05-09 08:11:00+00:00,2025-05-09 16:00:00,QCOM,S10,6874,145.45999999999998,145.22,0.0,-1649.7599999998672,-0.01178399999999905,SENTIMENT_EOD_SELL,7.0,8.0,709.0,0.2361625,NEU,
c393a23f8156b290,2025-05-07 08:02:00+00:00,2025-05-12 09:30:00,CSCO,S10,16795,59.54,60.39,0.0,14275.750000000024,0.10196964285714304,SENTIMENT_MORNING_SELL,7.0,8.0,7528.0,0.359625,NEU,
0fea311de8a60024,2025-05-12 08:00:00+00:00,2025-05-14 08:00:00+00:00,NVDA,S10,8196,122.01,131.76080000000002,0.0,79917.55680000011,7.991803950495871,TAKE_PROFIT,7.0,8.0,2880.0,0.31070000000000003,NEU,
c15f5e77246b3311,2025-05-12 08:00:00+00:00,2025-05-14 12:01:00+00:00,TSLA,S10,3134,319.01,344.5208,0.0,79950.84720000005,7.996865302028154,TAKE_PROFIT,7.0,8.0,3121.0,0.41772,NEU,
581190c9ce62e86b,2025-05-12 08:00:00+00:00,2025-05-15 14:44:00+00:00,CSCO,S10,16553,60.41,65.2328,0.0,79831.80840000001,7.983446449263368,TAKE_PROFIT,7.0,8.0,4724.0,0.49375,NEU,
fffa7848b168f45b,2025-05-12 08:00:00+00:00,2025-05-12 16:00:00,AAPL,S10,4863,205.63,210.14000000000001,0.0,21932.130000000096,0.15665807142857213,SENTIMENT_EOD_SELL,7.0,8.0,720.0,0.27124000000000004,NEU,
d15355744701c362,2025-05-12 08:00:00+00:00,2025-05-12 16:00:00,AVGO,S10,4559,219.29999999999998,221.668,0.0,10795.712000000107,0.07711222857142933,SENTIMENT_EOD_SELL,7.0,8.0,720.0,0.3345,NEU,
f1940756ca59ffb6,2025-05-12 08:00:00+00:00,2025-05-12 16:00:00,ORCL,S10,6430,155.51,157.20000000000002,0.0,10866.700000000168,0.07761928571428692,SENTIMENT_EOD_SELL,7.0,8.0,720.0,0.4965,NEU,
68eb79c990ae4343,2025-05-13 08:00:00+00:00,2025-05-14 08:50:00+00:00,TSLA,S10,3159,316.53999999999996,341.8532,0.0,79964.39880000017,7.996840841599815,TAKE_PROFIT,7.0,8.0,1490.0,0.3686,NEU,
92e49dd07143e608,2025-05-13 11:00:00+00:00,2025-05-13 16:00:00,ADBE,S10,2531,395.03,397.3525,0.0,5878.24750000012,0.041987482142858,SENTIMENT_EOD_SELL,7.0,8.0,540.0,0.4599666666666667,NEU,
c21e13b6acfb770f,2025-05-12 08:00:00+00:00,2025-05-14 09:30:00,QCOM,S10,6648,150.42,151.63,0.0,8044.080000000053,0.05745771428571466,SENTIMENT_MORNING_SELL,7.0,8.0,3210.0,0.44348,NEU,
8030ca24190b78d0,2025-05-13 08:00:00+00:00,2025-05-14 09:30:00,AVGO,S10,4566,219.01,233.57000000000002,0.0,66480.96000000014,0.47486400000000095,SENTIMENT_MORNING_SELL,7.0,8.0,1770.0,0.2927,NEU,
2b7b4eac485ae107,2025-05-14 08:09:00+00:00,2025-05-14 16:00:00,QCOM,S10,6594,151.64999999999998,152.82000000000002,0.0,7714.980000000292,0.05510700000000209,SENTIMENT_EOD_SELL,7.0,8.0,711.0,0.2803,NEU,
a66a9b80d7b0ffe5,2025-05-12 08:00:00+00:00,2025-05-15 16:00:00,META,S10,1615,619.0,641.34,0.0,36079.10000000005,0.2577078571428575,SENTIMENT_EOD_SELL,7.0,8.0,5040.0,0.47735000000000005,NEU,
bbc972a5a726cd93,2025-05-13 08:00:00+00:00,2025-05-15 16:00:00,AAPL,S10,4761,210.01,211.0,0.0,4713.390000000043,0.03366707142857173,SENTIMENT_EOD_SELL,7.0,8.0,3600.0,0.28106,NEU,
731e80482901dc52,2025-05-14 08:00:00+00:00,2025-05-15 16:00:00,TSLA,S10,2955,338.37,342.2238,0.0,11387.978999999936,0.08134270714285669,SENTIMENT_EOD_SELL,7.0,8.0,2160.0,0.34683,NEU,
a6a2710e1e70aeae,2025-05-12 08:00:00+00:00,2025-05-21 14:03:00+00:00,GOOGL,S10,6369,157.01,169.5608,0.0,79936.04520000007,0.5550143057142861,TAKE_PROFIT,7.0,8.0,13323.0,0.33197,NEU,
b6ccc33e4cba7816,2025-05-14 09:02:00+00:00,2025-05-16 16:00:00,ADBE,S10,2521,396.65,412.74,0.0,40562.89000000008,0.28973492857142913,SENTIMENT_EOD_SELL,7.0,8.0,3538.0,0.29231666666666667,NEU,
5def03f44dcc478d,2025-05-16 08:00:00+00:00,2025-05-16 16:00:00,AAPL,S10,4722,211.76,207.92000000000002,0.0,-18132.479999999883,-0.12951771428571346,SENTIMENT_EOD_SELL,7.0,8.0,720.0,0.20924,NEU,
8222dfff0e318cee,2025-05-16 08:00:00+00:00,2025-05-16 16:00:00,TSLA,S10,2922,342.21999999999997,340.14,0.0,-6077.759999999954,-0.0434125714285711,SENTIMENT_EOD_SELL,7.0,8.0,720.0,0.48654000000000003,NEU,
1353c71d199194f2,2025-05-13 08:05:00+00:00,2025-05-19 09:30:00,CSCO,S10,16212,61.68,63.690000000000005,0.0,32586.120000000083,0.23275800000000058,SENTIMENT_MORNING_SELL,7.0,8.0,8965.0,0.50249,NEU,
f5c40f0890be9405,2025-05-16 08:02:00+00:00,2025-05-19 09:30:00,AVGO,S10,4295,232.79,221.85000000000002,0.0,-46987.299999999865,-0.33562357142857047,SENTIMENT_MORNING_SELL,7.0,8.0,4648.0,0.43226,NEU,
262025da57cb293a,2025-05-16 08:00:00+00:00,2025-05-19 09:30:00,TSM,S10,5148,194.25,189.87,0.0,-22548.239999999976,-0.16105885714285698,SENTIMENT_MORNING_SELL,7.0,8.0,4650.0,0.3326,NEU,
13e7aba8170fdd7b,2025-05-16 08:07:00+00:00,2025-05-23 13:31:00+00:00,QCOM,S10,6539,152.91,142.1963,0.0,-70056.88429999993,-0.5004063164285709,STOP_LOSS,7.0,8.0,10404.0,0.4267333333333333,NEU,
c61746b739568ef5,2025-05-19 08:00:00+00:00,2025-05-23 11:23:00+00:00,AAPL,S10,4809,207.91,193.34629999999999,0.0,-70036.83330000006,-7.004809773459677,STOP_LOSS,7.0,8.0,5963.0,0.30571000000000004,NEU,
9e1102955a6930fd,2025-05-19 08:00:00+00:00,2025-05-22 13:57:00+00:00,GOOGL,S10,6137,162.92999999999998,175.9544,0.0,79930.74280000008,7.993862394893521,TAKE_PROFIT,7.0,8.0,4677.0,0.31225,NEU,
1ef0848a3b5c04f1,2025-05-20 08:00:00+00:00,2025-05-23 11:21:00+00:00,AAPL,S10,4787,208.89,194.25769999999997,0.0,-70044.82010000007,-7.004787208578684,STOP_LOSS,7.0,8.0,4521.0,0.24988000000000002,NEU,
b83a88a42ff3eb5c,2025-05-20 13:30:00+00:00,2025-05-22 20:20:00+00:00,INTU,S10,1500,666.37,719.6696000000001,0.0,79949.40000000008,7.998499332202838,TAKE_PROFIT,7.0,8.0,3290.0,0.5781333333333333,NEU,
2e4cca4cb3e80317,2025-05-20 08:00:00+00:00,2025-05-23 13:30:00+00:00,QCOM,S10,6524,153.26,142.52179999999998,0.0,-70056.01680000004,-7.00652485971552,STOP_LOSS,7.0,8.0,4650.0,0.45201,NEU,
4e61ff8a0ac972e0,2025-05-20 08:00:00+00:00,2025-05-20 16:00:00,AVGO,S10,4345,230.12,231.20000000000002,0.0,4692.600000000054,0.033518571428571814,SENTIMENT_EOD_SELL,7.0,8.0,720.0,0.25355,NEU,
22754a3a3b50f59c,2025-05-20 11:04:00+00:00,2025-05-20 16:00:00,ADBE,S10,2386,419.01,416.58,0.0,-5797.980000000016,-0.041414142857142976,SENTIMENT_EOD_SELL,7.0,8.0,536.0,0.28576666666666667,NEU,
dcdcbff5e4c57abe,2025-05-12 08:00:00+00:00,2025-05-20 23:59:00+00:00,MSFT,S10,2228,448.81,457.2362,0.0,18773.57359999999,0.13409695428571422,BACKTEST_END,7.0,8.0,12479.0,0.23206000000000002,NEU,
5de8b737a6dd2613,2025-05-13 08:00:00+00:00,2025-05-20 23:59:00+00:00,AMZN,S10,4816,207.62,203.79000000000002,0.0,-18445.279999999922,-0.13175199999999945,BACKTEST_END,7.0,8.0,11039.0,0.24168000000000003,NEU,
66fbc370ddf22468,2025-05-15 08:00:00+00:00,2025-05-20 23:59:00+00:00,NVDA,S10,7488,133.53,133.99,0.0,3444.4800000000596,0.024603428571428998,BACKTEST_END,7.0,8.0,8159.0,0.29019,NEU,
aa649d15ae392e90,2025-05-15 08:36:00+00:00,2025-05-20 22:05:00+00:00,ORCL,S10,6191,161.51,159.88,0.0,-10091.329999999973,-0.07208092857142837,BACKTEST_END,7.0,8.0,8009.0,0.27762000000000003,NEU,
5e50d21d359dc33b,2025-05-20 08:00:00+00:00,2025-05-20 23:56:00+00:00,META,S10,1564,639.36,635.49,0.0,-6052.680000000008,-0.043233428571428624,BACKTEST_END,7.0,8.0,956.0,0.29424,NEU,
568b37f0a64725a4,2025-05-07 08:00:00+00:00,2025-05-12 12:24:00+00:00,AMZN,S11,5340,187.26,209.7212,0.0,119942.8080000001,11.99465983125068,TAKE_PROFIT,7.0,12.0,7464.0,0.32632,NEU,
867966d7d6f43c07,2025-05-07 08:20:00+00:00,2025-05-07 16:00:00,QCOM,S11,7110,140.63,143.89000000000001,0.0,23178.600000000137,0.16556142857142955,SENTIMENT_EOD_SELL,7.0,12.0,700.0,0.34524999999999995,NEU,
e1a25f4c981616fc,2025-05-07 11:41:00+00:00,2025-05-08 09:30:00,INTU,S11,1586,630.51,643.52,0.0,20633.859999999986,0.14738471428571417,SENTIMENT_MORNING_SELL,7.0,12.0,1549.0,0.4096666666666667,NEU,
08b151b4bdb2cdd4,2025-05-07 08:00:00+00:00,2025-05-13 13:48:00+00:00,AVGO,S11,4949,202.04,226.27480000000003,0.0,119938.02520000018,1.2307816285714304,TAKE_PROFIT,7.0,12.0,8988.0,0.26307,NEU,
1478c37b617d23eb,2025-05-08 08:00:00+00:00,2025-05-08 16:00:00,GOOGL,S11,6512,153.56,154.3899,0.0,5404.30880000006,0.038602205714286145,SENTIMENT_EOD_SELL,7.0,12.0,720.0,0.21204,NEU,
fb5c80aa051c434d,2025-05-07 08:00:00+00:00,2025-05-09 09:30:00,MSFT,S11,2294,435.8,438.68,0.0,6606.719999999989,0.04719085714285707,SENTIMENT_MORNING_SELL,7.0,12.0,3210.0,0.25551,NEU,
ea73fb9a934d595a,2025-05-07 08:00:00+00:00,2025-05-09 09:30:00,ORCL,S11,6741,148.32999999999998,150.68,0.0,15841.350000000153,0.1131525000000011,SENTIMENT_MORNING_SELL,7.0,12.0,3210.0,0.27408,NEU,
be0eb30590874203,2025-05-08 11:45:00+00:00,2025-05-09 09:30:00,ADBE,S11,2564,390.01,384.29,0.0,-14666.079999999924,-0.10475771428571375,SENTIMENT_MORNING_SELL,7.0,12.0,1545.0,0.3612,NEU,
38b5fc202366539a,2025-05-08 13:30:00+00:00,2025-05-09 09:30:00,INTU,S11,1553,643.54,655.25,0.0,18185.630000000056,0.12989735714285755,SENTIMENT_MORNING_SELL,7.0,12.0,1440.0,0.5106,NEU,
a19493867fd22720,2025-05-07 08:00:00+00:00,2025-05-14 11:30:00+00:00,META,S11,1688,592.33,663.3996000000001,0.0,119965.48480000006,0.7883649200000004,TAKE_PROFIT,7.0,12.0,10290.0,0.33849,NEU,
0cb4f92d66f9e19e,2025-05-08 08:00:00+00:00,2025-05-14 11:15:00+00:00,NVDA,S11,8374,119.41000000000001,133.72920000000002,0.0,119908.98080000008,0.17264864000000013,TAKE_PROFIT,7.0,12.0,8835.0,0.27297000000000005,NEU,
ece05a91c717c469,2025-05-08 08:00:00+00:00,2025-05-14 13:35:00+00:00,TSM,S11,5712,175.04,196.03480000000002,0.0,119922.29760000015,1.2557889657142873,TAKE_PROFIT,7.0,12.0,8975.0,0.47366,NEU,
604dc910f64f551b,2025-05-09 08:01:00+00:00,2025-05-13 16:28:00+00:00,AVGO,S11,4791,208.72,233.75640000000004,0.0,119949.3924000002,11.995208892295919,TAKE_PROFIT,7.0,12.0,6267.0,0.3163625,NEU,
1acc7b4c4f501f42,2025-05-09 08:00:00+00:00,2025-05-12 08:00:00+00:00,TSLA,S11,3488,286.65999999999997,321.0492,0.0,119949.52960000005,11.996511546780164,TAKE_PROFIT,7.0,12.0,4320.0,0.2885,NEU,
76e1cb05e6722266,2025-05-09 08:00:00+00:00,2025-05-09 16:00:00,GOOGL,S11,6450,155.01999999999998,152.64000000000001,0.0,-15350.999999999787,-0.10964999999999848,SENTIMENT_EOD_SELL,7.0,12.0,720.0,0.24081000000000002,NEU,
3cf0ad523ea345cb,2025-05-09 08:04:00+00:00,2025-05-09 16:00:00,ADBE,S11,2602,384.31,382.94,0.0,-3564.7400000000116,-0.025462428571428653,SENTIMENT_EOD_SELL,7.0,12.0,716.0,0.34482,NEU,
99ebd929ed1249dc,2025-05-09 08:11:00+00:00,2025-05-09 16:00:00,QCOM,S11,6874,145.45999999999998,145.22,0.0,-1649.7599999998672,-0.01178399999999905,SENTIMENT_EOD_SELL,7.0,12.0,709.0,0.2361625,NEU,
8e7b25aa1efe09f2,2025-05-07 08:02:00+00:00,2025-05-12 09:30:00,CSCO,S11,16795,59.54,60.39,0.0,14275.750000000024,0.10196964285714304,SENTIMENT_MORNING_SELL,7.0,12.0,7528.0,0.359625,NEU,
a0eea064a1a20f35,2025-05-12 08:00:00+00:00,2025-05-16 12:19:00+00:00,NVDA,S11,8196,122.01,136.64120000000003,0.0,119917.31520000017,11.991803950495877,TAKE_PROFIT,7.0,12.0,6019.0,0.31070000000000003,NEU,
dc3817ac0bb35280,2025-05-12 08:00:00+00:00,2025-05-12 16:00:00,AAPL,S11,4863,205.63,210.14000000000001,0.0,21932.130000000096,0.15665807142857213,SENTIMENT_EOD_SELL,7.0,12.0,720.0,0.27124000000000004,NEU,
86d7436959de079d,2025-05-12 08:00:00+00:00,2025-05-12 16:00:00,AVGO,S11,4559,219.29999999999998,221.668,0.0,10795.712000000107,0.07711222857142933,SENTIMENT_EOD_SELL,7.0,12.0,720.0,0.3345,NEU,
a63b826bdbdade95,2025-05-12 08:00:00+00:00,2025-05-12 16:00:00,ORCL,S11,6430,155.51,157.20000000000002,0.0,10866.700000000168,0.07761928571428692,SENTIMENT_EOD_SELL,7.0,12.0,720.0,0.4965,NEU,
cfdb31350164f23d,2025-05-12 08:00:00+00:00,2025-05-12 16:00:00,CSCO,S11,16553,60.41,61.74,0.0,22015.49000000009,0.15725350000000063,SENTIMENT_EOD_SELL,7.0,12.0,720.0,0.49375,NEU,
639c4b55b90a28b9,2025-05-13 11:00:00+00:00,2025-05-13 16:00:00,ADBE,S11,2531,395.03,397.3525,0.0,5878.24750000012,0.041987482142858,SENTIMENT_EOD_SELL,7.0,12.0,540.0,0.4599666666666667,NEU,
613dd9e69ee65132,2025-05-12 08:00:00+00:00,2025-05-14 09:30:00,QCOM,S11,6648,150.42,151.63,0.0,8044.080000000053,0.05745771428571466,SENTIMENT_MORNING_SELL,7.0,12.0,3210.0,0.44348,NEU,
7dffa820ef7cc565,2025-05-13 08:00:00+00:00,2025-05-14 09:30:00,AVGO,S11,4566,219.01,233.57000000000002,0.0,66480.96000000014,0.47486400000000095,SENTIMENT_MORNING_SELL,7.0,12.0,1770.0,0.2927,NEU,
c67be47e017d7a8f,2025-05-14 08:09:00+00:00,2025-05-14 16:00:00,QCOM,S11,6594,151.64999999999998,152.82000000000002,0.0,7714.980000000292,0.05510700000000209,SENTIMENT_EOD_SELL,7.0,12.0,711.0,0.2803,NEU,
3d8248b6b1bb778a,2025-05-12 08:00:00+00:00,2025-05-15 16:00:00,META,S11,1615,619.0,641.34,0.0,36079.10000000005,0.2577078571428575,SENTIMENT_EOD_SELL,7.0,12.0,5040.0,0.47735000000000005,NEU,
450b8b84050450c6,2025-05-12 08:00:00+00:00,2025-05-15 16:00:00,TSLA,S11,3134,319.01,342.2238,0.0,72752.04919999998,0.5196574942857141,SENTIMENT_EOD_SELL,7.0,12.0,5040.0,0.41772,NEU,
354511d86d4cf1c5,2025-05-13 08:00:00+00:00,2025-05-15 16:00:00,AAPL,S11,4761,210.01,211.0,0.0,4713.390000000043,0.03366707142857173,SENTIMENT_EOD_SELL,7.0,12.0,3600.0,0.28106,NEU,
d29870fff685ccb6,2025-05-14 09:02:00+00:00,2025-05-16 16:00:00,ADBE,S11,2521,396.65,412.74,0.0,40562.89000000008,0.28973492857142913,SENTIMENT_EOD_SELL,7.0,12.0,3538.0,0.29231666666666667,NEU,
999ceebf25a0138d,2025-05-16 08:00:00+00:00,2025-05-16 16:00:00,AAPL,S11,4722,211.76,207.92000000000002,0.0,-18132.479999999883,-0.12951771428571346,SENTIMENT_EOD_SELL,7.0,12.0,720.0,0.20924,NEU,
1b0885a382665e5c,2025-05-16 08:00:00+00:00,2025-05-16 16:00:00,TSLA,S11,2922,342.21999999999997,340.14,0.0,-6077.759999999954,-0.0434125714285711,SENTIMENT_EOD_SELL,7.0,12.0,720.0,0.48654000000000003,NEU,
7bd69b56eae48f28,2025-05-13 08:05:00+00:00,2025-05-19 09:30:00,CSCO,S11,16212,61.68,63.690000000000005,0.0,32586.120000000083,0.23275800000000058,SENTIMENT_MORNING_SELL,7.0,12.0,8965.0,0.50249,NEU,
e80aa90369a9647a,2025-05-16 08:02:00+00:00,2025-05-19 09:30:00,AVGO,S11,4295,232.79,221.85000000000002,0.0,-46987.299999999865,-0.33562357142857047,SENTIMENT_MORNING_SELL,7.0,12.0,4648.0,0.43226,NEU,
fd6f33206b5efdc1,2025-05-16 08:00:00+00:00,2025-05-19 09:30:00,TSM,S11,5148,194.25,189.87,0.0,-22548.239999999976,-0.16105885714285698,SENTIMENT_MORNING_SELL,7.0,12.0,4650.0,0.3326,NEU,
9dec0f5a0f37e63a,2025-05-12 08:00:00+00:00,2025-05-22 13:57:00+00:00,GOOGL,S11,6369,157.01,175.84120000000001,0.0,119935.91280000015,0.8795515485714297,TAKE_PROFIT,7.0,12.0,14757.0,0.33197,NEU,
66e76db6476f6a36,2025-05-16 08:07:00+00:00,2025-05-23 13:31:00+00:00,QCOM,S11,6539,152.91,142.1963,0.0,-70056.88429999993,-0.4873968235714281,STOP_LOSS,7.0,12.0,10404.0,0.4267333333333333,NEU,
b6e09546d68a9e5f,2025-05-19 08:00:00+00:00,2025-05-23 11:23:00+00:00,AAPL,S11,4809,207.91,193.34629999999999,0.0,-70036.83330000006,-7.004809773459677,STOP_LOSS,7.0,12.0,5963.0,0.30571000000000004,NEU,
d97f7ed8b0334da9,2025-05-20 08:00:00+00:00,2025-05-23 11:21:00+00:00,AAPL,S11,4787,208.89,194.25769999999997,0.0,-70044.82010000007,-7.004787208578684,STOP_LOSS,7.0,12.0,4521.0,0.24988000000000002,NEU,
6e8ab8385cb0d427,2025-05-20 08:00:00+00:00,2025-05-23 13:30:00+00:00,QCOM,S11,6524,153.26,142.52179999999998,0.0,-70056.01680000004,-7.00652485971552,STOP_LOSS,7.0,12.0,4650.0,0.45201,NEU,
206df6055d389010,2025-05-20 08:00:00+00:00,2025-05-20 16:00:00,AVGO,S11,4345,230.12,231.20000000000002,0.0,4692.600000000054,0.033518571428571814,SENTIMENT_EOD_SELL,7.0,12.0,720.0,0.25355,NEU,
5f6f519185fe3c1f,2025-05-20 11:04:00+00:00,2025-05-20 16:00:00,ADBE,S11,2386,419.01,416.58,0.0,-5797.980000000016,-0.041414142857142976,SENTIMENT_EOD_SELL,7.0,12.0,536.0,0.28576666666666667,NEU,
a7a29abffa314ce8,2025-05-20 13:30:00+00:00,2025-05-20 16:00:00,INTU,S11,1500,666.37,671.15,0.0,7169.999999999959,0.05121428571428542,SENTIMENT_EOD_SELL,7.0,12.0,390.0,0.5781333333333333,NEU,
5a1a354a6b7b2dae,2025-05-09 08:00:00+00:00,2025-05-20 23:59:00+00:00,AMZN,S11,5186,192.79999999999998,203.79000000000002,0.0,56994.140000000196,0.4071010000000014,BACKTEST_END,7.0,12.0,16799.0,0.22382999999999997,NEU,
327d3964fa504949,2025-05-12 08:00:00+00:00,2025-05-20 23:59:00+00:00,MSFT,S11,2228,448.81,457.2362,0.0,18773.57359999999,0.13409695428571422,BACKTEST_END,7.0,12.0,12479.0,0.23206000000000002,NEU,
b77b9a11db879274,2025-05-15 08:00:00+00:00,2025-05-20 23:59:00+00:00,NVDA,S11,7488,133.53,133.99,0.0,3444.4800000000596,0.024603428571428998,BACKTEST_END,7.0,12.0,8159.0,0.29019,NEU,
ecd7f93695277409,2025-05-15 08:36:00+00:00,2025-05-20 22:05:00+00:00,ORCL,S11,6191,161.51,159.88,0.0,-10091.329999999973,-0.07208092857142837,BACKTEST_END,7.0,12.0,8009.0,0.27762000000000003,NEU,
4c47dcca1ad22eaa,2025-05-20 08:00:00+00:00,2025-05-20 23:56:00+00:00,META,S11,1564,639.36,635.49,0.0,-6052.680000000008,-0.043233428571428624,BACKTEST_END,7.0,12.0,956.0,0.29424,NEU,
4b9193483d2f4a61,2025-05-07 08:20:00+00:00,2025-05-07 16:00:00,QCOM,S12,7110,140.63,143.89000000000001,0.0,23178.600000000137,0.16556142857142955,SENTIMENT_EOD_SELL,7.0,20.0,700.0,0.34524999999999995,NEU,
32356d1a77f510a0,2025-05-07 11:41:00+00:00,2025-05-08 09:30:00,INTU,S12,1586,630.51,643.52,0.0,20633.859999999986,0.14738471428571417,SENTIMENT_MORNING_SELL,7.0,20.0,1549.0,0.4096666666666667,NEU,
1d08a73000575463,2025-05-08 08:00:00+00:00,2025-05-08 16:00:00,GOOGL,S12,6512,153.56,154.3899,0.0,5404.30880000006,0.038602205714286145,SENTIMENT_EOD_SELL,7.0,20.0,720.0,0.21204,NEU,
65578d3ce9d812a7,2025-05-07 08:00:00+00:00,2025-05-09 09:30:00,MSFT,S12,2294,435.8,438.68,0.0,6606.719999999989,0.04719085714285707,SENTIMENT_MORNING_SELL,7.0,20.0,3210.0,0.25551,NEU,
c9f11e228c10c263,2025-05-07 08:00:00+00:00,2025-05-09 09:30:00,ORCL,S12,6741,148.32999999999998,150.68,0.0,15841.350000000153,0.1131525000000011,SENTIMENT_MORNING_SELL,7.0,20.0,3210.0,0.27408,NEU,
4d9bdb0c145df87c,2025-05-08 11:45:00+00:00,2025-05-09 09:30:00,ADBE,S12,2564,390.01,384.29,0.0,-14666.079999999924,-0.10475771428571375,SENTIMENT_MORNING_SELL,7.0,20.0,1545.0,0.3612,NEU,
ee9f0746819dc66f,2025-05-08 13:30:00+00:00,2025-05-09 09:30:00,INTU,S12,1553,643.54,655.25,0.0,18185.630000000056,0.12989735714285755,SENTIMENT_MORNING_SELL,7.0,20.0,1440.0,0.5106,NEU,
13db0b2ac0a5f5df,2025-05-09 08:00:00+00:00,2025-05-14 11:29:00+00:00,TSLA,S12,3488,286.65999999999997,343.98199999999997,0.0,199939.136,19.99651154678016,TAKE_PROFIT,7.0,20.0,7409.0,0.2885,NEU,
2fcf3d7e60db2c3a,2025-05-09 08:00:00+00:00,2025-05-09 16:00:00,GOOGL,S12,6450,155.01999999999998,152.64000000000001,0.0,-15350.999999999787,-0.10964999999999848,SENTIMENT_EOD_SELL,7.0,20.0,720.0,0.24081000000000002,NEU,
3ebd9eb3e7718ab5,2025-05-09 08:04:00+00:00,2025-05-09 16:00:00,ADBE,S12,2602,384.31,382.94,0.0,-3564.7400000000116,-0.025462428571428653,SENTIMENT_EOD_SELL,7.0,20.0,716.0,0.34482,NEU,
0b04a87705e45261,2025-05-09 08:11:00+00:00,2025-05-09 16:00:00,QCOM,S12,6874,145.45999999999998,145.22,0.0,-1649.7599999998672,-0.01178399999999905,SENTIMENT_EOD_SELL,7.0,20.0,709.0,0.2361625,NEU,
69d05efd70fb4819,2025-05-07 08:02:00+00:00,2025-05-12 09:30:00,CSCO,S12,16795,59.54,60.39,0.0,14275.750000000024,0.10196964285714304,SENTIMENT_MORNING_SELL,7.0,20.0,7528.0,0.359625,NEU,
5142f03d4c79d866,2025-05-08 08:00:00+00:00,2025-05-12 09:30:00,TSM,S12,5712,175.04,182.63,0.0,43354.080000000016,0.3096720000000001,SENTIMENT_MORNING_SELL,7.0,20.0,6090.0,0.47366,NEU,
91ce9a8dc1e30528,2025-05-07 08:00:00+00:00,2025-05-12 16:00:00,AVGO,S12,4949,202.04,221.668,0.0,97138.97200000007,0.6938498000000005,SENTIMENT_EOD_SELL,7.0,20.0,7920.0,0.26307,NEU,
77b8ede4d97b62c3,2025-05-12 08:00:00+00:00,2025-05-12 16:00:00,AAPL,S12,4863,205.63,210.14000000000001,0.0,21932.130000000096,0.15665807142857213,SENTIMENT_EOD_SELL,7.0,20.0,720.0,0.27124000000000004,NEU,
865f51d2d0874cf2,2025-05-12 08:00:00+00:00,2025-05-12 16:00:00,ORCL,S12,6430,155.51,157.20000000000002,0.0,10866.700000000168,0.07761928571428692,SENTIMENT_EOD_SELL,7.0,20.0,720.0,0.4965,NEU,
6ebeda5b6ecb9830,2025-05-12 08:00:00+00:00,2025-05-12 16:00:00,CSCO,S12,16553,60.41,61.74,0.0,22015.49000000009,0.15725350000000063,SENTIMENT_EOD_SELL,7.0,20.0,720.0,0.49375,NEU,
35af73ca54c16045,2025-05-13 11:00:00+00:00,2025-05-13 16:00:00,ADBE,S12,2531,395.03,397.3525,0.0,5878.24750000012,0.041987482142858,SENTIMENT_EOD_SELL,7.0,20.0,540.0,0.4599666666666667,NEU,
56a58c8f05829666,2025-05-08 08:00:00+00:00,2025-05-14 09:30:00,NVDA,S12,8374,119.41000000000001,132.19,0.0,107019.71999999988,0.7644265714285706,SENTIMENT_MORNING_SELL,7.0,20.0,8970.0,0.27297000000000005,NEU,
e58fddc08f61f4d6,2025-05-12 08:00:00+00:00,2025-05-14 09:30:00,QCOM,S12,6648,150.42,151.63,0.0,8044.080000000053,0.05745771428571466,SENTIMENT_MORNING_SELL,7.0,20.0,3210.0,0.44348,NEU,
5a53faf4185f2882,2025-05-13 08:00:00+00:00,2025-05-14 09:30:00,AVGO,S12,4566,219.01,233.57000000000002,0.0,66480.96000000014,0.47486400000000095,SENTIMENT_MORNING_SELL,7.0,20.0,1770.0,0.2927,NEU,
63336f264e1efc15,2025-05-14 08:09:00+00:00,2025-05-14 16:00:00,QCOM,S12,6594,151.64999999999998,152.82000000000002,0.0,7714.980000000292,0.05510700000000209,SENTIMENT_EOD_SELL,7.0,20.0,711.0,0.2803,NEU,
92a77897e59a1df7,2025-05-07 08:00:00+00:00,2025-05-15 16:00:00,META,S12,1688,592.33,641.34,0.0,82728.87999999999,0.5909205714285714,SENTIMENT_EOD_SELL,7.0,20.0,12240.0,0.33849,NEU,
674c44691dc17bae,2025-05-12 08:00:00+00:00,2025-05-15 16:00:00,TSLA,S12,3134,319.01,342.2238,0.0,72752.04919999998,0.5196574942857141,SENTIMENT_EOD_SELL,7.0,20.0,5040.0,0.41772,NEU,
e524062a55ae5b49,2025-05-13 08:00:00+00:00,2025-05-15 16:00:00,AAPL,S12,4761,210.01,211.0,0.0,4713.390000000043,0.03366707142857173,SENTIMENT_EOD_SELL,7.0,20.0,3600.0,0.28106,NEU,
52602645cc5f244e,2025-05-14 09:02:00+00:00,2025-05-16 16:00:00,ADBE,S12,2521,396.65,412.74,0.0,40562.89000000008,0.28973492857142913,SENTIMENT_EOD_SELL,7.0,20.0,3538.0,0.29231666666666667,NEU,
0f8baf4c1ec74b25,2025-05-16 08:00:00+00:00,2025-05-16 16:00:00,AAPL,S12,4722,211.76,207.92000000000002,0.0,-18132.479999999883,-0.12951771428571346,SENTIMENT_EOD_SELL,7.0,20.0,720.0,0.20924,NEU,
b52642afc5c1064a,2025-05-16 08:00:00+00:00,2025-05-16 16:00:00,TSLA,S12,2922,342.21999999999997,340.14,0.0,-6077.759999999954,-0.0434125714285711,SENTIMENT_EOD_SELL,7.0,20.0,720.0,0.48654000000000003,NEU,
37b636d24e2fb9ab,2025-05-13 08:05:00+00:00,2025-05-19 09:30:00,CSCO,S12,16212,61.68,63.690000000000005,0.0,32586.120000000083,0.23275800000000058,SENTIMENT_MORNING_SELL,7.0,20.0,8965.0,0.50249,NEU,
8d83deaf285a45e1,2025-05-16 08:02:00+00:00,2025-05-19 09:30:00,AVGO,S12,4295,232.79,221.85000000000002,0.0,-46987.299999999865,-0.33562357142857047,SENTIMENT_MORNING_SELL,7.0,20.0,4648.0,0.43226,NEU,
44435e26fce4a7a3,2025-05-16 08:00:00+00:00,2025-05-19 09:30:00,TSM,S12,5148,194.25,189.87,0.0,-22548.239999999976,-0.16105885714285698,SENTIMENT_MORNING_SELL,7.0,20.0,4650.0,0.3326,NEU,
0010111bd41ae9c7,2025-05-16 08:07:00+00:00,2025-05-23 13:31:00+00:00,QCOM,S12,6539,152.91,142.1963,0.0,-70056.88429999993,-0.5004063164285709,STOP_LOSS,7.0,20.0,10404.0,0.4267333333333333,NEU,
7a6caf9c16c96ad1,2025-05-19 08:00:00+00:00,2025-05-23 11:23:00+00:00,AAPL,S12,4809,207.91,193.34629999999999,0.0,-70036.83330000006,-7.004809773459677,STOP_LOSS,7.0,20.0,5963.0,0.30571000000000004,NEU,
728ad9e5ef2055b3,2025-05-20 08:00:00+00:00,2025-05-23 11:21:00+00:00,AAPL,S12,4787,208.89,194.25769999999997,0.0,-70044.82010000007,-7.004787208578684,STOP_LOSS,7.0,20.0,4521.0,0.24988000000000002,NEU,
3feb31abcc5f1955,2025-05-20 08:00:00+00:00,2025-05-23 13:30:00+00:00,QCOM,S12,6524,153.26,142.52179999999998,0.0,-70056.01680000004,-7.00652485971552,STOP_LOSS,7.0,20.0,4650.0,0.45201,NEU,
d1531945963dbe72,2025-05-20 08:00:00+00:00,2025-05-20 16:00:00,AVGO,S12,4345,230.12,231.20000000000002,0.0,4692.600000000054,0.033518571428571814,SENTIMENT_EOD_SELL,7.0,20.0,720.0,0.25355,NEU,
b3df13f85c1b53b1,2025-05-20 11:04:00+00:00,2025-05-20 16:00:00,ADBE,S12,2386,419.01,416.58,0.0,-5797.980000000016,-0.041414142857142976,SENTIMENT_EOD_SELL,7.0,20.0,536.0,0.28576666666666667,NEU,
b7a5359daf153748,2025-05-20 13:30:00+00:00,2025-05-20 16:00:00,INTU,S12,1500,666.37,671.15,0.0,7169.999999999959,0.05121428571428542,SENTIMENT_EOD_SELL,7.0,20.0,390.0,0.5781333333333333,NEU,
b3ccd6bd20427980,2025-05-07 08:00:00+00:00,2025-05-20 23:59:00+00:00,AMZN,S12,5340,187.26,203.79000000000002,0.0,88270.20000000016,0.6305014285714297,BACKTEST_END,7.0,20.0,19679.0,0.32632,NEU,
bac9406d37434ea1,2025-05-12 08:00:00+00:00,2025-05-20 23:59:00+00:00,MSFT,S12,2228,448.81,457.2362,0.0,18773.57359999999,0.13409695428571422,BACKTEST_END,7.0,20.0,12479.0,0.23206000000000002,NEU,
eaacdfa834cee785,2025-05-12 08:00:00+00:00,2025-05-20 23:59:00+00:00,GOOGL,S12,6369,157.01,164.26000000000002,0.0,46175.25000000018,0.3298232142857156,BACKTEST_END,7.0,20.0,12479.0,0.33197,NEU,
8f6076be99d1235e,2025-05-15 08:00:00+00:00,2025-05-20 23:59:00+00:00,NVDA,S12,7488,133.53,133.99,0.0,3444.4800000000596,0.024603428571428998,BACKTEST_END,7.0,20.0,8159.0,0.29019,NEU,
63b68ea464aa2a2c,2025-05-15 08:36:00+00:00,2025-05-20 22:05:00+00:00,ORCL,S12,6191,161.51,159.88,0.0,-10091.329999999973,-0.07208092857142837,BACKTEST_END,7.0,20.0,8009.0,0.27762000000000003,NEU,
ec931909c0673a65,2025-05-20 08:00:00+00:00,2025-05-20 23:56:00+00:00,META,S12,1564,639.36,635.49,0.0,-6052.680000000008,-0.043233428571428624,BACKTEST_END,7.0,20.0,956.0,0.29424,NEU,
9866fae70c674299,2025-05-07 08:00:00+00:00,2025-05-12 08:00:00+00:00,AMZN,S13,5340,187.26,196.613,0.0,49945.02000000005,4.994659831250673,TAKE_PROFIT,10.0,5.0,7200.0,0.32632,NEU,
17d40494277a1952,2025-05-07 08:00:00+00:00,2025-05-12 08:15:00+00:00,META,S13,1688,592.33,621.9365,0.0,49975.77199999997,4.998311751895055,TAKE_PROFIT,10.0,5.0,7215.0,0.33849,NEU,
31dceae35aab3841,2025-05-07 08:00:00+00:00,2025-05-12 08:00:00+00:00,AVGO,S13,4949,202.04,212.132,0.0,49945.30800000006,4.995050485052471,TAKE_PROFIT,10.0,5.0,7200.0,0.26307,NEU,
b9638299fdab80d5,2025-05-07 08:00:00+00:00,2025-05-12 08:00:00+00:00,ORCL,S13,6741,148.32999999999998,155.7365,0.0,49927.216500000155,4.99325827546688,TAKE_PROFIT,10.0,5.0,7200.0,0.27408,NEU,
4518f6ca00e66351,2025-05-07 11:41:00+00:00,2025-05-08 18:37:00+00:00,INTU,S13,1586,630.51,662.0255000000001,0.0,49983.58300000014,4.998413982331777,TAKE_PROFIT,10.0,5.0,1856.0,0.4096666666666667,NEU,
5170ca237e0c8006,2025-05-07 08:20:00+00:00,2025-05-12 08:00:00+00:00,QCOM,S13,7110,140.63,147.6515,0.0,49922.86500000002,4.992889141719408,TAKE_PROFIT,10.0,5.0,7180.0,0.34524999999999995,NEU,
cf826880089d9039,2025-05-08 08:00:00+00:00,2025-05-13 13:31:00+00:00,NVDA,S13,8374,119.41000000000001,125.3705,0.0,49913.22699999997,4.991625492002341,TAKE_PROFIT,10.0,5.0,7531.0,0.27297000000000005,NEU,
931a086681f1cc59,2025-05-08 08:01:00+00:00,2025-05-12 08:00:00+00:00,AVGO,S13,4799,208.35999999999999,218.768,0.0,49947.99200000007,4.995200614321375,TAKE_PROFIT,10.0,5.0,5759.0,0.42554,NEU,
efc928e457060a57,2025-05-08 08:00:00+00:00,2025-05-12 08:00:00+00:00,TSM,S13,5712,175.04,183.782,0.0,49934.304000000106,4.9942870201097005,TAKE_PROFIT,10.0,5.0,5760.0,0.47366,NEU,
327a845297a82ecf,2025-05-08 08:22:00+00:00,2025-05-13 13:44:00+00:00,ORCL,S13,6595,151.60999999999999,159.1805,0.0,49927.44750000007,4.993404129015244,TAKE_PROFIT,10.0,5.0,7522.0,0.333575,NEU,
9c03fd1be5195675,2025-05-08 08:00:00+00:00,2025-05-08 16:00:00,GOOGL,S13,6512,153.56,154.3899,0.0,5404.30880000006,0.038602205714286145,SENTIMENT_EOD_SELL,10.0,5.0,720.0,0.21204,NEU,
bf1a527bde76bd55,2025-05-07 08:00:00+00:00,2025-05-09 09:30:00,MSFT,S13,2294,435.8,438.68,0.0,6606.719999999989,0.04719085714285707,SENTIMENT_MORNING_SELL,10.0,5.0,3210.0,0.25551,NEU,
4516d6785a2a6462,2025-05-08 11:45:00+00:00,2025-05-09 09:30:00,ADBE,S13,2564,390.01,384.29,0.0,-14666.079999999924,-0.10475771428571375,SENTIMENT_MORNING_SELL,10.0,5.0,1545.0,0.3612,NEU,
dcf653cfc7b4d41e,2025-05-08 13:30:00+00:00,2025-05-09 09:30:00,INTU,S13,1553,643.54,655.25,0.0,18185.630000000056,0.12989735714285755,SENTIMENT_MORNING_SELL,10.0,5.0,1440.0,0.5106,NEU,
653c08c4b7814dd5,2025-05-07 08:02:00+00:00,2025-05-14 20:07:00+00:00,CSCO,S13,16795,59.54,62.507000000000005,0.0,49830.7650000001,0.032912507142857206,TAKE_PROFIT,10.0,5.0,10805.0,0.359625,NEU,
47f6e74068273c9f,2025-05-09 08:00:00+00:00,2025-05-13 11:45:00+00:00,NVDA,S13,8473,118.01,123.90050000000001,0.0,49910.20650000002,4.991526141852387,TAKE_PROFIT,10.0,5.0,5985.0,0.24496,NEU,
fa72a3b20f37c4ac,2025-05-09 08:00:00+00:00,2025-05-12 08:00:00+00:00,AMZN,S13,5186,192.79999999999998,202.43,0.0,49941.180000000124,4.994813278008311,TAKE_PROFIT,10.0,5.0,4320.0,0.22382999999999997,NEU,
42432552a525b6ff,2025-05-09 08:00:00+00:00,2025-05-14 14:27:00+00:00,GOOGL,S13,6450,155.01999999999998,162.761,0.0,49929.45000000009,4.993549219455564,TAKE_PROFIT,10.0,5.0,7587.0,0.24081000000000002,NEU,
09c91379422f512b,2025-05-09 08:01:00+00:00,2025-05-12 08:00:00+00:00,AVGO,S13,4791,208.72,219.14600000000002,0.0,49950.96600000008,4.995208892295907,TAKE_PROFIT,10.0,5.0,4319.0,0.3163625,NEU,
8da2d27956be9ff9,2025-05-09 08:00:00+00:00,2025-05-12 13:28:00+00:00,TSM,S13,5597,178.66,187.58300000000003,0.0,49942.03100000017,4.99440277622301,TAKE_PROFIT,10.0,5.0,4648.0,0.45099999999999996,NEU,
c005c6a5071f08b3,2025-05-09 08:00:00+00:00,2025-05-09 13:56:00+00:00,TSLA,S13,3488,286.65999999999997,300.983,0.0,49958.62400000013,4.996511546780171,TAKE_PROFIT,10.0,5.0,356.0,0.2885,NEU,
e48f1516e1fc7eb6,2025-05-09 08:11:00+00:00,2025-05-12 09:57:00+00:00,QCOM,S13,6874,145.45999999999998,152.72299999999998,0.0,49925.86200000004,4.993125257802837,TAKE_PROFIT,10.0,5.0,4426.0,0.2361625,NEU,
8b84aed34c1e5095,2025-05-09 08:04:00+00:00,2025-05-09 16:00:00,ADBE,S13,2602,384.31,382.94,0.0,-3564.7400000000116,-0.025462428571428653,SENTIMENT_EOD_SELL,10.0,5.0,716.0,0.34482,NEU,
059da83ed6f03bd5,2025-05-12 08:00:00+00:00,2025-05-13 14:07:00+00:00,NVDA,S13,8196,122.01,128.1005,0.0,49917.73800000005,4.991803950495866,TAKE_PROFIT,10.0,5.0,1807.0,0.31070000000000003,NEU,
2c08b20897cea219,2025-05-12 08:00:00+00:00,2025-05-14 15:42:00+00:00,GOOGL,S13,6369,157.01,164.8505,0.0,49936.144500000126,4.993630978918553,TAKE_PROFIT,10.0,5.0,3342.0,0.33197,NEU,
fabb4b35bd3d75b5,2025-05-12 08:00:00+00:00,2025-05-13 13:40:00+00:00,META,S13,1615,619.0,649.94,0.0,49968.100000000086,4.9983844911147095,TAKE_PROFIT,10.0,5.0,1780.0,0.47735000000000005,NEU,
e836e4bb8d39ac16,2025-05-12 08:00:00+00:00,2025-05-13 14:57:00+00:00,AVGO,S13,4559,219.29999999999998,230.255,0.0,49943.84500000006,4.995440036479714,TAKE_PROFIT,10.0,5.0,1857.0,0.3345,NEU,
19b00816ca20a002,2025-05-12 08:00:00+00:00,2025-05-13 17:48:00+00:00,TSLA,S13,3134,319.01,334.95050000000003,0.0,49957.52700000013,4.996865302028163,TAKE_PROFIT,10.0,5.0,2028.0,0.41772,NEU,
7736b3d598cf398b,2025-05-12 08:00:00+00:00,2025-05-14 11:31:00+00:00,ORCL,S13,6430,155.51,163.2755,0.0,49932.165000000015,4.993569545366859,TAKE_PROFIT,10.0,5.0,3091.0,0.4965,NEU,
0a6194275f98300b,2025-05-12 08:00:00+00:00,2025-05-14 20:08:00+00:00,CSCO,S13,16553,60.41,63.420500000000004,0.0,49832.80650000012,4.983446449263379,TAKE_PROFIT,10.0,5.0,3608.0,0.49375,NEU,
daa9a6d260f8c261,2025-05-12 08:00:00+00:00,2025-05-12 16:00:00,AAPL,S13,4863,205.63,210.14000000000001,0.0,21932.130000000096,0.15665807142857213,SENTIMENT_EOD_SELL,10.0,5.0,720.0,0.27124000000000004,NEU,
b94baf9b39afd808,2025-05-13 08:00:00+00:00,2025-05-13 14:57:00+00:00,AVGO,S13,4566,219.01,229.9505,0.0,49954.32300000006,4.995433998447566,TAKE_PROFIT,10.0,5.0,417.0,0.2927,NEU,
e3dc3d67d3cc44bc,2025-05-13 08:00:00+00:00,2025-05-13 17:38:00+00:00,TSLA,S13,3159,316.53999999999996,332.35699999999997,0.0,49965.90300000002,4.9968408415998,TAKE_PROFIT,10.0,5.0,578.0,0.3686,NEU,
fddd2542254c8358,2025-05-13 11:00:00+00:00,2025-05-16 13:19:00+00:00,ADBE,S13,2531,395.03,414.7715,0.0,49965.73650000008,4.997468546692665,TAKE_PROFIT,10.0,5.0,4459.0,0.4599666666666667,NEU,
b3602ff9c011ce9c,2025-05-13 08:05:00+00:00,2025-05-15 13:55:00+00:00,CSCO,S13,16212,61.68,64.75399999999999,0.0,49835.68799999986,4.983787289234746,TAKE_PROFIT,10.0,5.0,3230.0,0.50249,NEU,
2e9849e6298ec50a,2025-05-12 08:00:00+00:00,2025-05-14 09:30:00,QCOM,S13,6648,150.42,151.63,0.0,8044.080000000053,0.05745771428571466,SENTIMENT_MORNING_SELL,10.0,5.0,3210.0,0.44348,NEU,
418b214362d8e392,2025-05-14 08:00:00+00:00,2025-05-16 13:29:00+00:00,GOOGL,S13,6249,160.01,168.00050000000002,0.0,49932.63450000016,4.993750390600604,TAKE_PROFIT,10.0,5.0,3209.0,0.35845,NEU,
b667bc524385b426,2025-05-14 09:02:00+00:00,2025-05-16 13:28:00+00:00,ADBE,S13,2521,396.65,416.4725,0.0,49972.52250000012,4.997478885667478,TAKE_PROFIT,10.0,5.0,3146.0,0.29231666666666667,NEU,
81f52f71ba5fbdc5,2025-05-14 08:05:00+00:00,2025-05-15 13:55:00+00:00,CSCO,S13,16191,61.76,64.838,0.0,49835.897999999936,4.983808290155435,TAKE_PROFIT,10.0,5.0,1790.0,0.23651,NEU,
8f88dda77388d350,2025-05-14 08:09:00+00:00,2025-05-14 16:00:00,QCOM,S13,6594,151.64999999999998,152.82000000000002,0.0,7714.980000000292,0.05510700000000209,SENTIMENT_EOD_SELL,10.0,5.0,711.0,0.2803,NEU,
97ed84422f6b9993,2025-05-15 08:13:00+00:00,2025-05-16 13:52:00+00:00,ADBE,S13,2510,398.36,418.26800000000003,0.0,49969.08000000004,4.997489707801992,TAKE_PROFIT,10.0,5.0,1779.0,0.45449999999999996,NEU,
7fba41b32f1c26fc,2025-05-13 08:00:00+00:00,2025-05-15 16:00:00,AAPL,S13,4761,210.01,211.0,0.0,4713.390000000043,0.03366707142857173,SENTIMENT_EOD_SELL,10.0,5.0,3600.0,0.28106,NEU,
2d4525fdc780a84a,2025-05-14 08:00:00+00:00,2025-05-15 16:00:00,TSLA,S13,2955,338.37,342.2238,0.0,11387.978999999936,0.08134270714285669,SENTIMENT_EOD_SELL,10.0,5.0,2160.0,0.34683,NEU,
cf42c12218f44cae,2025-05-15 08:05:00+00:00,2025-05-15 16:00:00,META,S13,1529,653.6899999999999,641.34,0.0,-18883.14999999986,-0.13487964285714185,SENTIMENT_EOD_SELL,10.0,5.0,715.0,0.24576000000000003,NEU,
05e0c16aa95e16b0,2025-05-16 08:00:00+00:00,2025-05-21 15:17:00+00:00,GOOGL,S13,6076,164.57999999999998,172.799,0.0,49938.64400000014,4.993923927573231,TAKE_PROFIT,10.0,5.0,7637.0,0.52989,NEU,
73817570c8ca848d,2025-05-16 08:00:00+00:00,2025-05-16 16:00:00,AAPL,S13,4722,211.76,207.92000000000002,0.0,-18132.479999999883,-0.12951771428571346,SENTIMENT_EOD_SELL,10.0,5.0,720.0,0.20924,NEU,
703b7dead9953872,2025-05-16 08:00:00+00:00,2025-05-16 16:00:00,TSLA,S13,2922,342.21999999999997,340.14,0.0,-6077.759999999954,-0.0434125714285711,SENTIMENT_EOD_SELL,10.0,5.0,720.0,0.48654000000000003,NEU,
879b26181cbb49a8,2025-05-15 08:00:00+00:00,2025-05-19 09:30:00,CSCO,S13,15885,62.949999999999996,63.690000000000005,0.0,11754.900000000145,0.08396357142857247,SENTIMENT_MORNING_SELL,10.0,5.0,6090.0,0.27358,NEU,
d89ce87e0eeff686,2025-05-16 08:02:00+00:00,2025-05-19 09:30:00,AVGO,S13,4295,232.79,221.85000000000002,0.0,-46987.299999999865,-0.33562357142857047,SENTIMENT_MORNING_SELL,10.0,5.0,4648.0,0.43226,NEU,
7c374172286d7bb9,2025-05-16 08:00:00+00:00,2025-05-19 09:30:00,TSM,S13,5148,194.25,189.87,0.0,-22548.239999999976,-0.16105885714285698,SENTIMENT_MORNING_SELL,10.0,5.0,4650.0,0.3326,NEU,
a3aeebc67c1dd47b,2025-05-19 08:00:00+00:00,2025-05-21 14:55:00+00:00,GOOGL,S13,6137,162.92999999999998,171.0665,0.0,49933.70050000007,4.993862394893521,TAKE_PROFIT,10.0,5.0,3295.0,0.31225,NEU,
3d0ab92b06b1b778,2025-05-16 08:07:00+00:00,2025-05-19 16:00:00,QCOM,S13,6539,152.91,153.85000000000002,0.0,6146.660000000171,0.043904714285715504,SENTIMENT_EOD_SELL,10.0,5.0,5033.0,0.4267333333333333,NEU,
482013bf05aafd68,2025-05-19 08:00:00+00:00,2025-05-19 16:00:00,AAPL,S13,4809,207.91,208.89000000000001,0.0,4712.820000000087,0.03366300000000062,SENTIMENT_EOD_SELL,10.0,5.0,720.0,0.30571000000000004,NEU,
6abf66320c08c209,2025-05-20 13:30:00+00:00,2025-05-22 20:03:00+00:00,INTU,S13,1500,666.37,699.6785000000001,0.0,49962.750000000146,4.9984993322028455,TAKE_PROFIT,10.0,5.0,3273.0,0.5781333333333333,NEU,
e7f1d227e2e8e7bc,2025-05-20 08:00:00+00:00,2025-05-20 16:00:00,AAPL,S13,4787,208.89,206.61370000000002,0.0,-10896.648099999826,-0.07783320071428447,SENTIMENT_EOD_SELL,10.0,5.0,720.0,0.24988000000000002,NEU,
dfb296310423aca4,2025-05-20 08:00:00+00:00,2025-05-20 16:00:00,AVGO,S13,4345,230.12,231.20000000000002,0.0,4692.600000000054,0.033518571428571814,SENTIMENT_EOD_SELL,10.0,5.0,720.0,0.25355,NEU,
d72bc974f2a19100,2025-05-20 11:04:00+00:00,2025-05-20 16:00:00,ADBE,S13,2386,419.01,416.58,0.0,-5797.980000000016,-0.041414142857142976,SENTIMENT_EOD_SELL,10.0,5.0,536.0,0.28576666666666667,NEU,
e0d83ee49eb950e3,2025-05-12 08:00:00+00:00,2025-05-20 23:59:00+00:00,MSFT,S13,2228,448.81,457.2362,0.0,18773.57359999999,0.13409695428571422,BACKTEST_END,10.0,5.0,12479.0,0.23206000000000002,NEU,
08465029780ccfe0,2025-05-13 08:00:00+00:00,2025-05-20 23:59:00+00:00,AMZN,S13,4816,207.62,203.79000000000002,0.0,-18445.279999999922,-0.13175199999999945,BACKTEST_END,10.0,5.0,11039.0,0.24168000000000003,NEU,
4622c8888d8ad0f3,2025-05-15 08:00:00+00:00,2025-05-20 23:59:00+00:00,NVDA,S13,7488,133.53,133.99,0.0,3444.4800000000596,0.024603428571428998,BACKTEST_END,10.0,5.0,8159.0,0.29019,NEU,
c48f986e6cae0762,2025-05-15 08:36:00+00:00,2025-05-20 22:05:00+00:00,ORCL,S13,6191,161.51,159.88,0.0,-10091.329999999973,-0.07208092857142837,BACKTEST_END,10.0,5.0,8009.0,0.27762000000000003,NEU,
86c2096c25ccaf8e,2025-05-20 08:00:00+00:00,2025-05-20 23:56:00+00:00,META,S13,1564,639.36,635.49,0.0,-6052.680000000008,-0.043233428571428624,BACKTEST_END,10.0,5.0,956.0,0.29424,NEU,
c00636ac9fc41042,2025-05-20 08:00:00+00:00,2025-05-20 23:28:00+00:00,QCOM,S13,6524,153.26,153.49,0.0,1500.5200000001187,0.010718000000000847,BACKTEST_END,10.0,5.0,928.0,0.45201,NEU,
52350541c8ce7eca,2025-05-07 08:00:00+00:00,2025-05-12 08:00:00+00:00,AMZN,S14,5340,187.26,202.23080000000002,0.0,79944.07200000013,7.994659831250682,TAKE_PROFIT,10.0,8.0,7200.0,0.32632,NEU,
3f5bfe1b9ce68490,2025-05-07 08:00:00+00:00,2025-05-12 19:50:00+00:00,META,S14,1688,592.33,639.7064000000001,0.0,79971.36320000017,7.998311751895075,TAKE_PROFIT,10.0,8.0,7910.0,0.33849,NEU,
7de2be7e65f418e1,2025-05-07 08:00:00+00:00,2025-05-12 08:00:00+00:00,AVGO,S14,4949,202.04,218.19320000000002,0.0,79942.18680000013,7.995050485052478,TAKE_PROFIT,10.0,8.0,7200.0,0.26307,NEU,
7f0f53799ec1bf38,2025-05-07 08:20:00+00:00,2025-05-12 08:19:00+00:00,QCOM,S14,7110,140.63,151.87040000000002,0.0,79919.24400000017,7.992889141719423,TAKE_PROFIT,10.0,8.0,7199.0,0.34524999999999995,NEU,
433c6e9fe2b001e2,2025-05-07 11:41:00+00:00,2025-05-08 09:30:00,INTU,S14,1586,630.51,643.52,0.0,20633.859999999986,0.14738471428571417,SENTIMENT_MORNING_SELL,10.0,8.0,1549.0,0.4096666666666667,NEU,
3bbd63d7a51a51cd,2025-05-07 08:00:00+00:00,2025-05-13 14:01:00+00:00,ORCL,S14,6741,148.32999999999998,160.1864,0.0,79923.99240000005,0.6021357428571432,TAKE_PROFIT,10.0,8.0,9001.0,0.27408,NEU,
5408f8895d9b61cb,2025-05-08 08:00:00+00:00,2025-05-13 14:16:00+00:00,NVDA,S14,8374,119.41000000000001,128.95280000000002,0.0,79911.40720000012,7.991625492002356,TAKE_PROFIT,10.0,8.0,7576.0,0.27297000000000005,NEU,
05a5112fc105e2b9,2025-05-08 08:01:00+00:00,2025-05-13 13:38:00+00:00,AVGO,S14,4799,208.35999999999999,225.0188,0.0,79945.58120000006,7.995200614321374,TAKE_PROFIT,10.0,8.0,7537.0,0.42554,NEU,
661e21a685446d8d,2025-05-08 08:00:00+00:00,2025-05-12 13:30:00+00:00,TSM,S14,5712,175.04,189.03320000000002,0.0,79929.15840000017,7.994287020109707,TAKE_PROFIT,10.0,8.0,6090.0,0.47366,NEU,
92610c6f27ad6f87,2025-05-08 08:00:00+00:00,2025-05-08 16:00:00,GOOGL,S14,6512,153.56,154.3899,0.0,5404.30880000006,0.038602205714286145,SENTIMENT_EOD_SELL,10.0,8.0,720.0,0.21204,NEU,
1523e56149d3bb33,2025-05-07 08:00:00+00:00,2025-05-09 09:30:00,MSFT,S14,2294,435.8,438.68,0.0,6606.719999999989,0.04719085714285707,SENTIMENT_MORNING_SELL,10.0,8.0,3210.0,0.25551,NEU,
7214ec8dbcea2928,2025-05-08 11:45:00+00:00,2025-05-09 09:30:00,ADBE,S14,2564,390.01,384.29,0.0,-14666.079999999924,-0.10475771428571375,SENTIMENT_MORNING_SELL,10.0,8.0,1545.0,0.3612,NEU,
0e2021c81a788be4,2025-05-08 13:30:00+00:00,2025-05-09 09:30:00,INTU,S14,1553,643.54,655.25,0.0,18185.630000000056,0.12989735714285755,SENTIMENT_MORNING_SELL,10.0,8.0,1440.0,0.5106,NEU,
2564191416e39298,2025-05-09 08:00:00+00:00,2025-05-13 13:56:00+00:00,NVDA,S14,8473,118.01,127.44080000000001,0.0,79907.16840000004,7.991526141852388,TAKE_PROFIT,10.0,8.0,6116.0,0.24496,NEU,
7e079b1eff236928,2025-05-09 08:00:00+00:00,2025-05-12 09:00:00+00:00,AMZN,S14,5186,192.79999999999998,208.214,0.0,79937.00400000009,7.9948132780083085,TAKE_PROFIT,10.0,8.0,4380.0,0.22382999999999997,NEU,
2127423939152787,2025-05-09 08:01:00+00:00,2025-05-13 13:38:00+00:00,AVGO,S14,4791,208.72,225.40760000000003,0.0,79950.29160000016,7.995208892295914,TAKE_PROFIT,10.0,8.0,6097.0,0.3163625,NEU,
25f82d0c36ce83cd,2025-05-09 08:00:00+00:00,2025-05-13 14:58:00+00:00,TSM,S14,5597,178.66,192.9428,0.0,79940.83160000005,7.994402776222998,TAKE_PROFIT,10.0,8.0,6178.0,0.45099999999999996,NEU,
aa661927a681ed35,2025-05-09 08:00:00+00:00,2025-05-12 08:00:00+00:00,TSLA,S14,3488,286.65999999999997,309.5828,0.0,79954.72640000019,7.9965115467801775,TAKE_PROFIT,10.0,8.0,4320.0,0.2885,NEU,
b394c75a01173287,2025-05-09 08:00:00+00:00,2025-05-09 16:00:00,GOOGL,S14,6450,155.01999999999998,152.64000000000001,0.0,-15350.999999999787,-0.10964999999999848,SENTIMENT_EOD_SELL,10.0,8.0,720.0,0.24081000000000002,NEU,
6f649c48b17d47de,2025-05-09 08:04:00+00:00,2025-05-09 16:00:00,ADBE,S14,2602,384.31,382.94,0.0,-3564.7400000000116,-0.025462428571428653,SENTIMENT_EOD_SELL,10.0,8.0,716.0,0.34482,NEU,
eba3ec3ea327d685,2025-05-09 08:11:00+00:00,2025-05-09 16:00:00,QCOM,S14,6874,145.45999999999998,145.22,0.0,-1649.7599999998672,-0.01178399999999905,SENTIMENT_EOD_SELL,10.0,8.0,709.0,0.2361625,NEU,
7cdda2a13c88d597,2025-05-07 08:02:00+00:00,2025-05-12 09:30:00,CSCO,S14,16795,59.54,60.39,0.0,14275.750000000024,0.10196964285714304,SENTIMENT_MORNING_SELL,10.0,8.0,7528.0,0.359625,NEU,
c6d2c9dbd7849d6d,2025-05-12 08:00:00+00:00,2025-05-14 08:00:00+00:00,NVDA,S14,8196,122.01,131.76080000000002,0.0,79917.55680000011,7.991803950495871,TAKE_PROFIT,10.0,8.0,2880.0,0.31070000000000003,NEU,
7a7d30358968d2d4,2025-05-12 08:00:00+00:00,2025-05-14 12:01:00+00:00,TSLA,S14,3134,319.01,344.5208,0.0,79950.84720000005,7.996865302028154,TAKE_PROFIT,10.0,8.0,3121.0,0.41772,NEU,
772830de7e930e2f,2025-05-12 08:00:00+00:00,2025-05-15 14:44:00+00:00,CSCO,S14,16553,60.41,65.2328,0.0,79831.80840000001,7.983446449263368,TAKE_PROFIT,10.0,8.0,4724.0,0.49375,NEU,
373c28d892cfcb03,2025-05-12 08:00:00+00:00,2025-05-12 16:00:00,AAPL,S14,4863,205.63,210.14000000000001,0.0,21932.130000000096,0.15665807142857213,SENTIMENT_EOD_SELL,10.0,8.0,720.0,0.27124000000000004,NEU,
8dc97b5bc6f24f01,2025-05-12 08:00:00+00:00,2025-05-12 16:00:00,AVGO,S14,4559,219.29999999999998,221.668,0.0,10795.712000000107,0.07711222857142933,SENTIMENT_EOD_SELL,10.0,8.0,720.0,0.3345,NEU,
a82fbb81b30225c3,2025-05-12 08:00:00+00:00,2025-05-12 16:00:00,ORCL,S14,6430,155.51,157.20000000000002,0.0,10866.700000000168,0.07761928571428692,SENTIMENT_EOD_SELL,10.0,8.0,720.0,0.4965,NEU,
032690f0fcd3db6d,2025-05-13 08:00:00+00:00,2025-05-14 08:50:00+00:00,TSLA,S14,3159,316.53999999999996,341.8532,0.0,79964.39880000017,7.996840841599815,TAKE_PROFIT,10.0,8.0,1490.0,0.3686,NEU,
4016bc48f1082472,2025-05-13 11:00:00+00:00,2025-05-13 16:00:00,ADBE,S14,2531,395.03,397.3525,0.0,5878.24750000012,0.041987482142858,SENTIMENT_EOD_SELL,10.0,8.0,540.0,0.4599666666666667,NEU,
7cadeb80a7833749,2025-05-12 08:00:00+00:00,2025-05-14 09:30:00,QCOM,S14,6648,150.42,151.63,0.0,8044.080000000053,0.05745771428571466,SENTIMENT_MORNING_SELL,10.0,8.0,3210.0,0.44348,NEU,
15a1f9a8d7b70629,2025-05-13 08:00:00+00:00,2025-05-14 09:30:00,AVGO,S14,4566,219.01,233.57000000000002,0.0,66480.96000000014,0.47486400000000095,SENTIMENT_MORNING_SELL,10.0,8.0,1770.0,0.2927,NEU,
fc6ff4107ceba9a8,2025-05-14 08:09:00+00:00,2025-05-14 16:00:00,QCOM,S14,6594,151.64999999999998,152.82000000000002,0.0,7714.980000000292,0.05510700000000209,SENTIMENT_EOD_SELL,10.0,8.0,711.0,0.2803,NEU,
795f023a74f284ba,2025-05-12 08:00:00+00:00,2025-05-15 16:00:00,META,S14,1615,619.0,641.34,0.0,36079.10000000005,0.2577078571428575,SENTIMENT_EOD_SELL,10.0,8.0,5040.0,0.47735000000000005,NEU,
0edb79efa7212d7b,2025-05-13 08:00:00+00:00,2025-05-15 16:00:00,AAPL,S14,4761,210.01,211.0,0.0,4713.390000000043,0.03366707142857173,SENTIMENT_EOD_SELL,10.0,8.0,3600.0,0.28106,NEU,
4a28bfc0b636e237,2025-05-14 08:00:00+00:00,2025-05-15 16:00:00,TSLA,S14,2955,338.37,342.2238,0.0,11387.978999999936,0.08134270714285669,SENTIMENT_EOD_SELL,10.0,8.0,2160.0,0.34683,NEU,
c57e1daffcc32397,2025-05-12 08:00:00+00:00,2025-05-21 14:03:00+00:00,GOOGL,S14,6369,157.01,169.5608,0.0,79936.04520000007,0.5550143057142861,TAKE_PROFIT,10.0,8.0,13323.0,0.33197,NEU,
ba37c0dc7e0ffb97,2025-05-14 09:02:00+00:00,2025-05-16 16:00:00,ADBE,S14,2521,396.65,412.74,0.0,40562.89000000008,0.28973492857142913,SENTIMENT_EOD_SELL,10.0,8.0,3538.0,0.29231666666666667,NEU,
4af3076fd944e29f,2025-05-16 08:00:00+00:00,2025-05-16 16:00:00,AAPL,S14,4722,211.76,207.92000000000002,0.0,-18132.479999999883,-0.12951771428571346,SENTIMENT_EOD_SELL,10.0,8.0,720.0,0.20924,NEU,
0395410711926bed,2025-05-16 08:00:00+00:00,2025-05-16 16:00:00,TSLA,S14,2922,342.21999999999997,340.14,0.0,-6077.759999999954,-0.0434125714285711,SENTIMENT_EOD_SELL,10.0,8.0,720.0,0.48654000000000003,NEU,
1a69be80c68ee881,2025-05-13 08:05:00+00:00,2025-05-19 09:30:00,CSCO,S14,16212,61.68,63.690000000000005,0.0,32586.120000000083,0.23275800000000058,SENTIMENT_MORNING_SELL,10.0,8.0,8965.0,0.50249,NEU,
3fc242658971f232,2025-05-16 08:02:00+00:00,2025-05-19 09:30:00,AVGO,S14,4295,232.79,221.85000000000002,0.0,-46987.299999999865,-0.33562357142857047,SENTIMENT_MORNING_SELL,10.0,8.0,4648.0,0.43226,NEU,
a841725e472a0c84,2025-05-16 08:00:00+00:00,2025-05-19 09:30:00,TSM,S14,5148,194.25,189.87,0.0,-22548.239999999976,-0.16105885714285698,SENTIMENT_MORNING_SELL,10.0,8.0,4650.0,0.3326,NEU,
2e00684444517176,2025-05-19 08:00:00+00:00,2025-05-22 13:57:00+00:00,GOOGL,S14,6137,162.92999999999998,175.9544,0.0,79930.74280000008,7.993862394893521,TAKE_PROFIT,10.0,8.0,4677.0,0.31225,NEU,
4110384961d0e6e2,2025-05-16 08:07:00+00:00,2025-05-19 16:00:00,QCOM,S14,6539,152.91,153.85000000000002,0.0,6146.660000000171,0.043904714285715504,SENTIMENT_EOD_SELL,10.0,8.0,5033.0,0.4267333333333333,NEU,
67a377433e8cfdd4,2025-05-19 08:00:00+00:00,2025-05-19 16:00:00,AAPL,S14,4809,207.91,208.89000000000001,0.0,4712.820000000087,0.03366300000000062,SENTIMENT_EOD_SELL,10.0,8.0,720.0,0.30571000000000004,NEU,
1a3e164adb6e91cb,2025-05-20 13:30:00+00:00,2025-05-22 20:20:00+00:00,INTU,S14,1500,666.37,719.6696000000001,0.0,79949.40000000008,7.998499332202838,TAKE_PROFIT,10.0,8.0,3290.0,0.5781333333333333,NEU,
2e73e5f8f86107e7,2025-05-20 08:00:00+00:00,2025-05-20 16:00:00,AAPL,S14,4787,208.89,206.61370000000002,0.0,-10896.648099999826,-0.07783320071428447,SENTIMENT_EOD_SELL,10.0,8.0,720.0,0.24988000000000002,NEU,
9cf776dc557dba84,2025-05-20 08:00:00+00:00,2025-05-20 16:00:00,AVGO,S14,4345,230.12,231.20000000000002,0.0,4692.600000000054,0.033518571428571814,SENTIMENT_EOD_SELL,10.0,8.0,720.0,0.25355,NEU,
f9cd1bf004104535,2025-05-20 11:04:00+00:00,2025-05-20 16:00:00,ADBE,S14,2386,419.01,416.58,0.0,-5797.980000000016,-0.041414142857142976,SENTIMENT_EOD_SELL,10.0,8.0,536.0,0.28576666666666667,NEU,
6be6c2d9aed101ea,2025-05-12 08:00:00+00:00,2025-05-20 23:59:00+00:00,MSFT,S14,2228,448.81,457.2362,0.0,18773.57359999999,0.13409695428571422,BACKTEST_END,10.0,8.0,12479.0,0.23206000000000002,NEU,
9e0bf2e67cc19e39,2025-05-13 08:00:00+00:00,2025-05-20 23:59:00+00:00,AMZN,S14,4816,207.62,203.79000000000002,0.0,-18445.279999999922,-0.13175199999999945,BACKTEST_END,10.0,8.0,11039.0,0.24168000000000003,NEU,
ba091c088e23b99e,2025-05-15 08:00:00+00:00,2025-05-20 23:59:00+00:00,NVDA,S14,7488,133.53,133.99,0.0,3444.4800000000596,0.024603428571428998,BACKTEST_END,10.0,8.0,8159.0,0.29019,NEU,
61a8d1d5a7ccfea1,2025-05-15 08:36:00+00:00,2025-05-20 22:05:00+00:00,ORCL,S14,6191,161.51,159.88,0.0,-10091.329999999973,-0.07208092857142837,BACKTEST_END,10.0,8.0,8009.0,0.27762000000000003,NEU,
ff509e6bfb3e1078,2025-05-20 08:00:00+00:00,2025-05-20 23:56:00+00:00,META,S14,1564,639.36,635.49,0.0,-6052.680000000008,-0.043233428571428624,BACKTEST_END,10.0,8.0,956.0,0.29424,NEU,
449e1666f5792608,2025-05-20 08:00:00+00:00,2025-05-20 23:28:00+00:00,QCOM,S14,6524,153.26,153.49,0.0,1500.5200000001187,0.010718000000000847,BACKTEST_END,10.0,8.0,928.0,0.45201,NEU,
b17e28aa0cccca26,2025-05-07 08:00:00+00:00,2025-05-12 12:24:00+00:00,AMZN,S15,5340,187.26,209.7212,0.0,119942.8080000001,11.99465983125068,TAKE_PROFIT,10.0,12.0,7464.0,0.32632,NEU,
15b9e090a24aeff8,2025-05-07 08:20:00+00:00,2025-05-07 16:00:00,QCOM,S15,7110,140.63,143.89000000000001,0.0,23178.600000000137,0.16556142857142955,SENTIMENT_EOD_SELL,10.0,12.0,700.0,0.34524999999999995,NEU,
0396ab7ba0a5476e,2025-05-07 11:41:00+00:00,2025-05-08 09:30:00,INTU,S15,1586,630.51,643.52,0.0,20633.859999999986,0.14738471428571417,SENTIMENT_MORNING_SELL,10.0,12.0,1549.0,0.4096666666666667,NEU,
a27628f88322b958,2025-05-07 08:00:00+00:00,2025-05-13 13:48:00+00:00,AVGO,S15,4949,202.04,226.27480000000003,0.0,119938.02520000018,1.2307816285714304,TAKE_PROFIT,10.0,12.0,8988.0,0.26307,NEU,
d28542dd41af173b,2025-05-08 08:00:00+00:00,2025-05-08 16:00:00,GOOGL,S15,6512,153.56,154.3899,0.0,5404.30880000006,0.038602205714286145,SENTIMENT_EOD_SELL,10.0,12.0,720.0,0.21204,NEU,
13a051abeb09de02,2025-05-07 08:00:00+00:00,2025-05-09 09:30:00,MSFT,S15,2294,435.8,438.68,0.0,6606.719999999989,0.04719085714285707,SENTIMENT_MORNING_SELL,10.0,12.0,3210.0,0.25551,NEU,
2987cf843a119fdc,2025-05-07 08:00:00+00:00,2025-05-09 09:30:00,ORCL,S15,6741,148.32999999999998,150.68,0.0,15841.350000000153,0.1131525000000011,SENTIMENT_MORNING_SELL,10.0,12.0,3210.0,0.27408,NEU,
9a242111b0183fe6,2025-05-08 11:45:00+00:00,2025-05-09 09:30:00,ADBE,S15,2564,390.01,384.29,0.0,-14666.079999999924,-0.10475771428571375,SENTIMENT_MORNING_SELL,10.0,12.0,1545.0,0.3612,NEU,
bdb404bed25dce26,2025-05-08 13:30:00+00:00,2025-05-09 09:30:00,INTU,S15,1553,643.54,655.25,0.0,18185.630000000056,0.12989735714285755,SENTIMENT_MORNING_SELL,10.0,12.0,1440.0,0.5106,NEU,
74c0e96ce25d2a37,2025-05-07 08:00:00+00:00,2025-05-14 11:30:00+00:00,META,S15,1688,592.33,663.3996000000001,0.0,119965.48480000006,0.7883649200000004,TAKE_PROFIT,10.0,12.0,10290.0,0.33849,NEU,
d5f371db5ec211d7,2025-05-08 08:00:00+00:00,2025-05-14 11:15:00+00:00,NVDA,S15,8374,119.41000000000001,133.72920000000002,0.0,119908.98080000008,0.17264864000000013,TAKE_PROFIT,10.0,12.0,8835.0,0.27297000000000005,NEU,
e90c75515b51a04e,2025-05-08 08:00:00+00:00,2025-05-14 13:35:00+00:00,TSM,S15,5712,175.04,196.03480000000002,0.0,119922.29760000015,1.2557889657142873,TAKE_PROFIT,10.0,12.0,8975.0,0.47366,NEU,
393f0fbc12a25ef7,2025-05-09 08:01:00+00:00,2025-05-13 16:28:00+00:00,AVGO,S15,4791,208.72,233.75640000000004,0.0,119949.3924000002,11.995208892295919,TAKE_PROFIT,10.0,12.0,6267.0,0.3163625,NEU,
e571b03a488304a7,2025-05-09 08:00:00+00:00,2025-05-12 08:00:00+00:00,TSLA,S15,3488,286.65999999999997,321.0492,0.0,119949.52960000005,11.996511546780164,TAKE_PROFIT,10.0,12.0,4320.0,0.2885,NEU,
72ea2412add89470,2025-05-09 08:00:00+00:00,2025-05-09 16:00:00,GOOGL,S15,6450,155.01999999999998,152.64000000000001,0.0,-15350.999999999787,-0.10964999999999848,SENTIMENT_EOD_SELL,10.0,12.0,720.0,0.24081000000000002,NEU,
55dd7b7bb54a74d0,2025-05-09 08:04:00+00:00,2025-05-09 16:00:00,ADBE,S15,2602,384.31,382.94,0.0,-3564.7400000000116,-0.025462428571428653,SENTIMENT_EOD_SELL,10.0,12.0,716.0,0.34482,NEU,
fe1b69031a52fe45,2025-05-09 08:11:00+00:00,2025-05-09 16:00:00,QCOM,S15,6874,145.45999999999998,145.22,0.0,-1649.7599999998672,-0.01178399999999905,SENTIMENT_EOD_SELL,10.0,12.0,709.0,0.2361625,NEU,
b008dd2afea136d5,2025-05-07 08:02:00+00:00,2025-05-12 09:30:00,CSCO,S15,16795,59.54,60.39,0.0,14275.750000000024,0.10196964285714304,SENTIMENT_MORNING_SELL,10.0,12.0,7528.0,0.359625,NEU,
bb41fa0913913f7d,2025-05-12 08:00:00+00:00,2025-05-16 12:19:00+00:00,NVDA,S15,8196,122.01,136.64120000000003,0.0,119917.31520000017,11.991803950495877,TAKE_PROFIT,10.0,12.0,6019.0,0.31070000000000003,NEU,
724f468938527f08,2025-05-12 08:00:00+00:00,2025-05-12 16:00:00,AAPL,S15,4863,205.63,210.14000000000001,0.0,21932.130000000096,0.15665807142857213,SENTIMENT_EOD_SELL,10.0,12.0,720.0,0.27124000000000004,NEU,
1dad049846a7dba5,2025-05-12 08:00:00+00:00,2025-05-12 16:00:00,AVGO,S15,4559,219.29999999999998,221.668,0.0,10795.712000000107,0.07711222857142933,SENTIMENT_EOD_SELL,10.0,12.0,720.0,0.3345,NEU,
785abf3116760cd8,2025-05-12 08:00:00+00:00,2025-05-12 16:00:00,ORCL,S15,6430,155.51,157.20000000000002,0.0,10866.700000000168,0.07761928571428692,SENTIMENT_EOD_SELL,10.0,12.0,720.0,0.4965,NEU,
0715081201da79e8,2025-05-12 08:00:00+00:00,2025-05-12 16:00:00,CSCO,S15,16553,60.41,61.74,0.0,22015.49000000009,0.15725350000000063,SENTIMENT_EOD_SELL,10.0,12.0,720.0,0.49375,NEU,
0c3d964b063aff23,2025-05-13 11:00:00+00:00,2025-05-13 16:00:00,ADBE,S15,2531,395.03,397.3525,0.0,5878.24750000012,0.041987482142858,SENTIMENT_EOD_SELL,10.0,12.0,540.0,0.4599666666666667,NEU,
a170e19a586350af,2025-05-12 08:00:00+00:00,2025-05-14 09:30:00,QCOM,S15,6648,150.42,151.63,0.0,8044.080000000053,0.05745771428571466,SENTIMENT_MORNING_SELL,10.0,12.0,3210.0,0.44348,NEU,
f8b727a5d09b2ba8,2025-05-13 08:00:00+00:00,2025-05-14 09:30:00,AVGO,S15,4566,219.01,233.57000000000002,0.0,66480.96000000014,0.47486400000000095,SENTIMENT_MORNING_SELL,10.0,12.0,1770.0,0.2927,NEU,
138f4f7867acf6c0,2025-05-14 08:09:00+00:00,2025-05-14 16:00:00,QCOM,S15,6594,151.64999999999998,152.82000000000002,0.0,7714.980000000292,0.05510700000000209,SENTIMENT_EOD_SELL,10.0,12.0,711.0,0.2803,NEU,
d5e4e800894367e3,2025-05-12 08:00:00+00:00,2025-05-15 16:00:00,META,S15,1615,619.0,641.34,0.0,36079.10000000005,0.2577078571428575,SENTIMENT_EOD_SELL,10.0,12.0,5040.0,0.47735000000000005,NEU,
91a877adac352862,2025-05-12 08:00:00+00:00,2025-05-15 16:00:00,TSLA,S15,3134,319.01,342.2238,0.0,72752.04919999998,0.5196574942857141,SENTIMENT_EOD_SELL,10.0,12.0,5040.0,0.41772,NEU,
2e0eff0813cbb9ce,2025-05-13 08:00:00+00:00,2025-05-15 16:00:00,AAPL,S15,4761,210.01,211.0,0.0,4713.390000000043,0.03366707142857173,SENTIMENT_EOD_SELL,10.0,12.0,3600.0,0.28106,NEU,
e92920ec39e63811,2025-05-14 09:02:00+00:00,2025-05-16 16:00:00,ADBE,S15,2521,396.65,412.74,0.0,40562.89000000008,0.28973492857142913,SENTIMENT_EOD_SELL,10.0,12.0,3538.0,0.29231666666666667,NEU,
44320541fa343d5f,2025-05-16 08:00:00+00:00,2025-05-16 16:00:00,AAPL,S15,4722,211.76,207.92000000000002,0.0,-18132.479999999883,-0.12951771428571346,SENTIMENT_EOD_SELL,10.0,12.0,720.0,0.20924,NEU,
25d412f4774fbd21,2025-05-16 08:00:00+00:00,2025-05-16 16:00:00,TSLA,S15,2922,342.21999999999997,340.14,0.0,-6077.759999999954,-0.0434125714285711,SENTIMENT_EOD_SELL,10.0,12.0,720.0,0.48654000000000003,NEU,
06d068e9fd1635eb,2025-05-13 08:05:00+00:00,2025-05-19 09:30:00,CSCO,S15,16212,61.68,63.690000000000005,0.0,32586.120000000083,0.23275800000000058,SENTIMENT_MORNING_SELL,10.0,12.0,8965.0,0.50249,NEU,
ca2044ae4746e22b,2025-05-16 08:02:00+00:00,2025-05-19 09:30:00,AVGO,S15,4295,232.79,221.85000000000002,0.0,-46987.299999999865,-0.33562357142857047,SENTIMENT_MORNING_SELL,10.0,12.0,4648.0,0.43226,NEU,
91ce66ae79545a9f,2025-05-16 08:00:00+00:00,2025-05-19 09:30:00,TSM,S15,5148,194.25,189.87,0.0,-22548.239999999976,-0.16105885714285698,SENTIMENT_MORNING_SELL,10.0,12.0,4650.0,0.3326,NEU,
b9f2dd5fee281f6b,2025-05-12 08:00:00+00:00,2025-05-22 13:57:00+00:00,GOOGL,S15,6369,157.01,175.84120000000001,0.0,119935.91280000015,0.8795515485714297,TAKE_PROFIT,10.0,12.0,14757.0,0.33197,NEU,
2ec2fb491d3531cf,2025-05-16 08:07:00+00:00,2025-05-19 16:00:00,QCOM,S15,6539,152.91,153.85000000000002,0.0,6146.660000000171,0.043904714285715504,SENTIMENT_EOD_SELL,10.0,12.0,5033.0,0.4267333333333333,NEU,
703be711e3f02b30,2025-05-19 08:00:00+00:00,2025-05-19 16:00:00,AAPL,S15,4809,207.91,208.89000000000001,0.0,4712.820000000087,0.03366300000000062,SENTIMENT_EOD_SELL,10.0,12.0,720.0,0.30571000000000004,NEU,
007148fc893096a5,2025-05-20 08:00:00+00:00,2025-05-20 16:00:00,AAPL,S15,4787,208.89,206.61370000000002,0.0,-10896.648099999826,-0.07783320071428447,SENTIMENT_EOD_SELL,10.0,12.0,720.0,0.24988000000000002,NEU,
1e568e0bd29c8484,2025-05-20 08:00:00+00:00,2025-05-20 16:00:00,AVGO,S15,4345,230.12,231.20000000000002,0.0,4692.600000000054,0.033518571428571814,SENTIMENT_EOD_SELL,10.0,12.0,720.0,0.25355,NEU,
1f10e93c20d6a1c2,2025-05-20 11:04:00+00:00,2025-05-20 16:00:00,ADBE,S15,2386,419.01,416.58,0.0,-5797.980000000016,-0.041414142857142976,SENTIMENT_EOD_SELL,10.0,12.0,536.0,0.28576666666666667,NEU,
f067fa0d0d333136,2025-05-20 13:30:00+00:00,2025-05-20 16:00:00,INTU,S15,1500,666.37,671.15,0.0,7169.999999999959,0.05121428571428542,SENTIMENT_EOD_SELL,10.0,12.0,390.0,0.5781333333333333,NEU,
6cad167278c17220,2025-05-09 08:00:00+00:00,2025-05-20 23:59:00+00:00,AMZN,S15,5186,192.79999999999998,203.79000000000002,0.0,56994.140000000196,0.4071010000000014,BACKTEST_END,10.0,12.0,16799.0,0.22382999999999997,NEU,
1406073fef1eff89,2025-05-12 08:00:00+00:00,2025-05-20 23:59:00+00:00,MSFT,S15,2228,448.81,457.2362,0.0,18773.57359999999,0.13409695428571422,BACKTEST_END,10.0,12.0,12479.0,0.23206000000000002,NEU,
c865bb416dab0e8e,2025-05-15 08:00:00+00:00,2025-05-20 23:59:00+00:00,NVDA,S15,7488,133.53,133.99,0.0,3444.4800000000596,0.024603428571428998,BACKTEST_END,10.0,12.0,8159.0,0.29019,NEU,
5888b09d6f3b4ac0,2025-05-15 08:36:00+00:00,2025-05-20 22:05:00+00:00,ORCL,S15,6191,161.51,159.88,0.0,-10091.329999999973,-0.07208092857142837,BACKTEST_END,10.0,12.0,8009.0,0.27762000000000003,NEU,
4b70d75df4ea25f5,2025-05-20 08:00:00+00:00,2025-05-20 23:56:00+00:00,META,S15,1564,639.36,635.49,0.0,-6052.680000000008,-0.043233428571428624,BACKTEST_END,10.0,12.0,956.0,0.29424,NEU,
b7a530cdebee55ee,2025-05-20 08:00:00+00:00,2025-05-20 23:28:00+00:00,QCOM,S15,6524,153.26,153.49,0.0,1500.5200000001187,0.010718000000000847,BACKTEST_END,10.0,12.0,928.0,0.45201,NEU,
5b798bd325efa051,2025-05-07 08:20:00+00:00,2025-05-07 16:00:00,QCOM,S16,7110,140.63,143.89000000000001,0.0,23178.600000000137,0.16556142857142955,SENTIMENT_EOD_SELL,10.0,20.0,700.0,0.34524999999999995,NEU,
84ab3ffb83b866e1,2025-05-07 11:41:00+00:00,2025-05-08 09:30:00,INTU,S16,1586,630.51,643.52,0.0,20633.859999999986,0.14738471428571417,SENTIMENT_MORNING_SELL,10.0,20.0,1549.0,0.4096666666666667,NEU,
e2089d96d8b008cf,2025-05-08 08:00:00+00:00,2025-05-08 16:00:00,GOOGL,S16,6512,153.56,154.3899,0.0,5404.30880000006,0.038602205714286145,SENTIMENT_EOD_SELL,10.0,20.0,720.0,0.21204,NEU,
dcf68250e237608c,2025-05-07 08:00:00+00:00,2025-05-09 09:30:00,MSFT,S16,2294,435.8,438.68,0.0,6606.719999999989,0.04719085714285707,SENTIMENT_MORNING_SELL,10.0,20.0,3210.0,0.25551,NEU,
53c258975656342d,2025-05-07 08:00:00+00:00,2025-05-09 09:30:00,ORCL,S16,6741,148.32999999999998,150.68,0.0,15841.350000000153,0.1131525000000011,SENTIMENT_MORNING_SELL,10.0,20.0,3210.0,0.27408,NEU,
93afc04fe306f80e,2025-05-08 11:45:00+00:00,2025-05-09 09:30:00,ADBE,S16,2564,390.01,384.29,0.0,-14666.079999999924,-0.10475771428571375,SENTIMENT_MORNING_SELL,10.0,20.0,1545.0,0.3612,NEU,
10495f5faf980085,2025-05-08 13:30:00+00:00,2025-05-09 09:30:00,INTU,S16,1553,643.54,655.25,0.0,18185.630000000056,0.12989735714285755,SENTIMENT_MORNING_SELL,10.0,20.0,1440.0,0.5106,NEU,
c09f7460ed0f1fa1,2025-05-09 08:00:00+00:00,2025-05-14 11:29:00+00:00,TSLA,S16,3488,286.65999999999997,343.98199999999997,0.0,199939.136,19.99651154678016,TAKE_PROFIT,10.0,20.0,7409.0,0.2885,NEU,
a23a5adc645d4cfd,2025-05-09 08:00:00+00:00,2025-05-09 16:00:00,GOOGL,S16,6450,155.01999999999998,152.64000000000001,0.0,-15350.999999999787,-0.10964999999999848,SENTIMENT_EOD_SELL,10.0,20.0,720.0,0.24081000000000002,NEU,
bdd5d51c47d7b991,2025-05-09 08:04:00+00:00,2025-05-09 16:00:00,ADBE,S16,2602,384.31,382.94,0.0,-3564.7400000000116,-0.025462428571428653,SENTIMENT_EOD_SELL,10.0,20.0,716.0,0.34482,NEU,
c2195f2f65b47988,2025-05-09 08:11:00+00:00,2025-05-09 16:00:00,QCOM,S16,6874,145.45999999999998,145.22,0.0,-1649.7599999998672,-0.01178399999999905,SENTIMENT_EOD_SELL,10.0,20.0,709.0,0.2361625,NEU,
da065b1c31dd449b,2025-05-07 08:02:00+00:00,2025-05-12 09:30:00,CSCO,S16,16795,59.54,60.39,0.0,14275.750000000024,0.10196964285714304,SENTIMENT_MORNING_SELL,10.0,20.0,7528.0,0.359625,NEU,
9b99a4aa59e69b44,2025-05-08 08:00:00+00:00,2025-05-12 09:30:00,TSM,S16,5712,175.04,182.63,0.0,43354.080000000016,0.3096720000000001,SENTIMENT_MORNING_SELL,10.0,20.0,6090.0,0.47366,NEU,
ddb95e887652e00e,2025-05-07 08:00:00+00:00,2025-05-12 16:00:00,AVGO,S16,4949,202.04,221.668,0.0,97138.97200000007,0.6938498000000005,SENTIMENT_EOD_SELL,10.0,20.0,7920.0,0.26307,NEU,
7b612664f2864106,2025-05-12 08:00:00+00:00,2025-05-12 16:00:00,AAPL,S16,4863,205.63,210.14000000000001,0.0,21932.130000000096,0.15665807142857213,SENTIMENT_EOD_SELL,10.0,20.0,720.0,0.27124000000000004,NEU,
f9636f622c9173e9,2025-05-12 08:00:00+00:00,2025-05-12 16:00:00,ORCL,S16,6430,155.51,157.20000000000002,0.0,10866.700000000168,0.07761928571428692,SENTIMENT_EOD_SELL,10.0,20.0,720.0,0.4965,NEU,
263e6125c2cd6dde,2025-05-12 08:00:00+00:00,2025-05-12 16:00:00,CSCO,S16,16553,60.41,61.74,0.0,22015.49000000009,0.15725350000000063,SENTIMENT_EOD_SELL,10.0,20.0,720.0,0.49375,NEU,
6866684d32198ccf,2025-05-13 11:00:00+00:00,2025-05-13 16:00:00,ADBE,S16,2531,395.03,397.3525,0.0,5878.24750000012,0.041987482142858,SENTIMENT_EOD_SELL,10.0,20.0,540.0,0.4599666666666667,NEU,
a6f3f89b446daf71,2025-05-08 08:00:00+00:00,2025-05-14 09:30:00,NVDA,S16,8374,119.41000000000001,132.19,0.0,107019.71999999988,0.7644265714285706,SENTIMENT_MORNING_SELL,10.0,20.0,8970.0,0.27297000000000005,NEU,
64b7d0120d8c8761,2025-05-12 08:00:00+00:00,2025-05-14 09:30:00,QCOM,S16,6648,150.42,151.63,0.0,8044.080000000053,0.05745771428571466,SENTIMENT_MORNING_SELL,10.0,20.0,3210.0,0.44348,NEU,
cd62c850c30584bb,2025-05-13 08:00:00+00:00,2025-05-14 09:30:00,AVGO,S16,4566,219.01,233.57000000000002,0.0,66480.96000000014,0.47486400000000095,SENTIMENT_MORNING_SELL,10.0,20.0,1770.0,0.2927,NEU,
da651d8fb4e65d57,2025-05-14 08:09:00+00:00,2025-05-14 16:00:00,QCOM,S16,6594,151.64999999999998,152.82000000000002,0.0,7714.980000000292,0.05510700000000209,SENTIMENT_EOD_SELL,10.0,20.0,711.0,0.2803,NEU,
b1ee747b0695b2c8,2025-05-07 08:00:00+00:00,2025-05-15 16:00:00,META,S16,1688,592.33,641.34,0.0,82728.87999999999,0.5909205714285714,SENTIMENT_EOD_SELL,10.0,20.0,12240.0,0.33849,NEU,
5c8e637a62627ea8,2025-05-12 08:00:00+00:00,2025-05-15 16:00:00,TSLA,S16,3134,319.01,342.2238,0.0,72752.04919999998,0.5196574942857141,SENTIMENT_EOD_SELL,10.0,20.0,5040.0,0.41772,NEU,
df0b2d5d0ac5c40a,2025-05-13 08:00:00+00:00,2025-05-15 16:00:00,AAPL,S16,4761,210.01,211.0,0.0,4713.390000000043,0.03366707142857173,SENTIMENT_EOD_SELL,10.0,20.0,3600.0,0.28106,NEU,
da5e180768ae3b00,2025-05-14 09:02:00+00:00,2025-05-16 16:00:00,ADBE,S16,2521,396.65,412.74,0.0,40562.89000000008,0.28973492857142913,SENTIMENT_EOD_SELL,10.0,20.0,3538.0,0.29231666666666667,NEU,
ea5073fcc011e9a7,2025-05-16 08:00:00+00:00,2025-05-16 16:00:00,AAPL,S16,4722,211.76,207.92000000000002,0.0,-18132.479999999883,-0.12951771428571346,SENTIMENT_EOD_SELL,10.0,20.0,720.0,0.20924,NEU,
340218c1691e9e1e,2025-05-16 08:00:00+00:00,2025-05-16 16:00:00,TSLA,S16,2922,342.21999999999997,340.14,0.0,-6077.759999999954,-0.0434125714285711,SENTIMENT_EOD_SELL,10.0,20.0,720.0,0.48654000000000003,NEU,
de8bc66ad3576f77,2025-05-13 08:05:00+00:00,2025-05-19 09:30:00,CSCO,S16,16212,61.68,63.690000000000005,0.0,32586.120000000083,0.23275800000000058,SENTIMENT_MORNING_SELL,10.0,20.0,8965.0,0.50249,NEU,
a1d9ec49e236e3a7,2025-05-16 08:02:00+00:00,2025-05-19 09:30:00,AVGO,S16,4295,232.79,221.85000000000002,0.0,-46987.299999999865,-0.33562357142857047,SENTIMENT_MORNING_SELL,10.0,20.0,4648.0,0.43226,NEU,
4f9be812593d1812,2025-05-16 08:00:00+00:00,2025-05-19 09:30:00,TSM,S16,5148,194.25,189.87,0.0,-22548.239999999976,-0.16105885714285698,SENTIMENT_MORNING_SELL,10.0,20.0,4650.0,0.3326,NEU,
347779d0eb6ca051,2025-05-16 08:07:00+00:00,2025-05-19 16:00:00,QCOM,S16,6539,152.91,153.85000000000002,0.0,6146.660000000171,0.043904714285715504,SENTIMENT_EOD_SELL,10.0,20.0,5033.0,0.4267333333333333,NEU,
ae808a4ad6d70f0e,2025-05-19 08:00:00+00:00,2025-05-19 16:00:00,AAPL,S16,4809,207.91,208.89000000000001,0.0,4712.820000000087,0.03366300000000062,SENTIMENT_EOD_SELL,10.0,20.0,720.0,0.30571000000000004,NEU,
6eafdfe3052e3a1a,2025-05-20 08:00:00+00:00,2025-05-20 16:00:00,AAPL,S16,4787,208.89,206.61370000000002,0.0,-10896.648099999826,-0.07783320071428447,SENTIMENT_EOD_SELL,10.0,20.0,720.0,0.24988000000000002,NEU,
62de94395aab5e78,2025-05-20 08:00:00+00:00,2025-05-20 16:00:00,AVGO,S16,4345,230.12,231.20000000000002,0.0,4692.600000000054,0.033518571428571814,SENTIMENT_EOD_SELL,10.0,20.0,720.0,0.25355,NEU,
fda49912097b75f2,2025-05-20 11:04:00+00:00,2025-05-20 16:00:00,ADBE,S16,2386,419.01,416.58,0.0,-5797.980000000016,-0.041414142857142976,SENTIMENT_EOD_SELL,10.0,20.0,536.0,0.28576666666666667,NEU,
89c12ca530d1f266,2025-05-20 13:30:00+00:00,2025-05-20 16:00:00,INTU,S16,1500,666.37,671.15,0.0,7169.999999999959,0.05121428571428542,SENTIMENT_EOD_SELL,10.0,20.0,390.0,0.5781333333333333,NEU,
250235a1e6b17234,2025-05-07 08:00:00+00:00,2025-05-20 23:59:00+00:00,AMZN,S16,5340,187.26,203.79000000000002,0.0,88270.20000000016,0.6305014285714297,BACKTEST_END,10.0,20.0,19679.0,0.32632,NEU,
1f7e28b3f64f36c7,2025-05-12 08:00:00+00:00,2025-05-20 23:59:00+00:00,MSFT,S16,2228,448.81,457.2362,0.0,18773.57359999999,0.13409695428571422,BACKTEST_END,10.0,20.0,12479.0,0.23206000000000002,NEU,
5383cf8d780c6744,2025-05-12 08:00:00+00:00,2025-05-20 23:59:00+00:00,GOOGL,S16,6369,157.01,164.26000000000002,0.0,46175.25000000018,0.3298232142857156,BACKTEST_END,10.0,20.0,12479.0,0.33197,NEU,
5654a6fe1e5feda0,2025-05-15 08:00:00+00:00,2025-05-20 23:59:00+00:00,NVDA,S16,7488,133.53,133.99,0.0,3444.4800000000596,0.024603428571428998,BACKTEST_END,10.0,20.0,8159.0,0.29019,NEU,
652137d392412424,2025-05-15 08:36:00+00:00,2025-05-20 22:05:00+00:00,ORCL,S16,6191,161.51,159.88,0.0,-10091.329999999973,-0.07208092857142837,BACKTEST_END,10.0,20.0,8009.0,0.27762000000000003,NEU,
fce6b1ef42365a4b,2025-05-20 08:00:00+00:00,2025-05-20 23:56:00+00:00,META,S16,1564,639.36,635.49,0.0,-6052.680000000008,-0.043233428571428624,BACKTEST_END,10.0,20.0,956.0,0.29424,NEU,
cfd4565adfd0c909,2025-05-20 08:00:00+00:00,2025-05-20 23:28:00+00:00,QCOM,S16,6524,153.26,153.49,0.0,1500.5200000001187,0.010718000000000847,BACKTEST_END,10.0,20.0,928.0,0.45201,NEU,
ee9ff19166f8c62c,2025-05-07 08:00:00+00:00,2025-05-12 08:00:00+00:00,AMZN,S17,5340,187.26,198.4856,0.0,59944.70400000008,5.994659831250676,TAKE_PROFIT,4.0,6.0,7200.0,0.32632,NEU,
04157570f68c66d2,2025-05-07 08:00:00+00:00,2025-05-12 08:32:00+00:00,META,S17,1688,592.33,627.8598000000001,0.0,59974.30240000004,5.998311751895062,TAKE_PROFIT,4.0,6.0,7232.0,0.33849,NEU,
319468e5b51cdcdc,2025-05-07 08:00:00+00:00,2025-05-12 08:00:00+00:00,AVGO,S17,4949,202.04,214.1524,0.0,59944.26760000004,5.995050485052469,TAKE_PROFIT,4.0,6.0,7200.0,0.26307,NEU,
376b12ac11f79cc1,2025-05-07 08:00:00+00:00,2025-05-12 09:28:00+00:00,ORCL,S17,6741,148.32999999999998,157.2198,0.0,59926.141800000056,5.993258275466871,TAKE_PROFIT,4.0,6.0,7288.0,0.27408,NEU,
44787bc96f1acb3f,2025-05-07 11:41:00+00:00,2025-05-12 13:30:00+00:00,INTU,S17,1586,630.51,668.3306,0.0,59983.47160000002,5.998413982331765,TAKE_PROFIT,4.0,6.0,7309.0,0.4096666666666667,NEU,
c114e2ee6143ecca,2025-05-07 08:20:00+00:00,2025-05-12 08:00:00+00:00,QCOM,S17,7110,140.63,149.05780000000001,0.0,59921.658000000134,5.992889141719419,TAKE_PROFIT,4.0,6.0,7180.0,0.34524999999999995,NEU,
255ed0ea8266b77c,2025-05-08 08:00:00+00:00,2025-05-13 13:45:00+00:00,NVDA,S17,8374,119.41000000000001,126.56460000000001,0.0,59912.620400000014,5.9916254920023455,TAKE_PROFIT,4.0,6.0,7545.0,0.27297000000000005,NEU,
ebbd736c6428eebc,2025-05-08 08:01:00+00:00,2025-05-12 08:43:00+00:00,AVGO,S17,4799,208.35999999999999,220.8516,0.0,59947.18840000003,5.99520061432137,TAKE_PROFIT,4.0,6.0,5802.0,0.42554,NEU,
a12cb6badd09f3b8,2025-05-08 08:00:00+00:00,2025-05-12 09:04:00+00:00,TSM,S17,5712,175.04,185.53240000000002,0.0,59932.58880000018,5.994287020109708,TAKE_PROFIT,4.0,6.0,5824.0,0.47366,NEU,
164e93041a9a7055,2025-05-08 08:22:00+00:00,2025-05-13 14:17:00+00:00,ORCL,S17,6595,151.60999999999999,160.6966,0.0,59926.12700000003,5.993404129015239,TAKE_PROFIT,4.0,6.0,7555.0,0.333575,NEU,
2181961a2777321e,2025-05-08 08:00:00+00:00,2025-05-08 16:00:00,GOOGL,S17,6512,153.56,154.3899,0.0,5404.30880000006,0.038602205714286145,SENTIMENT_EOD_SELL,4.0,6.0,720.0,0.21204,NEU,
f04cccd1d595b60d,2025-05-07 08:00:00+00:00,2025-05-09 09:30:00,MSFT,S17,2294,435.8,438.68,0.0,6606.719999999989,0.04719085714285707,SENTIMENT_MORNING_SELL,4.0,6.0,3210.0,0.25551,NEU,
bf0c9597c593fe5a,2025-05-08 11:45:00+00:00,2025-05-09 09:30:00,ADBE,S17,2564,390.01,384.29,0.0,-14666.079999999924,-0.10475771428571375,SENTIMENT_MORNING_SELL,4.0,6.0,1545.0,0.3612,NEU,
23ed076d477ed303,2025-05-08 13:30:00+00:00,2025-05-09 09:30:00,INTU,S17,1553,643.54,655.25,0.0,18185.630000000056,0.12989735714285755,SENTIMENT_MORNING_SELL,4.0,6.0,1440.0,0.5106,NEU,
d1851868fe330cde,2025-05-07 08:02:00+00:00,2025-05-14 20:08:00+00:00,CSCO,S17,16795,59.54,63.1024,0.0,59830.50800000007,0.03951719428571433,TAKE_PROFIT,4.0,6.0,10806.0,0.359625,NEU,
223c35b6a4928dc8,2025-05-09 08:00:00+00:00,2025-05-13 13:31:00+00:00,NVDA,S17,8473,118.01,125.0806,0.0,59909.193799999994,5.991526141852384,TAKE_PROFIT,4.0,6.0,6091.0,0.24496,NEU,
4a4d5549ba853b1c,2025-05-09 08:00:00+00:00,2025-05-12 08:09:00+00:00,AMZN,S17,5186,192.79999999999998,204.358,0.0,59939.78800000011,5.99481327800831,TAKE_PROFIT,4.0,6.0,4329.0,0.22382999999999997,NEU,
5086c00ac7c29b7c,2025-05-09 08:00:00+00:00,2025-05-14 14:52:00+00:00,GOOGL,S17,6450,155.01999999999998,164.31119999999999,0.0,59928.24000000002,5.993549219455557,TAKE_PROFIT,4.0,6.0,7612.0,0.24081000000000002,NEU,
58a93cf67482d13c,2025-05-09 08:01:00+00:00,2025-05-12 08:50:00+00:00,AVGO,S17,4791,208.72,221.2332,0.0,59950.741200000055,5.995208892295905,TAKE_PROFIT,4.0,6.0,4369.0,0.3163625,NEU,
6bd35df037d0fb5e,2025-05-09 08:00:00+00:00,2025-05-13 13:32:00+00:00,TSM,S17,5597,178.66,189.36960000000002,0.0,59941.63120000013,5.994402776223006,TAKE_PROFIT,4.0,6.0,6092.0,0.45099999999999996,NEU,
bec145bf050cddf7,2025-05-09 08:00:00+00:00,2025-05-09 14:01:00+00:00,TSLA,S17,3488,286.65999999999997,303.8496,0.0,59957.32480000015,5.996511546780173,TAKE_PROFIT,4.0,6.0,361.0,0.2885,NEU,
43b50348a40202ae,2025-05-09 08:11:00+00:00,2025-05-12 10:33:00+00:00,QCOM,S17,6874,145.45999999999998,154.17759999999998,0.0,59924.78240000003,5.993125257802837,TAKE_PROFIT,4.0,6.0,4462.0,0.2361625,NEU,
9d4ab37c4e443901,2025-05-09 08:04:00+00:00,2025-05-09 16:00:00,ADBE,S17,2602,384.31,382.94,0.0,-3564.7400000000116,-0.025462428571428653,SENTIMENT_EOD_SELL,4.0,6.0,716.0,0.34482,NEU,
21859a1227ff5b08,2025-05-12 08:00:00+00:00,2025-05-13 14:17:00+00:00,NVDA,S17,8196,122.01,129.3206,0.0,59917.67760000007,5.991803950495867,TAKE_PROFIT,4.0,6.0,1817.0,0.31070000000000003,NEU,
be709cabe6656946,2025-05-12 08:00:00+00:00,2025-05-14 16:09:00+00:00,GOOGL,S17,6369,157.01,166.4206,0.0,59936.1114000001,5.993630978918551,TAKE_PROFIT,4.0,6.0,3369.0,0.33197,NEU,
feabfd11e52589ea,2025-05-12 08:00:00+00:00,2025-05-13 14:52:00+00:00,META,S17,1615,619.0,656.13,0.0,59964.94999999999,5.9983844911147,TAKE_PROFIT,4.0,6.0,1852.0,0.47735000000000005,NEU,
23c9d93d5ffbf504,2025-05-12 08:00:00+00:00,2025-05-13 16:09:00+00:00,AVGO,S17,4559,219.29999999999998,232.448,0.0,59941.73200000011,5.99544003647972,TAKE_PROFIT,4.0,6.0,1929.0,0.3345,NEU,
8f57a4644207c23b,2025-05-12 08:00:00+00:00,2025-05-14 08:00:00+00:00,TSLA,S17,3134,319.01,338.1406,0.0,59955.30040000005,5.996865302028155,TAKE_PROFIT,4.0,6.0,2880.0,0.41772,NEU,
2d9dc23e5278243b,2025-05-12 08:00:00+00:00,2025-05-14 20:08:00+00:00,CSCO,S17,16553,60.41,64.02459999999999,0.0,59832.473799999934,5.9834464492633606,TAKE_PROFIT,4.0,6.0,3608.0,0.49375,NEU,
d153e3a2455dd8d6,2025-05-12 08:00:00+00:00,2025-05-12 16:00:00,AAPL,S17,4863,205.63,210.14000000000001,0.0,21932.130000000096,0.15665807142857213,SENTIMENT_EOD_SELL,4.0,6.0,720.0,0.27124000000000004,NEU,
b2472f47b01279d5,2025-05-12 08:00:00+00:00,2025-05-12 16:00:00,ORCL,S17,6430,155.51,157.20000000000002,0.0,10866.700000000168,0.07761928571428692,SENTIMENT_EOD_SELL,4.0,6.0,720.0,0.4965,NEU,
0301e2c36362a70a,2025-05-13 08:00:00+00:00,2025-05-13 15:27:00+00:00,AVGO,S17,4566,219.01,232.1406,0.0,59954.31960000007,5.995433998447567,TAKE_PROFIT,4.0,6.0,447.0,0.2927,NEU,
cd3a5f76107dec9e,2025-05-13 08:00:00+00:00,2025-05-13 17:49:00+00:00,TSLA,S17,3159,316.53999999999996,335.5224,0.0,59965.40160000013,5.996840841599811,TAKE_PROFIT,4.0,6.0,589.0,0.3686,NEU,
5da9e78eb5e0e8f9,2025-05-13 11:00:00+00:00,2025-05-16 13:55:00+00:00,ADBE,S17,2531,395.03,418.7218,0.0,59963.9458,5.997468546692657,TAKE_PROFIT,4.0,6.0,4495.0,0.4599666666666667,NEU,
4c96f114998bb461,2025-05-13 08:05:00+00:00,2025-05-15 14:44:00+00:00,CSCO,S17,16212,61.68,65.3708,0.0,59835.24960000005,5.9837872892347646,TAKE_PROFIT,4.0,6.0,3279.0,0.50249,NEU,
e01bfa30f952ff81,2025-05-12 08:00:00+00:00,2025-05-14 09:30:00,QCOM,S17,6648,150.42,151.63,0.0,8044.080000000053,0.05745771428571466,SENTIMENT_MORNING_SELL,4.0,6.0,3210.0,0.44348,NEU,
9bb28362cbbfc62e,2025-05-14 09:02:00+00:00,2025-05-16 14:01:00+00:00,ADBE,S17,2521,396.65,420.439,0.0,59972.06900000011,5.997478885667476,TAKE_PROFIT,4.0,6.0,3179.0,0.29231666666666667,NEU,
05a17d7575235eac,2025-05-14 08:05:00+00:00,2025-05-15 14:48:00+00:00,CSCO,S17,16191,61.76,65.45559999999999,0.0,59835.459599999864,5.983808290155427,TAKE_PROFIT,4.0,6.0,1843.0,0.23651,NEU,
122a0cc34e20ff26,2025-05-14 08:09:00+00:00,2025-05-14 16:00:00,QCOM,S17,6594,151.64999999999998,152.82000000000002,0.0,7714.980000000292,0.05510700000000209,SENTIMENT_EOD_SELL,4.0,6.0,711.0,0.2803,NEU,
b1eebf4c3650a361,2025-05-15 08:05:00+00:00,2025-05-16 14:44:00+00:00,META,S17,1529,653.6899999999999,627.5323999999999,0.0,-39994.970400000006,-4.001529777111476,STOP_LOSS,4.0,6.0,1839.0,0.24576000000000003,NEU,
62c89f8b4cf88bf2,2025-05-13 08:00:00+00:00,2025-05-15 16:00:00,AAPL,S17,4761,210.01,211.0,0.0,4713.390000000043,0.03366707142857173,SENTIMENT_EOD_SELL,4.0,6.0,3600.0,0.28106,NEU,
3574e17443bdbcc1,2025-05-14 08:00:00+00:00,2025-05-15 16:00:00,TSLA,S17,2955,338.37,342.2238,0.0,11387.978999999936,0.08134270714285669,SENTIMENT_EOD_SELL,4.0,6.0,2160.0,0.34683,NEU,
8c35f68d1b67c58a,2025-05-14 08:00:00+00:00,2025-05-21 14:04:00+00:00,GOOGL,S17,6249,160.01,169.60060000000001,0.0,59931.65940000014,1.0881905785714312,TAKE_PROFIT,4.0,6.0,10444.0,0.35845,NEU,
f1b507efd3f15ee5,2025-05-15 08:13:00+00:00,2025-05-21 15:42:00+00:00,ADBE,S17,2510,398.36,422.25160000000005,0.0,59967.9160000001,1.0664186314285733,TAKE_PROFIT,4.0,6.0,9089.0,0.45449999999999996,NEU,
f7c99bfd72850f19,2025-05-16 08:00:00+00:00,2025-05-21 17:03:00+00:00,AAPL,S17,4722,211.76,203.2796,0.0,-40044.44880000001,-4.004722327162828,STOP_LOSS,4.0,6.0,7743.0,0.20924,NEU,
829717ec4ea59e00,2025-05-16 08:02:00+00:00,2025-05-16 22:46:00+00:00,AVGO,S17,4295,232.79,223.4684,0.0,-40036.27199999995,-4.004295717169977,STOP_LOSS,4.0,6.0,884.0,0.43226,NEU,
3b6417f483d275fb,2025-05-16 08:00:00+00:00,2025-05-16 16:00:00,TSLA,S17,2922,342.21999999999997,340.14,0.0,-6077.759999999954,-0.0434125714285711,SENTIMENT_EOD_SELL,4.0,6.0,720.0,0.48654000000000003,NEU,
92cc5955f86ada94,2025-05-15 08:00:00+00:00,2025-05-19 09:30:00,CSCO,S17,15885,62.949999999999996,63.690000000000005,0.0,11754.900000000145,0.08396357142857247,SENTIMENT_MORNING_SELL,4.0,6.0,6090.0,0.27358,NEU,
44ff6ae343031c23,2025-05-16 08:00:00+00:00,2025-05-19 09:30:00,TSM,S17,5148,194.25,189.87,0.0,-22548.239999999976,-0.16105885714285698,SENTIMENT_MORNING_SELL,4.0,6.0,4650.0,0.3326,NEU,
6c7effa7de5af61d,2025-05-13 08:00:00+00:00,2025-05-23 11:46:00+00:00,AMZN,S17,4816,207.62,199.3052,0.0,-40044.07679999996,-0.38836055142857107,STOP_LOSS,4.0,6.0,14626.0,0.24168000000000003,NEU,
2d65b9ca48cd836b,2025-05-15 08:00:00+00:00,2025-05-23 12:23:00+00:00,NVDA,S17,7488,133.53,128.1788,0.0,-40069.78560000005,-0.1840812800000002,STOP_LOSS,4.0,6.0,11783.0,0.29019,NEU,
6135eb009f7def35,2025-05-15 08:36:00+00:00,2025-05-23 11:55:00+00:00,ORCL,S17,6191,161.51,155.0396,0.0,-40058.2463999999,-0.34607396571428484,STOP_LOSS,4.0,6.0,11719.0,0.27762000000000003,NEU,
cbf6005eb11f337c,2025-05-16 08:07:00+00:00,2025-05-23 11:21:00+00:00,QCOM,S17,6539,152.91,146.7836,0.0,-40060.52959999993,-0.2709181599999995,STOP_LOSS,4.0,6.0,10274.0,0.4267333333333333,NEU,
537e2a2d3e14ff12,2025-05-19 08:00:00+00:00,2025-05-23 11:19:00+00:00,AAPL,S17,4809,207.91,199.5836,0.0,-40041.657600000035,-4.004809773459674,STOP_LOSS,4.0,6.0,5959.0,0.30571000000000004,NEU,
1e6e86bf9847fd3c,2025-05-19 08:00:00+00:00,2025-05-21 15:09:00+00:00,GOOGL,S17,6137,162.92999999999998,172.6958,0.0,59932.71460000008,5.9938623948935215,TAKE_PROFIT,4.0,6.0,3309.0,0.31225,NEU,
6536ac0f0fe06584,2025-05-20 08:00:00+00:00,2025-05-22 13:30:00+00:00,AAPL,S17,4787,208.89,200.52439999999999,0.0,-40046.1272,-4.004787208578678,STOP_LOSS,4.0,6.0,3210.0,0.24988000000000002,NEU,
68e84a5c9ebde98e,2025-05-20 08:00:00+00:00,2025-05-23 12:02:00+00:00,AMZN,S17,4864,205.56,197.32760000000002,0.0,-40042.39359999992,-4.004864759680864,STOP_LOSS,4.0,6.0,4562.0,0.28942,NEU,
4317b23a708ff4e5,2025-05-20 11:30:00+00:00,2025-05-23 12:05:00+00:00,ORCL,S17,6265,159.60999999999999,153.2156,0.0,-40060.91599999994,-4.006265271599519,STOP_LOSS,4.0,6.0,4355.0,0.360925,NEU,
0b22290cfe9c6aaa,2025-05-20 13:30:00+00:00,2025-05-22 20:11:00+00:00,INTU,S17,1500,666.37,706.3422,0.0,59958.30000000007,5.998499332202837,TAKE_PROFIT,4.0,6.0,3281.0,0.5781333333333333,NEU,
58ffb241959f193a,2025-05-20 08:00:00+00:00,2025-05-23 09:30:00+00:00,QCOM,S17,6524,153.26,147.1196,0.0,-40059.9696,-4.006524859715515,STOP_LOSS,4.0,6.0,4410.0,0.45201,NEU,
f6ac3a2c6dbcb642,2025-05-20 08:00:00+00:00,2025-05-20 16:00:00,AVGO,S17,4345,230.12,231.20000000000002,0.0,4692.600000000054,0.033518571428571814,SENTIMENT_EOD_SELL,4.0,6.0,720.0,0.25355,NEU,
e1340d44d00c5bea,2025-05-20 11:04:00+00:00,2025-05-20 16:00:00,ADBE,S17,2386,419.01,416.58,0.0,-5797.980000000016,-0.041414142857142976,SENTIMENT_EOD_SELL,4.0,6.0,536.0,0.28576666666666667,NEU,
673a8f5818ee60e9,2025-05-12 08:00:00+00:00,2025-05-20 23:59:00+00:00,MSFT,S17,2228,448.81,457.2362,0.0,18773.57359999999,0.13409695428571422,BACKTEST_END,4.0,6.0,12479.0,0.23206000000000002,NEU,
2d40f47e52fc2398,2025-05-20 08:00:00+00:00,2025-05-20 23:56:00+00:00,META,S17,1564,639.36,635.49,0.0,-6052.680000000008,-0.043233428571428624,BACKTEST_END,4.0,6.0,956.0,0.29424,NEU,
55158d97eb946097,2025-05-07 08:00:00+00:00,2025-05-12 08:02:00+00:00,AMZN,S18,5340,187.26,204.10340000000002,0.0,89943.75600000017,8.994659831250686,TAKE_PROFIT,6.0,9.0,7202.0,0.32632,NEU,
a6f12a1e4bf0a631,2025-05-07 08:00:00+00:00,2025-05-12 08:43:00+00:00,AVGO,S18,4949,202.04,220.2136,0.0,89941.14640000011,8.995050485052476,TAKE_PROFIT,6.0,9.0,7243.0,0.26307,NEU,
15e60d09ff1fa2ce,2025-05-07 08:20:00+00:00,2025-05-12 10:12:00+00:00,QCOM,S18,7110,140.63,153.2767,0.0,89918.03700000007,8.992889141719413,TAKE_PROFIT,6.0,9.0,7312.0,0.34524999999999995,NEU,
b2c7dde6d2ccf237,2025-05-07 11:41:00+00:00,2025-05-08 09:30:00,INTU,S18,1586,630.51,643.52,0.0,20633.859999999986,0.14738471428571417,SENTIMENT_MORNING_SELL,6.0,9.0,1549.0,0.4096666666666667,NEU,
50d2df942880c23d,2025-05-07 08:00:00+00:00,2025-05-13 12:30:00+00:00,META,S18,1688,592.33,645.6297000000001,0.0,89969.89360000005,2.7068633357142873,TAKE_PROFIT,6.0,9.0,8910.0,0.33849,NEU,
0fc835e9bef2bdc5,2025-05-07 08:00:00+00:00,2025-05-13 15:39:00+00:00,ORCL,S18,6741,148.32999999999998,161.6697,0.0,89922.91770000015,0.16083866857142884,TAKE_PROFIT,6.0,9.0,9099.0,0.27408,NEU,
d3caf7b576d54e6a,2025-05-08 08:00:00+00:00,2025-05-13 14:55:00+00:00,NVDA,S18,8374,119.41000000000001,130.14690000000002,0.0,89910.80060000005,8.991625492002349,TAKE_PROFIT,6.0,9.0,7615.0,0.27297000000000005,NEU,
b62fc219802053ec,2025-05-08 08:01:00+00:00,2025-05-13 13:59:00+00:00,AVGO,S18,4799,208.35999999999999,227.10240000000002,0.0,89944.77760000015,8.995200614321384,TAKE_PROFIT,6.0,9.0,7558.0,0.42554,NEU,
95a0dfe857fe66bd,2025-05-08 08:00:00+00:00,2025-05-13 13:40:00+00:00,TSM,S18,5712,175.04,190.7836,0.0,89927.44320000008,8.994287020109699,TAKE_PROFIT,6.0,9.0,7540.0,0.47366,NEU,
2a228311eeaf5778,2025-05-08 08:00:00+00:00,2025-05-08 16:00:00,GOOGL,S18,6512,153.56,154.3899,0.0,5404.30880000006,0.038602205714286145,SENTIMENT_EOD_SELL,6.0,9.0,720.0,0.21204,NEU,
0f94f1a85f900269,2025-05-07 08:00:00+00:00,2025-05-09 09:30:00,MSFT,S18,2294,435.8,438.68,0.0,6606.719999999989,0.04719085714285707,SENTIMENT_MORNING_SELL,6.0,9.0,3210.0,0.25551,NEU,
00c2fa805ad52eaf,2025-05-08 11:45:00+00:00,2025-05-09 09:30:00,ADBE,S18,2564,390.01,384.29,0.0,-14666.079999999924,-0.10475771428571375,SENTIMENT_MORNING_SELL,6.0,9.0,1545.0,0.3612,NEU,
68c61aa417e371c7,2025-05-08 13:30:00+00:00,2025-05-09 09:30:00,INTU,S18,1553,643.54,655.25,0.0,18185.630000000056,0.12989735714285755,SENTIMENT_MORNING_SELL,6.0,9.0,1440.0,0.5106,NEU,
d6046a407eea85f8,2025-05-09 08:00:00+00:00,2025-05-13 14:14:00+00:00,NVDA,S18,8473,118.01,128.62090000000003,0.0,89906.15570000025,8.99152614185241,TAKE_PROFIT,6.0,9.0,6134.0,0.24496,NEU,
a72e9394c752f884,2025-05-09 08:00:00+00:00,2025-05-12 12:51:00+00:00,AMZN,S18,5186,192.79999999999998,210.142,0.0,89935.61200000007,8.994813278008305,TAKE_PROFIT,6.0,9.0,4611.0,0.22382999999999997,NEU,
7f4423599c833026,2025-05-09 08:01:00+00:00,2025-05-13 14:01:00+00:00,AVGO,S18,4791,208.72,227.49480000000003,0.0,89950.06680000013,8.995208892295912,TAKE_PROFIT,6.0,9.0,6120.0,0.3163625,NEU,
fe9e9b6ab83f99e1,2025-05-09 08:00:00+00:00,2025-05-14 11:02:00+00:00,TSM,S18,5597,178.66,194.72940000000003,0.0,89940.43180000017,8.994402776223009,TAKE_PROFIT,6.0,9.0,7382.0,0.45099999999999996,NEU,
3a361dae90f901c6,2025-05-09 08:00:00+00:00,2025-05-12 08:00:00+00:00,TSLA,S18,3488,286.65999999999997,312.4494,0.0,89953.4272000002,8.996511546780178,TAKE_PROFIT,6.0,9.0,4320.0,0.2885,NEU,
ba0a319ac5ed9aaa,2025-05-09 08:00:00+00:00,2025-05-09 16:00:00,GOOGL,S18,6450,155.01999999999998,152.64000000000001,0.0,-15350.999999999787,-0.10964999999999848,SENTIMENT_EOD_SELL,6.0,9.0,720.0,0.24081000000000002,NEU,
a6f156d7e3fa5547,2025-05-09 08:04:00+00:00,2025-05-09 16:00:00,ADBE,S18,2602,384.31,382.94,0.0,-3564.7400000000116,-0.025462428571428653,SENTIMENT_EOD_SELL,6.0,9.0,716.0,0.34482,NEU,
4d934b96cb9fd962,2025-05-09 08:11:00+00:00,2025-05-09 16:00:00,QCOM,S18,6874,145.45999999999998,145.22,0.0,-1649.7599999998672,-0.01178399999999905,SENTIMENT_EOD_SELL,6.0,9.0,709.0,0.2361625,NEU,
43a234a565daeb2f,2025-05-07 08:02:00+00:00,2025-05-12 09:30:00,CSCO,S18,16795,59.54,60.39,0.0,14275.750000000024,0.10196964285714304,SENTIMENT_MORNING_SELL,6.0,9.0,7528.0,0.359625,NEU,
c90fbc3da613781e,2025-05-12 08:00:00+00:00,2025-05-14 11:01:00+00:00,NVDA,S18,8196,122.01,132.98090000000002,0.0,89917.49640000012,8.991803950495871,TAKE_PROFIT,6.0,9.0,3061.0,0.31070000000000003,NEU,
339bc177b0d0b113,2025-05-12 08:00:00+00:00,2025-05-14 15:39:00+00:00,TSLA,S18,3134,319.01,347.71090000000004,0.0,89948.62060000014,8.996865302028164,TAKE_PROFIT,6.0,9.0,3339.0,0.41772,NEU,
e533d6d16417cd9d,2025-05-12 08:00:00+00:00,2025-05-12 16:00:00,AAPL,S18,4863,205.63,210.14000000000001,0.0,21932.130000000096,0.15665807142857213,SENTIMENT_EOD_SELL,6.0,9.0,720.0,0.27124000000000004,NEU,
e82bc2470d571252,2025-05-12 08:00:00+00:00,2025-05-12 16:00:00,AVGO,S18,4559,219.29999999999998,221.668,0.0,10795.712000000107,0.07711222857142933,SENTIMENT_EOD_SELL,6.0,9.0,720.0,0.3345,NEU,
2fb9e56a976d5397,2025-05-12 08:00:00+00:00,2025-05-12 16:00:00,ORCL,S18,6430,155.51,157.20000000000002,0.0,10866.700000000168,0.07761928571428692,SENTIMENT_EOD_SELL,6.0,9.0,720.0,0.4965,NEU,
48a535a742eb5510,2025-05-12 08:00:00+00:00,2025-05-12 16:00:00,CSCO,S18,16553,60.41,61.74,0.0,22015.49000000009,0.15725350000000063,SENTIMENT_EOD_SELL,6.0,9.0,720.0,0.49375,NEU,
ff61477aded4920e,2025-05-13 08:00:00+00:00,2025-05-14 13:35:00+00:00,TSLA,S18,3159,316.53999999999996,345.0186,0.0,89963.89740000009,8.99684084159981,TAKE_PROFIT,6.0,9.0,1775.0,0.3686,NEU,
6aabefb9294ee4f1,2025-05-13 11:00:00+00:00,2025-05-13 16:00:00,ADBE,S18,2531,395.03,397.3525,0.0,5878.24750000012,0.041987482142858,SENTIMENT_EOD_SELL,6.0,9.0,540.0,0.4599666666666667,NEU,
cfc4e46d27c84aad,2025-05-12 08:00:00+00:00,2025-05-14 09:30:00,QCOM,S18,6648,150.42,151.63,0.0,8044.080000000053,0.05745771428571466,SENTIMENT_MORNING_SELL,6.0,9.0,3210.0,0.44348,NEU,
63bb793c05f1baf3,2025-05-13 08:00:00+00:00,2025-05-14 09:30:00,AVGO,S18,4566,219.01,233.57000000000002,0.0,66480.96000000014,0.47486400000000095,SENTIMENT_MORNING_SELL,6.0,9.0,1770.0,0.2927,NEU,
a5f92910c1554e0c,2025-05-14 08:09:00+00:00,2025-05-14 16:00:00,QCOM,S18,6594,151.64999999999998,152.82000000000002,0.0,7714.980000000292,0.05510700000000209,SENTIMENT_EOD_SELL,6.0,9.0,711.0,0.2803,NEU,
1e80e619c76427d5,2025-05-12 08:00:00+00:00,2025-05-15 16:00:00,META,S18,1615,619.0,641.34,0.0,36079.10000000005,0.2577078571428575,SENTIMENT_EOD_SELL,6.0,9.0,5040.0,0.47735000000000005,NEU,
abb355adb7084ca1,2025-05-13 08:00:00+00:00,2025-05-15 16:00:00,AAPL,S18,4761,210.01,211.0,0.0,4713.390000000043,0.03366707142857173,SENTIMENT_EOD_SELL,6.0,9.0,3600.0,0.28106,NEU,
44f20ac23716bd2c,2025-05-14 08:00:00+00:00,2025-05-15 16:00:00,TSLA,S18,2955,338.37,342.2238,0.0,11387.978999999936,0.08134270714285669,SENTIMENT_EOD_SELL,6.0,9.0,2160.0,0.34683,NEU,
f948ba4aae0e86de,2025-05-12 08:00:00+00:00,2025-05-21 14:56:00+00:00,GOOGL,S18,6369,157.01,171.13090000000003,0.0,89936.01210000023,0.6244463707142872,TAKE_PROFIT,6.0,9.0,13376.0,0.33197,NEU,
99c3e06844291006,2025-05-14 09:02:00+00:00,2025-05-16 16:00:00,ADBE,S18,2521,396.65,412.74,0.0,40562.89000000008,0.28973492857142913,SENTIMENT_EOD_SELL,6.0,9.0,3538.0,0.29231666666666667,NEU,
b31752d7f01a8e49,2025-05-16 08:00:00+00:00,2025-05-16 16:00:00,AAPL,S18,4722,211.76,207.92000000000002,0.0,-18132.479999999883,-0.12951771428571346,SENTIMENT_EOD_SELL,6.0,9.0,720.0,0.20924,NEU,
2098209be564ef47,2025-05-16 08:00:00+00:00,2025-05-16 16:00:00,TSLA,S18,2922,342.21999999999997,340.14,0.0,-6077.759999999954,-0.0434125714285711,SENTIMENT_EOD_SELL,6.0,9.0,720.0,0.48654000000000003,NEU,
c067c3509247187a,2025-05-13 08:05:00+00:00,2025-05-19 09:30:00,CSCO,S18,16212,61.68,63.690000000000005,0.0,32586.120000000083,0.23275800000000058,SENTIMENT_MORNING_SELL,6.0,9.0,8965.0,0.50249,NEU,
3dbb00a4ead48269,2025-05-16 08:02:00+00:00,2025-05-19 09:30:00,AVGO,S18,4295,232.79,221.85000000000002,0.0,-46987.299999999865,-0.33562357142857047,SENTIMENT_MORNING_SELL,6.0,9.0,4648.0,0.43226,NEU,
574c5b5bf80de614,2025-05-16 08:00:00+00:00,2025-05-19 09:30:00,TSM,S18,5148,194.25,189.87,0.0,-22548.239999999976,-0.16105885714285698,SENTIMENT_MORNING_SELL,6.0,9.0,4650.0,0.3326,NEU,
3cb2b9a9a11e1435,2025-05-16 08:07:00+00:00,2025-05-23 12:00:00+00:00,QCOM,S18,6539,152.91,143.7254,0.0,-60058.09939999993,-0.4289864242857137,STOP_LOSS,6.0,9.0,10313.0,0.4267333333333333,NEU,
14f1489e82d6111f,2025-05-19 08:00:00+00:00,2025-05-23 11:20:00+00:00,AAPL,S18,4809,207.91,195.4254,0.0,-60038.4414,-6.00480977345967,STOP_LOSS,6.0,9.0,5960.0,0.30571000000000004,NEU,
b1723e2914087d0d,2025-05-20 08:00:00+00:00,2025-05-23 11:20:00+00:00,AAPL,S18,4787,208.89,196.3466,0.0,-60045.255799999955,-6.004787208578674,STOP_LOSS,6.0,9.0,4520.0,0.24988000000000002,NEU,
15f9d5bc10d64c19,2025-05-20 13:30:00+00:00,2025-05-22 20:21:00+00:00,INTU,S18,1500,666.37,726.3333000000001,0.0,89944.95000000017,8.998499332202847,TAKE_PROFIT,6.0,9.0,3291.0,0.5781333333333333,NEU,
13d786890d70cf7f,2025-05-20 08:00:00+00:00,2025-05-23 11:46:00+00:00,QCOM,S18,6524,153.26,144.0544,0.0,-60057.33440000003,-6.006524859715519,STOP_LOSS,6.0,9.0,4546.0,0.45201,NEU,
be8793b74b1f7c6a,2025-05-20 08:00:00+00:00,2025-05-20 16:00:00,AVGO,S18,4345,230.12,231.20000000000002,0.0,4692.600000000054,0.033518571428571814,SENTIMENT_EOD_SELL,6.0,9.0,720.0,0.25355,NEU,
329aca212de5407d,2025-05-20 11:04:00+00:00,2025-05-20 16:00:00,ADBE,S18,2386,419.01,416.58,0.0,-5797.980000000016,-0.041414142857142976,SENTIMENT_EOD_SELL,6.0,9.0,536.0,0.28576666666666667,NEU,
30977d47bdbb4d0e,2025-05-12 08:00:00+00:00,2025-05-20 23:59:00+00:00,MSFT,S18,2228,448.81,457.2362,0.0,18773.57359999999,0.13409695428571422,BACKTEST_END,6.0,9.0,12479.0,0.23206000000000002,NEU,
b11d4aa03dd79e12,2025-05-13 08:00:00+00:00,2025-05-20 23:59:00+00:00,AMZN,S18,4816,207.62,203.79000000000002,0.0,-18445.279999999922,-0.13175199999999945,BACKTEST_END,6.0,9.0,11039.0,0.24168000000000003,NEU,
73c49c0a79075c3d,2025-05-15 08:00:00+00:00,2025-05-20 23:59:00+00:00,NVDA,S18,7488,133.53,133.99,0.0,3444.4800000000596,0.024603428571428998,BACKTEST_END,6.0,9.0,8159.0,0.29019,NEU,
32751d0d2d02c5eb,2025-05-15 08:36:00+00:00,2025-05-20 22:05:00+00:00,ORCL,S18,6191,161.51,159.88,0.0,-10091.329999999973,-0.07208092857142837,BACKTEST_END,6.0,9.0,8009.0,0.27762000000000003,NEU,
2c72df9c42701c1a,2025-05-19 08:00:00+00:00,2025-05-20 23:59:00+00:00,GOOGL,S18,6137,162.92999999999998,164.26000000000002,0.0,8162.210000000251,0.058301500000001796,BACKTEST_END,6.0,9.0,2399.0,0.31225,NEU,
5d3b0f01ae4aea37,2025-05-20 08:00:00+00:00,2025-05-20 23:56:00+00:00,META,S18,1564,639.36,635.49,0.0,-6052.680000000008,-0.043233428571428624,BACKTEST_END,6.0,9.0,956.0,0.29424,NEU,
a25931188ff5a0e6,2025-05-07 08:20:00+00:00,2025-05-07 16:00:00,QCOM,S19,7110,140.63,143.89000000000001,0.0,23178.600000000137,0.16556142857142955,SENTIMENT_EOD_SELL,8.0,15.0,700.0,0.34524999999999995,NEU,
e3c08ebb79308458,2025-05-07 11:41:00+00:00,2025-05-08 09:30:00,INTU,S19,1586,630.51,643.52,0.0,20633.859999999986,0.14738471428571417,SENTIMENT_MORNING_SELL,8.0,15.0,1549.0,0.4096666666666667,NEU,
2cba6770cbda8a2b,2025-05-07 08:00:00+00:00,2025-05-13 15:27:00+00:00,AVGO,S19,4949,202.04,232.33599999999998,0.0,149934.90399999995,1.5386039999999994,TAKE_PROFIT,8.0,15.0,9087.0,0.26307,NEU,
97996c1bff1ea09c,2025-05-08 08:00:00+00:00,2025-05-08 16:00:00,GOOGL,S19,6512,153.56,154.3899,0.0,5404.30880000006,0.038602205714286145,SENTIMENT_EOD_SELL,8.0,15.0,720.0,0.21204,NEU,
f60661c06f2bae61,2025-05-07 08:00:00+00:00,2025-05-09 09:30:00,MSFT,S19,2294,435.8,438.68,0.0,6606.719999999989,0.04719085714285707,SENTIMENT_MORNING_SELL,8.0,15.0,3210.0,0.25551,NEU,
087698dfbe1486cb,2025-05-07 08:00:00+00:00,2025-05-09 09:30:00,ORCL,S19,6741,148.32999999999998,150.68,0.0,15841.350000000153,0.1131525000000011,SENTIMENT_MORNING_SELL,8.0,15.0,3210.0,0.27408,NEU,
aec888c115bc539c,2025-05-08 11:45:00+00:00,2025-05-09 09:30:00,ADBE,S19,2564,390.01,384.29,0.0,-14666.079999999924,-0.10475771428571375,SENTIMENT_MORNING_SELL,8.0,15.0,1545.0,0.3612,NEU,
d69c88fa3d99403f,2025-05-08 13:30:00+00:00,2025-05-09 09:30:00,INTU,S19,1553,643.54,655.25,0.0,18185.630000000056,0.12989735714285755,SENTIMENT_MORNING_SELL,8.0,15.0,1440.0,0.5106,NEU,
268a139e7264da6f,2025-05-09 08:00:00+00:00,2025-05-13 17:32:00+00:00,TSLA,S19,3488,286.65999999999997,329.64899999999994,0.0,149945.63199999993,14.996511546780154,TAKE_PROFIT,8.0,15.0,6332.0,0.2885,NEU,
5cfa6432a9cd648b,2025-05-09 08:00:00+00:00,2025-05-09 16:00:00,GOOGL,S19,6450,155.01999999999998,152.64000000000001,0.0,-15350.999999999787,-0.10964999999999848,SENTIMENT_EOD_SELL,8.0,15.0,720.0,0.24081000000000002,NEU,
f03955c3e2b4c766,2025-05-09 08:04:00+00:00,2025-05-09 16:00:00,ADBE,S19,2602,384.31,382.94,0.0,-3564.7400000000116,-0.025462428571428653,SENTIMENT_EOD_SELL,8.0,15.0,716.0,0.34482,NEU,
74174aa227cfbf53,2025-05-09 08:11:00+00:00,2025-05-09 16:00:00,QCOM,S19,6874,145.45999999999998,145.22,0.0,-1649.7599999998672,-0.01178399999999905,SENTIMENT_EOD_SELL,8.0,15.0,709.0,0.2361625,NEU,
490f3dcd675840e1,2025-05-07 08:02:00+00:00,2025-05-12 09:30:00,CSCO,S19,16795,59.54,60.39,0.0,14275.750000000024,0.10196964285714304,SENTIMENT_MORNING_SELL,8.0,15.0,7528.0,0.359625,NEU,
cecfb630f48763c9,2025-05-08 08:00:00+00:00,2025-05-12 09:30:00,TSM,S19,5712,175.04,182.63,0.0,43354.080000000016,0.3096720000000001,SENTIMENT_MORNING_SELL,8.0,15.0,6090.0,0.47366,NEU,
15b78ff1f25c94c6,2025-05-09 08:01:00+00:00,2025-05-12 16:00:00,AVGO,S19,4791,208.72,221.668,0.0,62033.86800000004,0.44309905714285736,SENTIMENT_EOD_SELL,8.0,15.0,5039.0,0.3163625,NEU,
4f645ea8fc0f466f,2025-05-12 08:00:00+00:00,2025-05-12 16:00:00,AAPL,S19,4863,205.63,210.14000000000001,0.0,21932.130000000096,0.15665807142857213,SENTIMENT_EOD_SELL,8.0,15.0,720.0,0.27124000000000004,NEU,
093df5af2729db2a,2025-05-12 08:00:00+00:00,2025-05-12 16:00:00,ORCL,S19,6430,155.51,157.20000000000002,0.0,10866.700000000168,0.07761928571428692,SENTIMENT_EOD_SELL,8.0,15.0,720.0,0.4965,NEU,
a89eaca1a2a93c4c,2025-05-12 08:00:00+00:00,2025-05-12 16:00:00,CSCO,S19,16553,60.41,61.74,0.0,22015.49000000009,0.15725350000000063,SENTIMENT_EOD_SELL,8.0,15.0,720.0,0.49375,NEU,
6a4aedbcac1a8a19,2025-05-13 11:00:00+00:00,2025-05-13 16:00:00,ADBE,S19,2531,395.03,397.3525,0.0,5878.24750000012,0.041987482142858,SENTIMENT_EOD_SELL,8.0,15.0,540.0,0.4599666666666667,NEU,
2d5e86b80315c33a,2025-05-08 08:00:00+00:00,2025-05-14 09:30:00,NVDA,S19,8374,119.41000000000001,132.19,0.0,107019.71999999988,0.7644265714285706,SENTIMENT_MORNING_SELL,8.0,15.0,8970.0,0.27297000000000005,NEU,
61339fe0b3f712f1,2025-05-12 08:00:00+00:00,2025-05-14 09:30:00,QCOM,S19,6648,150.42,151.63,0.0,8044.080000000053,0.05745771428571466,SENTIMENT_MORNING_SELL,8.0,15.0,3210.0,0.44348,NEU,
a43f79b4401c29d8,2025-05-13 08:00:00+00:00,2025-05-14 09:30:00,AVGO,S19,4566,219.01,233.57000000000002,0.0,66480.96000000014,0.47486400000000095,SENTIMENT_MORNING_SELL,8.0,15.0,1770.0,0.2927,NEU,
c1a7ee2fb0f6765d,2025-05-14 08:09:00+00:00,2025-05-14 16:00:00,QCOM,S19,6594,151.64999999999998,152.82000000000002,0.0,7714.980000000292,0.05510700000000209,SENTIMENT_EOD_SELL,8.0,15.0,711.0,0.2803,NEU,
5299997073051f12,2025-05-07 08:00:00+00:00,2025-05-15 16:00:00,META,S19,1688,592.33,641.34,0.0,82728.87999999999,0.5909205714285714,SENTIMENT_EOD_SELL,8.0,15.0,12240.0,0.33849,NEU,
4165b862ed76d010,2025-05-12 08:00:00+00:00,2025-05-15 16:00:00,TSLA,S19,3134,319.01,342.2238,0.0,72752.04919999998,0.5196574942857141,SENTIMENT_EOD_SELL,8.0,15.0,5040.0,0.41772,NEU,
cea2ed51632cf004,2025-05-13 08:00:00+00:00,2025-05-15 16:00:00,AAPL,S19,4761,210.01,211.0,0.0,4713.390000000043,0.03366707142857173,SENTIMENT_EOD_SELL,8.0,15.0,3600.0,0.28106,NEU,
d07fe302ee8bf479,2025-05-14 09:02:00+00:00,2025-05-16 16:00:00,ADBE,S19,2521,396.65,412.74,0.0,40562.89000000008,0.28973492857142913,SENTIMENT_EOD_SELL,8.0,15.0,3538.0,0.29231666666666667,NEU,
0b32c45204678428,2025-05-16 08:00:00+00:00,2025-05-16 16:00:00,AAPL,S19,4722,211.76,207.92000000000002,0.0,-18132.479999999883,-0.12951771428571346,SENTIMENT_EOD_SELL,8.0,15.0,720.0,0.20924,NEU,
fbea595197ef9111,2025-05-16 08:00:00+00:00,2025-05-16 16:00:00,TSLA,S19,2922,342.21999999999997,340.14,0.0,-6077.759999999954,-0.0434125714285711,SENTIMENT_EOD_SELL,8.0,15.0,720.0,0.48654000000000003,NEU,
92d074eb5bf89eba,2025-05-13 08:05:00+00:00,2025-05-19 09:30:00,CSCO,S19,16212,61.68,63.690000000000005,0.0,32586.120000000083,0.23275800000000058,SENTIMENT_MORNING_SELL,8.0,15.0,8965.0,0.50249,NEU,
56a6cdf060e17143,2025-05-16 08:02:00+00:00,2025-05-19 09:30:00,AVGO,S19,4295,232.79,221.85000000000002,0.0,-46987.299999999865,-0.33562357142857047,SENTIMENT_MORNING_SELL,8.0,15.0,4648.0,0.43226,NEU,
269b580dbfb73e9a,2025-05-16 08:00:00+00:00,2025-05-19 09:30:00,TSM,S19,5148,194.25,189.87,0.0,-22548.239999999976,-0.16105885714285698,SENTIMENT_MORNING_SELL,8.0,15.0,4650.0,0.3326,NEU,
5c9bbba270e56c94,2025-05-16 08:07:00+00:00,2025-05-19 16:00:00,QCOM,S19,6539,152.91,153.85000000000002,0.0,6146.660000000171,0.043904714285715504,SENTIMENT_EOD_SELL,8.0,15.0,5033.0,0.4267333333333333,NEU,
02b009a8a751d742,2025-05-19 08:00:00+00:00,2025-05-19 16:00:00,AAPL,S19,4809,207.91,208.89000000000001,0.0,4712.820000000087,0.03366300000000062,SENTIMENT_EOD_SELL,8.0,15.0,720.0,0.30571000000000004,NEU,
eaa4fa3e3d46f30c,2025-05-20 08:00:00+00:00,2025-05-20 16:00:00,AAPL,S19,4787,208.89,206.61370000000002,0.0,-10896.648099999826,-0.07783320071428447,SENTIMENT_EOD_SELL,8.0,15.0,720.0,0.24988000000000002,NEU,
4407ab690fb6a214,2025-05-20 08:00:00+00:00,2025-05-20 16:00:00,AVGO,S19,4345,230.12,231.20000000000002,0.0,4692.600000000054,0.033518571428571814,SENTIMENT_EOD_SELL,8.0,15.0,720.0,0.25355,NEU,
0952a09f21094f44,2025-05-20 11:04:00+00:00,2025-05-20 16:00:00,ADBE,S19,2386,419.01,416.58,0.0,-5797.980000000016,-0.041414142857142976,SENTIMENT_EOD_SELL,8.0,15.0,536.0,0.28576666666666667,NEU,
8775acd7de1bd4e0,2025-05-20 13:30:00+00:00,2025-05-20 16:00:00,INTU,S19,1500,666.37,671.15,0.0,7169.999999999959,0.05121428571428542,SENTIMENT_EOD_SELL,8.0,15.0,390.0,0.5781333333333333,NEU,
b172e2236e14c9a4,2025-05-07 08:00:00+00:00,2025-05-20 23:59:00+00:00,AMZN,S19,5340,187.26,203.79000000000002,0.0,88270.20000000016,0.6305014285714297,BACKTEST_END,8.0,15.0,19679.0,0.32632,NEU,
0cf6194c6f5b337d,2025-05-12 08:00:00+00:00,2025-05-20 23:59:00+00:00,MSFT,S19,2228,448.81,457.2362,0.0,18773.57359999999,0.13409695428571422,BACKTEST_END,8.0,15.0,12479.0,0.23206000000000002,NEU,
2fed39b0225ca13a,2025-05-12 08:00:00+00:00,2025-05-20 23:59:00+00:00,GOOGL,S19,6369,157.01,164.26000000000002,0.0,46175.25000000018,0.3298232142857156,BACKTEST_END,8.0,15.0,12479.0,0.33197,NEU,
204b1d5035b456e4,2025-05-15 08:00:00+00:00,2025-05-20 23:59:00+00:00,NVDA,S19,7488,133.53,133.99,0.0,3444.4800000000596,0.024603428571428998,BACKTEST_END,8.0,15.0,8159.0,0.29019,NEU,
18cb5b1e4d955f5f,2025-05-15 08:36:00+00:00,2025-05-20 22:05:00+00:00,ORCL,S19,6191,161.51,159.88,0.0,-10091.329999999973,-0.07208092857142837,BACKTEST_END,8.0,15.0,8009.0,0.27762000000000003,NEU,
c5293ede795a4c59,2025-05-20 08:00:00+00:00,2025-05-20 23:56:00+00:00,META,S19,1564,639.36,635.49,0.0,-6052.680000000008,-0.043233428571428624,BACKTEST_END,8.0,15.0,956.0,0.29424,NEU,
fd6aab3a664b5bfc,2025-05-20 08:00:00+00:00,2025-05-20 23:28:00+00:00,QCOM,S19,6524,153.26,153.49,0.0,1500.5200000001187,0.010718000000000847,BACKTEST_END,8.0,15.0,928.0,0.45201,NEU,
e4de21cab319e7c8,2025-05-07 08:20:00+00:00,2025-05-07 16:00:00,QCOM,S20,7110,140.63,143.89000000000001,0.0,23178.600000000137,0.16556142857142955,SENTIMENT_EOD_SELL,12.0,20.0,700.0,0.34524999999999995,NEU,
4ca4e5488b8503cd,2025-05-07 11:41:00+00:00,2025-05-08 09:30:00,INTU,S20,1586,630.51,643.52,0.0,20633.859999999986,0.14738471428571417,SENTIMENT_MORNING_SELL,12.0,20.0,1549.0,0.4096666666666667,NEU,
dd497674bbeeaf42,2025-05-08 08:00:00+00:00,2025-05-08 16:00:00,GOOGL,S20,6512,153.56,154.3899,0.0,5404.30880000006,0.038602205714286145,SENTIMENT_EOD_SELL,12.0,20.0,720.0,0.21204,NEU,
d516c78130c0aeff,2025-05-07 08:00:00+00:00,2025-05-09 09:30:00,MSFT,S20,2294,435.8,438.68,0.0,6606.719999999989,0.04719085714285707,SENTIMENT_MORNING_SELL,12.0,20.0,3210.0,0.25551,NEU,
7fbc94b54057ab4f,2025-05-07 08:00:00+00:00,2025-05-09 09:30:00,ORCL,S20,6741,148.32999999999998,150.68,0.0,15841.350000000153,0.1131525000000011,SENTIMENT_MORNING_SELL,12.0,20.0,3210.0,0.27408,NEU,
91d716f69fb2988b,2025-05-08 11:45:00+00:00,2025-05-09 09:30:00,ADBE,S20,2564,390.01,384.29,0.0,-14666.079999999924,-0.10475771428571375,SENTIMENT_MORNING_SELL,12.0,20.0,1545.0,0.3612,NEU,
4b94183418ee0f77,2025-05-08 13:30:00+00:00,2025-05-09 09:30:00,INTU,S20,1553,643.54,655.25,0.0,18185.630000000056,0.12989735714285755,SENTIMENT_MORNING_SELL,12.0,20.0,1440.0,0.5106,NEU,
81d8c46185902499,2025-05-09 08:00:00+00:00,2025-05-14 11:29:00+00:00,TSLA,S20,3488,286.65999999999997,343.98199999999997,0.0,199939.136,19.99651154678016,TAKE_PROFIT,12.0,20.0,7409.0,0.2885,NEU,
3ea8cd27282e3d63,2025-05-09 08:00:00+00:00,2025-05-09 16:00:00,GOOGL,S20,6450,155.01999999999998,152.64000000000001,0.0,-15350.999999999787,-0.10964999999999848,SENTIMENT_EOD_SELL,12.0,20.0,720.0,0.24081000000000002,NEU,
1290da8346d60e80,2025-05-09 08:04:00+00:00,2025-05-09 16:00:00,ADBE,S20,2602,384.31,382.94,0.0,-3564.7400000000116,-0.025462428571428653,SENTIMENT_EOD_SELL,12.0,20.0,716.0,0.34482,NEU,
440f8548c8baf188,2025-05-09 08:11:00+00:00,2025-05-09 16:00:00,QCOM,S20,6874,145.45999999999998,145.22,0.0,-1649.7599999998672,-0.01178399999999905,SENTIMENT_EOD_SELL,12.0,20.0,709.0,0.2361625,NEU,
5787764d56510dd3,2025-05-07 08:02:00+00:00,2025-05-12 09:30:00,CSCO,S20,16795,59.54,60.39,0.0,14275.750000000024,0.10196964285714304,SENTIMENT_MORNING_SELL,12.0,20.0,7528.0,0.359625,NEU,
58ef98f1024a2926,2025-05-08 08:00:00+00:00,2025-05-12 09:30:00,TSM,S20,5712,175.04,182.63,0.0,43354.080000000016,0.3096720000000001,SENTIMENT_MORNING_SELL,12.0,20.0,6090.0,0.47366,NEU,
17818a393b55d985,2025-05-07 08:00:00+00:00,2025-05-12 16:00:00,AVGO,S20,4949,202.04,221.668,0.0,97138.97200000007,0.6938498000000005,SENTIMENT_EOD_SELL,12.0,20.0,7920.0,0.26307,NEU,
1cf9c247b6233e43,2025-05-12 08:00:00+00:00,2025-05-12 16:00:00,AAPL,S20,4863,205.63,210.14000000000001,0.0,21932.130000000096,0.15665807142857213,SENTIMENT_EOD_SELL,12.0,20.0,720.0,0.27124000000000004,NEU,
265155533b808656,2025-05-12 08:00:00+00:00,2025-05-12 16:00:00,ORCL,S20,6430,155.51,157.20000000000002,0.0,10866.700000000168,0.07761928571428692,SENTIMENT_EOD_SELL,12.0,20.0,720.0,0.4965,NEU,
bb964990b943efa1,2025-05-12 08:00:00+00:00,2025-05-12 16:00:00,CSCO,S20,16553,60.41,61.74,0.0,22015.49000000009,0.15725350000000063,SENTIMENT_EOD_SELL,12.0,20.0,720.0,0.49375,NEU,
42e33a5889b705c4,2025-05-13 11:00:00+00:00,2025-05-13 16:00:00,ADBE,S20,2531,395.03,397.3525,0.0,5878.24750000012,0.041987482142858,SENTIMENT_EOD_SELL,12.0,20.0,540.0,0.4599666666666667,NEU,
a351a91d92f6ca9d,2025-05-08 08:00:00+00:00,2025-05-14 09:30:00,NVDA,S20,8374,119.41000000000001,132.19,0.0,107019.71999999988,0.7644265714285706,SENTIMENT_MORNING_SELL,12.0,20.0,8970.0,0.27297000000000005,NEU,
391dcc3999e95b02,2025-05-12 08:00:00+00:00,2025-05-14 09:30:00,QCOM,S20,6648,150.42,151.63,0.0,8044.080000000053,0.05745771428571466,SENTIMENT_MORNING_SELL,12.0,20.0,3210.0,0.44348,NEU,
aefc855580f0d161,2025-05-13 08:00:00+00:00,2025-05-14 09:30:00,AVGO,S20,4566,219.01,233.57000000000002,0.0,66480.96000000014,0.47486400000000095,SENTIMENT_MORNING_SELL,12.0,20.0,1770.0,0.2927,NEU,
def0cc9d00099f9b,2025-05-14 08:09:00+00:00,2025-05-14 16:00:00,QCOM,S20,6594,151.64999999999998,152.82000000000002,0.0,7714.980000000292,0.05510700000000209,SENTIMENT_EOD_SELL,12.0,20.0,711.0,0.2803,NEU,
ced5510ea1b68a01,2025-05-07 08:00:00+00:00,2025-05-15 16:00:00,META,S20,1688,592.33,641.34,0.0,82728.87999999999,0.5909205714285714,SENTIMENT_EOD_SELL,12.0,20.0,12240.0,0.33849,NEU,
ba8d9506fcb59083,2025-05-12 08:00:00+00:00,2025-05-15 16:00:00,TSLA,S20,3134,319.01,342.2238,0.0,72752.04919999998,0.5196574942857141,SENTIMENT_EOD_SELL,12.0,20.0,5040.0,0.41772,NEU,
03dc5aa9675f412f,2025-05-13 08:00:00+00:00,2025-05-15 16:00:00,AAPL,S20,4761,210.01,211.0,0.0,4713.390000000043,0.03366707142857173,SENTIMENT_EOD_SELL,12.0,20.0,3600.0,0.28106,NEU,
b830ae43e7de7947,2025-05-14 09:02:00+00:00,2025-05-16 16:00:00,ADBE,S20,2521,396.65,412.74,0.0,40562.89000000008,0.28973492857142913,SENTIMENT_EOD_SELL,12.0,20.0,3538.0,0.29231666666666667,NEU,
611c05c1c7cab24a,2025-05-16 08:00:00+00:00,2025-05-16 16:00:00,AAPL,S20,4722,211.76,207.92000000000002,0.0,-18132.479999999883,-0.12951771428571346,SENTIMENT_EOD_SELL,12.0,20.0,720.0,0.20924,NEU,
0ffd0f16ea67be16,2025-05-16 08:00:00+00:00,2025-05-16 16:00:00,TSLA,S20,2922,342.21999999999997,340.14,0.0,-6077.759999999954,-0.0434125714285711,SENTIMENT_EOD_SELL,12.0,20.0,720.0,0.48654000000000003,NEU,
429ad3f024de37c8,2025-05-13 08:05:00+00:00,2025-05-19 09:30:00,CSCO,S20,16212,61.68,63.690000000000005,0.0,32586.120000000083,0.23275800000000058,SENTIMENT_MORNING_SELL,12.0,20.0,8965.0,0.50249,NEU,
fe61203095fbbf2d,2025-05-16 08:02:00+00:00,2025-05-19 09:30:00,AVGO,S20,4295,232.79,221.85000000000002,0.0,-46987.299999999865,-0.33562357142857047,SENTIMENT_MORNING_SELL,12.0,20.0,4648.0,0.43226,NEU,
c35df89830dbd0fa,2025-05-16 08:00:00+00:00,2025-05-19 09:30:00,TSM,S20,5148,194.25,189.87,0.0,-22548.239999999976,-0.16105885714285698,SENTIMENT_MORNING_SELL,12.0,20.0,4650.0,0.3326,NEU,
b8217ef006e823cc,2025-05-16 08:07:00+00:00,2025-05-19 16:00:00,QCOM,S20,6539,152.91,153.85000000000002,0.0,6146.660000000171,0.043904714285715504,SENTIMENT_EOD_SELL,12.0,20.0,5033.0,0.4267333333333333,NEU,
3e1d27a707d4238d,2025-05-19 08:00:00+00:00,2025-05-19 16:00:00,AAPL,S20,4809,207.91,208.89000000000001,0.0,4712.820000000087,0.03366300000000062,SENTIMENT_EOD_SELL,12.0,20.0,720.0,0.30571000000000004,NEU,
691e2e123ae2566f,2025-05-20 08:00:00+00:00,2025-05-20 16:00:00,AAPL,S20,4787,208.89,206.61370000000002,0.0,-10896.648099999826,-0.07783320071428447,SENTIMENT_EOD_SELL,12.0,20.0,720.0,0.24988000000000002,NEU,
9719ecc945e93290,2025-05-20 08:00:00+00:00,2025-05-20 16:00:00,AVGO,S20,4345,230.12,231.20000000000002,0.0,4692.600000000054,0.033518571428571814,SENTIMENT_EOD_SELL,12.0,20.0,720.0,0.25355,NEU,
1ebc53b50d824979,2025-05-20 11:04:00+00:00,2025-05-20 16:00:00,ADBE,S20,2386,419.01,416.58,0.0,-5797.980000000016,-0.041414142857142976,SENTIMENT_EOD_SELL,12.0,20.0,536.0,0.28576666666666667,NEU,
188741afcffbf6ae,2025-05-20 13:30:00+00:00,2025-05-20 16:00:00,INTU,S20,1500,666.37,671.15,0.0,7169.999999999959,0.05121428571428542,SENTIMENT_EOD_SELL,12.0,20.0,390.0,0.5781333333333333,NEU,
8d2a22651a44d40b,2025-05-07 08:00:00+00:00,2025-05-20 23:59:00+00:00,AMZN,S20,5340,187.26,203.79000000000002,0.0,88270.20000000016,0.6305014285714297,BACKTEST_END,12.0,20.0,19679.0,0.32632,NEU,
de46a5ed660b8589,2025-05-12 08:00:00+00:00,2025-05-20 23:59:00+00:00,MSFT,S20,2228,448.81,457.2362,0.0,18773.57359999999,0.13409695428571422,BACKTEST_END,12.0,20.0,12479.0,0.23206000000000002,NEU,
3b6d0e5f51d2a6fc,2025-05-12 08:00:00+00:00,2025-05-20 23:59:00+00:00,GOOGL,S20,6369,157.01,164.26000000000002,0.0,46175.25000000018,0.3298232142857156,BACKTEST_END,12.0,20.0,12479.0,0.33197,NEU,
ba28d280b658d54c,2025-05-15 08:00:00+00:00,2025-05-20 23:59:00+00:00,NVDA,S20,7488,133.53,133.99,0.0,3444.4800000000596,0.024603428571428998,BACKTEST_END,12.0,20.0,8159.0,0.29019,NEU,
8599ae8ef6e73230,2025-05-15 08:36:00+00:00,2025-05-20 22:05:00+00:00,ORCL,S20,6191,161.51,159.88,0.0,-10091.329999999973,-0.07208092857142837,BACKTEST_END,12.0,20.0,8009.0,0.27762000000000003,NEU,
0c7f33bf4174f0a4,2025-05-20 08:00:00+00:00,2025-05-20 23:56:00+00:00,META,S20,1564,639.36,635.49,0.0,-6052.680000000008,-0.043233428571428624,BACKTEST_END,12.0,20.0,956.0,0.29424,NEU,
24295759f49b0918,2025-05-20 08:00:00+00:00,2025-05-20 23:28:00+00:00,QCOM,S20,6524,153.26,153.49,0.0,1500.5200000001187,0.010718000000000847,BACKTEST_END,12.0,20.0,928.0,0.45201,NEU,
