trade_id,open_time,close_time,symbol,strategy_id,qty,entry_price,exit_price,fees_usd,pnl_usd,pnl_pct,exit_reason,stop_pct,take_pct,holding_minutes,sentiment_score,sentiment_label,news_headline
5cc85d5586a2eb64,2025-03-07 00:02:00+00:00,2025-03-10 13:30:00+00:00,MSFT,S01,2519,396.9,384.983,0.0,-30018.922999999933,-3.0025195263290434,STOP_LOSS,3.0,5.0,5128.0,0.30873,NEU,
3cff6e2436fedca2,2025-03-07 00:00:00+00:00,2025-03-07 16:25:00+00:00,AMZN,S01,4974,201.01,194.9697,0.0,-30044.45220000001,-3.0049748768717985,STOP_LOSS,3.0,5.0,985.0,0.22949999999999998,NEU,
cfb70c7d4c6f9a22,2025-03-07 00:00:00+00:00,2025-03-10 13:31:00+00:00,GOOGL,S01,5800,172.41,167.2277,0.0,-30057.33999999999,-3.0058001276028063,STOP_LOSS,3.0,5.0,5131.0,0.46881000000000006,NEU,
9865b66eae048bef,2025-03-07 00:00:00+00:00,2025-03-10 14:43:00+00:00,ORCL,S01,6562,152.3734,147.792198,0.0,-30061.84752399994,-3.0065628252700214,STOP_LOSS,3.0,5.0,5203.0,0.3635,NEU,
79f2437293d7d4e7,2025-03-07 00:24:00+00:00,2025-03-11 13:31:00+00:00,ADBE,S01,2247,444.90999999999997,431.55269999999996,0.0,-30013.853100000022,-3.0022476455912455,STOP_LOSS,3.0,5.0,6547.0,0.27180000000000004,NEU,
1c53a2b89419867a,2025-03-07 00:29:00+00:00,2025-03-10 20:00:00+00:00,QCOM,S01,6429,155.5272,150.851384,0.0,-30060.821063999985,-3.006429743478953,STOP_LOSS,3.0,5.0,5491.0,0.5106,NEU,
f0d59e5121823461,2025-03-10 08:00:00+00:00,2025-03-10 14:51:00+00:00,AMZN,S01,5049,198.01999999999998,192.06939999999997,0.0,-30044.579400000042,-3.00504999495001,STOP_LOSS,3.0,5.0,411.0,0.24796,NEU,
2bb16ae44dc99c3b,2025-03-10 08:00:00+00:00,2025-03-10 13:27:00+00:00,GOOGL,S01,5771,173.26,168.0522,0.0,-30054.213799999954,-3.0057716726307238,STOP_LOSS,3.0,5.0,327.0,0.27662,NEU,
60e7202c63540738,2025-03-10 08:00:00+00:00,2025-03-10 12:43:00+00:00,AVGO,S01,5181,193.01,187.2097,0.0,-30051.354299999963,-3.005181078700582,STOP_LOSS,3.0,5.0,283.0,0.38653333333333334,NEU,
00c61ad4f2edb982,2025-03-10 08:00:00+00:00,2025-03-10 14:19:00+00:00,TSM,S01,5646,177.1,171.777,0.0,-30053.658000000043,-3.0056465273856623,STOP_LOSS,3.0,5.0,379.0,0.42397142857142855,NEU,
df33c8fce6006dc2,2025-03-10 08:05:00+00:00,2025-03-10 14:00:00+00:00,ORCL,S01,6493,154.01,149.37969999999999,0.0,-30064.537900000036,-3.006493084864623,STOP_LOSS,3.0,5.0,355.0,0.20962499999999998,NEU,
2c52ea22fcabf9bc,2025-03-10 08:17:00+00:00,2025-03-10 19:06:00+00:00,CSCO,S01,15696,63.71,61.7887,0.0,-30156.724800000036,-3.0156961230576083,STOP_LOSS,3.0,5.0,649.0,0.38335,NEU,
55f2b197423d1c3c,2025-03-10 08:18:00+00:00,2025-03-10 18:00:00+00:00,QCOM,S01,6267,159.56,154.7632,0.0,-30061.54559999994,-3.006267234895958,STOP_LOSS,3.0,5.0,582.0,0.25898571428571426,NEU,
121dd21202468cee,2025-03-11 08:00:00+00:00,2025-03-12 12:32:00+00:00,META,S01,1683,594.01,623.7005,0.0,49969.11150000007,4.998316526657807,TAKE_PROFIT,3.0,5.0,1712.0,0.22361111111111112,NEU,
f7337fe36ffb2e71,2025-03-11 08:00:00+00:00,2025-03-11 13:32:00+00:00,ORCL,S01,6896,145.0,140.64000000000001,0.0,-30066.5599999999,-3.0068965517241275,STOP_LOSS,3.0,5.0,332.0,0.20078999999999997,NEU,
b6208964f1850d78,2025-03-11 08:13:00+00:00,2025-03-12 14:41:00+00:00,CSCO,S01,16066,62.239999999999995,60.36279999999999,0.0,-30159.095200000032,-3.016066838046276,STOP_LOSS,3.0,5.0,1828.0,0.3178,NEU,
26b03d4498869dc3,2025-03-11 08:53:00+00:00,2025-03-13 13:54:00+00:00,INTU,S01,1715,583.01,565.5097,0.0,-30013.014500000067,-3.0017152364453508,STOP_LOSS,3.0,5.0,3181.0,0.46345000000000003,NEU,
8981e442dfa24548,2025-03-11 08:00:00+00:00,2025-03-11 16:00:00,QCOM,S01,6496,153.92,153.10000000000002,0.0,-5326.719999999771,-0.03804799999999837,SENTIMENT_EOD_SELL,3.0,5.0,720.0,0.23700000000000002,NEU,
eb0728c3701c6c8a,2025-03-12 08:00:00+00:00,2025-03-12 13:34:00+00:00,NVDA,S01,9089,110.02000000000001,115.51100000000001,0.0,49907.699,4.990910743501181,TAKE_PROFIT,3.0,5.0,334.0,0.26033,NEU,
7dc203228d81acc2,2025-03-12 08:00:00+00:00,2025-03-13 17:14:00+00:00,META,S01,1644,608.01,589.7597,0.0,-30003.493200000063,-3.0016447097909635,STOP_LOSS,3.0,5.0,1994.0,0.27731,NEU,
92a4b04d55dc9831,2025-03-12 08:26:00+00:00,2025-03-12 18:29:00+00:00,ORCL,S01,6912,144.66,151.883,0.0,49925.37600000009,4.993087239043283,TAKE_PROFIT,3.0,5.0,603.0,0.262725,NEU,
b307bcdfc09384db,2025-03-12 11:10:00+00:00,2025-03-12 20:06:00+00:00,ADBE,S01,2293,436.03999999999996,422.94879999999995,0.0,-30018.121600000035,-3.0022933675809593,STOP_LOSS,3.0,5.0,536.0,0.29754,NEU,
e5811fda38df9812,2025-03-12 08:00:00+00:00,2025-03-12 16:00:00,MSFT,S01,2624,381.01,384.04,0.0,7950.720000000078,0.0567908571428577,SENTIMENT_EOD_SELL,3.0,5.0,720.0,0.28993,NEU,
543bff37dc535271,2025-03-12 08:00:00+00:00,2025-03-12 16:00:00,GOOGL,S01,6070,164.73,167.69,0.0,17967.200000000048,0.1283371428571432,SENTIMENT_EOD_SELL,3.0,5.0,720.0,0.26242,NEU,
0d91946ea952b04f,2025-03-11 08:00:00+00:00,2025-03-13 09:30:00,AMZN,S01,5145,194.35999999999999,197.39000000000001,0.0,15589.350000000151,0.11135250000000108,SENTIMENT_MORNING_SELL,3.0,5.0,3210.0,0.35903,NEU,
310d593b2916551e,2025-03-13 08:00:00+00:00,2025-03-14 13:51:00+00:00,NVDA,S01,8710,114.81,120.54050000000001,0.0,49912.65500000006,4.991289957320796,TAKE_PROFIT,3.0,5.0,1791.0,0.28837,NEU,
0cd00974b5d9708b,2025-03-13 08:00:00+00:00,2025-03-13 13:57:00+00:00,META,S01,1623,615.85,597.3645,0.0,-30001.966500000002,-3.001623772022408,STOP_LOSS,3.0,5.0,357.0,0.27443,NEU,
a3c8136f1e2e64c9,2025-03-13 08:18:00+00:00,2025-03-13 13:14:00+00:00,ADBE,S01,2392,418.01,405.4597,0.0,-30020.317599999984,-3.0023922872658533,STOP_LOSS,3.0,5.0,296.0,0.3750222222222222,NEU,
7aa431842090d787,2025-03-12 08:38:00+00:00,2025-03-14 09:30:00,CSCO,S01,16482,60.669999999999995,59.99,0.0,-11207.759999999878,-0.0800554285714277,SENTIMENT_MORNING_SELL,3.0,5.0,3172.0,0.27077999999999997,NEU,
5fe35bd2a9686450,2025-03-12 08:10:00+00:00,2025-03-14 09:30:00,QCOM,S01,6508,153.64999999999998,153.3,0.0,-2277.7999999997783,-0.016269999999998418,SENTIMENT_MORNING_SELL,3.0,5.0,3200.0,0.3796875,NEU,
856e9bac2b957618,2025-03-12 08:00:00+00:00,2025-03-14 16:00:00,AVGO,S01,5235,191.01,195.5,0.0,23505.15000000005,0.16789392857142893,SENTIMENT_EOD_SELL,3.0,5.0,3600.0,0.20607000000000003,NEU,
99651ad9570af06c,2025-03-17 08:00:00+00:00,2025-03-18 13:53:00+00:00,GOOGL,S01,6072,164.69,159.73930000000001,0.0,-30060.6503999999,-3.006072014087063,STOP_LOSS,3.0,5.0,1793.0,0.23284000000000002,NEU,
3f6af5bd4818adc2,2025-03-17 08:00:00+00:00,2025-03-17 13:17:00+00:00,AVGO,S01,5114,195.51,189.63469999999998,0.0,-30046.28420000005,-3.005114827886047,STOP_LOSS,3.0,5.0,317.0,0.20299999999999999,NEU,
74c7b37734a450db,2025-03-13 08:00:00+00:00,2025-03-17 16:00:00,MSFT,S01,2626,380.78999999999996,388.94,0.0,21401.90000000009,0.15287071428571491,SENTIMENT_EOD_SELL,3.0,5.0,6480.0,0.2926,NEU,
282b987f307c79ef,2025-03-17 08:05:00+00:00,2025-03-17 16:00:00,INTU,S01,1671,598.31,602.1,0.0,6333.090000000129,0.04523635714285807,SENTIMENT_EOD_SELL,3.0,5.0,715.0,0.36375,NEU,
91c7b8b2f4795b4b,2025-03-12 08:00:00+00:00,2025-03-18 09:30:00,TSM,S01,5800,172.41,174.88,0.0,14325.999999999993,0.10232857142857138,SENTIMENT_MORNING_SELL,3.0,5.0,8970.0,0.37535,NEU,
e0ef9e304409a280,2025-03-13 08:01:00+00:00,2025-03-18 09:30:00,ORCL,S01,6697,149.31,154.68,0.0,35962.89000000003,0.25687778571428593,SENTIMENT_MORNING_SELL,3.0,5.0,7529.0,0.3826714285714286,NEU,
0d8e2ef0300c6948,2025-03-18 08:22:00+00:00,2025-03-18 16:00:00,CSCO,S01,16452,60.78,60.36,0.0,-6909.840000000028,-0.049356000000000205,SENTIMENT_EOD_SELL,3.0,5.0,698.0,0.31216666666666665,NEU,
57feca1478d2b194,2025-03-18 08:03:00+00:00,2025-03-19 09:30:00,AAPL,S01,4678,213.73999999999998,213.57000000000002,0.0,-795.2599999998085,-0.005680428571427204,SENTIMENT_MORNING_SELL,3.0,5.0,1767.0,0.252525,NEU,
d4270af7570853cd,2025-03-19 08:00:00+00:00,2025-03-24 13:33:00+00:00,NVDA,S01,8702,114.91000000000001,120.64550000000001,0.0,49910.32100000002,4.99129753720303,TAKE_PROFIT,3.0,5.0,7533.0,0.29938000000000003,NEU,
22cdffe78e101ac3,2025-03-19 08:00:00+00:00,2025-03-20 15:30:00+00:00,META,S01,1720,581.14,610.187,0.0,49960.84000000004,4.998279244244077,TAKE_PROFIT,3.0,5.0,1890.0,0.2205666666666667,NEU,
f96381661f99a866,2025-03-19 08:00:00+00:00,2025-03-24 10:53:00+00:00,TSM,S01,5847,171.01,179.5505,0.0,49936.30350000005,4.994152388749201,TAKE_PROFIT,3.0,5.0,7373.0,0.25,NEU,
2bcd292de35c9690,2025-03-18 08:57:00+00:00,2025-03-20 09:30:00,QCOM,S01,6346,157.56,158.5,0.0,5965.239999999985,0.04260885714285704,SENTIMENT_MORNING_SELL,3.0,5.0,3153.0,0.38204000000000005,NEU,
2d4b973d381d3134,2025-03-20 08:00:00+00:00,2025-03-21 13:38:00+00:00,NVDA,S01,8395,119.11,115.52669999999999,0.0,-30081.80350000007,-3.0083956007052377,STOP_LOSS,3.0,5.0,1778.0,0.28411,NEU,
b277e0f10f3a653f,2025-03-20 08:00:00+00:00,2025-03-21 13:25:00+00:00,GOOGL,S01,6051,165.26,160.2922,0.0,-30060.157799999895,-3.006051071039564,STOP_LOSS,3.0,5.0,1765.0,0.3069375,NEU,
dc8fae5fea6bc269,2025-03-20 08:00:00+00:00,2025-03-20 13:28:00+00:00,AVGO,S01,5064,197.47,191.5359,0.0,-30050.282400000004,-3.0050640603636,STOP_LOSS,3.0,5.0,328.0,0.52649,NEU,
e5f80d7087ca15fd,2025-03-20 08:00:00+00:00,2025-03-20 09:54:00+00:00,TSLA,S01,4157,240.53,233.3041,0.0,-30038.066299999984,-3.0041574855527364,STOP_LOSS,3.0,5.0,114.0,0.27774,NEU,
f8f712e9f7fff1b3,2025-03-20 09:17:00+00:00,2025-03-21 13:32:00+00:00,QCOM,S01,6308,158.51999999999998,153.75439999999998,0.0,-30061.40480000004,-3.006308352258394,STOP_LOSS,3.0,5.0,1695.0,0.4209333333333333,NEU,
4d0b8f4920c6e99c,2025-03-20 08:00:00+00:00,2025-03-20 16:00:00,TSM,S01,5684,175.91,177.06,0.0,6536.600000000032,0.04669000000000023,SENTIMENT_EOD_SELL,3.0,5.0,720.0,0.27453333333333335,NEU,
edecdf8da82de690,2025-03-20 08:01:00+00:00,2025-03-20 16:00:00,ORCL,S01,6495,153.95999999999998,152.7099,0.0,-8119.399499999837,-0.05799571071428455,SENTIMENT_EOD_SELL,3.0,5.0,719.0,0.41967,NEU,
e7c0bd1cda9dde4f,2025-03-17 10:33:00+00:00,2025-03-20 23:17:00+00:00,ADBE,S01,2545,392.78999999999996,391.49,0.0,-3308.4999999998845,-0.023632142857142033,BACKTEST_END,3.0,5.0,5084.0,0.21939999999999998,NEU,
038264ebd67165fc,2025-03-18 08:16:00+00:00,2025-03-20 23:57:00+00:00,MSFT,S01,2573,388.53,386.98,0.0,-3988.149999999883,-0.02848678571428488,BACKTEST_END,3.0,5.0,3821.0,0.27985000000000004,NEU,
3e54a053ad88316d,2025-03-19 08:30:00+00:00,2025-03-20 20:00:00+00:00,INTU,S01,1663,601.01,600.41,0.0,-997.8000000000378,-0.007127142857143128,BACKTEST_END,3.0,5.0,2130.0,0.25,NEU,
d7468a4bf7f50358,2025-03-07 00:02:00+00:00,2025-03-10 13:30:00+00:00,MSFT,S02,2519,396.9,384.983,0.0,-30018.922999999933,-3.0025195263290434,STOP_LOSS,3.0,8.0,5128.0,0.30873,NEU,
7326cf6cf075737b,2025-03-07 00:00:00+00:00,2025-03-07 16:25:00+00:00,AMZN,S02,4974,201.01,194.9697,0.0,-30044.45220000001,-3.0049748768717985,STOP_LOSS,3.0,8.0,985.0,0.22949999999999998,NEU,
14f52d6664571a7d,2025-03-07 00:00:00+00:00,2025-03-10 13:31:00+00:00,GOOGL,S02,5800,172.41,167.2277,0.0,-30057.33999999999,-3.0058001276028063,STOP_LOSS,3.0,8.0,5131.0,0.46881000000000006,NEU,
1decef8fc71b27ae,2025-03-07 00:00:00+00:00,2025-03-10 14:43:00+00:00,ORCL,S02,6562,152.3734,147.792198,0.0,-30061.84752399994,-3.0065628252700214,STOP_LOSS,3.0,8.0,5203.0,0.3635,NEU,
152b0676fe308ca9,2025-03-07 00:24:00+00:00,2025-03-11 13:31:00+00:00,ADBE,S02,2247,444.90999999999997,431.55269999999996,0.0,-30013.853100000022,-3.0022476455912455,STOP_LOSS,3.0,8.0,6547.0,0.27180000000000004,NEU,
a246d2712e5f0e9a,2025-03-07 00:29:00+00:00,2025-03-10 20:00:00+00:00,QCOM,S02,6429,155.5272,150.851384,0.0,-30060.821063999985,-3.006429743478953,STOP_LOSS,3.0,8.0,5491.0,0.5106,NEU,
63c0078d90ff79bb,2025-03-10 08:00:00+00:00,2025-03-10 14:51:00+00:00,AMZN,S02,5049,198.01999999999998,192.06939999999997,0.0,-30044.579400000042,-3.00504999495001,STOP_LOSS,3.0,8.0,411.0,0.24796,NEU,
35bb9debad8c42c8,2025-03-10 08:00:00+00:00,2025-03-10 13:27:00+00:00,GOOGL,S02,5771,173.26,168.0522,0.0,-30054.213799999954,-3.0057716726307238,STOP_LOSS,3.0,8.0,327.0,0.27662,NEU,
488367c160c08f2e,2025-03-10 08:00:00+00:00,2025-03-10 12:43:00+00:00,AVGO,S02,5181,193.01,187.2097,0.0,-30051.354299999963,-3.005181078700582,STOP_LOSS,3.0,8.0,283.0,0.38653333333333334,NEU,
d82c341c5f0f8982,2025-03-10 08:00:00+00:00,2025-03-10 14:19:00+00:00,TSM,S02,5646,177.1,171.777,0.0,-30053.658000000043,-3.0056465273856623,STOP_LOSS,3.0,8.0,379.0,0.42397142857142855,NEU,
a3ea8a89f9b70f4c,2025-03-10 08:05:00+00:00,2025-03-10 14:00:00+00:00,ORCL,S02,6493,154.01,149.37969999999999,0.0,-30064.537900000036,-3.006493084864623,STOP_LOSS,3.0,8.0,355.0,0.20962499999999998,NEU,
d10b1ab3718355a4,2025-03-10 08:17:00+00:00,2025-03-10 19:06:00+00:00,CSCO,S02,15696,63.71,61.7887,0.0,-30156.724800000036,-3.0156961230576083,STOP_LOSS,3.0,8.0,649.0,0.38335,NEU,
50ee842b388e2360,2025-03-10 08:18:00+00:00,2025-03-10 18:00:00+00:00,QCOM,S02,6267,159.56,154.7632,0.0,-30061.54559999994,-3.006267234895958,STOP_LOSS,3.0,8.0,582.0,0.25898571428571426,NEU,
5cd05c64a250b3f2,2025-03-11 08:00:00+00:00,2025-03-11 13:32:00+00:00,ORCL,S02,6896,145.0,140.64000000000001,0.0,-30066.5599999999,-3.0068965517241275,STOP_LOSS,3.0,8.0,332.0,0.20078999999999997,NEU,
f13b29610e927dca,2025-03-11 08:13:00+00:00,2025-03-12 14:41:00+00:00,CSCO,S02,16066,62.239999999999995,60.36279999999999,0.0,-30159.095200000032,-3.016066838046276,STOP_LOSS,3.0,8.0,1828.0,0.3178,NEU,
5cb3ca8b09e01e99,2025-03-11 08:53:00+00:00,2025-03-13 13:54:00+00:00,INTU,S02,1715,583.01,565.5097,0.0,-30013.014500000067,-3.0017152364453508,STOP_LOSS,3.0,8.0,3181.0,0.46345000000000003,NEU,
2230e9853b3dfa8b,2025-03-11 08:00:00+00:00,2025-03-11 16:00:00,META,S02,1683,594.01,606.99,0.0,21845.34000000003,0.15603814285714307,SENTIMENT_EOD_SELL,3.0,8.0,720.0,0.22361111111111112,NEU,
3d242e9a6cc1bcd3,2025-03-11 08:00:00+00:00,2025-03-11 16:00:00,QCOM,S02,6496,153.92,153.10000000000002,0.0,-5326.719999999771,-0.03804799999999837,SENTIMENT_EOD_SELL,3.0,8.0,720.0,0.23700000000000002,NEU,
47ab3c04d6ce1308,2025-03-12 08:00:00+00:00,2025-03-14 12:24:00+00:00,NVDA,S02,9089,110.02000000000001,118.81160000000001,0.0,79906.85240000002,7.990910743501183,TAKE_PROFIT,3.0,8.0,3144.0,0.26033,NEU,
5bd185fa39787258,2025-03-12 08:00:00+00:00,2025-03-13 17:14:00+00:00,META,S02,1644,608.01,589.7597,0.0,-30003.493200000063,-3.0016447097909635,STOP_LOSS,3.0,8.0,1994.0,0.27731,NEU,
b5ab05e509e94ee8,2025-03-12 11:10:00+00:00,2025-03-12 20:06:00+00:00,ADBE,S02,2293,436.03999999999996,422.94879999999995,0.0,-30018.121600000035,-3.0022933675809593,STOP_LOSS,3.0,8.0,536.0,0.29754,NEU,
2e713b54311a1bbf,2025-03-12 08:00:00+00:00,2025-03-12 16:00:00,MSFT,S02,2624,381.01,384.04,0.0,7950.720000000078,0.0567908571428577,SENTIMENT_EOD_SELL,3.0,8.0,720.0,0.28993,NEU,
0c55a14d4b17a859,2025-03-12 08:00:00+00:00,2025-03-12 16:00:00,GOOGL,S02,6070,164.73,167.69,0.0,17967.200000000048,0.1283371428571432,SENTIMENT_EOD_SELL,3.0,8.0,720.0,0.26242,NEU,
1220307e74d59e99,2025-03-11 08:00:00+00:00,2025-03-13 09:30:00,AMZN,S02,5145,194.35999999999999,197.39000000000001,0.0,15589.350000000151,0.11135250000000108,SENTIMENT_MORNING_SELL,3.0,8.0,3210.0,0.35903,NEU,
8e52347fda5b80e3,2025-03-12 08:26:00+00:00,2025-03-13 09:30:00,ORCL,S02,6912,144.66,149.29000000000002,0.0,32002.560000000165,0.22858971428571548,SENTIMENT_MORNING_SELL,3.0,8.0,1744.0,0.262725,NEU,
5336373220765c3c,2025-03-13 08:00:00+00:00,2025-03-13 13:57:00+00:00,META,S02,1623,615.85,597.3645,0.0,-30001.966500000002,-3.001623772022408,STOP_LOSS,3.0,8.0,357.0,0.27443,NEU,
8bdf78e068f6bf1a,2025-03-13 08:18:00+00:00,2025-03-13 13:14:00+00:00,ADBE,S02,2392,418.01,405.4597,0.0,-30020.317599999984,-3.0023922872658533,STOP_LOSS,3.0,8.0,296.0,0.3750222222222222,NEU,
80585316e1cc5096,2025-03-12 08:38:00+00:00,2025-03-14 09:30:00,CSCO,S02,16482,60.669999999999995,59.99,0.0,-11207.759999999878,-0.0800554285714277,SENTIMENT_MORNING_SELL,3.0,8.0,3172.0,0.27077999999999997,NEU,
ed793be86217c8ab,2025-03-12 08:10:00+00:00,2025-03-14 09:30:00,QCOM,S02,6508,153.64999999999998,153.3,0.0,-2277.7999999997783,-0.016269999999998418,SENTIMENT_MORNING_SELL,3.0,8.0,3200.0,0.3796875,NEU,
e9be8dac230df424,2025-03-13 08:00:00+00:00,2025-03-14 09:30:00,NVDA,S02,8710,114.81,117.19,0.0,20729.79999999996,0.1480699999999997,SENTIMENT_MORNING_SELL,3.0,8.0,1770.0,0.28837,NEU,
29f8eec1533dca55,2025-03-12 08:00:00+00:00,2025-03-14 16:00:00,AVGO,S02,5235,191.01,195.5,0.0,23505.15000000005,0.16789392857142893,SENTIMENT_EOD_SELL,3.0,8.0,3600.0,0.20607000000000003,NEU,
1a53cc4e82c4e65b,2025-03-17 08:00:00+00:00,2025-03-18 13:53:00+00:00,GOOGL,S02,6072,164.69,159.73930000000001,0.0,-30060.6503999999,-3.006072014087063,STOP_LOSS,3.0,8.0,1793.0,0.23284000000000002,NEU,
512cd9200f2e70f8,2025-03-17 08:00:00+00:00,2025-03-17 13:17:00+00:00,AVGO,S02,5114,195.51,189.63469999999998,0.0,-30046.28420000005,-3.005114827886047,STOP_LOSS,3.0,8.0,317.0,0.20299999999999999,NEU,
c95b8f1fcf4c4369,2025-03-13 08:00:00+00:00,2025-03-17 16:00:00,MSFT,S02,2626,380.78999999999996,388.94,0.0,21401.90000000009,0.15287071428571491,SENTIMENT_EOD_SELL,3.0,8.0,6480.0,0.2926,NEU,
b332cc713ca36e63,2025-03-17 08:05:00+00:00,2025-03-17 16:00:00,INTU,S02,1671,598.31,602.1,0.0,6333.090000000129,0.04523635714285807,SENTIMENT_EOD_SELL,3.0,8.0,715.0,0.36375,NEU,
bc35a15f24b1f68d,2025-03-12 08:00:00+00:00,2025-03-18 09:30:00,TSM,S02,5800,172.41,174.88,0.0,14325.999999999993,0.10232857142857138,SENTIMENT_MORNING_SELL,3.0,8.0,8970.0,0.37535,NEU,
65876a7a0f02be6f,2025-03-13 08:01:00+00:00,2025-03-18 09:30:00,ORCL,S02,6697,149.31,154.68,0.0,35962.89000000003,0.25687778571428593,SENTIMENT_MORNING_SELL,3.0,8.0,7529.0,0.3826714285714286,NEU,
1bf3032bfdefc026,2025-03-18 08:22:00+00:00,2025-03-18 16:00:00,CSCO,S02,16452,60.78,60.36,0.0,-6909.840000000028,-0.049356000000000205,SENTIMENT_EOD_SELL,3.0,8.0,698.0,0.31216666666666665,NEU,
b3b44d1de2350374,2025-03-18 08:03:00+00:00,2025-03-19 09:30:00,AAPL,S02,4678,213.73999999999998,213.57000000000002,0.0,-795.2599999998085,-0.005680428571427204,SENTIMENT_MORNING_SELL,3.0,8.0,1767.0,0.252525,NEU,
1b385f5f897bd14e,2025-03-19 08:00:00+00:00,2025-03-19 16:00:00,NVDA,S02,8702,114.91000000000001,118.78,0.0,33676.73999999992,0.2405481428571423,SENTIMENT_EOD_SELL,3.0,8.0,720.0,0.29938000000000003,NEU,
72bddbb6b0539d23,2025-03-19 08:00:00+00:00,2025-03-19 16:00:00,META,S02,1720,581.14,588.15,0.0,12057.199999999984,0.08612285714285703,SENTIMENT_EOD_SELL,3.0,8.0,720.0,0.2205666666666667,NEU,
c8a585c0df04350e,2025-03-18 08:57:00+00:00,2025-03-20 09:30:00,QCOM,S02,6346,157.56,158.5,0.0,5965.239999999985,0.04260885714285704,SENTIMENT_MORNING_SELL,3.0,8.0,3153.0,0.38204000000000005,NEU,
5b2fc7a1a9c19e5e,2025-03-19 08:00:00+00:00,2025-03-20 09:30:00,TSM,S02,5847,171.01,175.89000000000001,0.0,28533.36000000014,0.2038097142857153,SENTIMENT_MORNING_SELL,3.0,8.0,1770.0,0.25,NEU,
1c1aa1e421e99058,2025-03-20 08:00:00+00:00,2025-03-21 13:38:00+00:00,NVDA,S02,8395,119.11,115.52669999999999,0.0,-30081.80350000007,-3.0083956007052377,STOP_LOSS,3.0,8.0,1778.0,0.28411,NEU,
a2437cc4afe85d87,2025-03-20 08:00:00+00:00,2025-03-21 13:25:00+00:00,GOOGL,S02,6051,165.26,160.2922,0.0,-30060.157799999895,-3.006051071039564,STOP_LOSS,3.0,8.0,1765.0,0.3069375,NEU,
185777de6a290778,2025-03-20 08:00:00+00:00,2025-03-20 13:28:00+00:00,AVGO,S02,5064,197.47,191.5359,0.0,-30050.282400000004,-3.0050640603636,STOP_LOSS,3.0,8.0,328.0,0.52649,NEU,
57b0a1d19c92163e,2025-03-20 08:00:00+00:00,2025-03-20 09:54:00+00:00,TSLA,S02,4157,240.53,233.3041,0.0,-30038.066299999984,-3.0041574855527364,STOP_LOSS,3.0,8.0,114.0,0.27774,NEU,
186789b0d67d422f,2025-03-20 09:17:00+00:00,2025-03-21 13:32:00+00:00,QCOM,S02,6308,158.51999999999998,153.75439999999998,0.0,-30061.40480000004,-3.006308352258394,STOP_LOSS,3.0,8.0,1695.0,0.4209333333333333,NEU,
92cd2450975a5a58,2025-03-20 08:00:00+00:00,2025-03-20 16:00:00,TSM,S02,5684,175.91,177.06,0.0,6536.600000000032,0.04669000000000023,SENTIMENT_EOD_SELL,3.0,8.0,720.0,0.27453333333333335,NEU,
80808b4507bc7deb,2025-03-20 08:01:00+00:00,2025-03-20 16:00:00,ORCL,S02,6495,153.95999999999998,152.7099,0.0,-8119.399499999837,-0.05799571071428455,SENTIMENT_EOD_SELL,3.0,8.0,719.0,0.41967,NEU,
7d846252a775cc18,2025-03-17 10:33:00+00:00,2025-03-20 23:17:00+00:00,ADBE,S02,2545,392.78999999999996,391.49,0.0,-3308.4999999998845,-0.023632142857142033,BACKTEST_END,3.0,8.0,5084.0,0.21939999999999998,NEU,
3cb8f1e5375500b4,2025-03-18 08:16:00+00:00,2025-03-20 23:57:00+00:00,MSFT,S02,2573,388.53,386.98,0.0,-3988.149999999883,-0.02848678571428488,BACKTEST_END,3.0,8.0,3821.0,0.27985000000000004,NEU,
69620b629506eb7d,2025-03-19 08:30:00+00:00,2025-03-20 20:00:00+00:00,INTU,S02,1663,601.01,600.41,0.0,-997.8000000000378,-0.007127142857143128,BACKTEST_END,3.0,8.0,2130.0,0.25,NEU,
80bf610df465143c,2025-03-07 00:02:00+00:00,2025-03-10 13:30:00+00:00,MSFT,S03,2519,396.9,384.983,0.0,-30018.922999999933,-3.0025195263290434,STOP_LOSS,3.0,12.0,5128.0,0.30873,NEU,
82c783a94ff9bd0a,2025-03-07 00:00:00+00:00,2025-03-07 16:25:00+00:00,AMZN,S03,4974,201.01,194.9697,0.0,-30044.45220000001,-3.0049748768717985,STOP_LOSS,3.0,12.0,985.0,0.22949999999999998,NEU,
a1f82c3cfba90de4,2025-03-07 00:00:00+00:00,2025-03-10 13:31:00+00:00,GOOGL,S03,5800,172.41,167.2277,0.0,-30057.33999999999,-3.0058001276028063,STOP_LOSS,3.0,12.0,5131.0,0.46881000000000006,NEU,
ff6c2895fff1894c,2025-03-07 00:00:00+00:00,2025-03-10 14:43:00+00:00,ORCL,S03,6562,152.3734,147.792198,0.0,-30061.84752399994,-3.0065628252700214,STOP_LOSS,3.0,12.0,5203.0,0.3635,NEU,
8284cd5946f8bd47,2025-03-07 00:24:00+00:00,2025-03-11 13:31:00+00:00,ADBE,S03,2247,444.90999999999997,431.55269999999996,0.0,-30013.853100000022,-3.0022476455912455,STOP_LOSS,3.0,12.0,6547.0,0.27180000000000004,NEU,
e8c95dde3e875e29,2025-03-07 00:29:00+00:00,2025-03-10 20:00:00+00:00,QCOM,S03,6429,155.5272,150.851384,0.0,-30060.821063999985,-3.006429743478953,STOP_LOSS,3.0,12.0,5491.0,0.5106,NEU,
e5fd063cf984b1ed,2025-03-10 08:00:00+00:00,2025-03-10 14:51:00+00:00,AMZN,S03,5049,198.01999999999998,192.06939999999997,0.0,-30044.579400000042,-3.00504999495001,STOP_LOSS,3.0,12.0,411.0,0.24796,NEU,
5170b8a8298e340b,2025-03-10 08:00:00+00:00,2025-03-10 13:27:00+00:00,GOOGL,S03,5771,173.26,168.0522,0.0,-30054.213799999954,-3.0057716726307238,STOP_LOSS,3.0,12.0,327.0,0.27662,NEU,
a2bb1d821d2daf79,2025-03-10 08:00:00+00:00,2025-03-10 12:43:00+00:00,AVGO,S03,5181,193.01,187.2097,0.0,-30051.354299999963,-3.005181078700582,STOP_LOSS,3.0,12.0,283.0,0.38653333333333334,NEU,
9a84e4e43c85b714,2025-03-10 08:00:00+00:00,2025-03-10 14:19:00+00:00,TSM,S03,5646,177.1,171.777,0.0,-30053.658000000043,-3.0056465273856623,STOP_LOSS,3.0,12.0,379.0,0.42397142857142855,NEU,
c8153ee20b592353,2025-03-10 08:05:00+00:00,2025-03-10 14:00:00+00:00,ORCL,S03,6493,154.01,149.37969999999999,0.0,-30064.537900000036,-3.006493084864623,STOP_LOSS,3.0,12.0,355.0,0.20962499999999998,NEU,
c7d82d2e20ca95d5,2025-03-10 08:17:00+00:00,2025-03-10 19:06:00+00:00,CSCO,S03,15696,63.71,61.7887,0.0,-30156.724800000036,-3.0156961230576083,STOP_LOSS,3.0,12.0,649.0,0.38335,NEU,
124e6ba575ccf5af,2025-03-10 08:18:00+00:00,2025-03-10 18:00:00+00:00,QCOM,S03,6267,159.56,154.7632,0.0,-30061.54559999994,-3.006267234895958,STOP_LOSS,3.0,12.0,582.0,0.25898571428571426,NEU,
6af5360ca4e2cab1,2025-03-11 08:00:00+00:00,2025-03-11 13:32:00+00:00,ORCL,S03,6896,145.0,140.64000000000001,0.0,-30066.5599999999,-3.0068965517241275,STOP_LOSS,3.0,12.0,332.0,0.20078999999999997,NEU,
ec8653bbcf0a196f,2025-03-11 08:13:00+00:00,2025-03-12 14:41:00+00:00,CSCO,S03,16066,62.239999999999995,60.36279999999999,0.0,-30159.095200000032,-3.016066838046276,STOP_LOSS,3.0,12.0,1828.0,0.3178,NEU,
4bc7f5401e1b878f,2025-03-11 08:53:00+00:00,2025-03-13 13:54:00+00:00,INTU,S03,1715,583.01,565.5097,0.0,-30013.014500000067,-3.0017152364453508,STOP_LOSS,3.0,12.0,3181.0,0.46345000000000003,NEU,
0e870fae55605d5a,2025-03-11 08:00:00+00:00,2025-03-11 16:00:00,META,S03,1683,594.01,606.99,0.0,21845.34000000003,0.15603814285714307,SENTIMENT_EOD_SELL,3.0,12.0,720.0,0.22361111111111112,NEU,
f2c06e53212b55fb,2025-03-11 08:00:00+00:00,2025-03-11 16:00:00,QCOM,S03,6496,153.92,153.10000000000002,0.0,-5326.719999999771,-0.03804799999999837,SENTIMENT_EOD_SELL,3.0,12.0,720.0,0.23700000000000002,NEU,
a5a00d50b890ec00,2025-03-12 08:00:00+00:00,2025-03-17 11:19:00+00:00,NVDA,S03,9089,110.02000000000001,123.21240000000002,0.0,119905.72360000006,11.990910743501185,TAKE_PROFIT,3.0,12.0,7399.0,0.26033,NEU,
cda0e417d2094aad,2025-03-12 08:00:00+00:00,2025-03-13 17:14:00+00:00,META,S03,1644,608.01,589.7597,0.0,-30003.493200000063,-3.0016447097909635,STOP_LOSS,3.0,12.0,1994.0,0.27731,NEU,
a8448c3afd74d903,2025-03-12 11:10:00+00:00,2025-03-12 20:06:00+00:00,ADBE,S03,2293,436.03999999999996,422.94879999999995,0.0,-30018.121600000035,-3.0022933675809593,STOP_LOSS,3.0,12.0,536.0,0.29754,NEU,
f9959f75739df855,2025-03-12 08:00:00+00:00,2025-03-12 16:00:00,MSFT,S03,2624,381.01,384.04,0.0,7950.720000000078,0.0567908571428577,SENTIMENT_EOD_SELL,3.0,12.0,720.0,0.28993,NEU,
e0aeb3cb7d44ce6f,2025-03-12 08:00:00+00:00,2025-03-12 16:00:00,GOOGL,S03,6070,164.73,167.69,0.0,17967.200000000048,0.1283371428571432,SENTIMENT_EOD_SELL,3.0,12.0,720.0,0.26242,NEU,
0de17a3e70fcf8ef,2025-03-11 08:00:00+00:00,2025-03-13 09:30:00,AMZN,S03,5145,194.35999999999999,197.39000000000001,0.0,15589.350000000151,0.11135250000000108,SENTIMENT_MORNING_SELL,3.0,12.0,3210.0,0.35903,NEU,
ac0ea55e899c29ed,2025-03-12 08:26:00+00:00,2025-03-13 09:30:00,ORCL,S03,6912,144.66,149.29000000000002,0.0,32002.560000000165,0.22858971428571548,SENTIMENT_MORNING_SELL,3.0,12.0,1744.0,0.262725,NEU,
7a8f7e40fa37494b,2025-03-13 08:00:00+00:00,2025-03-13 13:57:00+00:00,META,S03,1623,615.85,597.3645,0.0,-30001.966500000002,-3.001623772022408,STOP_LOSS,3.0,12.0,357.0,0.27443,NEU,
6f10a7a1a124112c,2025-03-13 08:18:00+00:00,2025-03-13 13:14:00+00:00,ADBE,S03,2392,418.01,405.4597,0.0,-30020.317599999984,-3.0023922872658533,STOP_LOSS,3.0,12.0,296.0,0.3750222222222222,NEU,
5082f13376496286,2025-03-12 08:38:00+00:00,2025-03-14 09:30:00,CSCO,S03,16482,60.669999999999995,59.99,0.0,-11207.759999999878,-0.0800554285714277,SENTIMENT_MORNING_SELL,3.0,12.0,3172.0,0.27077999999999997,NEU,
fe56c77b262633de,2025-03-12 08:10:00+00:00,2025-03-14 09:30:00,QCOM,S03,6508,153.64999999999998,153.3,0.0,-2277.7999999997783,-0.016269999999998418,SENTIMENT_MORNING_SELL,3.0,12.0,3200.0,0.3796875,NEU,
f0bec144c979c6f3,2025-03-13 08:00:00+00:00,2025-03-14 09:30:00,NVDA,S03,8710,114.81,117.19,0.0,20729.79999999996,0.1480699999999997,SENTIMENT_MORNING_SELL,3.0,12.0,1770.0,0.28837,NEU,
f1edba820fc2311c,2025-03-12 08:00:00+00:00,2025-03-14 16:00:00,AVGO,S03,5235,191.01,195.5,0.0,23505.15000000005,0.16789392857142893,SENTIMENT_EOD_SELL,3.0,12.0,3600.0,0.20607000000000003,NEU,
a066da4a0d1f082b,2025-03-17 08:00:00+00:00,2025-03-18 13:53:00+00:00,GOOGL,S03,6072,164.69,159.73930000000001,0.0,-30060.6503999999,-3.006072014087063,STOP_LOSS,3.0,12.0,1793.0,0.23284000000000002,NEU,
2ec76824b18cffb8,2025-03-17 08:00:00+00:00,2025-03-17 13:17:00+00:00,AVGO,S03,5114,195.51,189.63469999999998,0.0,-30046.28420000005,-3.005114827886047,STOP_LOSS,3.0,12.0,317.0,0.20299999999999999,NEU,
4aeeac3525c65ceb,2025-03-13 08:00:00+00:00,2025-03-17 16:00:00,MSFT,S03,2626,380.78999999999996,388.94,0.0,21401.90000000009,0.15287071428571491,SENTIMENT_EOD_SELL,3.0,12.0,6480.0,0.2926,NEU,
043ab5f2835866b4,2025-03-17 08:05:00+00:00,2025-03-17 16:00:00,INTU,S03,1671,598.31,602.1,0.0,6333.090000000129,0.04523635714285807,SENTIMENT_EOD_SELL,3.0,12.0,715.0,0.36375,NEU,
ed11214be6713130,2025-03-12 08:00:00+00:00,2025-03-18 09:30:00,TSM,S03,5800,172.41,174.88,0.0,14325.999999999993,0.10232857142857138,SENTIMENT_MORNING_SELL,3.0,12.0,8970.0,0.37535,NEU,
d9744c5530893153,2025-03-13 08:01:00+00:00,2025-03-18 09:30:00,ORCL,S03,6697,149.31,154.68,0.0,35962.89000000003,0.25687778571428593,SENTIMENT_MORNING_SELL,3.0,12.0,7529.0,0.3826714285714286,NEU,
a13ba7a8e363794c,2025-03-18 08:22:00+00:00,2025-03-18 16:00:00,CSCO,S03,16452,60.78,60.36,0.0,-6909.840000000028,-0.049356000000000205,SENTIMENT_EOD_SELL,3.0,12.0,698.0,0.31216666666666665,NEU,
8959bd46b15fa09a,2025-03-18 08:03:00+00:00,2025-03-19 09:30:00,AAPL,S03,4678,213.73999999999998,213.57000000000002,0.0,-795.2599999998085,-0.005680428571427204,SENTIMENT_MORNING_SELL,3.0,12.0,1767.0,0.252525,NEU,
68acf4e3e8c2a4b0,2025-03-19 08:00:00+00:00,2025-03-19 16:00:00,NVDA,S03,8702,114.91000000000001,118.78,0.0,33676.73999999992,0.2405481428571423,SENTIMENT_EOD_SELL,3.0,12.0,720.0,0.29938000000000003,NEU,
817a9e3e4207828f,2025-03-19 08:00:00+00:00,2025-03-19 16:00:00,META,S03,1720,581.14,588.15,0.0,12057.199999999984,0.08612285714285703,SENTIMENT_EOD_SELL,3.0,12.0,720.0,0.2205666666666667,NEU,
db32da36f5144ec3,2025-03-18 08:57:00+00:00,2025-03-20 09:30:00,QCOM,S03,6346,157.56,158.5,0.0,5965.239999999985,0.04260885714285704,SENTIMENT_MORNING_SELL,3.0,12.0,3153.0,0.38204000000000005,NEU,
f5a40344536ca65e,2025-03-19 08:00:00+00:00,2025-03-20 09:30:00,TSM,S03,5847,171.01,175.89000000000001,0.0,28533.36000000014,0.2038097142857153,SENTIMENT_MORNING_SELL,3.0,12.0,1770.0,0.25,NEU,
017b30e0bec70d1a,2025-03-20 08:00:00+00:00,2025-03-21 13:38:00+00:00,NVDA,S03,8395,119.11,115.52669999999999,0.0,-30081.80350000007,-3.0083956007052377,STOP_LOSS,3.0,12.0,1778.0,0.28411,NEU,
7bc7161407802919,2025-03-20 08:00:00+00:00,2025-03-21 13:25:00+00:00,GOOGL,S03,6051,165.26,160.2922,0.0,-30060.157799999895,-3.006051071039564,STOP_LOSS,3.0,12.0,1765.0,0.3069375,NEU,
f7c0d284e31b9809,2025-03-20 08:00:00+00:00,2025-03-20 13:28:00+00:00,AVGO,S03,5064,197.47,191.5359,0.0,-30050.282400000004,-3.0050640603636,STOP_LOSS,3.0,12.0,328.0,0.52649,NEU,
bdf234d4dc55729b,2025-03-20 08:00:00+00:00,2025-03-20 09:54:00+00:00,TSLA,S03,4157,240.53,233.3041,0.0,-30038.066299999984,-3.0041574855527364,STOP_LOSS,3.0,12.0,114.0,0.27774,NEU,
796f8c73e310eb9e,2025-03-20 09:17:00+00:00,2025-03-21 13:32:00+00:00,QCOM,S03,6308,158.51999999999998,153.75439999999998,0.0,-30061.40480000004,-3.006308352258394,STOP_LOSS,3.0,12.0,1695.0,0.4209333333333333,NEU,
3aa4d57c8725c8ad,2025-03-20 08:00:00+00:00,2025-03-20 16:00:00,TSM,S03,5684,175.91,177.06,0.0,6536.600000000032,0.04669000000000023,SENTIMENT_EOD_SELL,3.0,12.0,720.0,0.27453333333333335,NEU,
b2b5bf03d10f8c2f,2025-03-20 08:01:00+00:00,2025-03-20 16:00:00,ORCL,S03,6495,153.95999999999998,152.7099,0.0,-8119.399499999837,-0.05799571071428455,SENTIMENT_EOD_SELL,3.0,12.0,719.0,0.41967,NEU,
954002e7c312eee1,2025-03-17 10:33:00+00:00,2025-03-20 23:17:00+00:00,ADBE,S03,2545,392.78999999999996,391.49,0.0,-3308.4999999998845,-0.023632142857142033,BACKTEST_END,3.0,12.0,5084.0,0.21939999999999998,NEU,
9a754e4ec1f45df0,2025-03-18 08:16:00+00:00,2025-03-20 23:57:00+00:00,MSFT,S03,2573,388.53,386.98,0.0,-3988.149999999883,-0.02848678571428488,BACKTEST_END,3.0,12.0,3821.0,0.27985000000000004,NEU,
936dcbee8a4ffb2a,2025-03-19 08:30:00+00:00,2025-03-20 20:00:00+00:00,INTU,S03,1663,601.01,600.41,0.0,-997.8000000000378,-0.007127142857143128,BACKTEST_END,3.0,12.0,2130.0,0.25,NEU,
c290ae5e82088bf8,2025-03-07 00:02:00+00:00,2025-03-10 13:30:00+00:00,MSFT,S04,2519,396.9,384.983,0.0,-30018.922999999933,-3.0025195263290434,STOP_LOSS,3.0,20.0,5128.0,0.30873,NEU,
c4cbc156c75f53b7,2025-03-07 00:00:00+00:00,2025-03-07 16:25:00+00:00,AMZN,S04,4974,201.01,194.9697,0.0,-30044.45220000001,-3.0049748768717985,STOP_LOSS,3.0,20.0,985.0,0.22949999999999998,NEU,
3f9bf4a73f975ca8,2025-03-07 00:00:00+00:00,2025-03-10 13:31:00+00:00,GOOGL,S04,5800,172.41,167.2277,0.0,-30057.33999999999,-3.0058001276028063,STOP_LOSS,3.0,20.0,5131.0,0.46881000000000006,NEU,
b987ce597d0d31eb,2025-03-07 00:00:00+00:00,2025-03-10 14:43:00+00:00,ORCL,S04,6562,152.3734,147.792198,0.0,-30061.84752399994,-3.0065628252700214,STOP_LOSS,3.0,20.0,5203.0,0.3635,NEU,
98e85b871c1f819e,2025-03-07 00:24:00+00:00,2025-03-11 13:31:00+00:00,ADBE,S04,2247,444.90999999999997,431.55269999999996,0.0,-30013.853100000022,-3.0022476455912455,STOP_LOSS,3.0,20.0,6547.0,0.27180000000000004,NEU,
6c6a3b95fddd5dbc,2025-03-07 00:29:00+00:00,2025-03-10 20:00:00+00:00,QCOM,S04,6429,155.5272,150.851384,0.0,-30060.821063999985,-3.006429743478953,STOP_LOSS,3.0,20.0,5491.0,0.5106,NEU,
1f1d400256aab3a3,2025-03-10 08:00:00+00:00,2025-03-10 14:51:00+00:00,AMZN,S04,5049,198.01999999999998,192.06939999999997,0.0,-30044.579400000042,-3.00504999495001,STOP_LOSS,3.0,20.0,411.0,0.24796,NEU,
4da80e96b39e01a2,2025-03-10 08:00:00+00:00,2025-03-10 13:27:00+00:00,GOOGL,S04,5771,173.26,168.0522,0.0,-30054.213799999954,-3.0057716726307238,STOP_LOSS,3.0,20.0,327.0,0.27662,NEU,
dff5961ad00bb2ce,2025-03-10 08:00:00+00:00,2025-03-10 12:43:00+00:00,AVGO,S04,5181,193.01,187.2097,0.0,-30051.354299999963,-3.005181078700582,STOP_LOSS,3.0,20.0,283.0,0.38653333333333334,NEU,
fd24eef70fe497a1,2025-03-10 08:00:00+00:00,2025-03-10 14:19:00+00:00,TSM,S04,5646,177.1,171.777,0.0,-30053.658000000043,-3.0056465273856623,STOP_LOSS,3.0,20.0,379.0,0.42397142857142855,NEU,
b37fcd802b758917,2025-03-10 08:05:00+00:00,2025-03-10 14:00:00+00:00,ORCL,S04,6493,154.01,149.37969999999999,0.0,-30064.537900000036,-3.006493084864623,STOP_LOSS,3.0,20.0,355.0,0.20962499999999998,NEU,
e3314696ad4a72e2,2025-03-10 08:17:00+00:00,2025-03-10 19:06:00+00:00,CSCO,S04,15696,63.71,61.7887,0.0,-30156.724800000036,-3.0156961230576083,STOP_LOSS,3.0,20.0,649.0,0.38335,NEU,
489b6ff135343bd9,2025-03-10 08:18:00+00:00,2025-03-10 18:00:00+00:00,QCOM,S04,6267,159.56,154.7632,0.0,-30061.54559999994,-3.006267234895958,STOP_LOSS,3.0,20.0,582.0,0.25898571428571426,NEU,
39418f1669cc4f4d,2025-03-11 08:00:00+00:00,2025-03-11 13:32:00+00:00,ORCL,S04,6896,145.0,140.64000000000001,0.0,-30066.5599999999,-3.0068965517241275,STOP_LOSS,3.0,20.0,332.0,0.20078999999999997,NEU,
f54d69fc052ead27,2025-03-11 08:13:00+00:00,2025-03-12 14:41:00+00:00,CSCO,S04,16066,62.239999999999995,60.36279999999999,0.0,-30159.095200000032,-3.016066838046276,STOP_LOSS,3.0,20.0,1828.0,0.3178,NEU,
6892c005e422cc9d,2025-03-11 08:53:00+00:00,2025-03-13 13:54:00+00:00,INTU,S04,1715,583.01,565.5097,0.0,-30013.014500000067,-3.0017152364453508,STOP_LOSS,3.0,20.0,3181.0,0.46345000000000003,NEU,
f35e6ac701c18cc2,2025-03-11 08:00:00+00:00,2025-03-11 16:00:00,META,S04,1683,594.01,606.99,0.0,21845.34000000003,0.15603814285714307,SENTIMENT_EOD_SELL,3.0,20.0,720.0,0.22361111111111112,NEU,
2f7ffaa294ae10fd,2025-03-11 08:00:00+00:00,2025-03-11 16:00:00,QCOM,S04,6496,153.92,153.10000000000002,0.0,-5326.719999999771,-0.03804799999999837,SENTIMENT_EOD_SELL,3.0,20.0,720.0,0.23700000000000002,NEU,
f975b8efda4839af,2025-03-12 08:00:00+00:00,2025-03-13 17:14:00+00:00,META,S04,1644,608.01,589.7597,0.0,-30003.493200000063,-3.0016447097909635,STOP_LOSS,3.0,20.0,1994.0,0.27731,NEU,
5d622d4dfc72370b,2025-03-12 11:10:00+00:00,2025-03-12 20:06:00+00:00,ADBE,S04,2293,436.03999999999996,422.94879999999995,0.0,-30018.121600000035,-3.0022933675809593,STOP_LOSS,3.0,20.0,536.0,0.29754,NEU,
e269fa497447d410,2025-03-12 08:00:00+00:00,2025-03-12 16:00:00,MSFT,S04,2624,381.01,384.04,0.0,7950.720000000078,0.0567908571428577,SENTIMENT_EOD_SELL,3.0,20.0,720.0,0.28993,NEU,
8f69069a1f14760d,2025-03-12 08:00:00+00:00,2025-03-12 16:00:00,GOOGL,S04,6070,164.73,167.69,0.0,17967.200000000048,0.1283371428571432,SENTIMENT_EOD_SELL,3.0,20.0,720.0,0.26242,NEU,
fe908474194e027a,2025-03-11 08:00:00+00:00,2025-03-13 09:30:00,AMZN,S04,5145,194.35999999999999,197.39000000000001,0.0,15589.350000000151,0.11135250000000108,SENTIMENT_MORNING_SELL,3.0,20.0,3210.0,0.35903,NEU,
ff4492c7da9287ee,2025-03-12 08:26:00+00:00,2025-03-13 09:30:00,ORCL,S04,6912,144.66,149.29000000000002,0.0,32002.560000000165,0.22858971428571548,SENTIMENT_MORNING_SELL,3.0,20.0,1744.0,0.262725,NEU,
95649cb37c797ba6,2025-03-13 08:00:00+00:00,2025-03-13 13:57:00+00:00,META,S04,1623,615.85,597.3645,0.0,-30001.966500000002,-3.001623772022408,STOP_LOSS,3.0,20.0,357.0,0.27443,NEU,
41b6e160b347a9e1,2025-03-13 08:18:00+00:00,2025-03-13 13:14:00+00:00,ADBE,S04,2392,418.01,405.4597,0.0,-30020.317599999984,-3.0023922872658533,STOP_LOSS,3.0,20.0,296.0,0.3750222222222222,NEU,
9ef368c51244e3e5,2025-03-12 08:00:00+00:00,2025-03-14 09:30:00,NVDA,S04,9089,110.02000000000001,117.19,0.0,65168.12999999989,0.46548664285714203,SENTIMENT_MORNING_SELL,3.0,20.0,3210.0,0.26033,NEU,
4a1d3bcd25626a49,2025-03-12 08:38:00+00:00,2025-03-14 09:30:00,CSCO,S04,16482,60.669999999999995,59.99,0.0,-11207.759999999878,-0.0800554285714277,SENTIMENT_MORNING_SELL,3.0,20.0,3172.0,0.27077999999999997,NEU,
edbf76925f2c09e5,2025-03-12 08:10:00+00:00,2025-03-14 09:30:00,QCOM,S04,6508,153.64999999999998,153.3,0.0,-2277.7999999997783,-0.016269999999998418,SENTIMENT_MORNING_SELL,3.0,20.0,3200.0,0.3796875,NEU,
83b1b1ce4e493070,2025-03-12 08:00:00+00:00,2025-03-14 16:00:00,AVGO,S04,5235,191.01,195.5,0.0,23505.15000000005,0.16789392857142893,SENTIMENT_EOD_SELL,3.0,20.0,3600.0,0.20607000000000003,NEU,
88435a44f5ee909c,2025-03-17 08:00:00+00:00,2025-03-18 13:53:00+00:00,GOOGL,S04,6072,164.69,159.73930000000001,0.0,-30060.6503999999,-3.006072014087063,STOP_LOSS,3.0,20.0,1793.0,0.23284000000000002,NEU,
c4b39dace4a8c486,2025-03-17 08:00:00+00:00,2025-03-17 13:17:00+00:00,AVGO,S04,5114,195.51,189.63469999999998,0.0,-30046.28420000005,-3.005114827886047,STOP_LOSS,3.0,20.0,317.0,0.20299999999999999,NEU,
139223b4f765d369,2025-03-13 08:00:00+00:00,2025-03-17 16:00:00,MSFT,S04,2626,380.78999999999996,388.94,0.0,21401.90000000009,0.15287071428571491,SENTIMENT_EOD_SELL,3.0,20.0,6480.0,0.2926,NEU,
dd6d1c22371427fb,2025-03-17 08:05:00+00:00,2025-03-17 16:00:00,INTU,S04,1671,598.31,602.1,0.0,6333.090000000129,0.04523635714285807,SENTIMENT_EOD_SELL,3.0,20.0,715.0,0.36375,NEU,
26aca864d4a7d4ae,2025-03-12 08:00:00+00:00,2025-03-18 09:30:00,TSM,S04,5800,172.41,174.88,0.0,14325.999999999993,0.10232857142857138,SENTIMENT_MORNING_SELL,3.0,20.0,8970.0,0.37535,NEU,
421b6489be2e3ea7,2025-03-13 08:01:00+00:00,2025-03-18 09:30:00,ORCL,S04,6697,149.31,154.68,0.0,35962.89000000003,0.25687778571428593,SENTIMENT_MORNING_SELL,3.0,20.0,7529.0,0.3826714285714286,NEU,
31099b32b9cd4839,2025-03-18 08:22:00+00:00,2025-03-18 16:00:00,CSCO,S04,16452,60.78,60.36,0.0,-6909.840000000028,-0.049356000000000205,SENTIMENT_EOD_SELL,3.0,20.0,698.0,0.31216666666666665,NEU,
11a82f925a081ba4,2025-03-18 08:03:00+00:00,2025-03-19 09:30:00,AAPL,S04,4678,213.73999999999998,213.57000000000002,0.0,-795.2599999998085,-0.005680428571427204,SENTIMENT_MORNING_SELL,3.0,20.0,1767.0,0.252525,NEU,
cc90f96770be7eda,2025-03-19 08:00:00+00:00,2025-03-19 16:00:00,NVDA,S04,8702,114.91000000000001,118.78,0.0,33676.73999999992,0.2405481428571423,SENTIMENT_EOD_SELL,3.0,20.0,720.0,0.29938000000000003,NEU,
2d897e291e85ad6e,2025-03-19 08:00:00+00:00,2025-03-19 16:00:00,META,S04,1720,581.14,588.15,0.0,12057.199999999984,0.08612285714285703,SENTIMENT_EOD_SELL,3.0,20.0,720.0,0.2205666666666667,NEU,
9602f93079d1b554,2025-03-18 08:57:00+00:00,2025-03-20 09:30:00,QCOM,S04,6346,157.56,158.5,0.0,5965.239999999985,0.04260885714285704,SENTIMENT_MORNING_SELL,3.0,20.0,3153.0,0.38204000000000005,NEU,
0f164220b0f5679a,2025-03-19 08:00:00+00:00,2025-03-20 09:30:00,TSM,S04,5847,171.01,175.89000000000001,0.0,28533.36000000014,0.2038097142857153,SENTIMENT_MORNING_SELL,3.0,20.0,1770.0,0.25,NEU,
4526348297a5b6c4,2025-03-20 08:00:00+00:00,2025-03-21 13:38:00+00:00,NVDA,S04,8395,119.11,115.52669999999999,0.0,-30081.80350000007,-3.0083956007052377,STOP_LOSS,3.0,20.0,1778.0,0.28411,NEU,
0d8dde2fc7a18c2f,2025-03-20 08:00:00+00:00,2025-03-21 13:25:00+00:00,GOOGL,S04,6051,165.26,160.2922,0.0,-30060.157799999895,-3.006051071039564,STOP_LOSS,3.0,20.0,1765.0,0.3069375,NEU,
1f3bcf21759a9fd2,2025-03-20 08:00:00+00:00,2025-03-20 13:28:00+00:00,AVGO,S04,5064,197.47,191.5359,0.0,-30050.282400000004,-3.0050640603636,STOP_LOSS,3.0,20.0,328.0,0.52649,NEU,
a69c7749b7be28b1,2025-03-20 08:00:00+00:00,2025-03-20 09:54:00+00:00,TSLA,S04,4157,240.53,233.3041,0.0,-30038.066299999984,-3.0041574855527364,STOP_LOSS,3.0,20.0,114.0,0.27774,NEU,
d2125ad360ec1595,2025-03-20 09:17:00+00:00,2025-03-21 13:32:00+00:00,QCOM,S04,6308,158.51999999999998,153.75439999999998,0.0,-30061.40480000004,-3.006308352258394,STOP_LOSS,3.0,20.0,1695.0,0.4209333333333333,NEU,
d73ee36bf2bd630a,2025-03-20 08:00:00+00:00,2025-03-20 16:00:00,TSM,S04,5684,175.91,177.06,0.0,6536.600000000032,0.04669000000000023,SENTIMENT_EOD_SELL,3.0,20.0,720.0,0.27453333333333335,NEU,
5d1e99ea7ae5471a,2025-03-20 08:01:00+00:00,2025-03-20 16:00:00,ORCL,S04,6495,153.95999999999998,152.7099,0.0,-8119.399499999837,-0.05799571071428455,SENTIMENT_EOD_SELL,3.0,20.0,719.0,0.41967,NEU,
b460c244da1b6004,2025-03-17 10:33:00+00:00,2025-03-20 23:17:00+00:00,ADBE,S04,2545,392.78999999999996,391.49,0.0,-3308.4999999998845,-0.023632142857142033,BACKTEST_END,3.0,20.0,5084.0,0.21939999999999998,NEU,
a6b8cfe575d16374,2025-03-18 08:16:00+00:00,2025-03-20 23:57:00+00:00,MSFT,S04,2573,388.53,386.98,0.0,-3988.149999999883,-0.02848678571428488,BACKTEST_END,3.0,20.0,3821.0,0.27985000000000004,NEU,
6a44c161071ad33e,2025-03-19 08:30:00+00:00,2025-03-20 20:00:00+00:00,INTU,S04,1663,601.01,600.41,0.0,-997.8000000000378,-0.007127142857143128,BACKTEST_END,3.0,20.0,2130.0,0.25,NEU,
6a7c5fa8a38874df,2025-03-07 00:02:00+00:00,2025-03-10 23:35:00+00:00,MSFT,S05,2519,396.9,377.04499999999996,0.0,-50014.745000000046,-5.002519526329055,STOP_LOSS,5.0,5.0,5733.0,0.30873,NEU,
4e3c0a46a7c9779b,2025-03-07 00:00:00+00:00,2025-03-10 14:57:00+00:00,AMZN,S05,4974,201.01,190.9495,0.0,-50040.92699999995,-5.004974876871793,STOP_LOSS,5.0,5.0,5217.0,0.22949999999999998,NEU,
4e8083670097cab5,2025-03-07 00:00:00+00:00,2025-03-10 15:00:00+00:00,GOOGL,S05,5800,172.41,163.77949999999998,0.0,-50056.90000000007,-5.005800127602814,STOP_LOSS,5.0,5.0,5220.0,0.46881000000000006,NEU,
70dbf54ae8ab7556,2025-03-07 00:00:00+00:00,2025-03-10 20:05:00+00:00,ORCL,S05,6562,152.3734,144.74473,0.0,-50059.332539999996,-5.006562825270027,STOP_LOSS,5.0,5.0,5525.0,0.3635,NEU,
dd7d042cccc372c7,2025-03-07 00:24:00+00:00,2025-03-12 20:06:00+00:00,ADBE,S05,2247,444.90999999999997,422.6545,0.0,-50008.108499999966,-5.00224764559124,STOP_LOSS,5.0,5.0,8382.0,0.27180000000000004,NEU,
590943feada869fc,2025-03-07 00:29:00+00:00,2025-03-10 20:00:00+00:00,QCOM,S05,6429,155.5272,147.74084,0.0,-50058.50844000001,-5.0064297434789555,STOP_LOSS,5.0,5.0,5491.0,0.5106,NEU,
3d9875e25f078da0,2025-03-10 08:00:00+00:00,2025-03-10 14:53:00+00:00,GOOGL,S05,5771,173.26,164.587,0.0,-50051.88300000001,-5.005771672630729,STOP_LOSS,5.0,5.0,413.0,0.27662,NEU,
c233611657893236,2025-03-10 08:00:00+00:00,2025-03-10 14:34:00+00:00,AVGO,S05,5181,193.01,183.34949999999998,0.0,-50051.05050000007,-5.005181078700593,STOP_LOSS,5.0,5.0,394.0,0.38653333333333334,NEU,
7e44d3b7fa9a4a82,2025-03-10 08:00:00+00:00,2025-03-10 18:53:00+00:00,TSM,S05,5646,177.1,168.23499999999999,0.0,-50051.79000000005,-5.005646527385664,STOP_LOSS,5.0,5.0,653.0,0.42397142857142855,NEU,
4c8ee8b53b73878c,2025-03-10 08:05:00+00:00,2025-03-10 20:05:00+00:00,ORCL,S05,6493,154.01,146.2995,0.0,-50064.27649999998,-5.006493084864617,STOP_LOSS,5.0,5.0,720.0,0.20962499999999998,NEU,
516dce9301a8e2f9,2025-03-10 08:17:00+00:00,2025-03-12 14:03:00+00:00,CSCO,S05,15696,63.71,60.5145,0.0,-50156.56800000004,-5.015696123057609,STOP_LOSS,5.0,5.0,3226.0,0.38335,NEU,
bfe9ab5c53263296,2025-03-10 08:18:00+00:00,2025-03-10 20:00:00+00:00,QCOM,S05,6267,159.56,151.572,0.0,-50060.795999999995,-5.006267234895963,STOP_LOSS,5.0,5.0,702.0,0.25898571428571426,NEU,
96fb543ede637ca9,2025-03-11 08:00:00+00:00,2025-03-12 12:32:00+00:00,META,S05,1683,594.01,623.7005,0.0,49969.11150000007,4.998316526657807,TAKE_PROFIT,5.0,5.0,1712.0,0.22361111111111112,NEU,
1db8ededa4375d56,2025-03-11 08:00:00+00:00,2025-03-11 13:34:00+00:00,ORCL,S05,6896,145.0,137.74,0.0,-50064.959999999934,-5.0068965517241315,STOP_LOSS,5.0,5.0,334.0,0.20078999999999997,NEU,
9023edd767130f6f,2025-03-11 08:53:00+00:00,2025-03-11 16:00:00,INTU,S05,1715,583.01,586.7,0.0,6328.350000000093,0.045202500000000666,SENTIMENT_EOD_SELL,5.0,5.0,667.0,0.46345000000000003,NEU,
1f48f3e152fbcb6b,2025-03-11 08:00:00+00:00,2025-03-11 16:00:00,QCOM,S05,6496,153.92,153.10000000000002,0.0,-5326.719999999771,-0.03804799999999837,SENTIMENT_EOD_SELL,5.0,5.0,720.0,0.23700000000000002,NEU,
6b068b71607afefd,2025-03-12 08:00:00+00:00,2025-03-12 13:34:00+00:00,NVDA,S05,9089,110.02000000000001,115.51100000000001,0.0,49907.699,4.990910743501181,TAKE_PROFIT,5.0,5.0,334.0,0.26033,NEU,
9be6687dbb929080,2025-03-12 08:26:00+00:00,2025-03-12 18:29:00+00:00,ORCL,S05,6912,144.66,151.883,0.0,49925.37600000009,4.993087239043283,TAKE_PROFIT,5.0,5.0,603.0,0.262725,NEU,
50af13e18fb46955,2025-03-12 11:10:00+00:00,2025-03-13 11:41:00+00:00,ADBE,S05,2293,436.03999999999996,414.22799999999995,0.0,-50014.91600000003,-5.002293367580958,STOP_LOSS,5.0,5.0,1471.0,0.29754,NEU,
958f839fb29eeb7b,2025-03-12 08:00:00+00:00,2025-03-12 16:00:00,MSFT,S05,2624,381.01,384.04,0.0,7950.720000000078,0.0567908571428577,SENTIMENT_EOD_SELL,5.0,5.0,720.0,0.28993,NEU,
e17e5bfc94b1d6b9,2025-03-12 08:00:00+00:00,2025-03-12 16:00:00,GOOGL,S05,6070,164.73,167.69,0.0,17967.200000000048,0.1283371428571432,SENTIMENT_EOD_SELL,5.0,5.0,720.0,0.26242,NEU,
f8877d52ca891b9d,2025-03-10 08:00:00+00:00,2025-03-13 09:30:00,AMZN,S05,5049,198.01999999999998,197.39000000000001,0.0,-3180.8699999998335,-0.022720499999998808,SENTIMENT_MORNING_SELL,5.0,5.0,4650.0,0.24796,NEU,
e55f0205ae42c4dd,2025-03-12 08:00:00+00:00,2025-03-18 14:32:00+00:00,META,S05,1644,608.01,577.5994999999999,0.0,-49994.86200000012,-1.4136538142857176,STOP_LOSS,5.0,5.0,9032.0,0.27731,NEU,
4b0b38a968a7006d,2025-03-13 08:00:00+00:00,2025-03-14 13:51:00+00:00,NVDA,S05,8710,114.81,120.54050000000001,0.0,49912.65500000006,4.991289957320796,TAKE_PROFIT,5.0,5.0,1791.0,0.28837,NEU,
2d0ea0d321a816eb,2025-03-13 08:18:00+00:00,2025-03-13 13:31:00+00:00,ADBE,S05,2392,418.01,397.0995,0.0,-50017.916000000034,-5.002392287265859,STOP_LOSS,5.0,5.0,313.0,0.3750222222222222,NEU,
2d0309133522d52d,2025-03-11 08:13:00+00:00,2025-03-14 09:30:00,CSCO,S05,16066,62.239999999999995,59.99,0.0,-36148.49999999988,-0.2582035714285706,SENTIMENT_MORNING_SELL,5.0,5.0,4637.0,0.3178,NEU,
4d79476e219aed66,2025-03-12 08:10:00+00:00,2025-03-14 09:30:00,QCOM,S05,6508,153.64999999999998,153.3,0.0,-2277.7999999997783,-0.016269999999998418,SENTIMENT_MORNING_SELL,5.0,5.0,3200.0,0.3796875,NEU,
9dd979d87d07a53e,2025-03-12 08:00:00+00:00,2025-03-14 16:00:00,AVGO,S05,5235,191.01,195.5,0.0,23505.15000000005,0.16789392857142893,SENTIMENT_EOD_SELL,5.0,5.0,3600.0,0.20607000000000003,NEU,
6276c4ffb07a2b5f,2025-03-13 08:00:00+00:00,2025-03-17 16:00:00,MSFT,S05,2626,380.78999999999996,388.94,0.0,21401.90000000009,0.15287071428571491,SENTIMENT_EOD_SELL,5.0,5.0,6480.0,0.2926,NEU,
61e229b48d751b5e,2025-03-17 08:05:00+00:00,2025-03-17 16:00:00,INTU,S05,1671,598.31,602.1,0.0,6333.090000000129,0.04523635714285807,SENTIMENT_EOD_SELL,5.0,5.0,715.0,0.36375,NEU,
dd6cf2349a92ef84,2025-03-12 08:00:00+00:00,2025-03-18 09:30:00,TSM,S05,5800,172.41,174.88,0.0,14325.999999999993,0.10232857142857138,SENTIMENT_MORNING_SELL,5.0,5.0,8970.0,0.37535,NEU,
0663fdb1df5107cb,2025-03-13 08:01:00+00:00,2025-03-18 09:30:00,ORCL,S05,6697,149.31,154.68,0.0,35962.89000000003,0.25687778571428593,SENTIMENT_MORNING_SELL,5.0,5.0,7529.0,0.3826714285714286,NEU,
c3369e554e4752c4,2025-03-17 08:00:00+00:00,2025-03-18 16:00:00,AVGO,S05,5114,195.51,188.39010000000002,0.0,-36411.16859999986,-0.2600797757142847,SENTIMENT_EOD_SELL,5.0,5.0,2160.0,0.20299999999999999,NEU,
aaf96f7cd0bdf43e,2025-03-18 08:22:00+00:00,2025-03-18 16:00:00,CSCO,S05,16452,60.78,60.36,0.0,-6909.840000000028,-0.049356000000000205,SENTIMENT_EOD_SELL,5.0,5.0,698.0,0.31216666666666665,NEU,
bdcf1603949a7c72,2025-03-18 08:03:00+00:00,2025-03-19 09:30:00,AAPL,S05,4678,213.73999999999998,213.57000000000002,0.0,-795.2599999998085,-0.005680428571427204,SENTIMENT_MORNING_SELL,5.0,5.0,1767.0,0.252525,NEU,
43939ee66bd252d4,2025-03-19 08:00:00+00:00,2025-03-24 13:33:00+00:00,NVDA,S05,8702,114.91000000000001,120.64550000000001,0.0,49910.32100000002,4.99129753720303,TAKE_PROFIT,5.0,5.0,7533.0,0.29938000000000003,NEU,
aa62f3932bc330a4,2025-03-19 08:00:00+00:00,2025-03-20 15:30:00+00:00,META,S05,1720,581.14,610.187,0.0,49960.84000000004,4.998279244244077,TAKE_PROFIT,5.0,5.0,1890.0,0.2205666666666667,NEU,
2aaaa594d7501409,2025-03-19 08:00:00+00:00,2025-03-24 10:53:00+00:00,TSM,S05,5847,171.01,179.5505,0.0,49936.30350000005,4.994152388749201,TAKE_PROFIT,5.0,5.0,7373.0,0.25,NEU,
86d08f4e435657d0,2025-03-18 08:57:00+00:00,2025-03-20 09:30:00,QCOM,S05,6346,157.56,158.5,0.0,5965.239999999985,0.04260885714285704,SENTIMENT_MORNING_SELL,5.0,5.0,3153.0,0.38204000000000005,NEU,
866284e98bcf03d5,2025-03-20 08:00:00+00:00,2025-03-21 13:09:00+00:00,AVGO,S05,5064,197.47,187.5865,0.0,-50050.04399999999,-5.0050640603635985,STOP_LOSS,5.0,5.0,1749.0,0.52649,NEU,
4a29c9d62e524ecc,2025-03-20 08:00:00+00:00,2025-03-24 08:00:00+00:00,TSLA,S05,4157,240.53,252.5465,0.0,49952.590500000035,4.995842514447266,TAKE_PROFIT,5.0,5.0,5760.0,0.27774,NEU,
389cfcb9413dc19e,2025-03-20 08:00:00+00:00,2025-03-20 16:00:00,NVDA,S05,8395,119.11,118.16,0.0,-7975.250000000024,-0.0569660714285716,SENTIMENT_EOD_SELL,5.0,5.0,720.0,0.28411,NEU,
544bfd95ba40a3dc,2025-03-20 08:00:00+00:00,2025-03-20 16:00:00,TSM,S05,5684,175.91,177.06,0.0,6536.600000000032,0.04669000000000023,SENTIMENT_EOD_SELL,5.0,5.0,720.0,0.27453333333333335,NEU,
2f8ac7545bc0bbb7,2025-03-20 08:01:00+00:00,2025-03-20 16:00:00,ORCL,S05,6495,153.95999999999998,152.7099,0.0,-8119.399499999837,-0.05799571071428455,SENTIMENT_EOD_SELL,5.0,5.0,719.0,0.41967,NEU,
2412a2cae394e142,2025-03-20 09:17:00+00:00,2025-03-20 16:00:00,QCOM,S05,6308,158.51999999999998,157.49,0.0,-6497.239999999828,-0.04640885714285591,SENTIMENT_EOD_SELL,5.0,5.0,643.0,0.4209333333333333,NEU,
75b84ca402e8e5bd,2025-03-17 08:00:00+00:00,2025-03-20 23:59:00+00:00,GOOGL,S05,6072,164.69,162.78,0.0,-11597.519999999979,-0.08283942857142841,BACKTEST_END,5.0,5.0,5279.0,0.23284000000000002,NEU,
396747b930753977,2025-03-17 10:33:00+00:00,2025-03-20 23:17:00+00:00,ADBE,S05,2545,392.78999999999996,391.49,0.0,-3308.4999999998845,-0.023632142857142033,BACKTEST_END,5.0,5.0,5084.0,0.21939999999999998,NEU,
26777355f75003cb,2025-03-18 08:16:00+00:00,2025-03-20 23:57:00+00:00,MSFT,S05,2573,388.53,386.98,0.0,-3988.149999999883,-0.02848678571428488,BACKTEST_END,5.0,5.0,3821.0,0.27985000000000004,NEU,
a53046215ea9d7d4,2025-03-19 08:30:00+00:00,2025-03-20 20:00:00+00:00,INTU,S05,1663,601.01,600.41,0.0,-997.8000000000378,-0.007127142857143128,BACKTEST_END,5.0,5.0,2130.0,0.25,NEU,
70ea2735bc9ecf3e,2025-03-07 00:02:00+00:00,2025-03-10 23:35:00+00:00,MSFT,S06,2519,396.9,377.04499999999996,0.0,-50014.745000000046,-5.002519526329055,STOP_LOSS,5.0,8.0,5733.0,0.30873,NEU,
60951556ca403b80,2025-03-07 00:00:00+00:00,2025-03-10 14:57:00+00:00,AMZN,S06,4974,201.01,190.9495,0.0,-50040.92699999995,-5.004974876871793,STOP_LOSS,5.0,8.0,5217.0,0.22949999999999998,NEU,
960e92413bbf0e0e,2025-03-07 00:00:00+00:00,2025-03-10 15:00:00+00:00,GOOGL,S06,5800,172.41,163.77949999999998,0.0,-50056.90000000007,-5.005800127602814,STOP_LOSS,5.0,8.0,5220.0,0.46881000000000006,NEU,
689fa43332af00f0,2025-03-07 00:00:00+00:00,2025-03-10 20:05:00+00:00,ORCL,S06,6562,152.3734,144.74473,0.0,-50059.332539999996,-5.006562825270027,STOP_LOSS,5.0,8.0,5525.0,0.3635,NEU,
459010a7d9ac5ca2,2025-03-07 00:24:00+00:00,2025-03-12 20:06:00+00:00,ADBE,S06,2247,444.90999999999997,422.6545,0.0,-50008.108499999966,-5.00224764559124,STOP_LOSS,5.0,8.0,8382.0,0.27180000000000004,NEU,
26e2d8e7fe3084e5,2025-03-07 00:29:00+00:00,2025-03-10 20:00:00+00:00,QCOM,S06,6429,155.5272,147.74084,0.0,-50058.50844000001,-5.0064297434789555,STOP_LOSS,5.0,8.0,5491.0,0.5106,NEU,
ad0922094fdc5b05,2025-03-10 08:00:00+00:00,2025-03-10 14:53:00+00:00,GOOGL,S06,5771,173.26,164.587,0.0,-50051.88300000001,-5.005771672630729,STOP_LOSS,5.0,8.0,413.0,0.27662,NEU,
26a8bcdc1e00c9a2,2025-03-10 08:00:00+00:00,2025-03-10 14:34:00+00:00,AVGO,S06,5181,193.01,183.34949999999998,0.0,-50051.05050000007,-5.005181078700593,STOP_LOSS,5.0,8.0,394.0,0.38653333333333334,NEU,
28925c821dd2d007,2025-03-10 08:00:00+00:00,2025-03-10 18:53:00+00:00,TSM,S06,5646,177.1,168.23499999999999,0.0,-50051.79000000005,-5.005646527385664,STOP_LOSS,5.0,8.0,653.0,0.42397142857142855,NEU,
96158afe65934219,2025-03-10 08:05:00+00:00,2025-03-10 20:05:00+00:00,ORCL,S06,6493,154.01,146.2995,0.0,-50064.27649999998,-5.006493084864617,STOP_LOSS,5.0,8.0,720.0,0.20962499999999998,NEU,
d1c65dc8a33171e7,2025-03-10 08:17:00+00:00,2025-03-12 14:03:00+00:00,CSCO,S06,15696,63.71,60.5145,0.0,-50156.56800000004,-5.015696123057609,STOP_LOSS,5.0,8.0,3226.0,0.38335,NEU,
3be9e0e26b31b8f7,2025-03-10 08:18:00+00:00,2025-03-10 20:00:00+00:00,QCOM,S06,6267,159.56,151.572,0.0,-50060.795999999995,-5.006267234895963,STOP_LOSS,5.0,8.0,702.0,0.25898571428571426,NEU,
c113720ec16c8ec1,2025-03-11 08:00:00+00:00,2025-03-11 13:34:00+00:00,ORCL,S06,6896,145.0,137.74,0.0,-50064.959999999934,-5.0068965517241315,STOP_LOSS,5.0,8.0,334.0,0.20078999999999997,NEU,
3f439e515b495a87,2025-03-11 08:00:00+00:00,2025-03-11 16:00:00,META,S06,1683,594.01,606.99,0.0,21845.34000000003,0.15603814285714307,SENTIMENT_EOD_SELL,5.0,8.0,720.0,0.22361111111111112,NEU,
74ff5f80b4062079,2025-03-11 08:53:00+00:00,2025-03-11 16:00:00,INTU,S06,1715,583.01,586.7,0.0,6328.350000000093,0.045202500000000666,SENTIMENT_EOD_SELL,5.0,8.0,667.0,0.46345000000000003,NEU,
c883fcad3b45dcfa,2025-03-11 08:00:00+00:00,2025-03-11 16:00:00,QCOM,S06,6496,153.92,153.10000000000002,0.0,-5326.719999999771,-0.03804799999999837,SENTIMENT_EOD_SELL,5.0,8.0,720.0,0.23700000000000002,NEU,
8a1b128a73e66313,2025-03-12 08:00:00+00:00,2025-03-14 12:24:00+00:00,NVDA,S06,9089,110.02000000000001,118.81160000000001,0.0,79906.85240000002,7.990910743501183,TAKE_PROFIT,5.0,8.0,3144.0,0.26033,NEU,
4637d2147f60b490,2025-03-12 11:10:00+00:00,2025-03-13 11:41:00+00:00,ADBE,S06,2293,436.03999999999996,414.22799999999995,0.0,-50014.91600000003,-5.002293367580958,STOP_LOSS,5.0,8.0,1471.0,0.29754,NEU,
77709f52a5ef4947,2025-03-12 08:00:00+00:00,2025-03-12 16:00:00,MSFT,S06,2624,381.01,384.04,0.0,7950.720000000078,0.0567908571428577,SENTIMENT_EOD_SELL,5.0,8.0,720.0,0.28993,NEU,
4dee17b2b738e6e1,2025-03-12 08:00:00+00:00,2025-03-12 16:00:00,GOOGL,S06,6070,164.73,167.69,0.0,17967.200000000048,0.1283371428571432,SENTIMENT_EOD_SELL,5.0,8.0,720.0,0.26242,NEU,
6711f25c3970e398,2025-03-10 08:00:00+00:00,2025-03-13 09:30:00,AMZN,S06,5049,198.01999999999998,197.39000000000001,0.0,-3180.8699999998335,-0.022720499999998808,SENTIMENT_MORNING_SELL,5.0,8.0,4650.0,0.24796,NEU,
8461d890780ecadf,2025-03-12 08:26:00+00:00,2025-03-13 09:30:00,ORCL,S06,6912,144.66,149.29000000000002,0.0,32002.560000000165,0.22858971428571548,SENTIMENT_MORNING_SELL,5.0,8.0,1744.0,0.262725,NEU,
81e787756d232ac5,2025-03-12 08:00:00+00:00,2025-03-18 14:32:00+00:00,META,S06,1644,608.01,577.5994999999999,0.0,-49994.86200000012,-1.4136538142857176,STOP_LOSS,5.0,8.0,9032.0,0.27731,NEU,
f9fd02af33cc5555,2025-03-13 08:18:00+00:00,2025-03-13 13:31:00+00:00,ADBE,S06,2392,418.01,397.0995,0.0,-50017.916000000034,-5.002392287265859,STOP_LOSS,5.0,8.0,313.0,0.3750222222222222,NEU,
2f72571171bae08d,2025-03-11 08:13:00+00:00,2025-03-14 09:30:00,CSCO,S06,16066,62.239999999999995,59.99,0.0,-36148.49999999988,-0.2582035714285706,SENTIMENT_MORNING_SELL,5.0,8.0,4637.0,0.3178,NEU,
2493e5fe3fe154ae,2025-03-12 08:10:00+00:00,2025-03-14 09:30:00,QCOM,S06,6508,153.64999999999998,153.3,0.0,-2277.7999999997783,-0.016269999999998418,SENTIMENT_MORNING_SELL,5.0,8.0,3200.0,0.3796875,NEU,
b6fe1938175a2952,2025-03-13 08:00:00+00:00,2025-03-14 09:30:00,NVDA,S06,8710,114.81,117.19,0.0,20729.79999999996,0.1480699999999997,SENTIMENT_MORNING_SELL,5.0,8.0,1770.0,0.28837,NEU,
0e931a504629b5b0,2025-03-12 08:00:00+00:00,2025-03-14 16:00:00,AVGO,S06,5235,191.01,195.5,0.0,23505.15000000005,0.16789392857142893,SENTIMENT_EOD_SELL,5.0,8.0,3600.0,0.20607000000000003,NEU,
b724ebdeefa87245,2025-03-13 08:00:00+00:00,2025-03-17 16:00:00,MSFT,S06,2626,380.78999999999996,388.94,0.0,21401.90000000009,0.15287071428571491,SENTIMENT_EOD_SELL,5.0,8.0,6480.0,0.2926,NEU,
2adff3fb98e6245a,2025-03-17 08:05:00+00:00,2025-03-17 16:00:00,INTU,S06,1671,598.31,602.1,0.0,6333.090000000129,0.04523635714285807,SENTIMENT_EOD_SELL,5.0,8.0,715.0,0.36375,NEU,
1225c0c9f49e10fd,2025-03-12 08:00:00+00:00,2025-03-18 09:30:00,TSM,S06,5800,172.41,174.88,0.0,14325.999999999993,0.10232857142857138,SENTIMENT_MORNING_SELL,5.0,8.0,8970.0,0.37535,NEU,
69d2957a912f2031,2025-03-13 08:01:00+00:00,2025-03-18 09:30:00,ORCL,S06,6697,149.31,154.68,0.0,35962.89000000003,0.25687778571428593,SENTIMENT_MORNING_SELL,5.0,8.0,7529.0,0.3826714285714286,NEU,
8f67d099eb10f699,2025-03-17 08:00:00+00:00,2025-03-18 16:00:00,AVGO,S06,5114,195.51,188.39010000000002,0.0,-36411.16859999986,-0.2600797757142847,SENTIMENT_EOD_SELL,5.0,8.0,2160.0,0.20299999999999999,NEU,
9a795b8071cde29d,2025-03-18 08:22:00+00:00,2025-03-18 16:00:00,CSCO,S06,16452,60.78,60.36,0.0,-6909.840000000028,-0.049356000000000205,SENTIMENT_EOD_SELL,5.0,8.0,698.0,0.31216666666666665,NEU,
2b2a3ffe6698ae70,2025-03-18 08:03:00+00:00,2025-03-19 09:30:00,AAPL,S06,4678,213.73999999999998,213.57000000000002,0.0,-795.2599999998085,-0.005680428571427204,SENTIMENT_MORNING_SELL,5.0,8.0,1767.0,0.252525,NEU,
ac29afcc6ece2ab5,2025-03-19 08:00:00+00:00,2025-03-19 16:00:00,NVDA,S06,8702,114.91000000000001,118.78,0.0,33676.73999999992,0.2405481428571423,SENTIMENT_EOD_SELL,5.0,8.0,720.0,0.29938000000000003,NEU,
b8fb1f89339cea8a,2025-03-19 08:00:00+00:00,2025-03-19 16:00:00,META,S06,1720,581.14,588.15,0.0,12057.199999999984,0.08612285714285703,SENTIMENT_EOD_SELL,5.0,8.0,720.0,0.2205666666666667,NEU,
fb907a38fb9737ce,2025-03-18 08:57:00+00:00,2025-03-20 09:30:00,QCOM,S06,6346,157.56,158.5,0.0,5965.239999999985,0.04260885714285704,SENTIMENT_MORNING_SELL,5.0,8.0,3153.0,0.38204000000000005,NEU,
c96005e7d76e1e0b,2025-03-19 08:00:00+00:00,2025-03-20 09:30:00,TSM,S06,5847,171.01,175.89000000000001,0.0,28533.36000000014,0.2038097142857153,SENTIMENT_MORNING_SELL,5.0,8.0,1770.0,0.25,NEU,
be12eaea4088ae0c,2025-03-20 08:00:00+00:00,2025-03-21 13:09:00+00:00,AVGO,S06,5064,197.47,187.5865,0.0,-50050.04399999999,-5.0050640603635985,STOP_LOSS,5.0,8.0,1749.0,0.52649,NEU,
250f6a54844d95f0,2025-03-20 08:00:00+00:00,2025-03-24 08:50:00+00:00,TSLA,S06,4157,240.53,259.7624,0.0,79949.08680000005,7.995842514447267,TAKE_PROFIT,5.0,8.0,5810.0,0.27774,NEU,
2a410f1cf2330ada,2025-03-20 08:00:00+00:00,2025-03-20 16:00:00,NVDA,S06,8395,119.11,118.16,0.0,-7975.250000000024,-0.0569660714285716,SENTIMENT_EOD_SELL,5.0,8.0,720.0,0.28411,NEU,
6db7697abfca4e54,2025-03-20 08:00:00+00:00,2025-03-20 16:00:00,TSM,S06,5684,175.91,177.06,0.0,6536.600000000032,0.04669000000000023,SENTIMENT_EOD_SELL,5.0,8.0,720.0,0.27453333333333335,NEU,
f40f51393713f426,2025-03-20 08:01:00+00:00,2025-03-20 16:00:00,ORCL,S06,6495,153.95999999999998,152.7099,0.0,-8119.399499999837,-0.05799571071428455,SENTIMENT_EOD_SELL,5.0,8.0,719.0,0.41967,NEU,
5ce19c620eb3e1da,2025-03-20 09:17:00+00:00,2025-03-20 16:00:00,QCOM,S06,6308,158.51999999999998,157.49,0.0,-6497.239999999828,-0.04640885714285591,SENTIMENT_EOD_SELL,5.0,8.0,643.0,0.4209333333333333,NEU,
56578d3e780005a1,2025-03-17 08:00:00+00:00,2025-03-20 23:59:00+00:00,GOOGL,S06,6072,164.69,162.78,0.0,-11597.519999999979,-0.08283942857142841,BACKTEST_END,5.0,8.0,5279.0,0.23284000000000002,NEU,
23f523456c10bbd8,2025-03-17 10:33:00+00:00,2025-03-20 23:17:00+00:00,ADBE,S06,2545,392.78999999999996,391.49,0.0,-3308.4999999998845,-0.023632142857142033,BACKTEST_END,5.0,8.0,5084.0,0.21939999999999998,NEU,
2e7e689cf46d494d,2025-03-18 08:16:00+00:00,2025-03-20 23:57:00+00:00,MSFT,S06,2573,388.53,386.98,0.0,-3988.149999999883,-0.02848678571428488,BACKTEST_END,5.0,8.0,3821.0,0.27985000000000004,NEU,
c831145d3bc722fa,2025-03-19 08:30:00+00:00,2025-03-20 20:00:00+00:00,INTU,S06,1663,601.01,600.41,0.0,-997.8000000000378,-0.007127142857143128,BACKTEST_END,5.0,8.0,2130.0,0.25,NEU,
299c8c6e2c3eedfe,2025-03-07 00:02:00+00:00,2025-03-10 23:35:00+00:00,MSFT,S07,2519,396.9,377.04499999999996,0.0,-50014.745000000046,-5.002519526329055,STOP_LOSS,5.0,12.0,5733.0,0.30873,NEU,
57de8156f9ad5af4,2025-03-07 00:00:00+00:00,2025-03-10 14:57:00+00:00,AMZN,S07,4974,201.01,190.9495,0.0,-50040.92699999995,-5.004974876871793,STOP_LOSS,5.0,12.0,5217.0,0.22949999999999998,NEU,
4deb4c4f59368f43,2025-03-07 00:00:00+00:00,2025-03-10 15:00:00+00:00,GOOGL,S07,5800,172.41,163.77949999999998,0.0,-50056.90000000007,-5.005800127602814,STOP_LOSS,5.0,12.0,5220.0,0.46881000000000006,NEU,
892fc4ac223aa2a7,2025-03-07 00:00:00+00:00,2025-03-10 20:05:00+00:00,ORCL,S07,6562,152.3734,144.74473,0.0,-50059.332539999996,-5.006562825270027,STOP_LOSS,5.0,12.0,5525.0,0.3635,NEU,
9d38e41bb688bd57,2025-03-07 00:24:00+00:00,2025-03-12 20:06:00+00:00,ADBE,S07,2247,444.90999999999997,422.6545,0.0,-50008.108499999966,-5.00224764559124,STOP_LOSS,5.0,12.0,8382.0,0.27180000000000004,NEU,
f8910c2db757636a,2025-03-07 00:29:00+00:00,2025-03-10 20:00:00+00:00,QCOM,S07,6429,155.5272,147.74084,0.0,-50058.50844000001,-5.0064297434789555,STOP_LOSS,5.0,12.0,5491.0,0.5106,NEU,
95a73a7835d67d4f,2025-03-10 08:00:00+00:00,2025-03-10 14:53:00+00:00,GOOGL,S07,5771,173.26,164.587,0.0,-50051.88300000001,-5.005771672630729,STOP_LOSS,5.0,12.0,413.0,0.27662,NEU,
6879f5a861d6d0ba,2025-03-10 08:00:00+00:00,2025-03-10 14:34:00+00:00,AVGO,S07,5181,193.01,183.34949999999998,0.0,-50051.05050000007,-5.005181078700593,STOP_LOSS,5.0,12.0,394.0,0.38653333333333334,NEU,
8f29ab9d91c5564c,2025-03-10 08:00:00+00:00,2025-03-10 18:53:00+00:00,TSM,S07,5646,177.1,168.23499999999999,0.0,-50051.79000000005,-5.005646527385664,STOP_LOSS,5.0,12.0,653.0,0.42397142857142855,NEU,
2c190c37aca6b246,2025-03-10 08:05:00+00:00,2025-03-10 20:05:00+00:00,ORCL,S07,6493,154.01,146.2995,0.0,-50064.27649999998,-5.006493084864617,STOP_LOSS,5.0,12.0,720.0,0.20962499999999998,NEU,
8b1dc8b2c6d871bf,2025-03-10 08:17:00+00:00,2025-03-12 14:03:00+00:00,CSCO,S07,15696,63.71,60.5145,0.0,-50156.56800000004,-5.015696123057609,STOP_LOSS,5.0,12.0,3226.0,0.38335,NEU,
a42d708d6ad94870,2025-03-10 08:18:00+00:00,2025-03-10 20:00:00+00:00,QCOM,S07,6267,159.56,151.572,0.0,-50060.795999999995,-5.006267234895963,STOP_LOSS,5.0,12.0,702.0,0.25898571428571426,NEU,
dd84600eb3fc4113,2025-03-11 08:00:00+00:00,2025-03-11 13:34:00+00:00,ORCL,S07,6896,145.0,137.74,0.0,-50064.959999999934,-5.0068965517241315,STOP_LOSS,5.0,12.0,334.0,0.20078999999999997,NEU,
39cbc608ae945488,2025-03-11 08:00:00+00:00,2025-03-11 16:00:00,META,S07,1683,594.01,606.99,0.0,21845.34000000003,0.15603814285714307,SENTIMENT_EOD_SELL,5.0,12.0,720.0,0.22361111111111112,NEU,
f740b8b3a77d861b,2025-03-11 08:53:00+00:00,2025-03-11 16:00:00,INTU,S07,1715,583.01,586.7,0.0,6328.350000000093,0.045202500000000666,SENTIMENT_EOD_SELL,5.0,12.0,667.0,0.46345000000000003,NEU,
8ffd4e316c6af2dd,2025-03-11 08:00:00+00:00,2025-03-11 16:00:00,QCOM,S07,6496,153.92,153.10000000000002,0.0,-5326.719999999771,-0.03804799999999837,SENTIMENT_EOD_SELL,5.0,12.0,720.0,0.23700000000000002,NEU,
c509ccd85b3c999b,2025-03-12 08:00:00+00:00,2025-03-17 11:19:00+00:00,NVDA,S07,9089,110.02000000000001,123.21240000000002,0.0,119905.72360000006,11.990910743501185,TAKE_PROFIT,5.0,12.0,7399.0,0.26033,NEU,
537fd9ec282ce371,2025-03-12 11:10:00+00:00,2025-03-13 11:41:00+00:00,ADBE,S07,2293,436.03999999999996,414.22799999999995,0.0,-50014.91600000003,-5.002293367580958,STOP_LOSS,5.0,12.0,1471.0,0.29754,NEU,
9a953bddd1b51672,2025-03-12 08:00:00+00:00,2025-03-12 16:00:00,MSFT,S07,2624,381.01,384.04,0.0,7950.720000000078,0.0567908571428577,SENTIMENT_EOD_SELL,5.0,12.0,720.0,0.28993,NEU,
9cac6c3970e1b83c,2025-03-12 08:00:00+00:00,2025-03-12 16:00:00,GOOGL,S07,6070,164.73,167.69,0.0,17967.200000000048,0.1283371428571432,SENTIMENT_EOD_SELL,5.0,12.0,720.0,0.26242,NEU,
c5fcbde604911c65,2025-03-10 08:00:00+00:00,2025-03-13 09:30:00,AMZN,S07,5049,198.01999999999998,197.39000000000001,0.0,-3180.8699999998335,-0.022720499999998808,SENTIMENT_MORNING_SELL,5.0,12.0,4650.0,0.24796,NEU,
902c110a27a0f908,2025-03-12 08:26:00+00:00,2025-03-13 09:30:00,ORCL,S07,6912,144.66,149.29000000000002,0.0,32002.560000000165,0.22858971428571548,SENTIMENT_MORNING_SELL,5.0,12.0,1744.0,0.262725,NEU,
d509f16072268c4b,2025-03-12 08:00:00+00:00,2025-03-18 14:32:00+00:00,META,S07,1644,608.01,577.5994999999999,0.0,-49994.86200000012,-1.4136538142857176,STOP_LOSS,5.0,12.0,9032.0,0.27731,NEU,
3884c7400799e875,2025-03-13 08:18:00+00:00,2025-03-13 13:31:00+00:00,ADBE,S07,2392,418.01,397.0995,0.0,-50017.916000000034,-5.002392287265859,STOP_LOSS,5.0,12.0,313.0,0.3750222222222222,NEU,
44f1972d6efac3bb,2025-03-11 08:13:00+00:00,2025-03-14 09:30:00,CSCO,S07,16066,62.239999999999995,59.99,0.0,-36148.49999999988,-0.2582035714285706,SENTIMENT_MORNING_SELL,5.0,12.0,4637.0,0.3178,NEU,
c57fec7deacdbe3f,2025-03-12 08:10:00+00:00,2025-03-14 09:30:00,QCOM,S07,6508,153.64999999999998,153.3,0.0,-2277.7999999997783,-0.016269999999998418,SENTIMENT_MORNING_SELL,5.0,12.0,3200.0,0.3796875,NEU,
b2a77cccc6cb867a,2025-03-13 08:00:00+00:00,2025-03-14 09:30:00,NVDA,S07,8710,114.81,117.19,0.0,20729.79999999996,0.1480699999999997,SENTIMENT_MORNING_SELL,5.0,12.0,1770.0,0.28837,NEU,
a7c0239da1b7304c,2025-03-12 08:00:00+00:00,2025-03-14 16:00:00,AVGO,S07,5235,191.01,195.5,0.0,23505.15000000005,0.16789392857142893,SENTIMENT_EOD_SELL,5.0,12.0,3600.0,0.20607000000000003,NEU,
eebcfe0315c981fd,2025-03-13 08:00:00+00:00,2025-03-17 16:00:00,MSFT,S07,2626,380.78999999999996,388.94,0.0,21401.90000000009,0.15287071428571491,SENTIMENT_EOD_SELL,5.0,12.0,6480.0,0.2926,NEU,
97655cd11dd56a38,2025-03-17 08:05:00+00:00,2025-03-17 16:00:00,INTU,S07,1671,598.31,602.1,0.0,6333.090000000129,0.04523635714285807,SENTIMENT_EOD_SELL,5.0,12.0,715.0,0.36375,NEU,
02485674eeaafe08,2025-03-12 08:00:00+00:00,2025-03-18 09:30:00,TSM,S07,5800,172.41,174.88,0.0,14325.999999999993,0.10232857142857138,SENTIMENT_MORNING_SELL,5.0,12.0,8970.0,0.37535,NEU,
3a6971ccab80f355,2025-03-13 08:01:00+00:00,2025-03-18 09:30:00,ORCL,S07,6697,149.31,154.68,0.0,35962.89000000003,0.25687778571428593,SENTIMENT_MORNING_SELL,5.0,12.0,7529.0,0.3826714285714286,NEU,
5430b3be921eebb9,2025-03-17 08:00:00+00:00,2025-03-18 16:00:00,AVGO,S07,5114,195.51,188.39010000000002,0.0,-36411.16859999986,-0.2600797757142847,SENTIMENT_EOD_SELL,5.0,12.0,2160.0,0.20299999999999999,NEU,
f57fa2404bb64dca,2025-03-18 08:22:00+00:00,2025-03-18 16:00:00,CSCO,S07,16452,60.78,60.36,0.0,-6909.840000000028,-0.049356000000000205,SENTIMENT_EOD_SELL,5.0,12.0,698.0,0.31216666666666665,NEU,
8616084b0183a6da,2025-03-18 08:03:00+00:00,2025-03-19 09:30:00,AAPL,S07,4678,213.73999999999998,213.57000000000002,0.0,-795.2599999998085,-0.005680428571427204,SENTIMENT_MORNING_SELL,5.0,12.0,1767.0,0.252525,NEU,
753e7f19836bd3a0,2025-03-19 08:00:00+00:00,2025-03-19 16:00:00,NVDA,S07,8702,114.91000000000001,118.78,0.0,33676.73999999992,0.2405481428571423,SENTIMENT_EOD_SELL,5.0,12.0,720.0,0.29938000000000003,NEU,
b2c48df342349027,2025-03-19 08:00:00+00:00,2025-03-19 16:00:00,META,S07,1720,581.14,588.15,0.0,12057.199999999984,0.08612285714285703,SENTIMENT_EOD_SELL,5.0,12.0,720.0,0.2205666666666667,NEU,
31b14e808c3353fa,2025-03-18 08:57:00+00:00,2025-03-20 09:30:00,QCOM,S07,6346,157.56,158.5,0.0,5965.239999999985,0.04260885714285704,SENTIMENT_MORNING_SELL,5.0,12.0,3153.0,0.38204000000000005,NEU,
dde67101d367ef69,2025-03-19 08:00:00+00:00,2025-03-20 09:30:00,TSM,S07,5847,171.01,175.89000000000001,0.0,28533.36000000014,0.2038097142857153,SENTIMENT_MORNING_SELL,5.0,12.0,1770.0,0.25,NEU,
e36243fbd8801c22,2025-03-20 08:00:00+00:00,2025-03-21 13:09:00+00:00,AVGO,S07,5064,197.47,187.5865,0.0,-50050.04399999999,-5.0050640603635985,STOP_LOSS,5.0,12.0,1749.0,0.52649,NEU,
d4f5f3ce5857d9f4,2025-03-20 08:00:00+00:00,2025-03-24 14:04:00+00:00,TSLA,S07,4157,240.53,269.38360000000006,0.0,119944.41520000024,11.995842514447286,TAKE_PROFIT,5.0,12.0,6124.0,0.27774,NEU,
e92e6cb3dbed8513,2025-03-20 08:00:00+00:00,2025-03-20 16:00:00,NVDA,S07,8395,119.11,118.16,0.0,-7975.250000000024,-0.0569660714285716,SENTIMENT_EOD_SELL,5.0,12.0,720.0,0.28411,NEU,
7aca113dcadae5dc,2025-03-20 08:00:00+00:00,2025-03-20 16:00:00,TSM,S07,5684,175.91,177.06,0.0,6536.600000000032,0.04669000000000023,SENTIMENT_EOD_SELL,5.0,12.0,720.0,0.27453333333333335,NEU,
c500c0d4b5a66e61,2025-03-20 08:01:00+00:00,2025-03-20 16:00:00,ORCL,S07,6495,153.95999999999998,152.7099,0.0,-8119.399499999837,-0.05799571071428455,SENTIMENT_EOD_SELL,5.0,12.0,719.0,0.41967,NEU,
2952965949f20556,2025-03-20 09:17:00+00:00,2025-03-20 16:00:00,QCOM,S07,6308,158.51999999999998,157.49,0.0,-6497.239999999828,-0.04640885714285591,SENTIMENT_EOD_SELL,5.0,12.0,643.0,0.4209333333333333,NEU,
d7feb00f54abf858,2025-03-17 08:00:00+00:00,2025-03-20 23:59:00+00:00,GOOGL,S07,6072,164.69,162.78,0.0,-11597.519999999979,-0.08283942857142841,BACKTEST_END,5.0,12.0,5279.0,0.23284000000000002,NEU,
c4d29ae6bc294a6b,2025-03-17 10:33:00+00:00,2025-03-20 23:17:00+00:00,ADBE,S07,2545,392.78999999999996,391.49,0.0,-3308.4999999998845,-0.023632142857142033,BACKTEST_END,5.0,12.0,5084.0,0.21939999999999998,NEU,
9322f3558ca5d1d9,2025-03-18 08:16:00+00:00,2025-03-20 23:57:00+00:00,MSFT,S07,2573,388.53,386.98,0.0,-3988.149999999883,-0.02848678571428488,BACKTEST_END,5.0,12.0,3821.0,0.27985000000000004,NEU,
e8211d1366958234,2025-03-19 08:30:00+00:00,2025-03-20 20:00:00+00:00,INTU,S07,1663,601.01,600.41,0.0,-997.8000000000378,-0.007127142857143128,BACKTEST_END,5.0,12.0,2130.0,0.25,NEU,
1ace172b1ef5624a,2025-03-07 00:02:00+00:00,2025-03-10 23:35:00+00:00,MSFT,S08,2519,396.9,377.04499999999996,0.0,-50014.745000000046,-5.002519526329055,STOP_LOSS,5.0,20.0,5733.0,0.30873,NEU,
47da57d5accd547a,2025-03-07 00:00:00+00:00,2025-03-10 14:57:00+00:00,AMZN,S08,4974,201.01,190.9495,0.0,-50040.92699999995,-5.004974876871793,STOP_LOSS,5.0,20.0,5217.0,0.22949999999999998,NEU,
ca0fb60f2213fb6b,2025-03-07 00:00:00+00:00,2025-03-10 15:00:00+00:00,GOOGL,S08,5800,172.41,163.77949999999998,0.0,-50056.90000000007,-5.005800127602814,STOP_LOSS,5.0,20.0,5220.0,0.46881000000000006,NEU,
6282d2360d67ca57,2025-03-07 00:00:00+00:00,2025-03-10 20:05:00+00:00,ORCL,S08,6562,152.3734,144.74473,0.0,-50059.332539999996,-5.006562825270027,STOP_LOSS,5.0,20.0,5525.0,0.3635,NEU,
a541cf0c4124b5d5,2025-03-07 00:24:00+00:00,2025-03-12 20:06:00+00:00,ADBE,S08,2247,444.90999999999997,422.6545,0.0,-50008.108499999966,-5.00224764559124,STOP_LOSS,5.0,20.0,8382.0,0.27180000000000004,NEU,
d6f61458b75bd46f,2025-03-07 00:29:00+00:00,2025-03-10 20:00:00+00:00,QCOM,S08,6429,155.5272,147.74084,0.0,-50058.50844000001,-5.0064297434789555,STOP_LOSS,5.0,20.0,5491.0,0.5106,NEU,
7073dbf317883c49,2025-03-10 08:00:00+00:00,2025-03-10 14:53:00+00:00,GOOGL,S08,5771,173.26,164.587,0.0,-50051.88300000001,-5.005771672630729,STOP_LOSS,5.0,20.0,413.0,0.27662,NEU,
e4f0fd8464bd350a,2025-03-10 08:00:00+00:00,2025-03-10 14:34:00+00:00,AVGO,S08,5181,193.01,183.34949999999998,0.0,-50051.05050000007,-5.005181078700593,STOP_LOSS,5.0,20.0,394.0,0.38653333333333334,NEU,
88105e1f3fe895ac,2025-03-10 08:00:00+00:00,2025-03-10 18:53:00+00:00,TSM,S08,5646,177.1,168.23499999999999,0.0,-50051.79000000005,-5.005646527385664,STOP_LOSS,5.0,20.0,653.0,0.42397142857142855,NEU,
3b2ac36cb9bcf26f,2025-03-10 08:05:00+00:00,2025-03-10 20:05:00+00:00,ORCL,S08,6493,154.01,146.2995,0.0,-50064.27649999998,-5.006493084864617,STOP_LOSS,5.0,20.0,720.0,0.20962499999999998,NEU,
308040fa8749cd5a,2025-03-10 08:17:00+00:00,2025-03-12 14:03:00+00:00,CSCO,S08,15696,63.71,60.5145,0.0,-50156.56800000004,-5.015696123057609,STOP_LOSS,5.0,20.0,3226.0,0.38335,NEU,
a2cda6dfd42bad0b,2025-03-10 08:18:00+00:00,2025-03-10 20:00:00+00:00,QCOM,S08,6267,159.56,151.572,0.0,-50060.795999999995,-5.006267234895963,STOP_LOSS,5.0,20.0,702.0,0.25898571428571426,NEU,
dc9a302feaaebd53,2025-03-11 08:00:00+00:00,2025-03-11 13:34:00+00:00,ORCL,S08,6896,145.0,137.74,0.0,-50064.959999999934,-5.0068965517241315,STOP_LOSS,5.0,20.0,334.0,0.20078999999999997,NEU,
cdce528aaf8d637f,2025-03-11 08:00:00+00:00,2025-03-11 16:00:00,META,S08,1683,594.01,606.99,0.0,21845.34000000003,0.15603814285714307,SENTIMENT_EOD_SELL,5.0,20.0,720.0,0.22361111111111112,NEU,
2567570c183bea89,2025-03-11 08:53:00+00:00,2025-03-11 16:00:00,INTU,S08,1715,583.01,586.7,0.0,6328.350000000093,0.045202500000000666,SENTIMENT_EOD_SELL,5.0,20.0,667.0,0.46345000000000003,NEU,
2055e7c955f0bbc7,2025-03-11 08:00:00+00:00,2025-03-11 16:00:00,QCOM,S08,6496,153.92,153.10000000000002,0.0,-5326.719999999771,-0.03804799999999837,SENTIMENT_EOD_SELL,5.0,20.0,720.0,0.23700000000000002,NEU,
f5bb0cb682aeb068,2025-03-12 11:10:00+00:00,2025-03-13 11:41:00+00:00,ADBE,S08,2293,436.03999999999996,414.22799999999995,0.0,-50014.91600000003,-5.002293367580958,STOP_LOSS,5.0,20.0,1471.0,0.29754,NEU,
40b60033fb9602c7,2025-03-12 08:00:00+00:00,2025-03-12 16:00:00,MSFT,S08,2624,381.01,384.04,0.0,7950.720000000078,0.0567908571428577,SENTIMENT_EOD_SELL,5.0,20.0,720.0,0.28993,NEU,
9f5a86dbf520a5cc,2025-03-12 08:00:00+00:00,2025-03-12 16:00:00,GOOGL,S08,6070,164.73,167.69,0.0,17967.200000000048,0.1283371428571432,SENTIMENT_EOD_SELL,5.0,20.0,720.0,0.26242,NEU,
cc1ab901de396cb7,2025-03-10 08:00:00+00:00,2025-03-13 09:30:00,AMZN,S08,5049,198.01999999999998,197.39000000000001,0.0,-3180.8699999998335,-0.022720499999998808,SENTIMENT_MORNING_SELL,5.0,20.0,4650.0,0.24796,NEU,
6b55b270959303be,2025-03-12 08:26:00+00:00,2025-03-13 09:30:00,ORCL,S08,6912,144.66,149.29000000000002,0.0,32002.560000000165,0.22858971428571548,SENTIMENT_MORNING_SELL,5.0,20.0,1744.0,0.262725,NEU,
59d49f88d1a3498e,2025-03-12 08:00:00+00:00,2025-03-18 14:32:00+00:00,META,S08,1644,608.01,577.5994999999999,0.0,-49994.86200000012,-1.4136538142857176,STOP_LOSS,5.0,20.0,9032.0,0.27731,NEU,
d5ad33311ba31de0,2025-03-13 08:18:00+00:00,2025-03-13 13:31:00+00:00,ADBE,S08,2392,418.01,397.0995,0.0,-50017.916000000034,-5.002392287265859,STOP_LOSS,5.0,20.0,313.0,0.3750222222222222,NEU,
995f7cb1e62b2c02,2025-03-11 08:13:00+00:00,2025-03-14 09:30:00,CSCO,S08,16066,62.239999999999995,59.99,0.0,-36148.49999999988,-0.2582035714285706,SENTIMENT_MORNING_SELL,5.0,20.0,4637.0,0.3178,NEU,
88af3f90d54cf30b,2025-03-12 08:00:00+00:00,2025-03-14 09:30:00,NVDA,S08,9089,110.02000000000001,117.19,0.0,65168.12999999989,0.46548664285714203,SENTIMENT_MORNING_SELL,5.0,20.0,3210.0,0.26033,NEU,
e234990f6cd0b4f7,2025-03-12 08:10:00+00:00,2025-03-14 09:30:00,QCOM,S08,6508,153.64999999999998,153.3,0.0,-2277.7999999997783,-0.016269999999998418,SENTIMENT_MORNING_SELL,5.0,20.0,3200.0,0.3796875,NEU,
bb605a1ea44e2aa5,2025-03-12 08:00:00+00:00,2025-03-14 16:00:00,AVGO,S08,5235,191.01,195.5,0.0,23505.15000000005,0.16789392857142893,SENTIMENT_EOD_SELL,5.0,20.0,3600.0,0.20607000000000003,NEU,
275017ea774bd2f9,2025-03-13 08:00:00+00:00,2025-03-17 16:00:00,MSFT,S08,2626,380.78999999999996,388.94,0.0,21401.90000000009,0.15287071428571491,SENTIMENT_EOD_SELL,5.0,20.0,6480.0,0.2926,NEU,
f6d03322108618d9,2025-03-17 08:05:00+00:00,2025-03-17 16:00:00,INTU,S08,1671,598.31,602.1,0.0,6333.090000000129,0.04523635714285807,SENTIMENT_EOD_SELL,5.0,20.0,715.0,0.36375,NEU,
9415f17ba825af63,2025-03-12 08:00:00+00:00,2025-03-18 09:30:00,TSM,S08,5800,172.41,174.88,0.0,14325.999999999993,0.10232857142857138,SENTIMENT_MORNING_SELL,5.0,20.0,8970.0,0.37535,NEU,
f6f3fc83bcc8e72f,2025-03-13 08:01:00+00:00,2025-03-18 09:30:00,ORCL,S08,6697,149.31,154.68,0.0,35962.89000000003,0.25687778571428593,SENTIMENT_MORNING_SELL,5.0,20.0,7529.0,0.3826714285714286,NEU,
8fedb658c7e85a9f,2025-03-17 08:00:00+00:00,2025-03-18 16:00:00,AVGO,S08,5114,195.51,188.39010000000002,0.0,-36411.16859999986,-0.2600797757142847,SENTIMENT_EOD_SELL,5.0,20.0,2160.0,0.20299999999999999,NEU,
e582d258fd4332f8,2025-03-18 08:22:00+00:00,2025-03-18 16:00:00,CSCO,S08,16452,60.78,60.36,0.0,-6909.840000000028,-0.049356000000000205,SENTIMENT_EOD_SELL,5.0,20.0,698.0,0.31216666666666665,NEU,
231a0b3508cab275,2025-03-18 08:03:00+00:00,2025-03-19 09:30:00,AAPL,S08,4678,213.73999999999998,213.57000000000002,0.0,-795.2599999998085,-0.005680428571427204,SENTIMENT_MORNING_SELL,5.0,20.0,1767.0,0.252525,NEU,
a13b6154af9d2322,2025-03-19 08:00:00+00:00,2025-03-19 16:00:00,NVDA,S08,8702,114.91000000000001,118.78,0.0,33676.73999999992,0.2405481428571423,SENTIMENT_EOD_SELL,5.0,20.0,720.0,0.29938000000000003,NEU,
13934534a27b8414,2025-03-19 08:00:00+00:00,2025-03-19 16:00:00,META,S08,1720,581.14,588.15,0.0,12057.199999999984,0.08612285714285703,SENTIMENT_EOD_SELL,5.0,20.0,720.0,0.2205666666666667,NEU,
3292539ee06883b1,2025-03-18 08:57:00+00:00,2025-03-20 09:30:00,QCOM,S08,6346,157.56,158.5,0.0,5965.239999999985,0.04260885714285704,SENTIMENT_MORNING_SELL,5.0,20.0,3153.0,0.38204000000000005,NEU,
d3f1617310ab5272,2025-03-19 08:00:00+00:00,2025-03-20 09:30:00,TSM,S08,5847,171.01,175.89000000000001,0.0,28533.36000000014,0.2038097142857153,SENTIMENT_MORNING_SELL,5.0,20.0,1770.0,0.25,NEU,
60b8cbff9f75cec8,2025-03-20 08:00:00+00:00,2025-03-21 13:09:00+00:00,AVGO,S08,5064,197.47,187.5865,0.0,-50050.04399999999,-5.0050640603635985,STOP_LOSS,5.0,20.0,1749.0,0.52649,NEU,
526bbf50a2e4a0d7,2025-03-20 08:00:00+00:00,2025-03-25 20:00:00+00:00,TSLA,S08,4157,240.53,288.626,0.0,199935.0719999999,19.995842514447254,TAKE_PROFIT,5.0,20.0,7920.0,0.27774,NEU,
0a86061a56894e11,2025-03-20 08:00:00+00:00,2025-03-20 16:00:00,NVDA,S08,8395,119.11,118.16,0.0,-7975.250000000024,-0.0569660714285716,SENTIMENT_EOD_SELL,5.0,20.0,720.0,0.28411,NEU,
39c22162bf1b4c69,2025-03-20 08:00:00+00:00,2025-03-20 16:00:00,TSM,S08,5684,175.91,177.06,0.0,6536.600000000032,0.04669000000000023,SENTIMENT_EOD_SELL,5.0,20.0,720.0,0.27453333333333335,NEU,
e917f908c095837e,2025-03-20 08:01:00+00:00,2025-03-20 16:00:00,ORCL,S08,6495,153.95999999999998,152.7099,0.0,-8119.399499999837,-0.05799571071428455,SENTIMENT_EOD_SELL,5.0,20.0,719.0,0.41967,NEU,
0735adf1d1c32c37,2025-03-20 09:17:00+00:00,2025-03-20 16:00:00,QCOM,S08,6308,158.51999999999998,157.49,0.0,-6497.239999999828,-0.04640885714285591,SENTIMENT_EOD_SELL,5.0,20.0,643.0,0.4209333333333333,NEU,
680df988942648b6,2025-03-17 08:00:00+00:00,2025-03-20 23:59:00+00:00,GOOGL,S08,6072,164.69,162.78,0.0,-11597.519999999979,-0.08283942857142841,BACKTEST_END,5.0,20.0,5279.0,0.23284000000000002,NEU,
37df497125860343,2025-03-17 10:33:00+00:00,2025-03-20 23:17:00+00:00,ADBE,S08,2545,392.78999999999996,391.49,0.0,-3308.4999999998845,-0.023632142857142033,BACKTEST_END,5.0,20.0,5084.0,0.21939999999999998,NEU,
94f2b169195874ae,2025-03-18 08:16:00+00:00,2025-03-20 23:57:00+00:00,MSFT,S08,2573,388.53,386.98,0.0,-3988.149999999883,-0.02848678571428488,BACKTEST_END,5.0,20.0,3821.0,0.27985000000000004,NEU,
89ffb095d570e25f,2025-03-19 08:30:00+00:00,2025-03-20 20:00:00+00:00,INTU,S08,1663,601.01,600.41,0.0,-997.8000000000378,-0.007127142857143128,BACKTEST_END,5.0,20.0,2130.0,0.25,NEU,
319553d5047357d8,2025-03-07 00:00:00+00:00,2025-03-10 20:05:00+00:00,ORCL,S09,6562,152.3734,141.697262,0.0,-70056.81755600005,-7.0065628252700325,STOP_LOSS,7.0,5.0,5525.0,0.3635,NEU,
0c64a6b94aade49d,2025-03-07 00:29:00+00:00,2025-03-10 20:00:00+00:00,QCOM,S09,6429,155.5272,144.630296,0.0,-70056.19581600004,-7.006429743478957,STOP_LOSS,7.0,5.0,5491.0,0.5106,NEU,
821ba63e6e4f0ae6,2025-03-07 00:00:00+00:00,2025-03-07 16:00:00,AMZN,S09,4974,201.01,199.14000000000001,0.0,-9301.379999999881,-0.06643842857142772,SENTIMENT_EOD_SELL,7.0,5.0,1260.0,0.22949999999999998,NEU,
24dec9ceac2fc54e,2025-03-07 00:02:00+00:00,2025-03-10 09:30:00,MSFT,S09,2519,396.9,391.73,0.0,-13023.229999999898,-0.09302307142857069,SENTIMENT_MORNING_SELL,7.0,5.0,5128.0,0.30873,NEU,
286e49ee779e1a98,2025-03-07 00:00:00+00:00,2025-03-10 09:30:00,GOOGL,S09,5800,172.41,173.24,0.0,4814.000000000073,0.03438571428571481,SENTIMENT_MORNING_SELL,7.0,5.0,5130.0,0.46881000000000006,NEU,
79d982aaca284080,2025-03-07 00:24:00+00:00,2025-03-10 09:30:00,ADBE,S09,2247,444.90999999999997,446.11,0.0,2696.4000000001024,0.01926000000000073,SENTIMENT_MORNING_SELL,7.0,5.0,5106.0,0.27180000000000004,NEU,
e09de96fdda99023,2025-03-10 08:05:00+00:00,2025-03-10 20:05:00+00:00,ORCL,S09,6493,154.01,143.2193,0.0,-70064.01509999992,-7.006493084864611,STOP_LOSS,7.0,5.0,720.0,0.20962499999999998,NEU,
81a795d8d4fd55b1,2025-03-10 08:17:00+00:00,2025-03-13 17:51:00+00:00,CSCO,S09,15696,63.71,59.2403,0.0,-70156.41120000005,-7.015696123057609,STOP_LOSS,7.0,5.0,4894.0,0.38335,NEU,
659a3b2c66ca57ee,2025-03-10 08:18:00+00:00,2025-03-10 20:00:00+00:00,QCOM,S09,6267,159.56,148.3808,0.0,-70060.04640000005,-7.006267234895969,STOP_LOSS,7.0,5.0,702.0,0.25898571428571426,NEU,
e498825b1c3881bf,2025-03-10 08:00:00+00:00,2025-03-11 09:30:00,AVGO,S09,5181,193.01,183.99,0.0,-46732.61999999991,-0.3338044285714279,SENTIMENT_MORNING_SELL,7.0,5.0,1770.0,0.38653333333333334,NEU,
5ae0bbcb924732bd,2025-03-11 08:00:00+00:00,2025-03-12 12:32:00+00:00,META,S09,1683,594.01,623.7005,0.0,49969.11150000007,4.998316526657807,TAKE_PROFIT,7.0,5.0,1712.0,0.22361111111111112,NEU,
ce90a701429573fb,2025-03-11 08:00:00+00:00,2025-03-11 16:00:00,ORCL,S09,6896,145.0,144.4,0.0,-4137.59999999996,-0.02955428571428543,SENTIMENT_EOD_SELL,7.0,5.0,720.0,0.20078999999999997,NEU,
67083a7e6ae65a76,2025-03-11 08:53:00+00:00,2025-03-11 16:00:00,INTU,S09,1715,583.01,586.7,0.0,6328.350000000093,0.045202500000000666,SENTIMENT_EOD_SELL,7.0,5.0,667.0,0.46345000000000003,NEU,
5d3657c86503d78e,2025-03-11 08:00:00+00:00,2025-03-11 16:00:00,QCOM,S09,6496,153.92,153.10000000000002,0.0,-5326.719999999771,-0.03804799999999837,SENTIMENT_EOD_SELL,7.0,5.0,720.0,0.23700000000000002,NEU,
23bb93cc7d584b32,2025-03-10 08:00:00+00:00,2025-03-12 09:30:00,GOOGL,S09,5771,173.26,164.71,0.0,-49342.0499999999,-0.35244321428571357,SENTIMENT_MORNING_SELL,7.0,5.0,3210.0,0.27662,NEU,
9f5486a9db8a0802,2025-03-12 08:00:00+00:00,2025-03-12 13:34:00+00:00,NVDA,S09,9089,110.02000000000001,115.51100000000001,0.0,49907.699,4.990910743501181,TAKE_PROFIT,7.0,5.0,334.0,0.26033,NEU,
60fc1254cd5bcd8f,2025-03-12 08:26:00+00:00,2025-03-12 18:29:00+00:00,ORCL,S09,6912,144.66,151.883,0.0,49925.37600000009,4.993087239043283,TAKE_PROFIT,7.0,5.0,603.0,0.262725,NEU,
701db67c38403893,2025-03-12 11:10:00+00:00,2025-03-13 13:14:00+00:00,ADBE,S09,2293,436.03999999999996,405.50719999999995,0.0,-70011.71040000003,-7.002293367580958,STOP_LOSS,7.0,5.0,1564.0,0.29754,NEU,
b1b9ca8106b95a4f,2025-03-12 08:00:00+00:00,2025-03-12 16:00:00,MSFT,S09,2624,381.01,384.04,0.0,7950.720000000078,0.0567908571428577,SENTIMENT_EOD_SELL,7.0,5.0,720.0,0.28993,NEU,
dd5bfc1f2f4c3103,2025-03-12 08:00:00+00:00,2025-03-12 16:00:00,GOOGL,S09,6070,164.73,167.69,0.0,17967.200000000048,0.1283371428571432,SENTIMENT_EOD_SELL,7.0,5.0,720.0,0.26242,NEU,
c8f57088a674e211,2025-03-10 08:00:00+00:00,2025-03-13 09:30:00,AMZN,S09,5049,198.01999999999998,197.39000000000001,0.0,-3180.8699999998335,-0.022720499999998808,SENTIMENT_MORNING_SELL,7.0,5.0,4650.0,0.24796,NEU,
ed90285ff058f68b,2025-03-13 08:00:00+00:00,2025-03-14 13:51:00+00:00,NVDA,S09,8710,114.81,120.54050000000001,0.0,49912.65500000006,4.991289957320796,TAKE_PROFIT,7.0,5.0,1791.0,0.28837,NEU,
aa6185e6acf87fff,2025-03-13 08:18:00+00:00,2025-03-13 13:46:00+00:00,ADBE,S09,2392,418.01,388.73929999999996,0.0,-70015.51440000007,-7.002392287265863,STOP_LOSS,7.0,5.0,328.0,0.3750222222222222,NEU,
1363836ca38cd71b,2025-03-11 08:13:00+00:00,2025-03-14 09:30:00,CSCO,S09,16066,62.239999999999995,59.99,0.0,-36148.49999999988,-0.2582035714285706,SENTIMENT_MORNING_SELL,7.0,5.0,4637.0,0.3178,NEU,
77638e1126ca8fbb,2025-03-12 08:10:00+00:00,2025-03-14 09:30:00,QCOM,S09,6508,153.64999999999998,153.3,0.0,-2277.7999999997783,-0.016269999999998418,SENTIMENT_MORNING_SELL,7.0,5.0,3200.0,0.3796875,NEU,
66ffb44993d956dc,2025-03-12 08:00:00+00:00,2025-03-14 16:00:00,AVGO,S09,5235,191.01,195.5,0.0,23505.15000000005,0.16789392857142893,SENTIMENT_EOD_SELL,7.0,5.0,3600.0,0.20607000000000003,NEU,
d5a01e32b647e290,2025-03-13 08:00:00+00:00,2025-03-17 16:00:00,MSFT,S09,2626,380.78999999999996,388.94,0.0,21401.90000000009,0.15287071428571491,SENTIMENT_EOD_SELL,7.0,5.0,6480.0,0.2926,NEU,
a308bec91bb8eafd,2025-03-17 08:05:00+00:00,2025-03-17 16:00:00,INTU,S09,1671,598.31,602.1,0.0,6333.090000000129,0.04523635714285807,SENTIMENT_EOD_SELL,7.0,5.0,715.0,0.36375,NEU,
bc20ef71491450fc,2025-03-10 08:00:00+00:00,2025-03-18 09:30:00,TSM,S09,5646,177.1,174.88,0.0,-12534.119999999994,-0.08952942857142852,SENTIMENT_MORNING_SELL,7.0,5.0,11850.0,0.42397142857142855,NEU,
eb409d155f94c4b8,2025-03-12 08:00:00+00:00,2025-03-18 09:30:00,META,S09,1644,608.01,605.07,0.0,-4833.359999999902,-0.034523999999999305,SENTIMENT_MORNING_SELL,7.0,5.0,8970.0,0.27731,NEU,
0af882d84c430d88,2025-03-13 08:01:00+00:00,2025-03-18 09:30:00,ORCL,S09,6697,149.31,154.68,0.0,35962.89000000003,0.25687778571428593,SENTIMENT_MORNING_SELL,7.0,5.0,7529.0,0.3826714285714286,NEU,
078626072a1ca554,2025-03-17 08:00:00+00:00,2025-03-18 16:00:00,AVGO,S09,5114,195.51,188.39010000000002,0.0,-36411.16859999986,-0.2600797757142847,SENTIMENT_EOD_SELL,7.0,5.0,2160.0,0.20299999999999999,NEU,
72781241c6267b77,2025-03-18 08:22:00+00:00,2025-03-18 16:00:00,CSCO,S09,16452,60.78,60.36,0.0,-6909.840000000028,-0.049356000000000205,SENTIMENT_EOD_SELL,7.0,5.0,698.0,0.31216666666666665,NEU,
294f2b870e8a8222,2025-03-18 08:03:00+00:00,2025-03-19 09:30:00,AAPL,S09,4678,213.73999999999998,213.57000000000002,0.0,-795.2599999998085,-0.005680428571427204,SENTIMENT_MORNING_SELL,7.0,5.0,1767.0,0.252525,NEU,
3ea0f0ad9ee8827a,2025-03-19 08:00:00+00:00,2025-03-24 13:33:00+00:00,NVDA,S09,8702,114.91000000000001,120.64550000000001,0.0,49910.32100000002,4.99129753720303,TAKE_PROFIT,7.0,5.0,7533.0,0.29938000000000003,NEU,
d0adb60a6ddd50db,2025-03-19 08:00:00+00:00,2025-03-20 15:30:00+00:00,META,S09,1720,581.14,610.187,0.0,49960.84000000004,4.998279244244077,TAKE_PROFIT,7.0,5.0,1890.0,0.2205666666666667,NEU,
23e93c14d3db0339,2025-03-19 08:00:00+00:00,2025-03-24 10:53:00+00:00,TSM,S09,5847,171.01,179.5505,0.0,49936.30350000005,4.994152388749201,TAKE_PROFIT,7.0,5.0,7373.0,0.25,NEU,
b746894a60df0fdb,2025-03-18 08:57:00+00:00,2025-03-20 09:30:00,QCOM,S09,6346,157.56,158.5,0.0,5965.239999999985,0.04260885714285704,SENTIMENT_MORNING_SELL,7.0,5.0,3153.0,0.38204000000000005,NEU,
7cb72f7c123187b7,2025-03-20 08:00:00+00:00,2025-03-24 08:00:00+00:00,TSLA,S09,4157,240.53,252.5465,0.0,49952.590500000035,4.995842514447266,TAKE_PROFIT,7.0,5.0,5760.0,0.27774,NEU,
16b30c70d7bd5149,2025-03-20 08:00:00+00:00,2025-03-20 16:00:00,NVDA,S09,8395,119.11,118.16,0.0,-7975.250000000024,-0.0569660714285716,SENTIMENT_EOD_SELL,7.0,5.0,720.0,0.28411,NEU,
cddbf2e725fa4d38,2025-03-20 08:00:00+00:00,2025-03-20 16:00:00,AVGO,S09,5064,197.47,190.0003,0.0,-37826.56079999994,-0.2701897199999996,SENTIMENT_EOD_SELL,7.0,5.0,720.0,0.52649,NEU,
83c8a527bd4b7bca,2025-03-20 08:00:00+00:00,2025-03-20 16:00:00,TSM,S09,5684,175.91,177.06,0.0,6536.600000000032,0.04669000000000023,SENTIMENT_EOD_SELL,7.0,5.0,720.0,0.27453333333333335,NEU,
fae41deb87592a9d,2025-03-20 08:01:00+00:00,2025-03-20 16:00:00,ORCL,S09,6495,153.95999999999998,152.7099,0.0,-8119.399499999837,-0.05799571071428455,SENTIMENT_EOD_SELL,7.0,5.0,719.0,0.41967,NEU,
32fd9229d54b32ff,2025-03-20 09:17:00+00:00,2025-03-20 16:00:00,QCOM,S09,6308,158.51999999999998,157.49,0.0,-6497.239999999828,-0.04640885714285591,SENTIMENT_EOD_SELL,7.0,5.0,643.0,0.4209333333333333,NEU,
f3ce2aad0370812d,2025-03-17 08:00:00+00:00,2025-03-20 23:59:00+00:00,GOOGL,S09,6072,164.69,162.78,0.0,-11597.519999999979,-0.08283942857142841,BACKTEST_END,7.0,5.0,5279.0,0.23284000000000002,NEU,
f75aef3c011dd575,2025-03-17 10:33:00+00:00,2025-03-20 23:17:00+00:00,ADBE,S09,2545,392.78999999999996,391.49,0.0,-3308.4999999998845,-0.023632142857142033,BACKTEST_END,7.0,5.0,5084.0,0.21939999999999998,NEU,
3653d6e6d724b281,2025-03-18 08:16:00+00:00,2025-03-20 23:57:00+00:00,MSFT,S09,2573,388.53,386.98,0.0,-3988.149999999883,-0.02848678571428488,BACKTEST_END,7.0,5.0,3821.0,0.27985000000000004,NEU,
2902a03705eeecd2,2025-03-19 08:30:00+00:00,2025-03-20 20:00:00+00:00,INTU,S09,1663,601.01,600.41,0.0,-997.8000000000378,-0.007127142857143128,BACKTEST_END,7.0,5.0,2130.0,0.25,NEU,
d64669e8cc1022ee,2025-03-07 00:00:00+00:00,2025-03-10 20:05:00+00:00,ORCL,S10,6562,152.3734,141.697262,0.0,-70056.81755600005,-7.0065628252700325,STOP_LOSS,7.0,8.0,5525.0,0.3635,NEU,
87f63b1eab9080d0,2025-03-07 00:29:00+00:00,2025-03-10 20:00:00+00:00,QCOM,S10,6429,155.5272,144.630296,0.0,-70056.19581600004,-7.006429743478957,STOP_LOSS,7.0,8.0,5491.0,0.5106,NEU,
a6637674789fb086,2025-03-07 00:00:00+00:00,2025-03-07 16:00:00,AMZN,S10,4974,201.01,199.14000000000001,0.0,-9301.379999999881,-0.06643842857142772,SENTIMENT_EOD_SELL,7.0,8.0,1260.0,0.22949999999999998,NEU,
e26a709feafec43d,2025-03-07 00:02:00+00:00,2025-03-10 09:30:00,MSFT,S10,2519,396.9,391.73,0.0,-13023.229999999898,-0.09302307142857069,SENTIMENT_MORNING_SELL,7.0,8.0,5128.0,0.30873,NEU,
a82d2c6b64305cec,2025-03-07 00:00:00+00:00,2025-03-10 09:30:00,GOOGL,S10,5800,172.41,173.24,0.0,4814.000000000073,0.03438571428571481,SENTIMENT_MORNING_SELL,7.0,8.0,5130.0,0.46881000000000006,NEU,
384ca16d1d117ef1,2025-03-07 00:24:00+00:00,2025-03-10 09:30:00,ADBE,S10,2247,444.90999999999997,446.11,0.0,2696.4000000001024,0.01926000000000073,SENTIMENT_MORNING_SELL,7.0,8.0,5106.0,0.27180000000000004,NEU,
94d3c8de65636812,2025-03-10 08:05:00+00:00,2025-03-10 20:05:00+00:00,ORCL,S10,6493,154.01,143.2193,0.0,-70064.01509999992,-7.006493084864611,STOP_LOSS,7.0,8.0,720.0,0.20962499999999998,NEU,
1f755b485f9941f0,2025-03-10 08:17:00+00:00,2025-03-13 17:51:00+00:00,CSCO,S10,15696,63.71,59.2403,0.0,-70156.41120000005,-7.015696123057609,STOP_LOSS,7.0,8.0,4894.0,0.38335,NEU,
a262fbbe3486321d,2025-03-10 08:18:00+00:00,2025-03-10 20:00:00+00:00,QCOM,S10,6267,159.56,148.3808,0.0,-70060.04640000005,-7.006267234895969,STOP_LOSS,7.0,8.0,702.0,0.25898571428571426,NEU,
aeaadf2bb32572c6,2025-03-10 08:00:00+00:00,2025-03-11 09:30:00,AVGO,S10,5181,193.01,183.99,0.0,-46732.61999999991,-0.3338044285714279,SENTIMENT_MORNING_SELL,7.0,8.0,1770.0,0.38653333333333334,NEU,
ac0aa6d1713aedc5,2025-03-11 08:00:00+00:00,2025-03-11 16:00:00,META,S10,1683,594.01,606.99,0.0,21845.34000000003,0.15603814285714307,SENTIMENT_EOD_SELL,7.0,8.0,720.0,0.22361111111111112,NEU,
b650d27f5782043c,2025-03-11 08:00:00+00:00,2025-03-11 16:00:00,ORCL,S10,6896,145.0,144.4,0.0,-4137.59999999996,-0.02955428571428543,SENTIMENT_EOD_SELL,7.0,8.0,720.0,0.20078999999999997,NEU,
381d861775ac84de,2025-03-11 08:53:00+00:00,2025-03-11 16:00:00,INTU,S10,1715,583.01,586.7,0.0,6328.350000000093,0.045202500000000666,SENTIMENT_EOD_SELL,7.0,8.0,667.0,0.46345000000000003,NEU,
f86fa8f327165465,2025-03-11 08:00:00+00:00,2025-03-11 16:00:00,QCOM,S10,6496,153.92,153.10000000000002,0.0,-5326.719999999771,-0.03804799999999837,SENTIMENT_EOD_SELL,7.0,8.0,720.0,0.23700000000000002,NEU,
8d42c57feeccbd55,2025-03-10 08:00:00+00:00,2025-03-12 09:30:00,GOOGL,S10,5771,173.26,164.71,0.0,-49342.0499999999,-0.35244321428571357,SENTIMENT_MORNING_SELL,7.0,8.0,3210.0,0.27662,NEU,
134ac153445e8eee,2025-03-12 08:00:00+00:00,2025-03-14 12:24:00+00:00,NVDA,S10,9089,110.02000000000001,118.81160000000001,0.0,79906.85240000002,7.990910743501183,TAKE_PROFIT,7.0,8.0,3144.0,0.26033,NEU,
926e410d765ee81e,2025-03-12 11:10:00+00:00,2025-03-13 13:14:00+00:00,ADBE,S10,2293,436.03999999999996,405.50719999999995,0.0,-70011.71040000003,-7.002293367580958,STOP_LOSS,7.0,8.0,1564.0,0.29754,NEU,
1ed7cacd989ce32a,2025-03-12 08:00:00+00:00,2025-03-12 16:00:00,MSFT,S10,2624,381.01,384.04,0.0,7950.720000000078,0.0567908571428577,SENTIMENT_EOD_SELL,7.0,8.0,720.0,0.28993,NEU,
ba33d6f576f447c7,2025-03-12 08:00:00+00:00,2025-03-12 16:00:00,GOOGL,S10,6070,164.73,167.69,0.0,17967.200000000048,0.1283371428571432,SENTIMENT_EOD_SELL,7.0,8.0,720.0,0.26242,NEU,
8741c6c12a48c061,2025-03-10 08:00:00+00:00,2025-03-13 09:30:00,AMZN,S10,5049,198.01999999999998,197.39000000000001,0.0,-3180.8699999998335,-0.022720499999998808,SENTIMENT_MORNING_SELL,7.0,8.0,4650.0,0.24796,NEU,
28e3bb5bc1a3e09b,2025-03-12 08:26:00+00:00,2025-03-13 09:30:00,ORCL,S10,6912,144.66,149.29000000000002,0.0,32002.560000000165,0.22858971428571548,SENTIMENT_MORNING_SELL,7.0,8.0,1744.0,0.262725,NEU,
ef75bffb8151d56d,2025-03-13 08:18:00+00:00,2025-03-13 13:46:00+00:00,ADBE,S10,2392,418.01,388.73929999999996,0.0,-70015.51440000007,-7.002392287265863,STOP_LOSS,7.0,8.0,328.0,0.3750222222222222,NEU,
9e1adf2ebc26e364,2025-03-11 08:13:00+00:00,2025-03-14 09:30:00,CSCO,S10,16066,62.239999999999995,59.99,0.0,-36148.49999999988,-0.2582035714285706,SENTIMENT_MORNING_SELL,7.0,8.0,4637.0,0.3178,NEU,
9265f8d58cdde31f,2025-03-12 08:10:00+00:00,2025-03-14 09:30:00,QCOM,S10,6508,153.64999999999998,153.3,0.0,-2277.7999999997783,-0.016269999999998418,SENTIMENT_MORNING_SELL,7.0,8.0,3200.0,0.3796875,NEU,
78dedfb6e57b047f,2025-03-13 08:00:00+00:00,2025-03-14 09:30:00,NVDA,S10,8710,114.81,117.19,0.0,20729.79999999996,0.1480699999999997,SENTIMENT_MORNING_SELL,7.0,8.0,1770.0,0.28837,NEU,
27be6b6ccc396363,2025-03-12 08:00:00+00:00,2025-03-14 16:00:00,AVGO,S10,5235,191.01,195.5,0.0,23505.15000000005,0.16789392857142893,SENTIMENT_EOD_SELL,7.0,8.0,3600.0,0.20607000000000003,NEU,
b8a279be30356bbe,2025-03-13 08:00:00+00:00,2025-03-17 16:00:00,MSFT,S10,2626,380.78999999999996,388.94,0.0,21401.90000000009,0.15287071428571491,SENTIMENT_EOD_SELL,7.0,8.0,6480.0,0.2926,NEU,
a3c5a5160d5cc0ea,2025-03-17 08:05:00+00:00,2025-03-17 16:00:00,INTU,S10,1671,598.31,602.1,0.0,6333.090000000129,0.04523635714285807,SENTIMENT_EOD_SELL,7.0,8.0,715.0,0.36375,NEU,
accc7bb1fec4dfed,2025-03-10 08:00:00+00:00,2025-03-18 09:30:00,TSM,S10,5646,177.1,174.88,0.0,-12534.119999999994,-0.08952942857142852,SENTIMENT_MORNING_SELL,7.0,8.0,11850.0,0.42397142857142855,NEU,
0053118962e55a0a,2025-03-12 08:00:00+00:00,2025-03-18 09:30:00,META,S10,1644,608.01,605.07,0.0,-4833.359999999902,-0.034523999999999305,SENTIMENT_MORNING_SELL,7.0,8.0,8970.0,0.27731,NEU,
1e4fe6db5ab544b6,2025-03-13 08:01:00+00:00,2025-03-18 09:30:00,ORCL,S10,6697,149.31,154.68,0.0,35962.89000000003,0.25687778571428593,SENTIMENT_MORNING_SELL,7.0,8.0,7529.0,0.3826714285714286,NEU,
5c653c5724a48a88,2025-03-17 08:00:00+00:00,2025-03-18 16:00:00,AVGO,S10,5114,195.51,188.39010000000002,0.0,-36411.16859999986,-0.2600797757142847,SENTIMENT_EOD_SELL,7.0,8.0,2160.0,0.20299999999999999,NEU,
2530d43200a1ee80,2025-03-18 08:22:00+00:00,2025-03-18 16:00:00,CSCO,S10,16452,60.78,60.36,0.0,-6909.840000000028,-0.049356000000000205,SENTIMENT_EOD_SELL,7.0,8.0,698.0,0.31216666666666665,NEU,
c7cc5be59b02c113,2025-03-18 08:03:00+00:00,2025-03-19 09:30:00,AAPL,S10,4678,213.73999999999998,213.57000000000002,0.0,-795.2599999998085,-0.005680428571427204,SENTIMENT_MORNING_SELL,7.0,8.0,1767.0,0.252525,NEU,
f5aeefb3d7a5bfcd,2025-03-19 08:00:00+00:00,2025-03-19 16:00:00,NVDA,S10,8702,114.91000000000001,118.78,0.0,33676.73999999992,0.2405481428571423,SENTIMENT_EOD_SELL,7.0,8.0,720.0,0.29938000000000003,NEU,
3b19da8df17fac0b,2025-03-19 08:00:00+00:00,2025-03-19 16:00:00,META,S10,1720,581.14,588.15,0.0,12057.199999999984,0.08612285714285703,SENTIMENT_EOD_SELL,7.0,8.0,720.0,0.2205666666666667,NEU,
2e54579314aa1682,2025-03-18 08:57:00+00:00,2025-03-20 09:30:00,QCOM,S10,6346,157.56,158.5,0.0,5965.239999999985,0.04260885714285704,SENTIMENT_MORNING_SELL,7.0,8.0,3153.0,0.38204000000000005,NEU,
ae5600fbebaf7ba2,2025-03-19 08:00:00+00:00,2025-03-20 09:30:00,TSM,S10,5847,171.01,175.89000000000001,0.0,28533.36000000014,0.2038097142857153,SENTIMENT_MORNING_SELL,7.0,8.0,1770.0,0.25,NEU,
b2e45c688b8e6d72,2025-03-20 08:00:00+00:00,2025-03-24 08:50:00+00:00,TSLA,S10,4157,240.53,259.7624,0.0,79949.08680000005,7.995842514447267,TAKE_PROFIT,7.0,8.0,5810.0,0.27774,NEU,
ce11bf093c5c8509,2025-03-20 08:00:00+00:00,2025-03-20 16:00:00,NVDA,S10,8395,119.11,118.16,0.0,-7975.250000000024,-0.0569660714285716,SENTIMENT_EOD_SELL,7.0,8.0,720.0,0.28411,NEU,
0b87af154739cad6,2025-03-20 08:00:00+00:00,2025-03-20 16:00:00,AVGO,S10,5064,197.47,190.0003,0.0,-37826.56079999994,-0.2701897199999996,SENTIMENT_EOD_SELL,7.0,8.0,720.0,0.52649,NEU,
95d1fb9c04ddec2e,2025-03-20 08:00:00+00:00,2025-03-20 16:00:00,TSM,S10,5684,175.91,177.06,0.0,6536.600000000032,0.04669000000000023,SENTIMENT_EOD_SELL,7.0,8.0,720.0,0.27453333333333335,NEU,
7402f3ada5d28ddd,2025-03-20 08:01:00+00:00,2025-03-20 16:00:00,ORCL,S10,6495,153.95999999999998,152.7099,0.0,-8119.399499999837,-0.05799571071428455,SENTIMENT_EOD_SELL,7.0,8.0,719.0,0.41967,NEU,
18eb3bf2c69d9267,2025-03-20 09:17:00+00:00,2025-03-20 16:00:00,QCOM,S10,6308,158.51999999999998,157.49,0.0,-6497.239999999828,-0.04640885714285591,SENTIMENT_EOD_SELL,7.0,8.0,643.0,0.4209333333333333,NEU,
340b9ce0e51bf3e2,2025-03-17 08:00:00+00:00,2025-03-20 23:59:00+00:00,GOOGL,S10,6072,164.69,162.78,0.0,-11597.519999999979,-0.08283942857142841,BACKTEST_END,7.0,8.0,5279.0,0.23284000000000002,NEU,
aef2e146f1b9519d,2025-03-17 10:33:00+00:00,2025-03-20 23:17:00+00:00,ADBE,S10,2545,392.78999999999996,391.49,0.0,-3308.4999999998845,-0.023632142857142033,BACKTEST_END,7.0,8.0,5084.0,0.21939999999999998,NEU,
596de97a92107982,2025-03-18 08:16:00+00:00,2025-03-20 23:57:00+00:00,MSFT,S10,2573,388.53,386.98,0.0,-3988.149999999883,-0.02848678571428488,BACKTEST_END,7.0,8.0,3821.0,0.27985000000000004,NEU,
fcc0b396f91f8288,2025-03-19 08:30:00+00:00,2025-03-20 20:00:00+00:00,INTU,S10,1663,601.01,600.41,0.0,-997.8000000000378,-0.007127142857143128,BACKTEST_END,7.0,8.0,2130.0,0.25,NEU,
25204e764e634da6,2025-03-07 00:00:00+00:00,2025-03-10 20:05:00+00:00,ORCL,S11,6562,152.3734,141.697262,0.0,-70056.81755600005,-7.0065628252700325,STOP_LOSS,7.0,12.0,5525.0,0.3635,NEU,
d2a397a1ca7a8481,2025-03-07 00:29:00+00:00,2025-03-10 20:00:00+00:00,QCOM,S11,6429,155.5272,144.630296,0.0,-70056.19581600004,-7.006429743478957,STOP_LOSS,7.0,12.0,5491.0,0.5106,NEU,
8a7340c1de5b826d,2025-03-07 00:00:00+00:00,2025-03-07 16:00:00,AMZN,S11,4974,201.01,199.14000000000001,0.0,-9301.379999999881,-0.06643842857142772,SENTIMENT_EOD_SELL,7.0,12.0,1260.0,0.22949999999999998,NEU,
0023c4aeffd49627,2025-03-07 00:02:00+00:00,2025-03-10 09:30:00,MSFT,S11,2519,396.9,391.73,0.0,-13023.229999999898,-0.09302307142857069,SENTIMENT_MORNING_SELL,7.0,12.0,5128.0,0.30873,NEU,
6898b6c3592fe4a2,2025-03-07 00:00:00+00:00,2025-03-10 09:30:00,GOOGL,S11,5800,172.41,173.24,0.0,4814.000000000073,0.03438571428571481,SENTIMENT_MORNING_SELL,7.0,12.0,5130.0,0.46881000000000006,NEU,
a99b48314d07f407,2025-03-07 00:24:00+00:00,2025-03-10 09:30:00,ADBE,S11,2247,444.90999999999997,446.11,0.0,2696.4000000001024,0.01926000000000073,SENTIMENT_MORNING_SELL,7.0,12.0,5106.0,0.27180000000000004,NEU,
d4dd2aac9cd86de5,2025-03-10 08:05:00+00:00,2025-03-10 20:05:00+00:00,ORCL,S11,6493,154.01,143.2193,0.0,-70064.01509999992,-7.006493084864611,STOP_LOSS,7.0,12.0,720.0,0.20962499999999998,NEU,
c31e403a4203756a,2025-03-10 08:17:00+00:00,2025-03-13 17:51:00+00:00,CSCO,S11,15696,63.71,59.2403,0.0,-70156.41120000005,-7.015696123057609,STOP_LOSS,7.0,12.0,4894.0,0.38335,NEU,
6139ddf998172390,2025-03-10 08:18:00+00:00,2025-03-10 20:00:00+00:00,QCOM,S11,6267,159.56,148.3808,0.0,-70060.04640000005,-7.006267234895969,STOP_LOSS,7.0,12.0,702.0,0.25898571428571426,NEU,
1b2c10353d76ef6d,2025-03-10 08:00:00+00:00,2025-03-11 09:30:00,AVGO,S11,5181,193.01,183.99,0.0,-46732.61999999991,-0.3338044285714279,SENTIMENT_MORNING_SELL,7.0,12.0,1770.0,0.38653333333333334,NEU,
45006b4dc53f1f82,2025-03-11 08:00:00+00:00,2025-03-11 16:00:00,META,S11,1683,594.01,606.99,0.0,21845.34000000003,0.15603814285714307,SENTIMENT_EOD_SELL,7.0,12.0,720.0,0.22361111111111112,NEU,
f7a9ddcd232a9a26,2025-03-11 08:00:00+00:00,2025-03-11 16:00:00,ORCL,S11,6896,145.0,144.4,0.0,-4137.59999999996,-0.02955428571428543,SENTIMENT_EOD_SELL,7.0,12.0,720.0,0.20078999999999997,NEU,
8a72886e58e38097,2025-03-11 08:53:00+00:00,2025-03-11 16:00:00,INTU,S11,1715,583.01,586.7,0.0,6328.350000000093,0.045202500000000666,SENTIMENT_EOD_SELL,7.0,12.0,667.0,0.46345000000000003,NEU,
1eed1b170920e33f,2025-03-11 08:00:00+00:00,2025-03-11 16:00:00,QCOM,S11,6496,153.92,153.10000000000002,0.0,-5326.719999999771,-0.03804799999999837,SENTIMENT_EOD_SELL,7.0,12.0,720.0,0.23700000000000002,NEU,
032d755005eed631,2025-03-10 08:00:00+00:00,2025-03-12 09:30:00,GOOGL,S11,5771,173.26,164.71,0.0,-49342.0499999999,-0.35244321428571357,SENTIMENT_MORNING_SELL,7.0,12.0,3210.0,0.27662,NEU,
f4609673202a055d,2025-03-12 08:00:00+00:00,2025-03-17 11:19:00+00:00,NVDA,S11,9089,110.02000000000001,123.21240000000002,0.0,119905.72360000006,11.990910743501185,TAKE_PROFIT,7.0,12.0,7399.0,0.26033,NEU,
b7a566fe80af8481,2025-03-12 11:10:00+00:00,2025-03-13 13:14:00+00:00,ADBE,S11,2293,436.03999999999996,405.50719999999995,0.0,-70011.71040000003,-7.002293367580958,STOP_LOSS,7.0,12.0,1564.0,0.29754,NEU,
5fcaa3d39bbda78d,2025-03-12 08:00:00+00:00,2025-03-12 16:00:00,MSFT,S11,2624,381.01,384.04,0.0,7950.720000000078,0.0567908571428577,SENTIMENT_EOD_SELL,7.0,12.0,720.0,0.28993,NEU,
8f8999f85bfabd5f,2025-03-12 08:00:00+00:00,2025-03-12 16:00:00,GOOGL,S11,6070,164.73,167.69,0.0,17967.200000000048,0.1283371428571432,SENTIMENT_EOD_SELL,7.0,12.0,720.0,0.26242,NEU,
c296bbd4b9777987,2025-03-10 08:00:00+00:00,2025-03-13 09:30:00,AMZN,S11,5049,198.01999999999998,197.39000000000001,0.0,-3180.8699999998335,-0.022720499999998808,SENTIMENT_MORNING_SELL,7.0,12.0,4650.0,0.24796,NEU,
9de7595c43c3017c,2025-03-12 08:26:00+00:00,2025-03-13 09:30:00,ORCL,S11,6912,144.66,149.29000000000002,0.0,32002.560000000165,0.22858971428571548,SENTIMENT_MORNING_SELL,7.0,12.0,1744.0,0.262725,NEU,
939d2c84ecfb3500,2025-03-13 08:18:00+00:00,2025-03-13 13:46:00+00:00,ADBE,S11,2392,418.01,388.73929999999996,0.0,-70015.51440000007,-7.002392287265863,STOP_LOSS,7.0,12.0,328.0,0.3750222222222222,NEU,
e2d6a6c0e7422d91,2025-03-11 08:13:00+00:00,2025-03-14 09:30:00,CSCO,S11,16066,62.239999999999995,59.99,0.0,-36148.49999999988,-0.2582035714285706,SENTIMENT_MORNING_SELL,7.0,12.0,4637.0,0.3178,NEU,
edf1c40c4ee63a1a,2025-03-12 08:10:00+00:00,2025-03-14 09:30:00,QCOM,S11,6508,153.64999999999998,153.3,0.0,-2277.7999999997783,-0.016269999999998418,SENTIMENT_MORNING_SELL,7.0,12.0,3200.0,0.3796875,NEU,
c6edb1de797b214a,2025-03-13 08:00:00+00:00,2025-03-14 09:30:00,NVDA,S11,8710,114.81,117.19,0.0,20729.79999999996,0.1480699999999997,SENTIMENT_MORNING_SELL,7.0,12.0,1770.0,0.28837,NEU,
c06d9f5b58e2984b,2025-03-12 08:00:00+00:00,2025-03-14 16:00:00,AVGO,S11,5235,191.01,195.5,0.0,23505.15000000005,0.16789392857142893,SENTIMENT_EOD_SELL,7.0,12.0,3600.0,0.20607000000000003,NEU,
251b9a6d946d5ce9,2025-03-13 08:00:00+00:00,2025-03-17 16:00:00,MSFT,S11,2626,380.78999999999996,388.94,0.0,21401.90000000009,0.15287071428571491,SENTIMENT_EOD_SELL,7.0,12.0,6480.0,0.2926,NEU,
155d7304172dfa59,2025-03-17 08:05:00+00:00,2025-03-17 16:00:00,INTU,S11,1671,598.31,602.1,0.0,6333.090000000129,0.04523635714285807,SENTIMENT_EOD_SELL,7.0,12.0,715.0,0.36375,NEU,
7cb7c59f496a0eae,2025-03-10 08:00:00+00:00,2025-03-18 09:30:00,TSM,S11,5646,177.1,174.88,0.0,-12534.119999999994,-0.08952942857142852,SENTIMENT_MORNING_SELL,7.0,12.0,11850.0,0.42397142857142855,NEU,
553f96965f5bc367,2025-03-12 08:00:00+00:00,2025-03-18 09:30:00,META,S11,1644,608.01,605.07,0.0,-4833.359999999902,-0.034523999999999305,SENTIMENT_MORNING_SELL,7.0,12.0,8970.0,0.27731,NEU,
06b4857c729f96dc,2025-03-13 08:01:00+00:00,2025-03-18 09:30:00,ORCL,S11,6697,149.31,154.68,0.0,35962.89000000003,0.25687778571428593,SENTIMENT_MORNING_SELL,7.0,12.0,7529.0,0.3826714285714286,NEU,
e8f4d9eb8eb41e17,2025-03-17 08:00:00+00:00,2025-03-18 16:00:00,AVGO,S11,5114,195.51,188.39010000000002,0.0,-36411.16859999986,-0.2600797757142847,SENTIMENT_EOD_SELL,7.0,12.0,2160.0,0.20299999999999999,NEU,
d028d012e4438b5c,2025-03-18 08:22:00+00:00,2025-03-18 16:00:00,CSCO,S11,16452,60.78,60.36,0.0,-6909.840000000028,-0.049356000000000205,SENTIMENT_EOD_SELL,7.0,12.0,698.0,0.31216666666666665,NEU,
a5870f82bc8ae85d,2025-03-18 08:03:00+00:00,2025-03-19 09:30:00,AAPL,S11,4678,213.73999999999998,213.57000000000002,0.0,-795.2599999998085,-0.005680428571427204,SENTIMENT_MORNING_SELL,7.0,12.0,1767.0,0.252525,NEU,
939b16dbc2f8a1b0,2025-03-19 08:00:00+00:00,2025-03-19 16:00:00,NVDA,S11,8702,114.91000000000001,118.78,0.0,33676.73999999992,0.2405481428571423,SENTIMENT_EOD_SELL,7.0,12.0,720.0,0.29938000000000003,NEU,
f476639ed336e7c8,2025-03-19 08:00:00+00:00,2025-03-19 16:00:00,META,S11,1720,581.14,588.15,0.0,12057.199999999984,0.08612285714285703,SENTIMENT_EOD_SELL,7.0,12.0,720.0,0.2205666666666667,NEU,
2cd79a4d2c077d30,2025-03-18 08:57:00+00:00,2025-03-20 09:30:00,QCOM,S11,6346,157.56,158.5,0.0,5965.239999999985,0.04260885714285704,SENTIMENT_MORNING_SELL,7.0,12.0,3153.0,0.38204000000000005,NEU,
6fcea094bf3cf83c,2025-03-19 08:00:00+00:00,2025-03-20 09:30:00,TSM,S11,5847,171.01,175.89000000000001,0.0,28533.36000000014,0.2038097142857153,SENTIMENT_MORNING_SELL,7.0,12.0,1770.0,0.25,NEU,
91a6d38f6c2dc9b6,2025-03-20 08:00:00+00:00,2025-03-24 14:04:00+00:00,TSLA,S11,4157,240.53,269.38360000000006,0.0,119944.41520000024,11.995842514447286,TAKE_PROFIT,7.0,12.0,6124.0,0.27774,NEU,
04a21d390ba4f43f,2025-03-20 08:00:00+00:00,2025-03-20 16:00:00,NVDA,S11,8395,119.11,118.16,0.0,-7975.250000000024,-0.0569660714285716,SENTIMENT_EOD_SELL,7.0,12.0,720.0,0.28411,NEU,
e46184a2e6a7de34,2025-03-20 08:00:00+00:00,2025-03-20 16:00:00,AVGO,S11,5064,197.47,190.0003,0.0,-37826.56079999994,-0.2701897199999996,SENTIMENT_EOD_SELL,7.0,12.0,720.0,0.52649,NEU,
72d5cbc068f07a26,2025-03-20 08:00:00+00:00,2025-03-20 16:00:00,TSM,S11,5684,175.91,177.06,0.0,6536.600000000032,0.04669000000000023,SENTIMENT_EOD_SELL,7.0,12.0,720.0,0.27453333333333335,NEU,
9afa96987d174671,2025-03-20 08:01:00+00:00,2025-03-20 16:00:00,ORCL,S11,6495,153.95999999999998,152.7099,0.0,-8119.399499999837,-0.05799571071428455,SENTIMENT_EOD_SELL,7.0,12.0,719.0,0.41967,NEU,
e6285abefdd04e60,2025-03-20 09:17:00+00:00,2025-03-20 16:00:00,QCOM,S11,6308,158.51999999999998,157.49,0.0,-6497.239999999828,-0.04640885714285591,SENTIMENT_EOD_SELL,7.0,12.0,643.0,0.4209333333333333,NEU,
baf7acfbf4011d80,2025-03-17 08:00:00+00:00,2025-03-20 23:59:00+00:00,GOOGL,S11,6072,164.69,162.78,0.0,-11597.519999999979,-0.08283942857142841,BACKTEST_END,7.0,12.0,5279.0,0.23284000000000002,NEU,
895b824e6196ca19,2025-03-17 10:33:00+00:00,2025-03-20 23:17:00+00:00,ADBE,S11,2545,392.78999999999996,391.49,0.0,-3308.4999999998845,-0.023632142857142033,BACKTEST_END,7.0,12.0,5084.0,0.21939999999999998,NEU,
cda3ca466c116424,2025-03-18 08:16:00+00:00,2025-03-20 23:57:00+00:00,MSFT,S11,2573,388.53,386.98,0.0,-3988.149999999883,-0.02848678571428488,BACKTEST_END,7.0,12.0,3821.0,0.27985000000000004,NEU,
673bdf1571a7ee3d,2025-03-19 08:30:00+00:00,2025-03-20 20:00:00+00:00,INTU,S11,1663,601.01,600.41,0.0,-997.8000000000378,-0.007127142857143128,BACKTEST_END,7.0,12.0,2130.0,0.25,NEU,
2e5b04e2e22b19f1,2025-03-07 00:00:00+00:00,2025-03-10 20:05:00+00:00,ORCL,S12,6562,152.3734,141.697262,0.0,-70056.81755600005,-7.0065628252700325,STOP_LOSS,7.0,20.0,5525.0,0.3635,NEU,
314de38dd860beb5,2025-03-07 00:29:00+00:00,2025-03-10 20:00:00+00:00,QCOM,S12,6429,155.5272,144.630296,0.0,-70056.19581600004,-7.006429743478957,STOP_LOSS,7.0,20.0,5491.0,0.5106,NEU,
6962fcaeb0f73779,2025-03-07 00:00:00+00:00,2025-03-07 16:00:00,AMZN,S12,4974,201.01,199.14000000000001,0.0,-9301.379999999881,-0.06643842857142772,SENTIMENT_EOD_SELL,7.0,20.0,1260.0,0.22949999999999998,NEU,
3937fec494eec5bd,2025-03-07 00:02:00+00:00,2025-03-10 09:30:00,MSFT,S12,2519,396.9,391.73,0.0,-13023.229999999898,-0.09302307142857069,SENTIMENT_MORNING_SELL,7.0,20.0,5128.0,0.30873,NEU,
423c0e870993c1a5,2025-03-07 00:00:00+00:00,2025-03-10 09:30:00,GOOGL,S12,5800,172.41,173.24,0.0,4814.000000000073,0.03438571428571481,SENTIMENT_MORNING_SELL,7.0,20.0,5130.0,0.46881000000000006,NEU,
7a771413d79b3f22,2025-03-07 00:24:00+00:00,2025-03-10 09:30:00,ADBE,S12,2247,444.90999999999997,446.11,0.0,2696.4000000001024,0.01926000000000073,SENTIMENT_MORNING_SELL,7.0,20.0,5106.0,0.27180000000000004,NEU,
71fa960398db14f5,2025-03-10 08:05:00+00:00,2025-03-10 20:05:00+00:00,ORCL,S12,6493,154.01,143.2193,0.0,-70064.01509999992,-7.006493084864611,STOP_LOSS,7.0,20.0,720.0,0.20962499999999998,NEU,
424e5d6808f3df2a,2025-03-10 08:17:00+00:00,2025-03-13 17:51:00+00:00,CSCO,S12,15696,63.71,59.2403,0.0,-70156.41120000005,-7.015696123057609,STOP_LOSS,7.0,20.0,4894.0,0.38335,NEU,
d15abb186e0b641e,2025-03-10 08:18:00+00:00,2025-03-10 20:00:00+00:00,QCOM,S12,6267,159.56,148.3808,0.0,-70060.04640000005,-7.006267234895969,STOP_LOSS,7.0,20.0,702.0,0.25898571428571426,NEU,
d767fbc486ed7926,2025-03-10 08:00:00+00:00,2025-03-11 09:30:00,AVGO,S12,5181,193.01,183.99,0.0,-46732.61999999991,-0.3338044285714279,SENTIMENT_MORNING_SELL,7.0,20.0,1770.0,0.38653333333333334,NEU,
169ee9d0f726a626,2025-03-11 08:00:00+00:00,2025-03-11 16:00:00,META,S12,1683,594.01,606.99,0.0,21845.34000000003,0.15603814285714307,SENTIMENT_EOD_SELL,7.0,20.0,720.0,0.22361111111111112,NEU,
cf0052a68f710559,2025-03-11 08:00:00+00:00,2025-03-11 16:00:00,ORCL,S12,6896,145.0,144.4,0.0,-4137.59999999996,-0.02955428571428543,SENTIMENT_EOD_SELL,7.0,20.0,720.0,0.20078999999999997,NEU,
a92b7fe6f2aea2c5,2025-03-11 08:53:00+00:00,2025-03-11 16:00:00,INTU,S12,1715,583.01,586.7,0.0,6328.350000000093,0.045202500000000666,SENTIMENT_EOD_SELL,7.0,20.0,667.0,0.46345000000000003,NEU,
aa2468788289e20a,2025-03-11 08:00:00+00:00,2025-03-11 16:00:00,QCOM,S12,6496,153.92,153.10000000000002,0.0,-5326.719999999771,-0.03804799999999837,SENTIMENT_EOD_SELL,7.0,20.0,720.0,0.23700000000000002,NEU,
b1e09f19a52916ff,2025-03-10 08:00:00+00:00,2025-03-12 09:30:00,GOOGL,S12,5771,173.26,164.71,0.0,-49342.0499999999,-0.35244321428571357,SENTIMENT_MORNING_SELL,7.0,20.0,3210.0,0.27662,NEU,
0cf58688c2986227,2025-03-12 11:10:00+00:00,2025-03-13 13:14:00+00:00,ADBE,S12,2293,436.03999999999996,405.50719999999995,0.0,-70011.71040000003,-7.002293367580958,STOP_LOSS,7.0,20.0,1564.0,0.29754,NEU,
dc8d20adca6a3361,2025-03-12 08:00:00+00:00,2025-03-12 16:00:00,MSFT,S12,2624,381.01,384.04,0.0,7950.720000000078,0.0567908571428577,SENTIMENT_EOD_SELL,7.0,20.0,720.0,0.28993,NEU,
7fcad724cf018c97,2025-03-12 08:00:00+00:00,2025-03-12 16:00:00,GOOGL,S12,6070,164.73,167.69,0.0,17967.200000000048,0.1283371428571432,SENTIMENT_EOD_SELL,7.0,20.0,720.0,0.26242,NEU,
e0412cc2c3cb40ae,2025-03-10 08:00:00+00:00,2025-03-13 09:30:00,AMZN,S12,5049,198.01999999999998,197.39000000000001,0.0,-3180.8699999998335,-0.022720499999998808,SENTIMENT_MORNING_SELL,7.0,20.0,4650.0,0.24796,NEU,
ec7986a5f080c697,2025-03-12 08:26:00+00:00,2025-03-13 09:30:00,ORCL,S12,6912,144.66,149.29000000000002,0.0,32002.560000000165,0.22858971428571548,SENTIMENT_MORNING_SELL,7.0,20.0,1744.0,0.262725,NEU,
9861de1dd18a7e44,2025-03-13 08:18:00+00:00,2025-03-13 13:46:00+00:00,ADBE,S12,2392,418.01,388.73929999999996,0.0,-70015.51440000007,-7.002392287265863,STOP_LOSS,7.0,20.0,328.0,0.3750222222222222,NEU,
abd2d2206f35a97b,2025-03-11 08:13:00+00:00,2025-03-14 09:30:00,CSCO,S12,16066,62.239999999999995,59.99,0.0,-36148.49999999988,-0.2582035714285706,SENTIMENT_MORNING_SELL,7.0,20.0,4637.0,0.3178,NEU,
4749e8161c1cf904,2025-03-12 08:00:00+00:00,2025-03-14 09:30:00,NVDA,S12,9089,110.02000000000001,117.19,0.0,65168.12999999989,0.46548664285714203,SENTIMENT_MORNING_SELL,7.0,20.0,3210.0,0.26033,NEU,
4bb6d97444553f8b,2025-03-12 08:10:00+00:00,2025-03-14 09:30:00,QCOM,S12,6508,153.64999999999998,153.3,0.0,-2277.7999999997783,-0.016269999999998418,SENTIMENT_MORNING_SELL,7.0,20.0,3200.0,0.3796875,NEU,
7918f99bb588723e,2025-03-12 08:00:00+00:00,2025-03-14 16:00:00,AVGO,S12,5235,191.01,195.5,0.0,23505.15000000005,0.16789392857142893,SENTIMENT_EOD_SELL,7.0,20.0,3600.0,0.20607000000000003,NEU,
f65bb2282eed2fde,2025-03-13 08:00:00+00:00,2025-03-17 16:00:00,MSFT,S12,2626,380.78999999999996,388.94,0.0,21401.90000000009,0.15287071428571491,SENTIMENT_EOD_SELL,7.0,20.0,6480.0,0.2926,NEU,
d939a69a7ed1406b,2025-03-17 08:05:00+00:00,2025-03-17 16:00:00,INTU,S12,1671,598.31,602.1,0.0,6333.090000000129,0.04523635714285807,SENTIMENT_EOD_SELL,7.0,20.0,715.0,0.36375,NEU,
c1ab344ee8dc588b,2025-03-10 08:00:00+00:00,2025-03-18 09:30:00,TSM,S12,5646,177.1,174.88,0.0,-12534.119999999994,-0.08952942857142852,SENTIMENT_MORNING_SELL,7.0,20.0,11850.0,0.42397142857142855,NEU,
3d572e8c59799425,2025-03-12 08:00:00+00:00,2025-03-18 09:30:00,META,S12,1644,608.01,605.07,0.0,-4833.359999999902,-0.034523999999999305,SENTIMENT_MORNING_SELL,7.0,20.0,8970.0,0.27731,NEU,
86e2bd47513c0055,2025-03-13 08:01:00+00:00,2025-03-18 09:30:00,ORCL,S12,6697,149.31,154.68,0.0,35962.89000000003,0.25687778571428593,SENTIMENT_MORNING_SELL,7.0,20.0,7529.0,0.3826714285714286,NEU,
bdd845b365604ec9,2025-03-17 08:00:00+00:00,2025-03-18 16:00:00,AVGO,S12,5114,195.51,188.39010000000002,0.0,-36411.16859999986,-0.2600797757142847,SENTIMENT_EOD_SELL,7.0,20.0,2160.0,0.20299999999999999,NEU,
13336297bce6832c,2025-03-18 08:22:00+00:00,2025-03-18 16:00:00,CSCO,S12,16452,60.78,60.36,0.0,-6909.840000000028,-0.049356000000000205,SENTIMENT_EOD_SELL,7.0,20.0,698.0,0.31216666666666665,NEU,
2489bf9bd4614e4f,2025-03-18 08:03:00+00:00,2025-03-19 09:30:00,AAPL,S12,4678,213.73999999999998,213.57000000000002,0.0,-795.2599999998085,-0.005680428571427204,SENTIMENT_MORNING_SELL,7.0,20.0,1767.0,0.252525,NEU,
ac6d008287ebbfe0,2025-03-19 08:00:00+00:00,2025-03-19 16:00:00,NVDA,S12,8702,114.91000000000001,118.78,0.0,33676.73999999992,0.2405481428571423,SENTIMENT_EOD_SELL,7.0,20.0,720.0,0.29938000000000003,NEU,
a95ce39897093b4c,2025-03-19 08:00:00+00:00,2025-03-19 16:00:00,META,S12,1720,581.14,588.15,0.0,12057.199999999984,0.08612285714285703,SENTIMENT_EOD_SELL,7.0,20.0,720.0,0.2205666666666667,NEU,
2e734572b99c396f,2025-03-18 08:57:00+00:00,2025-03-20 09:30:00,QCOM,S12,6346,157.56,158.5,0.0,5965.239999999985,0.04260885714285704,SENTIMENT_MORNING_SELL,7.0,20.0,3153.0,0.38204000000000005,NEU,
89380dae409eb966,2025-03-19 08:00:00+00:00,2025-03-20 09:30:00,TSM,S12,5847,171.01,175.89000000000001,0.0,28533.36000000014,0.2038097142857153,SENTIMENT_MORNING_SELL,7.0,20.0,1770.0,0.25,NEU,
996a1454f2f3eadc,2025-03-20 08:00:00+00:00,2025-03-25 20:00:00+00:00,TSLA,S12,4157,240.53,288.626,0.0,199935.0719999999,19.995842514447254,TAKE_PROFIT,7.0,20.0,7920.0,0.27774,NEU,
e8cacedc4981571e,2025-03-20 08:00:00+00:00,2025-03-20 16:00:00,NVDA,S12,8395,119.11,118.16,0.0,-7975.250000000024,-0.0569660714285716,SENTIMENT_EOD_SELL,7.0,20.0,720.0,0.28411,NEU,
6d00bd1cebd63892,2025-03-20 08:00:00+00:00,2025-03-20 16:00:00,AVGO,S12,5064,197.47,190.0003,0.0,-37826.56079999994,-0.2701897199999996,SENTIMENT_EOD_SELL,7.0,20.0,720.0,0.52649,NEU,
38058757b72ab841,2025-03-20 08:00:00+00:00,2025-03-20 16:00:00,TSM,S12,5684,175.91,177.06,0.0,6536.600000000032,0.04669000000000023,SENTIMENT_EOD_SELL,7.0,20.0,720.0,0.27453333333333335,NEU,
b0323f5adfa03b0a,2025-03-20 08:01:00+00:00,2025-03-20 16:00:00,ORCL,S12,6495,153.95999999999998,152.7099,0.0,-8119.399499999837,-0.05799571071428455,SENTIMENT_EOD_SELL,7.0,20.0,719.0,0.41967,NEU,
bd0516bc293f18d5,2025-03-20 09:17:00+00:00,2025-03-20 16:00:00,QCOM,S12,6308,158.51999999999998,157.49,0.0,-6497.239999999828,-0.04640885714285591,SENTIMENT_EOD_SELL,7.0,20.0,643.0,0.4209333333333333,NEU,
7475aa70a633eabb,2025-03-17 08:00:00+00:00,2025-03-20 23:59:00+00:00,GOOGL,S12,6072,164.69,162.78,0.0,-11597.519999999979,-0.08283942857142841,BACKTEST_END,7.0,20.0,5279.0,0.23284000000000002,NEU,
16be4da7877939f7,2025-03-17 10:33:00+00:00,2025-03-20 23:17:00+00:00,ADBE,S12,2545,392.78999999999996,391.49,0.0,-3308.4999999998845,-0.023632142857142033,BACKTEST_END,7.0,20.0,5084.0,0.21939999999999998,NEU,
649e72951d933512,2025-03-18 08:16:00+00:00,2025-03-20 23:57:00+00:00,MSFT,S12,2573,388.53,386.98,0.0,-3988.149999999883,-0.02848678571428488,BACKTEST_END,7.0,20.0,3821.0,0.27985000000000004,NEU,
6658186fe8f62f54,2025-03-19 08:30:00+00:00,2025-03-20 20:00:00+00:00,INTU,S12,1663,601.01,600.41,0.0,-997.8000000000378,-0.007127142857143128,BACKTEST_END,7.0,20.0,2130.0,0.25,NEU,
165ef249705032c0,2025-03-07 00:00:00+00:00,2025-03-07 16:00:00,AMZN,S13,4974,201.01,199.14000000000001,0.0,-9301.379999999881,-0.06643842857142772,SENTIMENT_EOD_SELL,10.0,5.0,1260.0,0.22949999999999998,NEU,
ef1e22340ead0a60,2025-03-07 00:02:00+00:00,2025-03-10 09:30:00,MSFT,S13,2519,396.9,391.73,0.0,-13023.229999999898,-0.09302307142857069,SENTIMENT_MORNING_SELL,10.0,5.0,5128.0,0.30873,NEU,
7b7ac1a8c3d012c9,2025-03-07 00:00:00+00:00,2025-03-10 09:30:00,GOOGL,S13,5800,172.41,173.24,0.0,4814.000000000073,0.03438571428571481,SENTIMENT_MORNING_SELL,10.0,5.0,5130.0,0.46881000000000006,NEU,
3e4f0b28eeccbe15,2025-03-07 00:00:00+00:00,2025-03-10 09:30:00,ORCL,S13,6562,152.3734,153.99,0.0,10608.129200000036,0.07577235142857168,SENTIMENT_MORNING_SELL,10.0,5.0,5130.0,0.3635,NEU,
fd5e4ba8cdbd9152,2025-03-07 00:24:00+00:00,2025-03-10 09:30:00,ADBE,S13,2247,444.90999999999997,446.11,0.0,2696.4000000001024,0.01926000000000073,SENTIMENT_MORNING_SELL,10.0,5.0,5106.0,0.27180000000000004,NEU,
ebc005020a2ab09d,2025-03-07 00:29:00+00:00,2025-03-10 09:30:00,QCOM,S13,6429,155.5272,159.54000000000002,0.0,25798.291200000174,0.18427350857142982,SENTIMENT_MORNING_SELL,10.0,5.0,5101.0,0.5106,NEU,
6d17691335817c2d,2025-03-10 08:05:00+00:00,2025-03-10 20:05:00+00:00,ORCL,S13,6493,154.01,138.59900000000002,0.0,-100063.62299999982,-10.006493084864601,STOP_LOSS,10.0,5.0,720.0,0.20962499999999998,NEU,
e1989a7318c0883b,2025-03-10 08:18:00+00:00,2025-03-10 20:00:00+00:00,QCOM,S13,6267,159.56,143.59400000000002,0.0,-100058.92199999987,-10.006267234895951,STOP_LOSS,10.0,5.0,702.0,0.25898571428571426,NEU,
0d63c0dc2e67ce39,2025-03-10 08:00:00+00:00,2025-03-11 09:30:00,AVGO,S13,5181,193.01,183.99,0.0,-46732.61999999991,-0.3338044285714279,SENTIMENT_MORNING_SELL,10.0,5.0,1770.0,0.38653333333333334,NEU,
5b7097b7c5bb5ad4,2025-03-11 08:00:00+00:00,2025-03-12 12:32:00+00:00,META,S13,1683,594.01,623.7005,0.0,49969.11150000007,4.998316526657807,TAKE_PROFIT,10.0,5.0,1712.0,0.22361111111111112,NEU,
f17230d1925abe7f,2025-03-11 08:00:00+00:00,2025-03-11 16:00:00,ORCL,S13,6896,145.0,144.4,0.0,-4137.59999999996,-0.02955428571428543,SENTIMENT_EOD_SELL,10.0,5.0,720.0,0.20078999999999997,NEU,
a49143502756f318,2025-03-11 08:53:00+00:00,2025-03-11 16:00:00,INTU,S13,1715,583.01,586.7,0.0,6328.350000000093,0.045202500000000666,SENTIMENT_EOD_SELL,10.0,5.0,667.0,0.46345000000000003,NEU,
6ac2948b2a8392ac,2025-03-11 08:00:00+00:00,2025-03-11 16:00:00,QCOM,S13,6496,153.92,153.10000000000002,0.0,-5326.719999999771,-0.03804799999999837,SENTIMENT_EOD_SELL,10.0,5.0,720.0,0.23700000000000002,NEU,
f8bc8047a5581fc0,2025-03-10 08:00:00+00:00,2025-03-12 09:30:00,GOOGL,S13,5771,173.26,164.71,0.0,-49342.0499999999,-0.35244321428571357,SENTIMENT_MORNING_SELL,10.0,5.0,3210.0,0.27662,NEU,
1e99e3f5fb23e4c9,2025-03-12 08:00:00+00:00,2025-03-12 13:34:00+00:00,NVDA,S13,9089,110.02000000000001,115.51100000000001,0.0,49907.699,4.990910743501181,TAKE_PROFIT,10.0,5.0,334.0,0.26033,NEU,
8deadca2a33fd2c8,2025-03-12 08:26:00+00:00,2025-03-12 18:29:00+00:00,ORCL,S13,6912,144.66,151.883,0.0,49925.37600000009,4.993087239043283,TAKE_PROFIT,10.0,5.0,603.0,0.262725,NEU,
024ebd693380d7fc,2025-03-12 11:10:00+00:00,2025-03-13 13:34:00+00:00,ADBE,S13,2293,436.03999999999996,392.426,0.0,-100006.90199999994,-10.00229336758095,STOP_LOSS,10.0,5.0,1584.0,0.29754,NEU,
2acc1efeecef8374,2025-03-12 08:00:00+00:00,2025-03-12 16:00:00,MSFT,S13,2624,381.01,384.04,0.0,7950.720000000078,0.0567908571428577,SENTIMENT_EOD_SELL,10.0,5.0,720.0,0.28993,NEU,
429b450a2f463f44,2025-03-12 08:00:00+00:00,2025-03-12 16:00:00,GOOGL,S13,6070,164.73,167.69,0.0,17967.200000000048,0.1283371428571432,SENTIMENT_EOD_SELL,10.0,5.0,720.0,0.26242,NEU,
ade2c11a9823c1f6,2025-03-10 08:00:00+00:00,2025-03-13 09:30:00,AMZN,S13,5049,198.01999999999998,197.39000000000001,0.0,-3180.8699999998335,-0.022720499999998808,SENTIMENT_MORNING_SELL,10.0,5.0,4650.0,0.24796,NEU,
d2e4a5834b833718,2025-03-13 08:00:00+00:00,2025-03-14 13:51:00+00:00,NVDA,S13,8710,114.81,120.54050000000001,0.0,49912.65500000006,4.991289957320796,TAKE_PROFIT,10.0,5.0,1791.0,0.28837,NEU,
7ede8a2ca03ffb50,2025-03-13 08:18:00+00:00,2025-03-13 19:41:00+00:00,ADBE,S13,2392,418.01,376.199,0.0,-100011.91199999995,-10.002392287265852,STOP_LOSS,10.0,5.0,683.0,0.3750222222222222,NEU,
7b6ce8357b48fdfd,2025-03-10 08:17:00+00:00,2025-03-14 09:30:00,CSCO,S13,15696,63.71,59.99,0.0,-58389.11999999998,-0.41706514285714275,SENTIMENT_MORNING_SELL,10.0,5.0,6073.0,0.38335,NEU,
233af98231e9a143,2025-03-12 08:10:00+00:00,2025-03-14 09:30:00,QCOM,S13,6508,153.64999999999998,153.3,0.0,-2277.7999999997783,-0.016269999999998418,SENTIMENT_MORNING_SELL,10.0,5.0,3200.0,0.3796875,NEU,
edddbc2f92e3c4b3,2025-03-12 08:00:00+00:00,2025-03-14 16:00:00,AVGO,S13,5235,191.01,195.5,0.0,23505.15000000005,0.16789392857142893,SENTIMENT_EOD_SELL,10.0,5.0,3600.0,0.20607000000000003,NEU,
0d42d311347c1527,2025-03-13 08:00:00+00:00,2025-03-17 16:00:00,MSFT,S13,2626,380.78999999999996,388.94,0.0,21401.90000000009,0.15287071428571491,SENTIMENT_EOD_SELL,10.0,5.0,6480.0,0.2926,NEU,
1326693e6fac8377,2025-03-17 08:05:00+00:00,2025-03-17 16:00:00,INTU,S13,1671,598.31,602.1,0.0,6333.090000000129,0.04523635714285807,SENTIMENT_EOD_SELL,10.0,5.0,715.0,0.36375,NEU,
88acda7626624fb9,2025-03-10 08:00:00+00:00,2025-03-18 09:30:00,TSM,S13,5646,177.1,174.88,0.0,-12534.119999999994,-0.08952942857142852,SENTIMENT_MORNING_SELL,10.0,5.0,11850.0,0.42397142857142855,NEU,
f40717b8b0975f4e,2025-03-12 08:00:00+00:00,2025-03-18 09:30:00,META,S13,1644,608.01,605.07,0.0,-4833.359999999902,-0.034523999999999305,SENTIMENT_MORNING_SELL,10.0,5.0,8970.0,0.27731,NEU,
897cfab1800f9fbc,2025-03-13 08:01:00+00:00,2025-03-18 09:30:00,ORCL,S13,6697,149.31,154.68,0.0,35962.89000000003,0.25687778571428593,SENTIMENT_MORNING_SELL,10.0,5.0,7529.0,0.3826714285714286,NEU,
fb42a81609ef16b9,2025-03-17 08:00:00+00:00,2025-03-18 16:00:00,AVGO,S13,5114,195.51,188.39010000000002,0.0,-36411.16859999986,-0.2600797757142847,SENTIMENT_EOD_SELL,10.0,5.0,2160.0,0.20299999999999999,NEU,
b5a231187c245da2,2025-03-18 08:22:00+00:00,2025-03-18 16:00:00,CSCO,S13,16452,60.78,60.36,0.0,-6909.840000000028,-0.049356000000000205,SENTIMENT_EOD_SELL,10.0,5.0,698.0,0.31216666666666665,NEU,
40de203e5de66ad0,2025-03-18 08:03:00+00:00,2025-03-19 09:30:00,AAPL,S13,4678,213.73999999999998,213.57000000000002,0.0,-795.2599999998085,-0.005680428571427204,SENTIMENT_MORNING_SELL,10.0,5.0,1767.0,0.252525,NEU,
967f822323fdb85e,2025-03-19 08:00:00+00:00,2025-03-24 13:33:00+00:00,NVDA,S13,8702,114.91000000000001,120.64550000000001,0.0,49910.32100000002,4.99129753720303,TAKE_PROFIT,10.0,5.0,7533.0,0.29938000000000003,NEU,
b183621f2f67a517,2025-03-19 08:00:00+00:00,2025-03-20 15:30:00+00:00,META,S13,1720,581.14,610.187,0.0,49960.84000000004,4.998279244244077,TAKE_PROFIT,10.0,5.0,1890.0,0.2205666666666667,NEU,
c86a2d1887759dca,2025-03-19 08:00:00+00:00,2025-03-24 10:53:00+00:00,TSM,S13,5847,171.01,179.5505,0.0,49936.30350000005,4.994152388749201,TAKE_PROFIT,10.0,5.0,7373.0,0.25,NEU,
d608049cb6e32bc1,2025-03-18 08:57:00+00:00,2025-03-20 09:30:00,QCOM,S13,6346,157.56,158.5,0.0,5965.239999999985,0.04260885714285704,SENTIMENT_MORNING_SELL,10.0,5.0,3153.0,0.38204000000000005,NEU,
002e4216dc0fae1c,2025-03-20 08:00:00+00:00,2025-03-24 08:00:00+00:00,TSLA,S13,4157,240.53,252.5465,0.0,49952.590500000035,4.995842514447266,TAKE_PROFIT,10.0,5.0,5760.0,0.27774,NEU,
a3b3d2c52820a011,2025-03-20 08:00:00+00:00,2025-03-20 16:00:00,NVDA,S13,8395,119.11,118.16,0.0,-7975.250000000024,-0.0569660714285716,SENTIMENT_EOD_SELL,10.0,5.0,720.0,0.28411,NEU,
e3d9e249a95e9ceb,2025-03-20 08:00:00+00:00,2025-03-20 16:00:00,AVGO,S13,5064,197.47,190.0003,0.0,-37826.56079999994,-0.2701897199999996,SENTIMENT_EOD_SELL,10.0,5.0,720.0,0.52649,NEU,
b24c7b811b80d78d,2025-03-20 08:00:00+00:00,2025-03-20 16:00:00,TSM,S13,5684,175.91,177.06,0.0,6536.600000000032,0.04669000000000023,SENTIMENT_EOD_SELL,10.0,5.0,720.0,0.27453333333333335,NEU,
271b1d49cb79432c,2025-03-20 08:01:00+00:00,2025-03-20 16:00:00,ORCL,S13,6495,153.95999999999998,152.7099,0.0,-8119.399499999837,-0.05799571071428455,SENTIMENT_EOD_SELL,10.0,5.0,719.0,0.41967,NEU,
f0a95a05343d1ebd,2025-03-20 09:17:00+00:00,2025-03-20 16:00:00,QCOM,S13,6308,158.51999999999998,157.49,0.0,-6497.239999999828,-0.04640885714285591,SENTIMENT_EOD_SELL,10.0,5.0,643.0,0.4209333333333333,NEU,
55dfb5730ce156bf,2025-03-17 08:00:00+00:00,2025-03-20 23:59:00+00:00,GOOGL,S13,6072,164.69,162.78,0.0,-11597.519999999979,-0.08283942857142841,BACKTEST_END,10.0,5.0,5279.0,0.23284000000000002,NEU,
049361b67590f769,2025-03-17 10:33:00+00:00,2025-03-20 23:17:00+00:00,ADBE,S13,2545,392.78999999999996,391.49,0.0,-3308.4999999998845,-0.023632142857142033,BACKTEST_END,10.0,5.0,5084.0,0.21939999999999998,NEU,
9f82c3e2b608e6ed,2025-03-18 08:16:00+00:00,2025-03-20 23:57:00+00:00,MSFT,S13,2573,388.53,386.98,0.0,-3988.149999999883,-0.02848678571428488,BACKTEST_END,10.0,5.0,3821.0,0.27985000000000004,NEU,
39d486b82a8942df,2025-03-19 08:30:00+00:00,2025-03-20 20:00:00+00:00,INTU,S13,1663,601.01,600.41,0.0,-997.8000000000378,-0.007127142857143128,BACKTEST_END,10.0,5.0,2130.0,0.25,NEU,
5c6e95f751023b57,2025-03-07 00:00:00+00:00,2025-03-07 16:00:00,AMZN,S14,4974,201.01,199.14000000000001,0.0,-9301.379999999881,-0.06643842857142772,SENTIMENT_EOD_SELL,10.0,8.0,1260.0,0.22949999999999998,NEU,
8572cfcbce95cca6,2025-03-07 00:02:00+00:00,2025-03-10 09:30:00,MSFT,S14,2519,396.9,391.73,0.0,-13023.229999999898,-0.09302307142857069,SENTIMENT_MORNING_SELL,10.0,8.0,5128.0,0.30873,NEU,
5007093826b9ac2a,2025-03-07 00:00:00+00:00,2025-03-10 09:30:00,GOOGL,S14,5800,172.41,173.24,0.0,4814.000000000073,0.03438571428571481,SENTIMENT_MORNING_SELL,10.0,8.0,5130.0,0.46881000000000006,NEU,
efbd0c175e129f83,2025-03-07 00:00:00+00:00,2025-03-10 09:30:00,ORCL,S14,6562,152.3734,153.99,0.0,10608.129200000036,0.07577235142857168,SENTIMENT_MORNING_SELL,10.0,8.0,5130.0,0.3635,NEU,
b24a07377d571095,2025-03-07 00:24:00+00:00,2025-03-10 09:30:00,ADBE,S14,2247,444.90999999999997,446.11,0.0,2696.4000000001024,0.01926000000000073,SENTIMENT_MORNING_SELL,10.0,8.0,5106.0,0.27180000000000004,NEU,
6a37d91752cac3ce,2025-03-07 00:29:00+00:00,2025-03-10 09:30:00,QCOM,S14,6429,155.5272,159.54000000000002,0.0,25798.291200000174,0.18427350857142982,SENTIMENT_MORNING_SELL,10.0,8.0,5101.0,0.5106,NEU,
51debe212501d02b,2025-03-10 08:05:00+00:00,2025-03-10 20:05:00+00:00,ORCL,S14,6493,154.01,138.59900000000002,0.0,-100063.62299999982,-10.006493084864601,STOP_LOSS,10.0,8.0,720.0,0.20962499999999998,NEU,
14dc505193093024,2025-03-10 08:18:00+00:00,2025-03-10 20:00:00+00:00,QCOM,S14,6267,159.56,143.59400000000002,0.0,-100058.92199999987,-10.006267234895951,STOP_LOSS,10.0,8.0,702.0,0.25898571428571426,NEU,
e8312f9f6a535907,2025-03-10 08:00:00+00:00,2025-03-11 09:30:00,AVGO,S14,5181,193.01,183.99,0.0,-46732.61999999991,-0.3338044285714279,SENTIMENT_MORNING_SELL,10.0,8.0,1770.0,0.38653333333333334,NEU,
412a0201c4c70745,2025-03-11 08:00:00+00:00,2025-03-11 16:00:00,META,S14,1683,594.01,606.99,0.0,21845.34000000003,0.15603814285714307,SENTIMENT_EOD_SELL,10.0,8.0,720.0,0.22361111111111112,NEU,
45b0c1b7396d2efc,2025-03-11 08:00:00+00:00,2025-03-11 16:00:00,ORCL,S14,6896,145.0,144.4,0.0,-4137.59999999996,-0.02955428571428543,SENTIMENT_EOD_SELL,10.0,8.0,720.0,0.20078999999999997,NEU,
3acbbf7f2cb66c61,2025-03-11 08:53:00+00:00,2025-03-11 16:00:00,INTU,S14,1715,583.01,586.7,0.0,6328.350000000093,0.045202500000000666,SENTIMENT_EOD_SELL,10.0,8.0,667.0,0.46345000000000003,NEU,
be28272efbf637a8,2025-03-11 08:00:00+00:00,2025-03-11 16:00:00,QCOM,S14,6496,153.92,153.10000000000002,0.0,-5326.719999999771,-0.03804799999999837,SENTIMENT_EOD_SELL,10.0,8.0,720.0,0.23700000000000002,NEU,
dbdef6a9d6d80341,2025-03-10 08:00:00+00:00,2025-03-12 09:30:00,GOOGL,S14,5771,173.26,164.71,0.0,-49342.0499999999,-0.35244321428571357,SENTIMENT_MORNING_SELL,10.0,8.0,3210.0,0.27662,NEU,
299311008303498c,2025-03-12 08:00:00+00:00,2025-03-14 12:24:00+00:00,NVDA,S14,9089,110.02000000000001,118.81160000000001,0.0,79906.85240000002,7.990910743501183,TAKE_PROFIT,10.0,8.0,3144.0,0.26033,NEU,
fba7773a8422addd,2025-03-12 11:10:00+00:00,2025-03-13 13:34:00+00:00,ADBE,S14,2293,436.03999999999996,392.426,0.0,-100006.90199999994,-10.00229336758095,STOP_LOSS,10.0,8.0,1584.0,0.29754,NEU,
c76c011bbace3764,2025-03-12 08:00:00+00:00,2025-03-12 16:00:00,MSFT,S14,2624,381.01,384.04,0.0,7950.720000000078,0.0567908571428577,SENTIMENT_EOD_SELL,10.0,8.0,720.0,0.28993,NEU,
2ab26eafe0b7ad4f,2025-03-12 08:00:00+00:00,2025-03-12 16:00:00,GOOGL,S14,6070,164.73,167.69,0.0,17967.200000000048,0.1283371428571432,SENTIMENT_EOD_SELL,10.0,8.0,720.0,0.26242,NEU,
b592ba3fa3247247,2025-03-10 08:00:00+00:00,2025-03-13 09:30:00,AMZN,S14,5049,198.01999999999998,197.39000000000001,0.0,-3180.8699999998335,-0.022720499999998808,SENTIMENT_MORNING_SELL,10.0,8.0,4650.0,0.24796,NEU,
17fc2faf929b0ad8,2025-03-12 08:26:00+00:00,2025-03-13 09:30:00,ORCL,S14,6912,144.66,149.29000000000002,0.0,32002.560000000165,0.22858971428571548,SENTIMENT_MORNING_SELL,10.0,8.0,1744.0,0.262725,NEU,
c08cc4a58f95aae4,2025-03-13 08:18:00+00:00,2025-03-13 19:41:00+00:00,ADBE,S14,2392,418.01,376.199,0.0,-100011.91199999995,-10.002392287265852,STOP_LOSS,10.0,8.0,683.0,0.3750222222222222,NEU,
ea89817b02466873,2025-03-10 08:17:00+00:00,2025-03-14 09:30:00,CSCO,S14,15696,63.71,59.99,0.0,-58389.11999999998,-0.41706514285714275,SENTIMENT_MORNING_SELL,10.0,8.0,6073.0,0.38335,NEU,
7580d1e9fce250dd,2025-03-12 08:10:00+00:00,2025-03-14 09:30:00,QCOM,S14,6508,153.64999999999998,153.3,0.0,-2277.7999999997783,-0.016269999999998418,SENTIMENT_MORNING_SELL,10.0,8.0,3200.0,0.3796875,NEU,
9819dfda853ea70b,2025-03-13 08:00:00+00:00,2025-03-14 09:30:00,NVDA,S14,8710,114.81,117.19,0.0,20729.79999999996,0.1480699999999997,SENTIMENT_MORNING_SELL,10.0,8.0,1770.0,0.28837,NEU,
9c58a47a747c8d30,2025-03-12 08:00:00+00:00,2025-03-14 16:00:00,AVGO,S14,5235,191.01,195.5,0.0,23505.15000000005,0.16789392857142893,SENTIMENT_EOD_SELL,10.0,8.0,3600.0,0.20607000000000003,NEU,
7343cb05f9047c35,2025-03-13 08:00:00+00:00,2025-03-17 16:00:00,MSFT,S14,2626,380.78999999999996,388.94,0.0,21401.90000000009,0.15287071428571491,SENTIMENT_EOD_SELL,10.0,8.0,6480.0,0.2926,NEU,
6a5d3317d37cfa71,2025-03-17 08:05:00+00:00,2025-03-17 16:00:00,INTU,S14,1671,598.31,602.1,0.0,6333.090000000129,0.04523635714285807,SENTIMENT_EOD_SELL,10.0,8.0,715.0,0.36375,NEU,
6a9404b7d2a441f3,2025-03-10 08:00:00+00:00,2025-03-18 09:30:00,TSM,S14,5646,177.1,174.88,0.0,-12534.119999999994,-0.08952942857142852,SENTIMENT_MORNING_SELL,10.0,8.0,11850.0,0.42397142857142855,NEU,
b94079591d94c20a,2025-03-12 08:00:00+00:00,2025-03-18 09:30:00,META,S14,1644,608.01,605.07,0.0,-4833.359999999902,-0.034523999999999305,SENTIMENT_MORNING_SELL,10.0,8.0,8970.0,0.27731,NEU,
054cd78b7ee8fa8f,2025-03-13 08:01:00+00:00,2025-03-18 09:30:00,ORCL,S14,6697,149.31,154.68,0.0,35962.89000000003,0.25687778571428593,SENTIMENT_MORNING_SELL,10.0,8.0,7529.0,0.3826714285714286,NEU,
41fcf7e066d514be,2025-03-17 08:00:00+00:00,2025-03-18 16:00:00,AVGO,S14,5114,195.51,188.39010000000002,0.0,-36411.16859999986,-0.2600797757142847,SENTIMENT_EOD_SELL,10.0,8.0,2160.0,0.20299999999999999,NEU,
e4e205d84e45e62a,2025-03-18 08:22:00+00:00,2025-03-18 16:00:00,CSCO,S14,16452,60.78,60.36,0.0,-6909.840000000028,-0.049356000000000205,SENTIMENT_EOD_SELL,10.0,8.0,698.0,0.31216666666666665,NEU,
568f936b7590ff7b,2025-03-18 08:03:00+00:00,2025-03-19 09:30:00,AAPL,S14,4678,213.73999999999998,213.57000000000002,0.0,-795.2599999998085,-0.005680428571427204,SENTIMENT_MORNING_SELL,10.0,8.0,1767.0,0.252525,NEU,
d0125832b1892e57,2025-03-19 08:00:00+00:00,2025-03-19 16:00:00,NVDA,S14,8702,114.91000000000001,118.78,0.0,33676.73999999992,0.2405481428571423,SENTIMENT_EOD_SELL,10.0,8.0,720.0,0.29938000000000003,NEU,
2fc702e1d9c8f75c,2025-03-19 08:00:00+00:00,2025-03-19 16:00:00,META,S14,1720,581.14,588.15,0.0,12057.199999999984,0.08612285714285703,SENTIMENT_EOD_SELL,10.0,8.0,720.0,0.2205666666666667,NEU,
0ac2d85bd1064b4b,2025-03-18 08:57:00+00:00,2025-03-20 09:30:00,QCOM,S14,6346,157.56,158.5,0.0,5965.239999999985,0.04260885714285704,SENTIMENT_MORNING_SELL,10.0,8.0,3153.0,0.38204000000000005,NEU,
14939eacd233e619,2025-03-19 08:00:00+00:00,2025-03-20 09:30:00,TSM,S14,5847,171.01,175.89000000000001,0.0,28533.36000000014,0.2038097142857153,SENTIMENT_MORNING_SELL,10.0,8.0,1770.0,0.25,NEU,
00e3e8f0b5ed3c66,2025-03-20 08:00:00+00:00,2025-03-24 08:50:00+00:00,TSLA,S14,4157,240.53,259.7624,0.0,79949.08680000005,7.995842514447267,TAKE_PROFIT,10.0,8.0,5810.0,0.27774,NEU,
0a4ce512127a9501,2025-03-20 08:00:00+00:00,2025-03-20 16:00:00,NVDA,S14,8395,119.11,118.16,0.0,-7975.250000000024,-0.0569660714285716,SENTIMENT_EOD_SELL,10.0,8.0,720.0,0.28411,NEU,
620a7a465b432c8e,2025-03-20 08:00:00+00:00,2025-03-20 16:00:00,AVGO,S14,5064,197.47,190.0003,0.0,-37826.56079999994,-0.2701897199999996,SENTIMENT_EOD_SELL,10.0,8.0,720.0,0.52649,NEU,
4a0ce3ec5fc62cb8,2025-03-20 08:00:00+00:00,2025-03-20 16:00:00,TSM,S14,5684,175.91,177.06,0.0,6536.600000000032,0.04669000000000023,SENTIMENT_EOD_SELL,10.0,8.0,720.0,0.27453333333333335,NEU,
b3090c456659a9d6,2025-03-20 08:01:00+00:00,2025-03-20 16:00:00,ORCL,S14,6495,153.95999999999998,152.7099,0.0,-8119.399499999837,-0.05799571071428455,SENTIMENT_EOD_SELL,10.0,8.0,719.0,0.41967,NEU,
2a8d238d0fb58418,2025-03-20 09:17:00+00:00,2025-03-20 16:00:00,QCOM,S14,6308,158.51999999999998,157.49,0.0,-6497.239999999828,-0.04640885714285591,SENTIMENT_EOD_SELL,10.0,8.0,643.0,0.4209333333333333,NEU,
6b5739448410655b,2025-03-17 08:00:00+00:00,2025-03-20 23:59:00+00:00,GOOGL,S14,6072,164.69,162.78,0.0,-11597.519999999979,-0.08283942857142841,BACKTEST_END,10.0,8.0,5279.0,0.23284000000000002,NEU,
723bc797da9df5d7,2025-03-17 10:33:00+00:00,2025-03-20 23:17:00+00:00,ADBE,S14,2545,392.78999999999996,391.49,0.0,-3308.4999999998845,-0.023632142857142033,BACKTEST_END,10.0,8.0,5084.0,0.21939999999999998,NEU,
5397bf9c3d43c81d,2025-03-18 08:16:00+00:00,2025-03-20 23:57:00+00:00,MSFT,S14,2573,388.53,386.98,0.0,-3988.149999999883,-0.02848678571428488,BACKTEST_END,10.0,8.0,3821.0,0.27985000000000004,NEU,
aaab70a39f75ba62,2025-03-19 08:30:00+00:00,2025-03-20 20:00:00+00:00,INTU,S14,1663,601.01,600.41,0.0,-997.8000000000378,-0.007127142857143128,BACKTEST_END,10.0,8.0,2130.0,0.25,NEU,
96b7f56f515a3fca,2025-03-07 00:00:00+00:00,2025-03-07 16:00:00,AMZN,S15,4974,201.01,199.14000000000001,0.0,-9301.379999999881,-0.06643842857142772,SENTIMENT_EOD_SELL,10.0,12.0,1260.0,0.22949999999999998,NEU,
5275965b5d649d84,2025-03-07 00:02:00+00:00,2025-03-10 09:30:00,MSFT,S15,2519,396.9,391.73,0.0,-13023.229999999898,-0.09302307142857069,SENTIMENT_MORNING_SELL,10.0,12.0,5128.0,0.30873,NEU,
67f66812d7272d9a,2025-03-07 00:00:00+00:00,2025-03-10 09:30:00,GOOGL,S15,5800,172.41,173.24,0.0,4814.000000000073,0.03438571428571481,SENTIMENT_MORNING_SELL,10.0,12.0,5130.0,0.46881000000000006,NEU,
4e93e089dda968cf,2025-03-07 00:00:00+00:00,2025-03-10 09:30:00,ORCL,S15,6562,152.3734,153.99,0.0,10608.129200000036,0.07577235142857168,SENTIMENT_MORNING_SELL,10.0,12.0,5130.0,0.3635,NEU,
bf4625460a138e47,2025-03-07 00:24:00+00:00,2025-03-10 09:30:00,ADBE,S15,2247,444.90999999999997,446.11,0.0,2696.4000000001024,0.01926000000000073,SENTIMENT_MORNING_SELL,10.0,12.0,5106.0,0.27180000000000004,NEU,
49bb28afe33029fd,2025-03-07 00:29:00+00:00,2025-03-10 09:30:00,QCOM,S15,6429,155.5272,159.54000000000002,0.0,25798.291200000174,0.18427350857142982,SENTIMENT_MORNING_SELL,10.0,12.0,5101.0,0.5106,NEU,
ad7742e5e43e9602,2025-03-10 08:05:00+00:00,2025-03-10 20:05:00+00:00,ORCL,S15,6493,154.01,138.59900000000002,0.0,-100063.62299999982,-10.006493084864601,STOP_LOSS,10.0,12.0,720.0,0.20962499999999998,NEU,
1ab14e0b78f2e5cc,2025-03-10 08:18:00+00:00,2025-03-10 20:00:00+00:00,QCOM,S15,6267,159.56,143.59400000000002,0.0,-100058.92199999987,-10.006267234895951,STOP_LOSS,10.0,12.0,702.0,0.25898571428571426,NEU,
34a789c37aedecf0,2025-03-10 08:00:00+00:00,2025-03-11 09:30:00,AVGO,S15,5181,193.01,183.99,0.0,-46732.61999999991,-0.3338044285714279,SENTIMENT_MORNING_SELL,10.0,12.0,1770.0,0.38653333333333334,NEU,
b2a2c9f146ac6dc1,2025-03-11 08:00:00+00:00,2025-03-11 16:00:00,META,S15,1683,594.01,606.99,0.0,21845.34000000003,0.15603814285714307,SENTIMENT_EOD_SELL,10.0,12.0,720.0,0.22361111111111112,NEU,
da4ce07c37759443,2025-03-11 08:00:00+00:00,2025-03-11 16:00:00,ORCL,S15,6896,145.0,144.4,0.0,-4137.59999999996,-0.02955428571428543,SENTIMENT_EOD_SELL,10.0,12.0,720.0,0.20078999999999997,NEU,
77d42bb96c465e05,2025-03-11 08:53:00+00:00,2025-03-11 16:00:00,INTU,S15,1715,583.01,586.7,0.0,6328.350000000093,0.045202500000000666,SENTIMENT_EOD_SELL,10.0,12.0,667.0,0.46345000000000003,NEU,
8f0e8e6551c5694e,2025-03-11 08:00:00+00:00,2025-03-11 16:00:00,QCOM,S15,6496,153.92,153.10000000000002,0.0,-5326.719999999771,-0.03804799999999837,SENTIMENT_EOD_SELL,10.0,12.0,720.0,0.23700000000000002,NEU,
115bd5c900428de3,2025-03-10 08:00:00+00:00,2025-03-12 09:30:00,GOOGL,S15,5771,173.26,164.71,0.0,-49342.0499999999,-0.35244321428571357,SENTIMENT_MORNING_SELL,10.0,12.0,3210.0,0.27662,NEU,
ebf9cc93522f8e3e,2025-03-12 08:00:00+00:00,2025-03-17 11:19:00+00:00,NVDA,S15,9089,110.02000000000001,123.21240000000002,0.0,119905.72360000006,11.990910743501185,TAKE_PROFIT,10.0,12.0,7399.0,0.26033,NEU,
01bc40eab6ff546b,2025-03-12 11:10:00+00:00,2025-03-13 13:34:00+00:00,ADBE,S15,2293,436.03999999999996,392.426,0.0,-100006.90199999994,-10.00229336758095,STOP_LOSS,10.0,12.0,1584.0,0.29754,NEU,
97d1846aa23b6337,2025-03-12 08:00:00+00:00,2025-03-12 16:00:00,MSFT,S15,2624,381.01,384.04,0.0,7950.720000000078,0.0567908571428577,SENTIMENT_EOD_SELL,10.0,12.0,720.0,0.28993,NEU,
31dcfb147206e896,2025-03-12 08:00:00+00:00,2025-03-12 16:00:00,GOOGL,S15,6070,164.73,167.69,0.0,17967.200000000048,0.1283371428571432,SENTIMENT_EOD_SELL,10.0,12.0,720.0,0.26242,NEU,
7a3644255952b928,2025-03-10 08:00:00+00:00,2025-03-13 09:30:00,AMZN,S15,5049,198.01999999999998,197.39000000000001,0.0,-3180.8699999998335,-0.022720499999998808,SENTIMENT_MORNING_SELL,10.0,12.0,4650.0,0.24796,NEU,
857a1e4cb4351df4,2025-03-12 08:26:00+00:00,2025-03-13 09:30:00,ORCL,S15,6912,144.66,149.29000000000002,0.0,32002.560000000165,0.22858971428571548,SENTIMENT_MORNING_SELL,10.0,12.0,1744.0,0.262725,NEU,
279012f4b3425d92,2025-03-13 08:18:00+00:00,2025-03-13 19:41:00+00:00,ADBE,S15,2392,418.01,376.199,0.0,-100011.91199999995,-10.002392287265852,STOP_LOSS,10.0,12.0,683.0,0.3750222222222222,NEU,
792b38942f4b7f21,2025-03-10 08:17:00+00:00,2025-03-14 09:30:00,CSCO,S15,15696,63.71,59.99,0.0,-58389.11999999998,-0.41706514285714275,SENTIMENT_MORNING_SELL,10.0,12.0,6073.0,0.38335,NEU,
55ff625fb32129e9,2025-03-12 08:10:00+00:00,2025-03-14 09:30:00,QCOM,S15,6508,153.64999999999998,153.3,0.0,-2277.7999999997783,-0.016269999999998418,SENTIMENT_MORNING_SELL,10.0,12.0,3200.0,0.3796875,NEU,
9a77c9bedbb153ac,2025-03-13 08:00:00+00:00,2025-03-14 09:30:00,NVDA,S15,8710,114.81,117.19,0.0,20729.79999999996,0.1480699999999997,SENTIMENT_MORNING_SELL,10.0,12.0,1770.0,0.28837,NEU,
415a9041dceb00dd,2025-03-12 08:00:00+00:00,2025-03-14 16:00:00,AVGO,S15,5235,191.01,195.5,0.0,23505.15000000005,0.16789392857142893,SENTIMENT_EOD_SELL,10.0,12.0,3600.0,0.20607000000000003,NEU,
711717727573df00,2025-03-13 08:00:00+00:00,2025-03-17 16:00:00,MSFT,S15,2626,380.78999999999996,388.94,0.0,21401.90000000009,0.15287071428571491,SENTIMENT_EOD_SELL,10.0,12.0,6480.0,0.2926,NEU,
f4f61c7bf76f3430,2025-03-17 08:05:00+00:00,2025-03-17 16:00:00,INTU,S15,1671,598.31,602.1,0.0,6333.090000000129,0.04523635714285807,SENTIMENT_EOD_SELL,10.0,12.0,715.0,0.36375,NEU,
270b1beb130df364,2025-03-10 08:00:00+00:00,2025-03-18 09:30:00,TSM,S15,5646,177.1,174.88,0.0,-12534.119999999994,-0.08952942857142852,SENTIMENT_MORNING_SELL,10.0,12.0,11850.0,0.42397142857142855,NEU,
c7a1af92f4951e73,2025-03-12 08:00:00+00:00,2025-03-18 09:30:00,META,S15,1644,608.01,605.07,0.0,-4833.359999999902,-0.034523999999999305,SENTIMENT_MORNING_SELL,10.0,12.0,8970.0,0.27731,NEU,
c31a2d9d2880bfe2,2025-03-13 08:01:00+00:00,2025-03-18 09:30:00,ORCL,S15,6697,149.31,154.68,0.0,35962.89000000003,0.25687778571428593,SENTIMENT_MORNING_SELL,10.0,12.0,7529.0,0.3826714285714286,NEU,
d4fd4af3c39a4dde,2025-03-17 08:00:00+00:00,2025-03-18 16:00:00,AVGO,S15,5114,195.51,188.39010000000002,0.0,-36411.16859999986,-0.2600797757142847,SENTIMENT_EOD_SELL,10.0,12.0,2160.0,0.20299999999999999,NEU,
d1c7a49e1268bbb5,2025-03-18 08:22:00+00:00,2025-03-18 16:00:00,CSCO,S15,16452,60.78,60.36,0.0,-6909.840000000028,-0.049356000000000205,SENTIMENT_EOD_SELL,10.0,12.0,698.0,0.31216666666666665,NEU,
3322e4b6c9f79aaa,2025-03-18 08:03:00+00:00,2025-03-19 09:30:00,AAPL,S15,4678,213.73999999999998,213.57000000000002,0.0,-795.2599999998085,-0.005680428571427204,SENTIMENT_MORNING_SELL,10.0,12.0,1767.0,0.252525,NEU,
6b84745bd97e2f58,2025-03-19 08:00:00+00:00,2025-03-19 16:00:00,NVDA,S15,8702,114.91000000000001,118.78,0.0,33676.73999999992,0.2405481428571423,SENTIMENT_EOD_SELL,10.0,12.0,720.0,0.29938000000000003,NEU,
b47f37dd9391447b,2025-03-19 08:00:00+00:00,2025-03-19 16:00:00,META,S15,1720,581.14,588.15,0.0,12057.199999999984,0.08612285714285703,SENTIMENT_EOD_SELL,10.0,12.0,720.0,0.2205666666666667,NEU,
2d379f5217faab79,2025-03-18 08:57:00+00:00,2025-03-20 09:30:00,QCOM,S15,6346,157.56,158.5,0.0,5965.239999999985,0.04260885714285704,SENTIMENT_MORNING_SELL,10.0,12.0,3153.0,0.38204000000000005,NEU,
fa05de490d75e767,2025-03-19 08:00:00+00:00,2025-03-20 09:30:00,TSM,S15,5847,171.01,175.89000000000001,0.0,28533.36000000014,0.2038097142857153,SENTIMENT_MORNING_SELL,10.0,12.0,1770.0,0.25,NEU,
c3d3973054770818,2025-03-20 08:00:00+00:00,2025-03-24 14:04:00+00:00,TSLA,S15,4157,240.53,269.38360000000006,0.0,119944.41520000024,11.995842514447286,TAKE_PROFIT,10.0,12.0,6124.0,0.27774,NEU,
e093b2847a3eee4c,2025-03-20 08:00:00+00:00,2025-03-20 16:00:00,NVDA,S15,8395,119.11,118.16,0.0,-7975.250000000024,-0.0569660714285716,SENTIMENT_EOD_SELL,10.0,12.0,720.0,0.28411,NEU,
df78ad82134ad6f4,2025-03-20 08:00:00+00:00,2025-03-20 16:00:00,AVGO,S15,5064,197.47,190.0003,0.0,-37826.56079999994,-0.2701897199999996,SENTIMENT_EOD_SELL,10.0,12.0,720.0,0.52649,NEU,
fc40f0f101f04303,2025-03-20 08:00:00+00:00,2025-03-20 16:00:00,TSM,S15,5684,175.91,177.06,0.0,6536.600000000032,0.04669000000000023,SENTIMENT_EOD_SELL,10.0,12.0,720.0,0.27453333333333335,NEU,
950f51f8b015fdd5,2025-03-20 08:01:00+00:00,2025-03-20 16:00:00,ORCL,S15,6495,153.95999999999998,152.7099,0.0,-8119.399499999837,-0.05799571071428455,SENTIMENT_EOD_SELL,10.0,12.0,719.0,0.41967,NEU,
98df3683b4df3fb6,2025-03-20 09:17:00+00:00,2025-03-20 16:00:00,QCOM,S15,6308,158.51999999999998,157.49,0.0,-6497.239999999828,-0.04640885714285591,SENTIMENT_EOD_SELL,10.0,12.0,643.0,0.4209333333333333,NEU,
e1f5570c88980238,2025-03-17 08:00:00+00:00,2025-03-20 23:59:00+00:00,GOOGL,S15,6072,164.69,162.78,0.0,-11597.519999999979,-0.08283942857142841,BACKTEST_END,10.0,12.0,5279.0,0.23284000000000002,NEU,
ef62a96fc3f9e4ee,2025-03-17 10:33:00+00:00,2025-03-20 23:17:00+00:00,ADBE,S15,2545,392.78999999999996,391.49,0.0,-3308.4999999998845,-0.023632142857142033,BACKTEST_END,10.0,12.0,5084.0,0.21939999999999998,NEU,
dc87abd50a5461e3,2025-03-18 08:16:00+00:00,2025-03-20 23:57:00+00:00,MSFT,S15,2573,388.53,386.98,0.0,-3988.149999999883,-0.02848678571428488,BACKTEST_END,10.0,12.0,3821.0,0.27985000000000004,NEU,
d59dd3380bdea5a2,2025-03-19 08:30:00+00:00,2025-03-20 20:00:00+00:00,INTU,S15,1663,601.01,600.41,0.0,-997.8000000000378,-0.007127142857143128,BACKTEST_END,10.0,12.0,2130.0,0.25,NEU,
aa0a881f3a177bc9,2025-03-07 00:00:00+00:00,2025-03-07 16:00:00,AMZN,S16,4974,201.01,199.14000000000001,0.0,-9301.379999999881,-0.06643842857142772,SENTIMENT_EOD_SELL,10.0,20.0,1260.0,0.22949999999999998,NEU,
f060418299a6ef58,2025-03-07 00:02:00+00:00,2025-03-10 09:30:00,MSFT,S16,2519,396.9,391.73,0.0,-13023.229999999898,-0.09302307142857069,SENTIMENT_MORNING_SELL,10.0,20.0,5128.0,0.30873,NEU,
f927e6c4f05e6dcd,2025-03-07 00:00:00+00:00,2025-03-10 09:30:00,GOOGL,S16,5800,172.41,173.24,0.0,4814.000000000073,0.03438571428571481,SENTIMENT_MORNING_SELL,10.0,20.0,5130.0,0.46881000000000006,NEU,
59f20e38bd47148d,2025-03-07 00:00:00+00:00,2025-03-10 09:30:00,ORCL,S16,6562,152.3734,153.99,0.0,10608.129200000036,0.07577235142857168,SENTIMENT_MORNING_SELL,10.0,20.0,5130.0,0.3635,NEU,
d5305d7ed11ecdac,2025-03-07 00:24:00+00:00,2025-03-10 09:30:00,ADBE,S16,2247,444.90999999999997,446.11,0.0,2696.4000000001024,0.01926000000000073,SENTIMENT_MORNING_SELL,10.0,20.0,5106.0,0.27180000000000004,NEU,
e82f9551c3b7574b,2025-03-07 00:29:00+00:00,2025-03-10 09:30:00,QCOM,S16,6429,155.5272,159.54000000000002,0.0,25798.291200000174,0.18427350857142982,SENTIMENT_MORNING_SELL,10.0,20.0,5101.0,0.5106,NEU,
ca899669fa87be04,2025-03-10 08:05:00+00:00,2025-03-10 20:05:00+00:00,ORCL,S16,6493,154.01,138.59900000000002,0.0,-100063.62299999982,-10.006493084864601,STOP_LOSS,10.0,20.0,720.0,0.20962499999999998,NEU,
fba71e469167ff33,2025-03-10 08:18:00+00:00,2025-03-10 20:00:00+00:00,QCOM,S16,6267,159.56,143.59400000000002,0.0,-100058.92199999987,-10.006267234895951,STOP_LOSS,10.0,20.0,702.0,0.25898571428571426,NEU,
0c17127cbe6e4af2,2025-03-10 08:00:00+00:00,2025-03-11 09:30:00,AVGO,S16,5181,193.01,183.99,0.0,-46732.61999999991,-0.3338044285714279,SENTIMENT_MORNING_SELL,10.0,20.0,1770.0,0.38653333333333334,NEU,
2cf5211784eab0c3,2025-03-11 08:00:00+00:00,2025-03-11 16:00:00,META,S16,1683,594.01,606.99,0.0,21845.34000000003,0.15603814285714307,SENTIMENT_EOD_SELL,10.0,20.0,720.0,0.22361111111111112,NEU,
2d24d531ebb4d406,2025-03-11 08:00:00+00:00,2025-03-11 16:00:00,ORCL,S16,6896,145.0,144.4,0.0,-4137.59999999996,-0.02955428571428543,SENTIMENT_EOD_SELL,10.0,20.0,720.0,0.20078999999999997,NEU,
0336b966296fe45e,2025-03-11 08:53:00+00:00,2025-03-11 16:00:00,INTU,S16,1715,583.01,586.7,0.0,6328.350000000093,0.045202500000000666,SENTIMENT_EOD_SELL,10.0,20.0,667.0,0.46345000000000003,NEU,
d8ac6a7af13db633,2025-03-11 08:00:00+00:00,2025-03-11 16:00:00,QCOM,S16,6496,153.92,153.10000000000002,0.0,-5326.719999999771,-0.03804799999999837,SENTIMENT_EOD_SELL,10.0,20.0,720.0,0.23700000000000002,NEU,
69fea782d384c0dd,2025-03-10 08:00:00+00:00,2025-03-12 09:30:00,GOOGL,S16,5771,173.26,164.71,0.0,-49342.0499999999,-0.35244321428571357,SENTIMENT_MORNING_SELL,10.0,20.0,3210.0,0.27662,NEU,
6b77cd045ee0540b,2025-03-12 11:10:00+00:00,2025-03-13 13:34:00+00:00,ADBE,S16,2293,436.03999999999996,392.426,0.0,-100006.90199999994,-10.00229336758095,STOP_LOSS,10.0,20.0,1584.0,0.29754,NEU,
0ca8669108ad0ac8,2025-03-12 08:00:00+00:00,2025-03-12 16:00:00,MSFT,S16,2624,381.01,384.04,0.0,7950.720000000078,0.0567908571428577,SENTIMENT_EOD_SELL,10.0,20.0,720.0,0.28993,NEU,
a93acc181660b3e6,2025-03-12 08:00:00+00:00,2025-03-12 16:00:00,GOOGL,S16,6070,164.73,167.69,0.0,17967.200000000048,0.1283371428571432,SENTIMENT_EOD_SELL,10.0,20.0,720.0,0.26242,NEU,
6d0f9b41476688ec,2025-03-10 08:00:00+00:00,2025-03-13 09:30:00,AMZN,S16,5049,198.01999999999998,197.39000000000001,0.0,-3180.8699999998335,-0.022720499999998808,SENTIMENT_MORNING_SELL,10.0,20.0,4650.0,0.24796,NEU,
b288fddfca5fb6a8,2025-03-12 08:26:00+00:00,2025-03-13 09:30:00,ORCL,S16,6912,144.66,149.29000000000002,0.0,32002.560000000165,0.22858971428571548,SENTIMENT_MORNING_SELL,10.0,20.0,1744.0,0.262725,NEU,
8eab92b8d207ac96,2025-03-13 08:18:00+00:00,2025-03-13 19:41:00+00:00,ADBE,S16,2392,418.01,376.199,0.0,-100011.91199999995,-10.002392287265852,STOP_LOSS,10.0,20.0,683.0,0.3750222222222222,NEU,
a7cef59482583557,2025-03-10 08:17:00+00:00,2025-03-14 09:30:00,CSCO,S16,15696,63.71,59.99,0.0,-58389.11999999998,-0.41706514285714275,SENTIMENT_MORNING_SELL,10.0,20.0,6073.0,0.38335,NEU,
abec52e6fa17d378,2025-03-12 08:00:00+00:00,2025-03-14 09:30:00,NVDA,S16,9089,110.02000000000001,117.19,0.0,65168.12999999989,0.46548664285714203,SENTIMENT_MORNING_SELL,10.0,20.0,3210.0,0.26033,NEU,
c7bc2ca07f70df22,2025-03-12 08:10:00+00:00,2025-03-14 09:30:00,QCOM,S16,6508,153.64999999999998,153.3,0.0,-2277.7999999997783,-0.016269999999998418,SENTIMENT_MORNING_SELL,10.0,20.0,3200.0,0.3796875,NEU,
3339348479055983,2025-03-12 08:00:00+00:00,2025-03-14 16:00:00,AVGO,S16,5235,191.01,195.5,0.0,23505.15000000005,0.16789392857142893,SENTIMENT_EOD_SELL,10.0,20.0,3600.0,0.20607000000000003,NEU,
acb50560e7a9caa3,2025-03-13 08:00:00+00:00,2025-03-17 16:00:00,MSFT,S16,2626,380.78999999999996,388.94,0.0,21401.90000000009,0.15287071428571491,SENTIMENT_EOD_SELL,10.0,20.0,6480.0,0.2926,NEU,
4c1f6d3dcacc2237,2025-03-17 08:05:00+00:00,2025-03-17 16:00:00,INTU,S16,1671,598.31,602.1,0.0,6333.090000000129,0.04523635714285807,SENTIMENT_EOD_SELL,10.0,20.0,715.0,0.36375,NEU,
359f7a0e04722963,2025-03-10 08:00:00+00:00,2025-03-18 09:30:00,TSM,S16,5646,177.1,174.88,0.0,-12534.119999999994,-0.08952942857142852,SENTIMENT_MORNING_SELL,10.0,20.0,11850.0,0.42397142857142855,NEU,
95b76f9c53cbe05d,2025-03-12 08:00:00+00:00,2025-03-18 09:30:00,META,S16,1644,608.01,605.07,0.0,-4833.359999999902,-0.034523999999999305,SENTIMENT_MORNING_SELL,10.0,20.0,8970.0,0.27731,NEU,
537bcc88f1f68198,2025-03-13 08:01:00+00:00,2025-03-18 09:30:00,ORCL,S16,6697,149.31,154.68,0.0,35962.89000000003,0.25687778571428593,SENTIMENT_MORNING_SELL,10.0,20.0,7529.0,0.3826714285714286,NEU,
18b4e0cf9f6d46df,2025-03-17 08:00:00+00:00,2025-03-18 16:00:00,AVGO,S16,5114,195.51,188.39010000000002,0.0,-36411.16859999986,-0.2600797757142847,SENTIMENT_EOD_SELL,10.0,20.0,2160.0,0.20299999999999999,NEU,
a876c61c91a6806a,2025-03-18 08:22:00+00:00,2025-03-18 16:00:00,CSCO,S16,16452,60.78,60.36,0.0,-6909.840000000028,-0.049356000000000205,SENTIMENT_EOD_SELL,10.0,20.0,698.0,0.31216666666666665,NEU,
1137d479c7d64f8c,2025-03-18 08:03:00+00:00,2025-03-19 09:30:00,AAPL,S16,4678,213.73999999999998,213.57000000000002,0.0,-795.2599999998085,-0.005680428571427204,SENTIMENT_MORNING_SELL,10.0,20.0,1767.0,0.252525,NEU,
c5e4cb1bba8dfcb8,2025-03-19 08:00:00+00:00,2025-03-19 16:00:00,NVDA,S16,8702,114.91000000000001,118.78,0.0,33676.73999999992,0.2405481428571423,SENTIMENT_EOD_SELL,10.0,20.0,720.0,0.29938000000000003,NEU,
1a94986f89355a62,2025-03-19 08:00:00+00:00,2025-03-19 16:00:00,META,S16,1720,581.14,588.15,0.0,12057.199999999984,0.08612285714285703,SENTIMENT_EOD_SELL,10.0,20.0,720.0,0.2205666666666667,NEU,
50c4097f3c5f8320,2025-03-18 08:57:00+00:00,2025-03-20 09:30:00,QCOM,S16,6346,157.56,158.5,0.0,5965.239999999985,0.04260885714285704,SENTIMENT_MORNING_SELL,10.0,20.0,3153.0,0.38204000000000005,NEU,
bcc39b5805f2b623,2025-03-19 08:00:00+00:00,2025-03-20 09:30:00,TSM,S16,5847,171.01,175.89000000000001,0.0,28533.36000000014,0.2038097142857153,SENTIMENT_MORNING_SELL,10.0,20.0,1770.0,0.25,NEU,
2ab226e7eee680d8,2025-03-20 08:00:00+00:00,2025-03-25 20:00:00+00:00,TSLA,S16,4157,240.53,288.626,0.0,199935.0719999999,19.995842514447254,TAKE_PROFIT,10.0,20.0,7920.0,0.27774,NEU,
e5efc28c0dd1d398,2025-03-20 08:00:00+00:00,2025-03-20 16:00:00,NVDA,S16,8395,119.11,118.16,0.0,-7975.250000000024,-0.0569660714285716,SENTIMENT_EOD_SELL,10.0,20.0,720.0,0.28411,NEU,
0b6ae7b937b572fe,2025-03-20 08:00:00+00:00,2025-03-20 16:00:00,AVGO,S16,5064,197.47,190.0003,0.0,-37826.56079999994,-0.2701897199999996,SENTIMENT_EOD_SELL,10.0,20.0,720.0,0.52649,NEU,
5154f6db4f55dd94,2025-03-20 08:00:00+00:00,2025-03-20 16:00:00,TSM,S16,5684,175.91,177.06,0.0,6536.600000000032,0.04669000000000023,SENTIMENT_EOD_SELL,10.0,20.0,720.0,0.27453333333333335,NEU,
3339ed77e0b266ad,2025-03-20 08:01:00+00:00,2025-03-20 16:00:00,ORCL,S16,6495,153.95999999999998,152.7099,0.0,-8119.399499999837,-0.05799571071428455,SENTIMENT_EOD_SELL,10.0,20.0,719.0,0.41967,NEU,
fd7a84f74ce235b3,2025-03-20 09:17:00+00:00,2025-03-20 16:00:00,QCOM,S16,6308,158.51999999999998,157.49,0.0,-6497.239999999828,-0.04640885714285591,SENTIMENT_EOD_SELL,10.0,20.0,643.0,0.4209333333333333,NEU,
b9b3a41ace0f4da0,2025-03-17 08:00:00+00:00,2025-03-20 23:59:00+00:00,GOOGL,S16,6072,164.69,162.78,0.0,-11597.519999999979,-0.08283942857142841,BACKTEST_END,10.0,20.0,5279.0,0.23284000000000002,NEU,
9f9d62529f2ecd6a,2025-03-17 10:33:00+00:00,2025-03-20 23:17:00+00:00,ADBE,S16,2545,392.78999999999996,391.49,0.0,-3308.4999999998845,-0.023632142857142033,BACKTEST_END,10.0,20.0,5084.0,0.21939999999999998,NEU,
7061db5e0554e89c,2025-03-18 08:16:00+00:00,2025-03-20 23:57:00+00:00,MSFT,S16,2573,388.53,386.98,0.0,-3988.149999999883,-0.02848678571428488,BACKTEST_END,10.0,20.0,3821.0,0.27985000000000004,NEU,
ffb470df8efa4e75,2025-03-19 08:30:00+00:00,2025-03-20 20:00:00+00:00,INTU,S16,1663,601.01,600.41,0.0,-997.8000000000378,-0.007127142857143128,BACKTEST_END,10.0,20.0,2130.0,0.25,NEU,
4724470065be0070,2025-03-07 00:02:00+00:00,2025-03-10 14:55:00+00:00,MSFT,S17,2519,396.9,381.01399999999995,0.0,-40016.83400000006,-4.002519526329056,STOP_LOSS,4.0,6.0,5213.0,0.30873,NEU,
65cdf4f84d4314fc,2025-03-07 00:00:00+00:00,2025-03-07 16:49:00+00:00,AMZN,S17,4974,201.01,192.9596,0.0,-40042.68959999998,-4.004974876871796,STOP_LOSS,4.0,6.0,1009.0,0.22949999999999998,NEU,
9ebbd681fe7d6568,2025-03-07 00:00:00+00:00,2025-03-10 14:34:00+00:00,GOOGL,S17,5800,172.41,165.5036,0.0,-40057.119999999944,-4.005800127602802,STOP_LOSS,4.0,6.0,5194.0,0.46881000000000006,NEU,
40d9c7043b97ae47,2025-03-07 00:00:00+00:00,2025-03-10 20:05:00+00:00,ORCL,S17,6562,152.3734,146.268464,0.0,-40060.59003200006,-4.006562825270033,STOP_LOSS,4.0,6.0,5525.0,0.3635,NEU,
5e524e01c083871a,2025-03-07 00:24:00+00:00,2025-03-12 20:05:00+00:00,ADBE,S17,2247,444.90999999999997,427.1036,0.0,-40010.98079999999,-4.002247645591242,STOP_LOSS,4.0,6.0,8381.0,0.27180000000000004,NEU,
59bbb3061f696f2c,2025-03-07 00:29:00+00:00,2025-03-10 20:00:00+00:00,QCOM,S17,6429,155.5272,149.296112,0.0,-40059.664752,-4.006429743478955,STOP_LOSS,4.0,6.0,5491.0,0.5106,NEU,
206ab6c2650d47da,2025-03-10 08:00:00+00:00,2025-03-10 13:32:00+00:00,GOOGL,S17,5771,173.26,166.3196,0.0,-40053.0483999999,-4.005771672630718,STOP_LOSS,4.0,6.0,332.0,0.27662,NEU,
3cb138cd91581c87,2025-03-10 08:00:00+00:00,2025-03-10 14:12:00+00:00,AVGO,S17,5181,193.01,185.2796,0.0,-40051.20240000002,-4.005181078700587,STOP_LOSS,4.0,6.0,372.0,0.38653333333333334,NEU,
b29f71d124ed8397,2025-03-10 08:00:00+00:00,2025-03-10 14:45:00+00:00,TSM,S17,5646,177.1,170.006,0.0,-40052.723999999966,-4.005646527385655,STOP_LOSS,4.0,6.0,405.0,0.42397142857142855,NEU,
70d4b1ee6f6438e3,2025-03-10 08:05:00+00:00,2025-03-10 14:42:00+00:00,ORCL,S17,6493,154.01,147.8396,0.0,-40064.4072,-4.006493084864619,STOP_LOSS,4.0,6.0,397.0,0.20962499999999998,NEU,
4f6353727a7ee035,2025-03-10 08:17:00+00:00,2025-03-11 14:03:00+00:00,CSCO,S17,15696,63.71,61.1516,0.0,-40156.64639999998,-4.0156961230576025,STOP_LOSS,4.0,6.0,1786.0,0.38335,NEU,
7f0e1e4724c169fc,2025-03-10 08:18:00+00:00,2025-03-10 19:05:00+00:00,QCOM,S17,6267,159.56,153.1676,0.0,-40061.17080000006,-4.00626723489597,STOP_LOSS,4.0,6.0,647.0,0.25898571428571426,NEU,
b417823727c6c705,2025-03-11 08:00:00+00:00,2025-03-12 13:28:00+00:00,META,S17,1683,594.01,629.6406000000001,0.0,59966.299800000124,5.998316526657813,TAKE_PROFIT,4.0,6.0,1768.0,0.22361111111111112,NEU,
4ecc9d087296f19d,2025-03-11 08:00:00+00:00,2025-03-11 13:33:00+00:00,ORCL,S17,6896,145.0,139.19,0.0,-40065.76000000002,-4.0068965517241395,STOP_LOSS,4.0,6.0,333.0,0.20078999999999997,NEU,
0d76809f28628554,2025-03-11 08:13:00+00:00,2025-03-13 15:35:00+00:00,CSCO,S17,16066,62.239999999999995,59.740399999999994,0.0,-40158.57360000002,-4.0160668380462745,STOP_LOSS,4.0,6.0,3322.0,0.3178,NEU,
4b537b15ab72015f,2025-03-11 08:53:00+00:00,2025-03-11 16:00:00,INTU,S17,1715,583.01,586.7,0.0,6328.350000000093,0.045202500000000666,SENTIMENT_EOD_SELL,4.0,6.0,667.0,0.46345000000000003,NEU,
77eb97b8efac4ce5,2025-03-11 08:00:00+00:00,2025-03-11 16:00:00,QCOM,S17,6496,153.92,153.10000000000002,0.0,-5326.719999999771,-0.03804799999999837,SENTIMENT_EOD_SELL,4.0,6.0,720.0,0.23700000000000002,NEU,
860d118e68af1d8f,2025-03-12 08:00:00+00:00,2025-03-12 13:39:00+00:00,NVDA,S17,9089,110.02000000000001,116.61120000000001,0.0,59907.416800000006,5.990910743501181,TAKE_PROFIT,4.0,6.0,339.0,0.26033,NEU,
3c644c49c94fdf06,2025-03-12 08:26:00+00:00,2025-03-17 13:36:00+00:00,ORCL,S17,6912,144.66,153.3296,0.0,59924.27520000002,5.993087239043276,TAKE_PROFIT,4.0,6.0,7510.0,0.262725,NEU,
f7702564f1ce8860,2025-03-12 11:10:00+00:00,2025-03-12 20:06:00+00:00,ADBE,S17,2293,436.03999999999996,418.5884,0.0,-40016.51879999997,-4.002293367580953,STOP_LOSS,4.0,6.0,536.0,0.29754,NEU,
748a5bd9ac78e998,2025-03-12 08:00:00+00:00,2025-03-12 16:00:00,MSFT,S17,2624,381.01,384.04,0.0,7950.720000000078,0.0567908571428577,SENTIMENT_EOD_SELL,4.0,6.0,720.0,0.28993,NEU,
3e42ffed49188c51,2025-03-12 08:00:00+00:00,2025-03-12 16:00:00,GOOGL,S17,6070,164.73,167.69,0.0,17967.200000000048,0.1283371428571432,SENTIMENT_EOD_SELL,4.0,6.0,720.0,0.26242,NEU,
c299983063e38457,2025-03-10 08:00:00+00:00,2025-03-13 09:30:00,AMZN,S17,5049,198.01999999999998,197.39000000000001,0.0,-3180.8699999998335,-0.022720499999998808,SENTIMENT_MORNING_SELL,4.0,6.0,4650.0,0.24796,NEU,
9a3067b608f9f2aa,2025-03-12 08:00:00+00:00,2025-03-18 13:56:00+00:00,META,S17,1644,608.01,583.6795999999999,0.0,-39999.17760000009,-1.1310160228571453,STOP_LOSS,4.0,6.0,8996.0,0.27731,NEU,
0ae8110d1472b1df,2025-03-13 08:00:00+00:00,2025-03-14 15:41:00+00:00,NVDA,S17,8710,114.81,121.68860000000001,0.0,59912.60600000005,5.991289957320796,TAKE_PROFIT,4.0,6.0,1901.0,0.28837,NEU,
9959d4713a801b67,2025-03-13 08:18:00+00:00,2025-03-13 13:30:00+00:00,ADBE,S17,2392,418.01,401.27959999999996,0.0,-40019.116800000076,-4.002392287265863,STOP_LOSS,4.0,6.0,312.0,0.3750222222222222,NEU,
b187c950bd510a67,2025-03-12 08:38:00+00:00,2025-03-14 09:30:00,CSCO,S17,16482,60.669999999999995,59.99,0.0,-11207.759999999878,-0.0800554285714277,SENTIMENT_MORNING_SELL,4.0,6.0,3172.0,0.27077999999999997,NEU,
080ba18fdaca175f,2025-03-12 08:10:00+00:00,2025-03-14 09:30:00,QCOM,S17,6508,153.64999999999998,153.3,0.0,-2277.7999999997783,-0.016269999999998418,SENTIMENT_MORNING_SELL,4.0,6.0,3200.0,0.3796875,NEU,
b6c8630382ef02a5,2025-03-12 08:00:00+00:00,2025-03-14 16:00:00,AVGO,S17,5235,191.01,195.5,0.0,23505.15000000005,0.16789392857142893,SENTIMENT_EOD_SELL,4.0,6.0,3600.0,0.20607000000000003,NEU,
05cbb35b5e5e9d7d,2025-03-17 08:00:00+00:00,2025-03-18 14:07:00+00:00,GOOGL,S17,6072,164.69,158.0924,0.0,-40060.6272,-4.006072014087073,STOP_LOSS,4.0,6.0,1807.0,0.23284000000000002,NEU,
e05c3760dbcc442b,2025-03-17 08:00:00+00:00,2025-03-17 13:23:00+00:00,AVGO,S17,5114,195.51,187.6796,0.0,-40044.665599999986,-4.0051148278860405,STOP_LOSS,4.0,6.0,323.0,0.20299999999999999,NEU,
a866a414522f6b55,2025-03-13 08:00:00+00:00,2025-03-17 16:00:00,MSFT,S17,2626,380.78999999999996,388.94,0.0,21401.90000000009,0.15287071428571491,SENTIMENT_EOD_SELL,4.0,6.0,6480.0,0.2926,NEU,
8e46faff8be85f1d,2025-03-17 08:05:00+00:00,2025-03-17 16:00:00,INTU,S17,1671,598.31,602.1,0.0,6333.090000000129,0.04523635714285807,SENTIMENT_EOD_SELL,4.0,6.0,715.0,0.36375,NEU,
954f37a633aa49fa,2025-03-12 08:00:00+00:00,2025-03-18 09:30:00,TSM,S17,5800,172.41,174.88,0.0,14325.999999999993,0.10232857142857138,SENTIMENT_MORNING_SELL,4.0,6.0,8970.0,0.37535,NEU,
2e1d73ae35b92cf7,2025-03-13 08:01:00+00:00,2025-03-18 09:30:00,ORCL,S17,6697,149.31,154.68,0.0,35962.89000000003,0.25687778571428593,SENTIMENT_MORNING_SELL,4.0,6.0,7529.0,0.3826714285714286,NEU,
40220cb2cb6da47e,2025-03-18 08:22:00+00:00,2025-03-18 16:00:00,CSCO,S17,16452,60.78,60.36,0.0,-6909.840000000028,-0.049356000000000205,SENTIMENT_EOD_SELL,4.0,6.0,698.0,0.31216666666666665,NEU,
93e3c2e4df3b93e5,2025-03-18 08:03:00+00:00,2025-03-19 09:30:00,AAPL,S17,4678,213.73999999999998,213.57000000000002,0.0,-795.2599999998085,-0.005680428571427204,SENTIMENT_MORNING_SELL,4.0,6.0,1767.0,0.252525,NEU,
a96f14ea84a205fd,2025-03-19 08:00:00+00:00,2025-03-24 14:52:00+00:00,NVDA,S17,8702,114.91000000000001,121.79460000000002,0.0,59909.78920000005,5.9912975372030335,TAKE_PROFIT,4.0,6.0,7612.0,0.29938000000000003,NEU,
8f59a8dc49123fe5,2025-03-19 08:00:00+00:00,2025-03-24 13:30:00+00:00,META,S17,1720,581.14,615.9984000000001,0.0,59956.44800000013,5.9982792442440855,TAKE_PROFIT,4.0,6.0,7530.0,0.2205666666666667,NEU,
ba238af09429b641,2025-03-19 08:00:00+00:00,2025-03-24 13:47:00+00:00,TSM,S17,5847,171.01,181.2606,0.0,59935.25820000011,5.994152388749208,TAKE_PROFIT,4.0,6.0,7547.0,0.25,NEU,
b218efc5ca654ddc,2025-03-18 08:57:00+00:00,2025-03-20 09:30:00,QCOM,S17,6346,157.56,158.5,0.0,5965.239999999985,0.04260885714285704,SENTIMENT_MORNING_SELL,4.0,6.0,3153.0,0.38204000000000005,NEU,
ec0b1efb8b72e6bb,2025-03-20 08:00:00+00:00,2025-03-20 17:27:00+00:00,AVGO,S17,5064,197.47,189.5612,0.0,-40050.16319999992,-4.005064060363591,STOP_LOSS,4.0,6.0,567.0,0.52649,NEU,
cf1dde45fa8ee241,2025-03-20 08:00:00+00:00,2025-03-20 10:17:00+00:00,TSLA,S17,4157,240.53,230.8988,0.0,-40036.89840000003,-4.004157485552741,STOP_LOSS,4.0,6.0,137.0,0.27774,NEU,
cb56176a80228a07,2025-03-20 08:00:00+00:00,2025-03-20 16:00:00,NVDA,S17,8395,119.11,118.16,0.0,-7975.250000000024,-0.0569660714285716,SENTIMENT_EOD_SELL,4.0,6.0,720.0,0.28411,NEU,
d4bf6c5e2e43cdd3,2025-03-20 08:00:00+00:00,2025-03-20 16:00:00,TSM,S17,5684,175.91,177.06,0.0,6536.600000000032,0.04669000000000023,SENTIMENT_EOD_SELL,4.0,6.0,720.0,0.27453333333333335,NEU,
8f57b9e51ce2cedd,2025-03-20 08:01:00+00:00,2025-03-20 16:00:00,ORCL,S17,6495,153.95999999999998,152.7099,0.0,-8119.399499999837,-0.05799571071428455,SENTIMENT_EOD_SELL,4.0,6.0,719.0,0.41967,NEU,
637a0e2a24213eb2,2025-03-20 09:17:00+00:00,2025-03-20 16:00:00,QCOM,S17,6308,158.51999999999998,157.49,0.0,-6497.239999999828,-0.04640885714285591,SENTIMENT_EOD_SELL,4.0,6.0,643.0,0.4209333333333333,NEU,
8ef36b11af1d6cc2,2025-03-17 10:33:00+00:00,2025-03-20 23:17:00+00:00,ADBE,S17,2545,392.78999999999996,391.49,0.0,-3308.4999999998845,-0.023632142857142033,BACKTEST_END,4.0,6.0,5084.0,0.21939999999999998,NEU,
a5cae61aa6ad590c,2025-03-18 08:16:00+00:00,2025-03-20 23:57:00+00:00,MSFT,S17,2573,388.53,386.98,0.0,-3988.149999999883,-0.02848678571428488,BACKTEST_END,4.0,6.0,3821.0,0.27985000000000004,NEU,
c7b7d5451e145458,2025-03-19 08:30:00+00:00,2025-03-20 20:00:00+00:00,INTU,S17,1663,601.01,600.41,0.0,-997.8000000000378,-0.007127142857143128,BACKTEST_END,4.0,6.0,2130.0,0.25,NEU,
f1b2ecc0e19f8b2c,2025-03-20 08:00:00+00:00,2025-03-20 23:59:00+00:00,GOOGL,S17,6051,165.26,162.78,0.0,-15006.479999999938,-0.10718914285714241,BACKTEST_END,4.0,6.0,959.0,0.3069375,NEU,
442a777ec3fb1df3,2025-03-07 00:00:00+00:00,2025-03-11 17:22:00+00:00,GOOGL,S18,5800,172.41,162.0554,0.0,-60056.68000000003,-6.00580012760281,STOP_LOSS,6.0,9.0,6802.0,0.46881000000000006,NEU,
8a5b02491f90aadb,2025-03-07 00:00:00+00:00,2025-03-10 20:05:00+00:00,ORCL,S18,6562,152.3734,143.220996,0.0,-60058.07504799993,-6.00656282527002,STOP_LOSS,6.0,9.0,5525.0,0.3635,NEU,
1e381ae73d53496a,2025-03-07 00:24:00+00:00,2025-03-12 20:06:00+00:00,ADBE,S18,2247,444.90999999999997,418.20539999999994,0.0,-60005.236200000065,-6.00224764559125,STOP_LOSS,6.0,9.0,8382.0,0.27180000000000004,NEU,
f15538d3a2d7cbd3,2025-03-07 00:29:00+00:00,2025-03-10 20:00:00+00:00,QCOM,S18,6429,155.5272,146.185568,0.0,-60057.35212800003,-6.006429743478957,STOP_LOSS,6.0,9.0,5491.0,0.5106,NEU,
6216b0c4783459ec,2025-03-07 00:00:00+00:00,2025-03-07 16:00:00,AMZN,S18,4974,201.01,199.14000000000001,0.0,-9301.379999999881,-0.06643842857142772,SENTIMENT_EOD_SELL,6.0,9.0,1260.0,0.22949999999999998,NEU,
465dd833e614302e,2025-03-07 00:02:00+00:00,2025-03-10 09:30:00,MSFT,S18,2519,396.9,391.73,0.0,-13023.229999999898,-0.09302307142857069,SENTIMENT_MORNING_SELL,6.0,9.0,5128.0,0.30873,NEU,
740dd409bbe9d271,2025-03-10 08:00:00+00:00,2025-03-11 16:57:00+00:00,GOOGL,S18,5771,173.26,162.8544,0.0,-60050.71759999996,-6.005771672630725,STOP_LOSS,6.0,9.0,1977.0,0.27662,NEU,
c72a51d574e88ffb,2025-03-10 08:00:00+00:00,2025-03-10 17:10:00+00:00,AVGO,S18,5181,193.01,181.4194,0.0,-60050.89859999997,-6.005181078700583,STOP_LOSS,6.0,9.0,550.0,0.38653333333333334,NEU,
3d08d2b45b02abca,2025-03-10 08:05:00+00:00,2025-03-10 20:05:00+00:00,ORCL,S18,6493,154.01,144.7594,0.0,-60064.14579999995,-6.006493084864614,STOP_LOSS,6.0,9.0,720.0,0.20962499999999998,NEU,
60c427022485481d,2025-03-10 08:17:00+00:00,2025-03-13 14:00:00+00:00,CSCO,S18,15696,63.71,59.8774,0.0,-60156.489599999986,-6.015696123057603,STOP_LOSS,6.0,9.0,4663.0,0.38335,NEU,
19016139b7a7aec2,2025-03-10 08:18:00+00:00,2025-03-10 20:00:00+00:00,QCOM,S18,6267,159.56,149.9764,0.0,-60060.42119999994,-6.006267234895957,STOP_LOSS,6.0,9.0,702.0,0.25898571428571426,NEU,
91a539e6289eb80a,2025-03-11 08:00:00+00:00,2025-03-11 16:00:00,META,S18,1683,594.01,606.99,0.0,21845.34000000003,0.15603814285714307,SENTIMENT_EOD_SELL,6.0,9.0,720.0,0.22361111111111112,NEU,
e938128acdfbb35f,2025-03-11 08:00:00+00:00,2025-03-11 16:00:00,ORCL,S18,6896,145.0,144.4,0.0,-4137.59999999996,-0.02955428571428543,SENTIMENT_EOD_SELL,6.0,9.0,720.0,0.20078999999999997,NEU,
5126c64955440161,2025-03-11 08:53:00+00:00,2025-03-11 16:00:00,INTU,S18,1715,583.01,586.7,0.0,6328.350000000093,0.045202500000000666,SENTIMENT_EOD_SELL,6.0,9.0,667.0,0.46345000000000003,NEU,
b648f860a9849806,2025-03-11 08:00:00+00:00,2025-03-11 16:00:00,QCOM,S18,6496,153.92,153.10000000000002,0.0,-5326.719999999771,-0.03804799999999837,SENTIMENT_EOD_SELL,6.0,9.0,720.0,0.23700000000000002,NEU,
6124db68d2e5e50b,2025-03-12 08:00:00+00:00,2025-03-14 13:36:00+00:00,NVDA,S18,9089,110.02000000000001,119.91180000000001,0.0,89906.57020000003,8.990910743501184,TAKE_PROFIT,6.0,9.0,3216.0,0.26033,NEU,
590887e9ef3d7348,2025-03-12 11:10:00+00:00,2025-03-13 12:06:00+00:00,ADBE,S18,2293,436.03999999999996,409.8675999999999,0.0,-60013.31320000009,-6.0022933675809655,STOP_LOSS,6.0,9.0,1496.0,0.29754,NEU,
71d8b9186dad938e,2025-03-12 08:00:00+00:00,2025-03-12 16:00:00,MSFT,S18,2624,381.01,384.04,0.0,7950.720000000078,0.0567908571428577,SENTIMENT_EOD_SELL,6.0,9.0,720.0,0.28993,NEU,
9f619840a07cf0d5,2025-03-12 08:00:00+00:00,2025-03-12 16:00:00,GOOGL,S18,6070,164.73,167.69,0.0,17967.200000000048,0.1283371428571432,SENTIMENT_EOD_SELL,6.0,9.0,720.0,0.26242,NEU,
0fcd62cc07c2a1e2,2025-03-10 08:00:00+00:00,2025-03-13 09:30:00,AMZN,S18,5049,198.01999999999998,197.39000000000001,0.0,-3180.8699999998335,-0.022720499999998808,SENTIMENT_MORNING_SELL,6.0,9.0,4650.0,0.24796,NEU,
2d30decd44e9abb5,2025-03-12 08:26:00+00:00,2025-03-13 09:30:00,ORCL,S18,6912,144.66,149.29000000000002,0.0,32002.560000000165,0.22858971428571548,SENTIMENT_MORNING_SELL,6.0,9.0,1744.0,0.262725,NEU,
b2a3b54d22a571b7,2025-03-13 08:18:00+00:00,2025-03-13 13:33:00+00:00,ADBE,S18,2392,418.01,392.9194,0.0,-60016.71519999999,-6.002392287265854,STOP_LOSS,6.0,9.0,315.0,0.3750222222222222,NEU,
4c482e4a3f597a0f,2025-03-11 08:13:00+00:00,2025-03-14 09:30:00,CSCO,S18,16066,62.239999999999995,59.99,0.0,-36148.49999999988,-0.2582035714285706,SENTIMENT_MORNING_SELL,6.0,9.0,4637.0,0.3178,NEU,
3c4f34e74fc479d4,2025-03-12 08:10:00+00:00,2025-03-14 09:30:00,QCOM,S18,6508,153.64999999999998,153.3,0.0,-2277.7999999997783,-0.016269999999998418,SENTIMENT_MORNING_SELL,6.0,9.0,3200.0,0.3796875,NEU,
19ce516065ba44de,2025-03-13 08:00:00+00:00,2025-03-14 09:30:00,NVDA,S18,8710,114.81,117.19,0.0,20729.79999999996,0.1480699999999997,SENTIMENT_MORNING_SELL,6.0,9.0,1770.0,0.28837,NEU,
004af4b506768e1d,2025-03-12 08:00:00+00:00,2025-03-14 16:00:00,AVGO,S18,5235,191.01,195.5,0.0,23505.15000000005,0.16789392857142893,SENTIMENT_EOD_SELL,6.0,9.0,3600.0,0.20607000000000003,NEU,
de571fcd400c37ed,2025-03-13 08:00:00+00:00,2025-03-17 16:00:00,MSFT,S18,2626,380.78999999999996,388.94,0.0,21401.90000000009,0.15287071428571491,SENTIMENT_EOD_SELL,6.0,9.0,6480.0,0.2926,NEU,
ea28dcef6eddfa0b,2025-03-17 08:05:00+00:00,2025-03-17 16:00:00,INTU,S18,1671,598.31,602.1,0.0,6333.090000000129,0.04523635714285807,SENTIMENT_EOD_SELL,6.0,9.0,715.0,0.36375,NEU,
5b5ff0e1281649ee,2025-03-10 08:00:00+00:00,2025-03-18 09:30:00,TSM,S18,5646,177.1,174.88,0.0,-12534.119999999994,-0.08952942857142852,SENTIMENT_MORNING_SELL,6.0,9.0,11850.0,0.42397142857142855,NEU,
59d12f4ae38d042d,2025-03-12 08:00:00+00:00,2025-03-18 09:30:00,META,S18,1644,608.01,605.07,0.0,-4833.359999999902,-0.034523999999999305,SENTIMENT_MORNING_SELL,6.0,9.0,8970.0,0.27731,NEU,
5396ec5009685063,2025-03-13 08:01:00+00:00,2025-03-18 09:30:00,ORCL,S18,6697,149.31,154.68,0.0,35962.89000000003,0.25687778571428593,SENTIMENT_MORNING_SELL,6.0,9.0,7529.0,0.3826714285714286,NEU,
2aa443ca0faef058,2025-03-17 08:00:00+00:00,2025-03-18 16:00:00,AVGO,S18,5114,195.51,188.39010000000002,0.0,-36411.16859999986,-0.2600797757142847,SENTIMENT_EOD_SELL,6.0,9.0,2160.0,0.20299999999999999,NEU,
47fbcc6840c12cce,2025-03-18 08:22:00+00:00,2025-03-18 16:00:00,CSCO,S18,16452,60.78,60.36,0.0,-6909.840000000028,-0.049356000000000205,SENTIMENT_EOD_SELL,6.0,9.0,698.0,0.31216666666666665,NEU,
feae4da22e2ab6fa,2025-03-18 08:03:00+00:00,2025-03-19 09:30:00,AAPL,S18,4678,213.73999999999998,213.57000000000002,0.0,-795.2599999998085,-0.005680428571427204,SENTIMENT_MORNING_SELL,6.0,9.0,1767.0,0.252525,NEU,
8a491b28efc8b6e6,2025-03-19 08:00:00+00:00,2025-03-19 16:00:00,NVDA,S18,8702,114.91000000000001,118.78,0.0,33676.73999999992,0.2405481428571423,SENTIMENT_EOD_SELL,6.0,9.0,720.0,0.29938000000000003,NEU,
829f453895b9ecbc,2025-03-19 08:00:00+00:00,2025-03-19 16:00:00,META,S18,1720,581.14,588.15,0.0,12057.199999999984,0.08612285714285703,SENTIMENT_EOD_SELL,6.0,9.0,720.0,0.2205666666666667,NEU,
0023cb8bb4d754cf,2025-03-18 08:57:00+00:00,2025-03-20 09:30:00,QCOM,S18,6346,157.56,158.5,0.0,5965.239999999985,0.04260885714285704,SENTIMENT_MORNING_SELL,6.0,9.0,3153.0,0.38204000000000005,NEU,
6676a9734889df9d,2025-03-19 08:00:00+00:00,2025-03-20 09:30:00,TSM,S18,5847,171.01,175.89000000000001,0.0,28533.36000000014,0.2038097142857153,SENTIMENT_MORNING_SELL,6.0,9.0,1770.0,0.25,NEU,
5b7a424d9807ca52,2025-03-20 08:00:00+00:00,2025-03-24 13:33:00+00:00,TSLA,S18,4157,240.53,262.1677,0.0,89947.91890000009,8.995842514447272,TAKE_PROFIT,6.0,9.0,6093.0,0.27774,NEU,
3eea46cdbfdc27b4,2025-03-20 08:00:00+00:00,2025-03-20 16:00:00,NVDA,S18,8395,119.11,118.16,0.0,-7975.250000000024,-0.0569660714285716,SENTIMENT_EOD_SELL,6.0,9.0,720.0,0.28411,NEU,
6446179c28dcd2b5,2025-03-20 08:00:00+00:00,2025-03-20 16:00:00,AVGO,S18,5064,197.47,190.0003,0.0,-37826.56079999994,-0.2701897199999996,SENTIMENT_EOD_SELL,6.0,9.0,720.0,0.52649,NEU,
d4a984e640ce902c,2025-03-20 08:00:00+00:00,2025-03-20 16:00:00,TSM,S18,5684,175.91,177.06,0.0,6536.600000000032,0.04669000000000023,SENTIMENT_EOD_SELL,6.0,9.0,720.0,0.27453333333333335,NEU,
f93c5455bb914667,2025-03-20 08:01:00+00:00,2025-03-20 16:00:00,ORCL,S18,6495,153.95999999999998,152.7099,0.0,-8119.399499999837,-0.05799571071428455,SENTIMENT_EOD_SELL,6.0,9.0,719.0,0.41967,NEU,
30e1657045a50a09,2025-03-20 09:17:00+00:00,2025-03-20 16:00:00,QCOM,S18,6308,158.51999999999998,157.49,0.0,-6497.239999999828,-0.04640885714285591,SENTIMENT_EOD_SELL,6.0,9.0,643.0,0.4209333333333333,NEU,
059f4d12599ad860,2025-03-17 08:00:00+00:00,2025-03-20 23:59:00+00:00,GOOGL,S18,6072,164.69,162.78,0.0,-11597.519999999979,-0.08283942857142841,BACKTEST_END,6.0,9.0,5279.0,0.23284000000000002,NEU,
cc4a65c268e2e089,2025-03-17 10:33:00+00:00,2025-03-20 23:17:00+00:00,ADBE,S18,2545,392.78999999999996,391.49,0.0,-3308.4999999998845,-0.023632142857142033,BACKTEST_END,6.0,9.0,5084.0,0.21939999999999998,NEU,
0626fc21d75681da,2025-03-18 08:16:00+00:00,2025-03-20 23:57:00+00:00,MSFT,S18,2573,388.53,386.98,0.0,-3988.149999999883,-0.02848678571428488,BACKTEST_END,6.0,9.0,3821.0,0.27985000000000004,NEU,
a757845ed1b55ba0,2025-03-19 08:30:00+00:00,2025-03-20 20:00:00+00:00,INTU,S18,1663,601.01,600.41,0.0,-997.8000000000378,-0.007127142857143128,BACKTEST_END,6.0,9.0,2130.0,0.25,NEU,
3c8f3e7bd78751cb,2025-03-07 00:00:00+00:00,2025-03-10 20:05:00+00:00,ORCL,S19,6562,152.3734,140.173528,0.0,-80055.56006399999,-8.006562825270027,STOP_LOSS,8.0,15.0,5525.0,0.3635,NEU,
52e63a5112030a41,2025-03-07 00:29:00+00:00,2025-03-10 20:00:00+00:00,QCOM,S19,6429,155.5272,143.075024,0.0,-80055.03950399987,-8.006429743478941,STOP_LOSS,8.0,15.0,5491.0,0.5106,NEU,
c91aad44ff511ea2,2025-03-07 00:00:00+00:00,2025-03-07 16:00:00,AMZN,S19,4974,201.01,199.14000000000001,0.0,-9301.379999999881,-0.06643842857142772,SENTIMENT_EOD_SELL,8.0,15.0,1260.0,0.22949999999999998,NEU,
248ce4a997cb4158,2025-03-07 00:02:00+00:00,2025-03-10 09:30:00,MSFT,S19,2519,396.9,391.73,0.0,-13023.229999999898,-0.09302307142857069,SENTIMENT_MORNING_SELL,8.0,15.0,5128.0,0.30873,NEU,
668e79db0cb4cf33,2025-03-07 00:00:00+00:00,2025-03-10 09:30:00,GOOGL,S19,5800,172.41,173.24,0.0,4814.000000000073,0.03438571428571481,SENTIMENT_MORNING_SELL,8.0,15.0,5130.0,0.46881000000000006,NEU,
c157c2007f74e6fb,2025-03-07 00:24:00+00:00,2025-03-10 09:30:00,ADBE,S19,2247,444.90999999999997,446.11,0.0,2696.4000000001024,0.01926000000000073,SENTIMENT_MORNING_SELL,8.0,15.0,5106.0,0.27180000000000004,NEU,
1cb8e5bb56a0b6e3,2025-03-10 08:05:00+00:00,2025-03-10 20:05:00+00:00,ORCL,S19,6493,154.01,141.6792,0.0,-80063.88439999988,-8.006493084864609,STOP_LOSS,8.0,15.0,720.0,0.20962499999999998,NEU,
fa6671021ff19076,2025-03-10 08:18:00+00:00,2025-03-10 20:00:00+00:00,QCOM,S19,6267,159.56,146.78520000000003,0.0,-80059.67159999981,-8.006267234895944,STOP_LOSS,8.0,15.0,702.0,0.25898571428571426,NEU,
306736b85feae455,2025-03-10 08:00:00+00:00,2025-03-11 09:30:00,AVGO,S19,5181,193.01,183.99,0.0,-46732.61999999991,-0.3338044285714279,SENTIMENT_MORNING_SELL,8.0,15.0,1770.0,0.38653333333333334,NEU,
d5ac87b668750ec6,2025-03-11 08:00:00+00:00,2025-03-11 16:00:00,META,S19,1683,594.01,606.99,0.0,21845.34000000003,0.15603814285714307,SENTIMENT_EOD_SELL,8.0,15.0,720.0,0.22361111111111112,NEU,
5323ba2991fec2de,2025-03-11 08:00:00+00:00,2025-03-11 16:00:00,ORCL,S19,6896,145.0,144.4,0.0,-4137.59999999996,-0.02955428571428543,SENTIMENT_EOD_SELL,8.0,15.0,720.0,0.20078999999999997,NEU,
134a9bc2c14bb66c,2025-03-11 08:53:00+00:00,2025-03-11 16:00:00,INTU,S19,1715,583.01,586.7,0.0,6328.350000000093,0.045202500000000666,SENTIMENT_EOD_SELL,8.0,15.0,667.0,0.46345000000000003,NEU,
f6138983566206eb,2025-03-11 08:00:00+00:00,2025-03-11 16:00:00,QCOM,S19,6496,153.92,153.10000000000002,0.0,-5326.719999999771,-0.03804799999999837,SENTIMENT_EOD_SELL,8.0,15.0,720.0,0.23700000000000002,NEU,
f41033964f77b004,2025-03-10 08:00:00+00:00,2025-03-12 09:30:00,GOOGL,S19,5771,173.26,164.71,0.0,-49342.0499999999,-0.35244321428571357,SENTIMENT_MORNING_SELL,8.0,15.0,3210.0,0.27662,NEU,
d5b4130c1c8aca43,2025-03-12 11:10:00+00:00,2025-03-13 13:30:00+00:00,ADBE,S19,2293,436.03999999999996,401.1468,0.0,-80010.10759999994,-8.00229336758095,STOP_LOSS,8.0,15.0,1580.0,0.29754,NEU,
15a7deb5da7b69d4,2025-03-12 08:00:00+00:00,2025-03-12 16:00:00,MSFT,S19,2624,381.01,384.04,0.0,7950.720000000078,0.0567908571428577,SENTIMENT_EOD_SELL,8.0,15.0,720.0,0.28993,NEU,
bce1092f27b584d5,2025-03-12 08:00:00+00:00,2025-03-12 16:00:00,GOOGL,S19,6070,164.73,167.69,0.0,17967.200000000048,0.1283371428571432,SENTIMENT_EOD_SELL,8.0,15.0,720.0,0.26242,NEU,
826263abfd7c5d0a,2025-03-10 08:00:00+00:00,2025-03-13 09:30:00,AMZN,S19,5049,198.01999999999998,197.39000000000001,0.0,-3180.8699999998335,-0.022720499999998808,SENTIMENT_MORNING_SELL,8.0,15.0,4650.0,0.24796,NEU,
7bbeef9a189ca88d,2025-03-12 08:26:00+00:00,2025-03-13 09:30:00,ORCL,S19,6912,144.66,149.29000000000002,0.0,32002.560000000165,0.22858971428571548,SENTIMENT_MORNING_SELL,8.0,15.0,1744.0,0.262725,NEU,
0d86b5941695524f,2025-03-13 08:18:00+00:00,2025-03-13 15:15:00+00:00,ADBE,S19,2392,418.01,384.55920000000003,0.0,-80014.3135999999,-8.002392287265845,STOP_LOSS,8.0,15.0,417.0,0.3750222222222222,NEU,
9ca7b7bd90d08fc3,2025-03-10 08:17:00+00:00,2025-03-14 09:30:00,CSCO,S19,15696,63.71,59.99,0.0,-58389.11999999998,-0.41706514285714275,SENTIMENT_MORNING_SELL,8.0,15.0,6073.0,0.38335,NEU,
24a23b2c2d7abc3c,2025-03-12 08:00:00+00:00,2025-03-14 09:30:00,NVDA,S19,9089,110.02000000000001,117.19,0.0,65168.12999999989,0.46548664285714203,SENTIMENT_MORNING_SELL,8.0,15.0,3210.0,0.26033,NEU,
c541495b2253e92c,2025-03-12 08:10:00+00:00,2025-03-14 09:30:00,QCOM,S19,6508,153.64999999999998,153.3,0.0,-2277.7999999997783,-0.016269999999998418,SENTIMENT_MORNING_SELL,8.0,15.0,3200.0,0.3796875,NEU,
d0e2c68d2483aeb8,2025-03-12 08:00:00+00:00,2025-03-14 16:00:00,AVGO,S19,5235,191.01,195.5,0.0,23505.15000000005,0.16789392857142893,SENTIMENT_EOD_SELL,8.0,15.0,3600.0,0.20607000000000003,NEU,
70e34a0c98f8b19b,2025-03-13 08:00:00+00:00,2025-03-17 16:00:00,MSFT,S19,2626,380.78999999999996,388.94,0.0,21401.90000000009,0.15287071428571491,SENTIMENT_EOD_SELL,8.0,15.0,6480.0,0.2926,NEU,
e9e0fcf5465d2d0d,2025-03-17 08:05:00+00:00,2025-03-17 16:00:00,INTU,S19,1671,598.31,602.1,0.0,6333.090000000129,0.04523635714285807,SENTIMENT_EOD_SELL,8.0,15.0,715.0,0.36375,NEU,
fbb8008619250450,2025-03-10 08:00:00+00:00,2025-03-18 09:30:00,TSM,S19,5646,177.1,174.88,0.0,-12534.119999999994,-0.08952942857142852,SENTIMENT_MORNING_SELL,8.0,15.0,11850.0,0.42397142857142855,NEU,
a47581b56a7c5335,2025-03-12 08:00:00+00:00,2025-03-18 09:30:00,META,S19,1644,608.01,605.07,0.0,-4833.359999999902,-0.034523999999999305,SENTIMENT_MORNING_SELL,8.0,15.0,8970.0,0.27731,NEU,
9d001095d3308eae,2025-03-13 08:01:00+00:00,2025-03-18 09:30:00,ORCL,S19,6697,149.31,154.68,0.0,35962.89000000003,0.25687778571428593,SENTIMENT_MORNING_SELL,8.0,15.0,7529.0,0.3826714285714286,NEU,
10234aa4cb1c0059,2025-03-17 08:00:00+00:00,2025-03-18 16:00:00,AVGO,S19,5114,195.51,188.39010000000002,0.0,-36411.16859999986,-0.2600797757142847,SENTIMENT_EOD_SELL,8.0,15.0,2160.0,0.20299999999999999,NEU,
fe61a052bed0e34e,2025-03-18 08:22:00+00:00,2025-03-18 16:00:00,CSCO,S19,16452,60.78,60.36,0.0,-6909.840000000028,-0.049356000000000205,SENTIMENT_EOD_SELL,8.0,15.0,698.0,0.31216666666666665,NEU,
6e2bf7d98d6192dd,2025-03-18 08:03:00+00:00,2025-03-19 09:30:00,AAPL,S19,4678,213.73999999999998,213.57000000000002,0.0,-795.2599999998085,-0.005680428571427204,SENTIMENT_MORNING_SELL,8.0,15.0,1767.0,0.252525,NEU,
2c17796599ad7a35,2025-03-19 08:00:00+00:00,2025-03-19 16:00:00,NVDA,S19,8702,114.91000000000001,118.78,0.0,33676.73999999992,0.2405481428571423,SENTIMENT_EOD_SELL,8.0,15.0,720.0,0.29938000000000003,NEU,
efca1f22405617c0,2025-03-19 08:00:00+00:00,2025-03-19 16:00:00,META,S19,1720,581.14,588.15,0.0,12057.199999999984,0.08612285714285703,SENTIMENT_EOD_SELL,8.0,15.0,720.0,0.2205666666666667,NEU,
f407770d40f0a73b,2025-03-18 08:57:00+00:00,2025-03-20 09:30:00,QCOM,S19,6346,157.56,158.5,0.0,5965.239999999985,0.04260885714285704,SENTIMENT_MORNING_SELL,8.0,15.0,3153.0,0.38204000000000005,NEU,
b405eed1a6dfee89,2025-03-19 08:00:00+00:00,2025-03-20 09:30:00,TSM,S19,5847,171.01,175.89000000000001,0.0,28533.36000000014,0.2038097142857153,SENTIMENT_MORNING_SELL,8.0,15.0,1770.0,0.25,NEU,
5cb16746ec5e7dfd,2025-03-20 08:00:00+00:00,2025-03-24 19:43:00+00:00,TSLA,S19,4157,240.53,276.5995,0.0,149940.9114999999,14.995842514447252,TAKE_PROFIT,8.0,15.0,6463.0,0.27774,NEU,
be6176f18d15be49,2025-03-20 08:00:00+00:00,2025-03-20 16:00:00,NVDA,S19,8395,119.11,118.16,0.0,-7975.250000000024,-0.0569660714285716,SENTIMENT_EOD_SELL,8.0,15.0,720.0,0.28411,NEU,
caed34b14ad05841,2025-03-20 08:00:00+00:00,2025-03-20 16:00:00,AVGO,S19,5064,197.47,190.0003,0.0,-37826.56079999994,-0.2701897199999996,SENTIMENT_EOD_SELL,8.0,15.0,720.0,0.52649,NEU,
b1bae4ce35d4fb2d,2025-03-20 08:00:00+00:00,2025-03-20 16:00:00,TSM,S19,5684,175.91,177.06,0.0,6536.600000000032,0.04669000000000023,SENTIMENT_EOD_SELL,8.0,15.0,720.0,0.27453333333333335,NEU,
63cf37d88e62e396,2025-03-20 08:01:00+00:00,2025-03-20 16:00:00,ORCL,S19,6495,153.95999999999998,152.7099,0.0,-8119.399499999837,-0.05799571071428455,SENTIMENT_EOD_SELL,8.0,15.0,719.0,0.41967,NEU,
7f97f107995802fa,2025-03-20 09:17:00+00:00,2025-03-20 16:00:00,QCOM,S19,6308,158.51999999999998,157.49,0.0,-6497.239999999828,-0.04640885714285591,SENTIMENT_EOD_SELL,8.0,15.0,643.0,0.4209333333333333,NEU,
3a1fe490ac14e7ee,2025-03-17 08:00:00+00:00,2025-03-20 23:59:00+00:00,GOOGL,S19,6072,164.69,162.78,0.0,-11597.519999999979,-0.08283942857142841,BACKTEST_END,8.0,15.0,5279.0,0.23284000000000002,NEU,
60c19960daadfa80,2025-03-17 10:33:00+00:00,2025-03-20 23:17:00+00:00,ADBE,S19,2545,392.78999999999996,391.49,0.0,-3308.4999999998845,-0.023632142857142033,BACKTEST_END,8.0,15.0,5084.0,0.21939999999999998,NEU,
5467ef02dbe0c416,2025-03-18 08:16:00+00:00,2025-03-20 23:57:00+00:00,MSFT,S19,2573,388.53,386.98,0.0,-3988.149999999883,-0.02848678571428488,BACKTEST_END,8.0,15.0,3821.0,0.27985000000000004,NEU,
2817d3ee41845986,2025-03-19 08:30:00+00:00,2025-03-20 20:00:00+00:00,INTU,S19,1663,601.01,600.41,0.0,-997.8000000000378,-0.007127142857143128,BACKTEST_END,8.0,15.0,2130.0,0.25,NEU,
be0d3dda4a72d3a7,2025-03-07 00:00:00+00:00,2025-03-07 16:00:00,AMZN,S20,4974,201.01,199.14000000000001,0.0,-9301.379999999881,-0.06643842857142772,SENTIMENT_EOD_SELL,12.0,20.0,1260.0,0.22949999999999998,NEU,
f039f9a0f78c4fb7,2025-03-07 00:02:00+00:00,2025-03-10 09:30:00,MSFT,S20,2519,396.9,391.73,0.0,-13023.229999999898,-0.09302307142857069,SENTIMENT_MORNING_SELL,12.0,20.0,5128.0,0.30873,NEU,
654dc592e2e6559b,2025-03-07 00:00:00+00:00,2025-03-10 09:30:00,GOOGL,S20,5800,172.41,173.24,0.0,4814.000000000073,0.03438571428571481,SENTIMENT_MORNING_SELL,12.0,20.0,5130.0,0.46881000000000006,NEU,
df80d42a94293832,2025-03-07 00:00:00+00:00,2025-03-10 09:30:00,ORCL,S20,6562,152.3734,153.99,0.0,10608.129200000036,0.07577235142857168,SENTIMENT_MORNING_SELL,12.0,20.0,5130.0,0.3635,NEU,
4fb2ffbe0ff3be71,2025-03-07 00:24:00+00:00,2025-03-10 09:30:00,ADBE,S20,2247,444.90999999999997,446.11,0.0,2696.4000000001024,0.01926000000000073,SENTIMENT_MORNING_SELL,12.0,20.0,5106.0,0.27180000000000004,NEU,
99029e0ad655857e,2025-03-07 00:29:00+00:00,2025-03-10 09:30:00,QCOM,S20,6429,155.5272,159.54000000000002,0.0,25798.291200000174,0.18427350857142982,SENTIMENT_MORNING_SELL,12.0,20.0,5101.0,0.5106,NEU,
871e3005c0b1c0d7,2025-03-10 08:05:00+00:00,2025-03-10 16:00:00,ORCL,S20,6493,154.01,143.89000000000001,0.0,-65709.15999999984,-0.4693511428571417,SENTIMENT_EOD_SELL,12.0,20.0,715.0,0.20962499999999998,NEU,
d4add71abb29dd2f,2025-03-10 08:00:00+00:00,2025-03-11 09:30:00,AVGO,S20,5181,193.01,183.99,0.0,-46732.61999999991,-0.3338044285714279,SENTIMENT_MORNING_SELL,12.0,20.0,1770.0,0.38653333333333334,NEU,
2ff8a1cc8b48e30d,2025-03-10 08:18:00+00:00,2025-03-11 09:30:00,QCOM,S20,6267,159.56,153.9,0.0,-35471.21999999998,-0.25336585714285703,SENTIMENT_MORNING_SELL,12.0,20.0,1752.0,0.25898571428571426,NEU,
5de97518fde6f38f,2025-03-11 08:00:00+00:00,2025-03-11 16:00:00,META,S20,1683,594.01,606.99,0.0,21845.34000000003,0.15603814285714307,SENTIMENT_EOD_SELL,12.0,20.0,720.0,0.22361111111111112,NEU,
5a4a776c549dd962,2025-03-11 08:00:00+00:00,2025-03-11 16:00:00,ORCL,S20,6896,145.0,144.4,0.0,-4137.59999999996,-0.02955428571428543,SENTIMENT_EOD_SELL,12.0,20.0,720.0,0.20078999999999997,NEU,
e3c719848ea60316,2025-03-11 08:53:00+00:00,2025-03-11 16:00:00,INTU,S20,1715,583.01,586.7,0.0,6328.350000000093,0.045202500000000666,SENTIMENT_EOD_SELL,12.0,20.0,667.0,0.46345000000000003,NEU,
6cef961324180d3c,2025-03-11 08:00:00+00:00,2025-03-11 16:00:00,QCOM,S20,6496,153.92,153.10000000000002,0.0,-5326.719999999771,-0.03804799999999837,SENTIMENT_EOD_SELL,12.0,20.0,720.0,0.23700000000000002,NEU,
936cb1939d7c0cde,2025-03-10 08:00:00+00:00,2025-03-12 09:30:00,GOOGL,S20,5771,173.26,164.71,0.0,-49342.0499999999,-0.35244321428571357,SENTIMENT_MORNING_SELL,12.0,20.0,3210.0,0.27662,NEU,
53b86deb30de84f6,2025-03-12 11:10:00+00:00,2025-03-13 15:26:00+00:00,ADBE,S20,2293,436.03999999999996,383.7052,0.0,-120003.69639999994,-12.00229336758095,STOP_LOSS,12.0,20.0,1696.0,0.29754,NEU,
0fd384a1c848f7b7,2025-03-12 08:00:00+00:00,2025-03-12 16:00:00,MSFT,S20,2624,381.01,384.04,0.0,7950.720000000078,0.0567908571428577,SENTIMENT_EOD_SELL,12.0,20.0,720.0,0.28993,NEU,
0e16cde047ad72cd,2025-03-12 08:00:00+00:00,2025-03-12 16:00:00,GOOGL,S20,6070,164.73,167.69,0.0,17967.200000000048,0.1283371428571432,SENTIMENT_EOD_SELL,12.0,20.0,720.0,0.26242,NEU,
8fa96d4790a980b6,2025-03-10 08:00:00+00:00,2025-03-13 09:30:00,AMZN,S20,5049,198.01999999999998,197.39000000000001,0.0,-3180.8699999998335,-0.022720499999998808,SENTIMENT_MORNING_SELL,12.0,20.0,4650.0,0.24796,NEU,
c275df53890c3673,2025-03-12 08:26:00+00:00,2025-03-13 09:30:00,ORCL,S20,6912,144.66,149.29000000000002,0.0,32002.560000000165,0.22858971428571548,SENTIMENT_MORNING_SELL,12.0,20.0,1744.0,0.262725,NEU,
75dc30176648bbf3,2025-03-10 08:17:00+00:00,2025-03-14 09:30:00,CSCO,S20,15696,63.71,59.99,0.0,-58389.11999999998,-0.41706514285714275,SENTIMENT_MORNING_SELL,12.0,20.0,6073.0,0.38335,NEU,
dadbd212e434acd2,2025-03-12 08:00:00+00:00,2025-03-14 09:30:00,NVDA,S20,9089,110.02000000000001,117.19,0.0,65168.12999999989,0.46548664285714203,SENTIMENT_MORNING_SELL,12.0,20.0,3210.0,0.26033,NEU,
6fb604b5f2f3d8df,2025-03-12 08:10:00+00:00,2025-03-14 09:30:00,QCOM,S20,6508,153.64999999999998,153.3,0.0,-2277.7999999997783,-0.016269999999998418,SENTIMENT_MORNING_SELL,12.0,20.0,3200.0,0.3796875,NEU,
40c18b7f353618eb,2025-03-13 08:18:00+00:00,2025-03-14 09:30:00,ADBE,S20,2392,418.01,379.99,0.0,-90943.83999999995,-0.6495988571428568,SENTIMENT_MORNING_SELL,12.0,20.0,1752.0,0.3750222222222222,NEU,
02308b3d219b9887,2025-03-12 08:00:00+00:00,2025-03-14 16:00:00,AVGO,S20,5235,191.01,195.5,0.0,23505.15000000005,0.16789392857142893,SENTIMENT_EOD_SELL,12.0,20.0,3600.0,0.20607000000000003,NEU,
1af79ea4aec0d67d,2025-03-13 08:00:00+00:00,2025-03-17 16:00:00,MSFT,S20,2626,380.78999999999996,388.94,0.0,21401.90000000009,0.15287071428571491,SENTIMENT_EOD_SELL,12.0,20.0,6480.0,0.2926,NEU,
95b3c2256b3b32d8,2025-03-17 08:05:00+00:00,2025-03-17 16:00:00,INTU,S20,1671,598.31,602.1,0.0,6333.090000000129,0.04523635714285807,SENTIMENT_EOD_SELL,12.0,20.0,715.0,0.36375,NEU,
cb3446b70fcdb2bb,2025-03-10 08:00:00+00:00,2025-03-18 09:30:00,TSM,S20,5646,177.1,174.88,0.0,-12534.119999999994,-0.08952942857142852,SENTIMENT_MORNING_SELL,12.0,20.0,11850.0,0.42397142857142855,NEU,
bc679161b59de5f3,2025-03-12 08:00:00+00:00,2025-03-18 09:30:00,META,S20,1644,608.01,605.07,0.0,-4833.359999999902,-0.034523999999999305,SENTIMENT_MORNING_SELL,12.0,20.0,8970.0,0.27731,NEU,
ee5d529c45311887,2025-03-13 08:01:00+00:00,2025-03-18 09:30:00,ORCL,S20,6697,149.31,154.68,0.0,35962.89000000003,0.25687778571428593,SENTIMENT_MORNING_SELL,12.0,20.0,7529.0,0.3826714285714286,NEU,
47210f462e49ef9d,2025-03-17 08:00:00+00:00,2025-03-18 16:00:00,AVGO,S20,5114,195.51,188.39010000000002,0.0,-36411.16859999986,-0.2600797757142847,SENTIMENT_EOD_SELL,12.0,20.0,2160.0,0.20299999999999999,NEU,
defe7f7b78ff13ca,2025-03-18 08:22:00+00:00,2025-03-18 16:00:00,CSCO,S20,16452,60.78,60.36,0.0,-6909.840000000028,-0.049356000000000205,SENTIMENT_EOD_SELL,12.0,20.0,698.0,0.31216666666666665,NEU,
34d9ea710b6e8074,2025-03-18 08:03:00+00:00,2025-03-19 09:30:00,AAPL,S20,4678,213.73999999999998,213.57000000000002,0.0,-795.2599999998085,-0.005680428571427204,SENTIMENT_MORNING_SELL,12.0,20.0,1767.0,0.252525,NEU,
7902c8bc8dc1598b,2025-03-19 08:00:00+00:00,2025-03-19 16:00:00,NVDA,S20,8702,114.91000000000001,118.78,0.0,33676.73999999992,0.2405481428571423,SENTIMENT_EOD_SELL,12.0,20.0,720.0,0.29938000000000003,NEU,
e2069436622ed172,2025-03-19 08:00:00+00:00,2025-03-19 16:00:00,META,S20,1720,581.14,588.15,0.0,12057.199999999984,0.08612285714285703,SENTIMENT_EOD_SELL,12.0,20.0,720.0,0.2205666666666667,NEU,
dd58b0f1aae3323f,2025-03-18 08:57:00+00:00,2025-03-20 09:30:00,QCOM,S20,6346,157.56,158.5,0.0,5965.239999999985,0.04260885714285704,SENTIMENT_MORNING_SELL,12.0,20.0,3153.0,0.38204000000000005,NEU,
a5ce2a1318046ce6,2025-03-19 08:00:00+00:00,2025-03-20 09:30:00,TSM,S20,5847,171.01,175.89000000000001,0.0,28533.36000000014,0.2038097142857153,SENTIMENT_MORNING_SELL,12.0,20.0,1770.0,0.25,NEU,
5ad5ed3ceb6d4610,2025-03-20 08:00:00+00:00,2025-03-25 20:00:00+00:00,TSLA,S20,4157,240.53,288.626,0.0,199935.0719999999,19.995842514447254,TAKE_PROFIT,12.0,20.0,7920.0,0.27774,NEU,
db9cfe728997e37e,2025-03-20 08:00:00+00:00,2025-03-20 16:00:00,NVDA,S20,8395,119.11,118.16,0.0,-7975.250000000024,-0.0569660714285716,SENTIMENT_EOD_SELL,12.0,20.0,720.0,0.28411,NEU,
863802b57d33bace,2025-03-20 08:00:00+00:00,2025-03-20 16:00:00,AVGO,S20,5064,197.47,190.0003,0.0,-37826.56079999994,-0.2701897199999996,SENTIMENT_EOD_SELL,12.0,20.0,720.0,0.52649,NEU,
5ca1e497df060ac7,2025-03-20 08:00:00+00:00,2025-03-20 16:00:00,TSM,S20,5684,175.91,177.06,0.0,6536.600000000032,0.04669000000000023,SENTIMENT_EOD_SELL,12.0,20.0,720.0,0.27453333333333335,NEU,
781ea518bf937dbd,2025-03-20 08:01:00+00:00,2025-03-20 16:00:00,ORCL,S20,6495,153.95999999999998,152.7099,0.0,-8119.399499999837,-0.05799571071428455,SENTIMENT_EOD_SELL,12.0,20.0,719.0,0.41967,NEU,
73406451d117935a,2025-03-20 09:17:00+00:00,2025-03-20 16:00:00,QCOM,S20,6308,158.51999999999998,157.49,0.0,-6497.239999999828,-0.04640885714285591,SENTIMENT_EOD_SELL,12.0,20.0,643.0,0.4209333333333333,NEU,
25fd6b03db6c77bb,2025-03-17 08:00:00+00:00,2025-03-20 23:59:00+00:00,GOOGL,S20,6072,164.69,162.78,0.0,-11597.519999999979,-0.08283942857142841,BACKTEST_END,12.0,20.0,5279.0,0.23284000000000002,NEU,
791d8dd2e0dfb3fa,2025-03-17 10:33:00+00:00,2025-03-20 23:17:00+00:00,ADBE,S20,2545,392.78999999999996,391.49,0.0,-3308.4999999998845,-0.023632142857142033,BACKTEST_END,12.0,20.0,5084.0,0.21939999999999998,NEU,
f488d8fff454b062,2025-03-18 08:16:00+00:00,2025-03-20 23:57:00+00:00,MSFT,S20,2573,388.53,386.98,0.0,-3988.149999999883,-0.02848678571428488,BACKTEST_END,12.0,20.0,3821.0,0.27985000000000004,NEU,
b6663c976bf5cd12,2025-03-19 08:30:00+00:00,2025-03-20 20:00:00+00:00,INTU,S20,1663,601.01,600.41,0.0,-997.8000000000378,-0.007127142857143128,BACKTEST_END,12.0,20.0,2130.0,0.25,NEU,
