trade_id,open_time,close_time,symbol,strategy_id,qty,entry_price,exit_price,fees_usd,pnl_usd,pnl_pct,exit_reason,stop_pct,take_pct,holding_minutes,sentiment_score,sentiment_label,news_headline
ecfebd9b090bc653,2025-06-09 08:00:00+00:00,2025-06-11 18:17:00+00:00,AAPL,S01,4877,205.01,198.84969999999998,0.0,-30043.783100000033,-3.0048778108384995,STOP_LOSS,3.0,5.0,3497.0,0.21655000000000002,NEU,
87fb33f36a0c683e,2025-06-09 08:00:00+00:00,2025-06-11 20:09:00+00:00,ORCL,S01,5713,175.01,183.75050000000002,0.0,49934.47650000015,4.994286040797684,TAKE_PROFIT,3.0,5.0,3609.0,0.3024,NEU,
a43e0f46d1603dd2,2025-06-09 08:02:00+00:00,2025-06-11 18:04:00+00:00,CSCO,S01,15158,65.97,63.9809,0.0,-30150.777800000007,-3.0151584053357596,STOP_LOSS,3.0,5.0,3482.0,0.4429666666666667,NEU,
9e72e57ba6e4c156,2025-06-09 08:00:00+00:00,2025-06-10 10:16:00+00:00,QCOM,S01,6674,149.82,157.30100000000002,0.0,49928.194000000156,4.993325323721815,TAKE_PROFIT,3.0,5.0,1576.0,0.49803,NEU,
911bfe94b4a9a090,2025-06-10 08:00:00+00:00,2025-06-13 08:00:00+00:00,AAPL,S01,4946,202.14999999999998,196.07549999999998,0.0,-30044.477000000003,-3.0049468216670796,STOP_LOSS,3.0,5.0,4320.0,0.23548,NEU,
fdd341582b978be1,2025-06-10 08:04:00+00:00,2025-06-11 20:05:00+00:00,ORCL,S01,5644,177.16,171.83520000000001,0.0,-30053.1711999999,-3.005644615037244,STOP_LOSS,3.0,5.0,2161.0,0.26996000000000003,NEU,
c3c82058ca4930c5,2025-06-10 12:00:00+00:00,2025-06-12 20:05:00+00:00,ADBE,S01,2398,417.0,437.84000000000003,0.0,49974.32000000008,4.997601918465236,TAKE_PROFIT,3.0,5.0,3365.0,0.4857666666666667,NEU,
4d6bac13a513e7b3,2025-06-10 09:29:00+00:00,2025-06-11 18:15:00+00:00,CSCO,S01,15167,65.93,63.9421,0.0,-30150.47930000005,-3.015167602002128,STOP_LOSS,3.0,5.0,1966.0,0.49729999999999996,NEU,
06c5eb6f769821d9,2025-06-09 08:00:00+00:00,2025-06-10 16:00:00,AVGO,S01,4048,247.0,243.9901,0.0,-12184.07519999995,-0.08702910857142822,SENTIMENT_EOD_SELL,3.0,5.0,2160.0,0.3516888888888889,NEU,
54d1904be49edf01,2025-06-11 08:00:00+00:00,2025-06-12 14:07:00+00:00,AVGO,S01,4107,243.45,255.6125,0.0,49951.38750000009,4.995892380365588,TAKE_PROFIT,3.0,5.0,1807.0,0.5315444444444445,NEU,
da8a61717d6f25d3,2025-06-11 08:00:00+00:00,2025-06-11 20:05:00+00:00,ORCL,S01,5635,177.45999999999998,172.12619999999998,0.0,-30055.96299999998,-3.0056350726924363,STOP_LOSS,3.0,5.0,725.0,0.35507999999999995,NEU,
17e0b9a7ecae1b62,2025-06-11 08:02:00+00:00,2025-06-12 20:05:00+00:00,ADBE,S01,2403,416.08,436.874,0.0,49967.9820000001,4.997596616035388,TAKE_PROFIT,3.0,5.0,2163.0,0.34646,NEU,
a6e7bcd8c45642e8,2025-06-11 08:08:00+00:00,2025-06-11 16:00:00,CSCO,S01,15337,65.2,64.40169999999999,0.0,-12243.527100000181,-0.0874537650000013,SENTIMENT_EOD_SELL,3.0,5.0,712.0,0.33288333333333336,NEU,
08d96586eca49990,2025-06-11 13:30:00+00:00,2025-06-12 09:30:00,INTU,S01,1317,758.8199999999999,764.7,0.0,7743.960000000144,0.05531400000000102,SENTIMENT_MORNING_SELL,3.0,5.0,1440.0,0.2241,NEU,
89ccbdc2e2f1e121,2025-06-12 08:00:00+00:00,2025-06-12 14:21:00+00:00,ORCL,S01,5250,190.45999999999998,199.97299999999998,0.0,49943.25000000003,4.994749553712069,TAKE_PROFIT,3.0,5.0,381.0,0.25153,NEU,
4452ec6042656221,2025-06-12 08:02:00+00:00,2025-06-12 20:05:00+00:00,ADBE,S01,2422,412.74,433.367,0.0,49958.59400000003,4.997577167223921,TAKE_PROFIT,3.0,5.0,723.0,0.25891000000000003,NEU,
0e62e6ae2b5ae029,2025-06-09 08:00:00+00:00,2025-06-12 16:00:00,AMZN,S01,4680,213.66,211.99,0.0,-7815.599999999941,-0.05582571428571387,SENTIMENT_EOD_SELL,3.0,5.0,5040.0,0.44548,NEU,
0f6a0d0f3f78e2f8,2025-06-10 08:00:00+00:00,2025-06-13 09:30:00,META,S01,1436,695.9399999999999,684.87,0.0,-15896.51999999991,-0.11354657142857079,SENTIMENT_MORNING_SELL,3.0,5.0,4650.0,0.29571000000000003,NEU,
6bd8a7d30e52ce5e,2025-06-10 08:00:00+00:00,2025-06-13 09:30:00,TSM,S01,4789,208.81,210.99,0.0,10440.020000000033,0.07457157142857165,SENTIMENT_MORNING_SELL,3.0,5.0,4650.0,0.30756,NEU,
5a37767aa2863859,2025-06-12 08:07:00+00:00,2025-06-13 09:30:00,CSCO,S01,15632,63.97,64.25,0.0,4376.960000000017,0.031264000000000125,SENTIMENT_MORNING_SELL,3.0,5.0,1763.0,0.42275999999999997,NEU,
1788ec69bd0ea3e9,2025-06-13 08:00:00+00:00,2025-06-13 14:06:00+00:00,ORCL,S01,5081,196.79,206.61950000000002,0.0,49943.689500000124,4.994918440977704,TAKE_PROFIT,3.0,5.0,366.0,0.29684,NEU,
1115b8e5a797806a,2025-06-13 08:00:00+00:00,2025-06-13 13:36:00+00:00,ADBE,S01,2496,400.49,388.4653,0.0,-30013.65119999999,-3.0024969412469713,STOP_LOSS,3.0,5.0,336.0,0.20686,NEU,
7470f49535776d07,2025-06-13 08:00:00+00:00,2025-06-13 16:00:00,TSM,S01,4739,211.01,210.82000000000002,0.0,-900.4099999998546,-0.0064314999999989615,SENTIMENT_EOD_SELL,3.0,5.0,720.0,0.5517333333333333,NEU,
a710a2f106a28e12,2025-06-13 08:04:00+00:00,2025-06-13 16:00:00,CSCO,S01,15559,64.27000000000001,64.17999999999999,0.0,-1400.3100000002742,-0.010002214285716245,SENTIMENT_EOD_SELL,3.0,5.0,716.0,0.30619999999999997,NEU,
b70875b4f6beb9bc,2025-06-12 08:00:00+00:00,2025-06-16 09:30:00,AVGO,S01,3975,251.56,250.99,0.0,-2265.7499999999727,-0.016183928571428377,SENTIMENT_MORNING_SELL,3.0,5.0,6090.0,0.34302,NEU,
218faf6d86c84ccf,2025-06-13 12:00:00+00:00,2025-06-16 09:30:00,INTU,S01,1310,762.8099,760.01,0.0,-3667.8689999999733,-0.0261990642857141,SENTIMENT_MORNING_SELL,3.0,5.0,4410.0,0.2676,NEU,
eb0707a0c0161511,2025-06-10 08:00:00+00:00,2025-06-20 14:41:00+00:00,GOOGL,S01,5679,176.07999999999998,170.7876,0.0,-30055.539599999924,-0.04952174285714273,STOP_LOSS,3.0,5.0,14801.0,0.40591999999999995,NEU,
6d6624fa5d9f8213,2025-06-10 08:03:00+00:00,2025-06-20 14:48:00+00:00,QCOM,S01,6408,156.04,151.3488,0.0,-30061.20959999988,-0.19029517714285635,STOP_LOSS,3.0,5.0,14805.0,0.366275,NEU,
c0de4b9d9d1e62e3,2025-06-16 08:00:00+00:00,2025-06-16 23:50:00+00:00,ORCL,S01,4627,216.12,209.62640000000002,0.0,-30045.88719999994,-3.004627059041267,STOP_LOSS,3.0,5.0,950.0,0.29949,NEU,
e38e01dec424afde,2025-06-16 08:36:00+00:00,2025-06-18 16:15:00+00:00,ADBE,S01,2547,392.53,380.74409999999995,0.0,-30018.687300000067,-3.0025475759814606,STOP_LOSS,3.0,5.0,3339.0,0.27355,NEU,
f3968ac4754f4ca5,2025-06-09 08:00:00+00:00,2025-06-16 16:00:00,MSFT,S01,2132,468.86,475.289,0.0,13706.627999999944,0.09790448571428531,SENTIMENT_EOD_SELL,3.0,5.0,10800.0,0.58775,NEU,
5c1463db2fa682bc,2025-06-12 08:00:00+00:00,2025-06-16 16:00:00,AAPL,S01,5019,199.20999999999998,197.07000000000002,0.0,-10740.659999999789,-0.07671899999999848,SENTIMENT_EOD_SELL,3.0,5.0,6480.0,0.36799,NEU,
d72e2b6d821383e6,2025-06-13 08:00:00+00:00,2025-06-16 16:00:00,AMZN,S01,4764,209.89,213.63,0.0,17817.360000000044,0.12726685714285746,SENTIMENT_EOD_SELL,3.0,5.0,5040.0,0.2644,NEU,
d091540d1c6eef7e,2025-06-16 08:00:00+00:00,2025-06-16 16:00:00,AVGO,S01,3983,251.01,250.01000000000002,0.0,-3982.9999999998868,-0.02844999999999919,SENTIMENT_EOD_SELL,3.0,5.0,720.0,0.52554,NEU,
927eaf9d5f4ebfcb,2025-06-16 08:00:00+00:00,2025-06-16 16:00:00,TSM,S01,4724,211.64999999999998,213.59,0.0,9164.560000000123,0.06546114285714374,SENTIMENT_EOD_SELL,3.0,5.0,720.0,0.4826428571428571,NEU,
91330187008f1f7f,2025-06-16 13:28:00+00:00,2025-06-16 16:00:00,INTU,S01,1315,760.03,771.99,0.0,15727.400000000049,0.11233857142857177,SENTIMENT_EOD_SELL,3.0,5.0,392.0,0.5028666666666667,NEU,
1760a3b8ab15a155,2025-06-17 08:00:00+00:00,2025-06-20 14:48:00+00:00,GOOGL,S01,5706,175.23999999999998,169.97279999999998,0.0,-30054.643200000013,-3.005706459712396,STOP_LOSS,3.0,5.0,4728.0,0.3413,NEU,
4b43cd554173b015,2025-06-17 08:00:00+00:00,2025-06-20 19:54:00+00:00,META,S01,1428,700.01,678.9997,0.0,-30002.708400000043,-3.001428551020704,STOP_LOSS,3.0,5.0,5034.0,0.27437,NEU,
6e5ac518467e7c79,2025-06-17 08:01:00+00:00,2025-06-20 15:00:00+00:00,TSM,S01,4655,214.79999999999998,208.34599999999998,0.0,-30043.370000000035,-3.0046554934823133,STOP_LOSS,3.0,5.0,4739.0,0.49216666666666664,NEU,
29590ad414dc1b16,2025-06-17 08:54:00+00:00,2025-06-17 16:39:00+00:00,ADBE,S01,2507,398.81,386.8357,0.0,-30019.57010000007,-3.0025074596925925,STOP_LOSS,3.0,5.0,465.0,0.53695,NEU,
238b13f663341389,2025-06-17 08:03:00+00:00,2025-06-20 14:48:00+00:00,QCOM,S01,6407,156.06,151.3682,0.0,-30060.362600000004,-3.00640779187492,STOP_LOSS,3.0,5.0,4725.0,0.2243375,NEU,
81febdd1e7fcfce8,2025-06-17 08:02:00+00:00,2025-06-17 16:00:00,MSFT,S01,2103,475.44,476.75,0.0,2754.930000000005,0.019678071428571465,SENTIMENT_EOD_SELL,3.0,5.0,718.0,0.28801,NEU,
64595fd0294a0f2b,2025-06-17 08:46:00+00:00,2025-06-17 16:00:00,CSCO,S01,15339,65.19000000000001,65.21,0.0,306.779999999721,0.0021912857142837214,SENTIMENT_EOD_SELL,3.0,5.0,674.0,0.4592,NEU,
90f91a3ae986fb8d,2025-06-17 13:27:00+00:00,2025-06-17 16:00:00,INTU,S01,1302,767.96,764.89,0.0,-3997.140000000065,-0.028551000000000465,SENTIMENT_EOD_SELL,3.0,5.0,393.0,0.45716666666666667,NEU,
3e868f31ec3e8dfd,2025-06-17 08:00:00+00:00,2025-06-18 09:30:00,AAPL,S01,5062,197.51999999999998,196.14000000000001,0.0,-6985.559999999833,-0.04989685714285595,SENTIMENT_MORNING_SELL,3.0,5.0,1770.0,0.20165000000000002,NEU,
f63fd3a618e3192d,2025-06-17 08:00:00+00:00,2025-06-23 13:34:00+00:00,AMZN,S01,4671,214.07,207.6379,0.0,-30044.33909999996,-0.29436046214285677,STOP_LOSS,3.0,5.0,8974.0,0.39523,NEU,
e630a5ec8a791a77,2025-06-17 08:00:00+00:00,2025-06-23 16:36:00+00:00,ORCL,S01,4782,209.09,202.8073,0.0,-30043.871400000025,-0.20961779785714305,STOP_LOSS,3.0,5.0,9156.0,0.44643,NEU,
0d671211d6f212f2,2025-06-18 08:00:00+00:00,2025-06-20 14:51:00+00:00,TSM,S01,4646,215.20999999999998,208.7437,0.0,-30042.42979999995,-3.004646624227494,STOP_LOSS,3.0,5.0,3291.0,0.4350428571428572,NEU,
8dc00a5adeba46c4,2025-06-18 08:00:00+00:00,2025-06-23 13:31:00+00:00,TSLA,S01,3144,318.01,333.9005,0.0,49959.7320000001,4.996855444797344,TAKE_PROFIT,3.0,5.0,7531.0,0.21957,NEU,
88c2008578cf9c1b,2025-06-18 09:04:00+00:00,2025-06-20 18:56:00+00:00,ADBE,S01,2592,385.77,374.1869,0.0,-30023.395200000006,-3.002592218161081,STOP_LOSS,3.0,5.0,3472.0,0.27497,NEU,
cb8822dac39bb4a8,2025-06-18 08:07:00+00:00,2025-06-23 16:36:00+00:00,QCOM,S01,6462,154.73999999999998,150.0878,0.0,-30062.516399999957,-3.006462453147211,STOP_LOSS,3.0,5.0,7709.0,0.303925,NEU,
48cb82ebb8e08104,2025-06-18 13:30:00+00:00,2025-06-18 16:00:00,INTU,S01,1311,762.38,755.49,0.0,-9032.789999999983,-0.06451992857142844,SENTIMENT_EOD_SELL,3.0,5.0,390.0,0.3316,NEU,
a510ca4552916a8c,2025-06-17 08:00:00+00:00,2025-06-24 13:31:00+00:00,AVGO,S01,3997,250.13,262.6265,0.0,49948.510500000106,0.5768027357142869,TAKE_PROFIT,3.0,5.0,10411.0,0.38798,NEU,
6b01201d6aafa021,2025-06-20 08:00:00+00:00,2025-06-23 09:26:00+00:00,TSM,S01,4677,213.81,207.3857,0.0,-30046.451099999944,-3.0046770497170328,STOP_LOSS,3.0,5.0,4406.0,0.5663888888888889,NEU,
54e75e4bd7091516,2025-06-20 08:00:00+00:00,2025-06-23 11:08:00+00:00,ORCL,S01,4741,210.89,204.55329999999998,0.0,-30042.294700000035,-3.0047418085257753,STOP_LOSS,3.0,5.0,4508.0,0.5861666666666667,NEU,
ff314516b85a0c8a,2025-06-18 08:00:00+00:00,2025-06-20 09:30:00,MSFT,S01,2091,478.15999999999997,480.07,0.0,3993.8100000000522,0.028527214285714655,SENTIMENT_MORNING_SELL,3.0,5.0,3210.0,0.3745,NEU,
d5a1ea445ecc8b17,2025-06-20 08:30:00+00:00,2025-06-20 09:30:00,QCOM,S01,6508,153.64,153.62,0.0,-130.15999999988162,-0.0009297142857134401,SENTIMENT_MORNING_SELL,3.0,5.0,300.0,0.5362714285714285,NEU,
74001c129611cb0e,2025-06-10 08:00:00+00:00,2025-06-25 13:03:00+00:00,NVDA,S01,7012,142.60999999999999,149.7305,0.0,49928.94600000015,0.33100152857142956,TAKE_PROFIT,3.0,5.0,21903.0,0.3785,NEU,
4d351e138ce9a0c2,2025-06-20 08:01:00+00:00,2025-06-24 13:31:00+00:00,AVGO,S01,3986,250.82999999999998,263.3615,0.0,49950.55899999998,4.996013236056291,TAKE_PROFIT,3.0,5.0,6090.0,0.34482999999999997,NEU,
5a4ae310fe5a4011,2025-06-20 08:00:00+00:00,2025-06-23 11:08:00+00:00,ORCL,S01,4741,210.89,204.55329999999998,0.0,-30042.294700000035,-3.0047418085257753,STOP_LOSS,3.0,5.0,4508.0,0.45685000000000003,NEU,
00959724f129914e,2025-06-20 08:53:00+00:00,2025-06-20 16:00:00,ADBE,S01,2653,376.92,375.99,0.0,-2467.290000000018,-0.01762350000000013,SENTIMENT_EOD_SELL,3.0,5.0,667.0,0.41142,NEU,
8b67894bb125331f,2025-06-20 08:00:00+00:00,2025-06-20 16:00:00,MSFT,S01,2082,480.09,477.7867,0.0,-4795.470599999956,-0.03425336142857111,SENTIMENT_EOD_SELL,3.0,5.0,720.0,0.48829,NEU,
8f6fc322aa8eda9e,2025-06-20 13:27:00+00:00,2025-06-20 16:00:00,INTU,S01,1314,761.0,761.13,0.0,170.81999999999402,0.0012201428571428144,SENTIMENT_EOD_SELL,3.0,5.0,393.0,0.469775,NEU,
3284d04cf2ad0773,2025-06-20 08:30:00+00:00,2025-06-20 16:00:00,QCOM,S01,6508,153.64,151.74,0.0,-12365.199999999852,-0.08832285714285608,SENTIMENT_EOD_SELL,3.0,5.0,690.0,0.2548333333333333,NEU,
7f1bcea18a8296a6,2025-06-18 08:00:00+00:00,2025-06-20 23:59:00+00:00,AAPL,S01,5097,196.16,201.2801,0.0,26097.14970000004,0.18640821214285744,BACKTEST_END,3.0,5.0,3839.0,0.28226999999999997,NEU,
527d1cf80c185e9b,2025-06-18 08:00:00+00:00,2025-06-20 23:59:00+00:00,META,S01,1432,698.01,683.78,0.0,-20377.360000000026,-0.14555257142857161,BACKTEST_END,3.0,5.0,3839.0,0.28867000000000004,NEU,
5bb9c60ed98b5f03,2025-06-20 08:00:00+00:00,2025-06-20 23:59:00+00:00,AMZN,S01,4701,212.72,210.17000000000002,0.0,-11987.54999999992,-0.08562535714285657,BACKTEST_END,3.0,5.0,959.0,0.32676,NEU,
7147e69c7c0b4617,2025-06-09 08:00:00+00:00,2025-06-11 18:17:00+00:00,AAPL,S02,4877,205.01,198.84969999999998,0.0,-30043.783100000033,-3.0048778108384995,STOP_LOSS,3.0,8.0,3497.0,0.21655000000000002,NEU,
d40b0993ad63abc5,2025-06-09 08:00:00+00:00,2025-06-11 20:16:00+00:00,ORCL,S02,5713,175.01,189.0008,0.0,79929.44040000004,7.994286040797673,TAKE_PROFIT,3.0,8.0,3616.0,0.3024,NEU,
3f8731ab3561e70f,2025-06-09 08:02:00+00:00,2025-06-11 18:04:00+00:00,CSCO,S02,15158,65.97,63.9809,0.0,-30150.777800000007,-3.0151584053357596,STOP_LOSS,3.0,8.0,3482.0,0.4429666666666667,NEU,
edfff4c3b87c841f,2025-06-09 08:00:00+00:00,2025-06-11 14:45:00+00:00,QCOM,S02,6674,149.82,161.7956,0.0,79925.1544000001,7.99332532372181,TAKE_PROFIT,3.0,8.0,3285.0,0.49803,NEU,
bec67b38cf63f8ff,2025-06-10 08:00:00+00:00,2025-06-13 08:00:00+00:00,AAPL,S02,4946,202.14999999999998,196.07549999999998,0.0,-30044.477000000003,-3.0049468216670796,STOP_LOSS,3.0,8.0,4320.0,0.23548,NEU,
c06a863891c54bd9,2025-06-10 08:04:00+00:00,2025-06-11 20:05:00+00:00,ORCL,S02,5644,177.16,171.83520000000001,0.0,-30053.1711999999,-3.005644615037244,STOP_LOSS,3.0,8.0,2161.0,0.26996000000000003,NEU,
6fa2ada003784d97,2025-06-10 12:00:00+00:00,2025-06-12 20:16:00+00:00,ADBE,S02,2398,417.0,404.48,0.0,-30022.959999999955,-3.0023980815347677,STOP_LOSS,3.0,8.0,3376.0,0.4857666666666667,NEU,
cd2fbc91ecd837da,2025-06-10 09:29:00+00:00,2025-06-11 18:15:00+00:00,CSCO,S02,15167,65.93,63.9421,0.0,-30150.47930000005,-3.015167602002128,STOP_LOSS,3.0,8.0,1966.0,0.49729999999999996,NEU,
547474cdb534d9a3,2025-06-09 08:00:00+00:00,2025-06-10 16:00:00,AVGO,S02,4048,247.0,243.9901,0.0,-12184.07519999995,-0.08702910857142822,SENTIMENT_EOD_SELL,3.0,8.0,2160.0,0.3516888888888889,NEU,
9155ab59dc6fb07f,2025-06-11 08:00:00+00:00,2025-06-11 20:05:00+00:00,ORCL,S02,5635,177.45999999999998,172.12619999999998,0.0,-30055.96299999998,-3.0056350726924363,STOP_LOSS,3.0,8.0,725.0,0.35507999999999995,NEU,
bd171268d6ec9deb,2025-06-11 08:02:00+00:00,2025-06-12 20:16:00+00:00,ADBE,S02,2403,416.08,403.5876,0.0,-30019.23719999994,-3.0024033839646163,STOP_LOSS,3.0,8.0,2174.0,0.34646,NEU,
b3b388b727abe4dc,2025-06-11 08:08:00+00:00,2025-06-11 16:00:00,CSCO,S02,15337,65.2,64.40169999999999,0.0,-12243.527100000181,-0.0874537650000013,SENTIMENT_EOD_SELL,3.0,8.0,712.0,0.33288333333333336,NEU,
1810486f60212a68,2025-06-11 08:00:00+00:00,2025-06-12 09:30:00,AVGO,S02,4107,243.45,251.54000000000002,0.0,33225.63000000013,0.2373259285714295,SENTIMENT_MORNING_SELL,3.0,8.0,1770.0,0.5315444444444445,NEU,
3a12cfad5f859e64,2025-06-11 13:30:00+00:00,2025-06-12 09:30:00,INTU,S02,1317,758.8199999999999,764.7,0.0,7743.960000000144,0.05531400000000102,SENTIMENT_MORNING_SELL,3.0,8.0,1440.0,0.2241,NEU,
7ae271ae5fc2a50b,2025-06-12 08:00:00+00:00,2025-06-13 14:00:00+00:00,ORCL,S02,5250,190.45999999999998,205.6868,0.0,79940.70000000013,7.9947495537120785,TAKE_PROFIT,3.0,8.0,1800.0,0.25153,NEU,
4a2c8e91f7873cce,2025-06-12 08:02:00+00:00,2025-06-12 20:05:00+00:00,ADBE,S02,2422,412.74,445.74920000000003,0.0,79948.28240000005,7.997577167223923,TAKE_PROFIT,3.0,8.0,723.0,0.25891000000000003,NEU,
8a57e0de24cb1290,2025-06-09 08:00:00+00:00,2025-06-12 16:00:00,AMZN,S02,4680,213.66,211.99,0.0,-7815.599999999941,-0.05582571428571387,SENTIMENT_EOD_SELL,3.0,8.0,5040.0,0.44548,NEU,
61f895f62e9eb63b,2025-06-10 08:00:00+00:00,2025-06-13 09:30:00,META,S02,1436,695.9399999999999,684.87,0.0,-15896.51999999991,-0.11354657142857079,SENTIMENT_MORNING_SELL,3.0,8.0,4650.0,0.29571000000000003,NEU,
cab337ec8149887e,2025-06-10 08:00:00+00:00,2025-06-13 09:30:00,TSM,S02,4789,208.81,210.99,0.0,10440.020000000033,0.07457157142857165,SENTIMENT_MORNING_SELL,3.0,8.0,4650.0,0.30756,NEU,
1179f0e88be9c8be,2025-06-12 08:07:00+00:00,2025-06-13 09:30:00,CSCO,S02,15632,63.97,64.25,0.0,4376.960000000017,0.031264000000000125,SENTIMENT_MORNING_SELL,3.0,8.0,1763.0,0.42275999999999997,NEU,
a81aea4521601d41,2025-06-13 08:00:00+00:00,2025-06-13 15:48:00+00:00,ORCL,S02,5081,196.79,212.5232,0.0,79940.38920000005,7.994918440977697,TAKE_PROFIT,3.0,8.0,468.0,0.29684,NEU,
c5d0c2e8773bd363,2025-06-13 08:00:00+00:00,2025-06-13 13:36:00+00:00,ADBE,S02,2496,400.49,388.4653,0.0,-30013.65119999999,-3.0024969412469713,STOP_LOSS,3.0,8.0,336.0,0.20686,NEU,
62a41a27fc2c3b9c,2025-06-13 08:00:00+00:00,2025-06-13 16:00:00,TSM,S02,4739,211.01,210.82000000000002,0.0,-900.4099999998546,-0.0064314999999989615,SENTIMENT_EOD_SELL,3.0,8.0,720.0,0.5517333333333333,NEU,
f880a61ccd62c415,2025-06-13 08:04:00+00:00,2025-06-13 16:00:00,CSCO,S02,15559,64.27000000000001,64.17999999999999,0.0,-1400.3100000002742,-0.010002214285716245,SENTIMENT_EOD_SELL,3.0,8.0,716.0,0.30619999999999997,NEU,
02be2874d7c52baf,2025-06-12 08:00:00+00:00,2025-06-16 09:30:00,AVGO,S02,3975,251.56,250.99,0.0,-2265.7499999999727,-0.016183928571428377,SENTIMENT_MORNING_SELL,3.0,8.0,6090.0,0.34302,NEU,
5fea1db640cbe0c3,2025-06-13 12:00:00+00:00,2025-06-16 09:30:00,INTU,S02,1310,762.8099,760.01,0.0,-3667.8689999999733,-0.0261990642857141,SENTIMENT_MORNING_SELL,3.0,8.0,4410.0,0.2676,NEU,
e96b0270623edf67,2025-06-10 08:00:00+00:00,2025-06-20 14:41:00+00:00,GOOGL,S02,5679,176.07999999999998,170.7876,0.0,-30055.539599999924,-0.04952174285714273,STOP_LOSS,3.0,8.0,14801.0,0.40591999999999995,NEU,
4de9128e8cbcbb6b,2025-06-10 08:03:00+00:00,2025-06-20 14:48:00+00:00,QCOM,S02,6408,156.04,151.3488,0.0,-30061.20959999988,-0.19029517714285635,STOP_LOSS,3.0,8.0,14805.0,0.366275,NEU,
3655365775a64100,2025-06-16 08:00:00+00:00,2025-06-16 23:50:00+00:00,ORCL,S02,4627,216.12,209.62640000000002,0.0,-30045.88719999994,-3.004627059041267,STOP_LOSS,3.0,8.0,950.0,0.29949,NEU,
495e91289077db75,2025-06-16 08:36:00+00:00,2025-06-18 16:15:00+00:00,ADBE,S02,2547,392.53,380.74409999999995,0.0,-30018.687300000067,-3.0025475759814606,STOP_LOSS,3.0,8.0,3339.0,0.27355,NEU,
2c77f8eab4ad1954,2025-06-09 08:00:00+00:00,2025-06-16 16:00:00,MSFT,S02,2132,468.86,475.289,0.0,13706.627999999944,0.09790448571428531,SENTIMENT_EOD_SELL,3.0,8.0,10800.0,0.58775,NEU,
e3249b3007bb3c21,2025-06-12 08:00:00+00:00,2025-06-16 16:00:00,AAPL,S02,5019,199.20999999999998,197.07000000000002,0.0,-10740.659999999789,-0.07671899999999848,SENTIMENT_EOD_SELL,3.0,8.0,6480.0,0.36799,NEU,
aa1d8ed62289e47e,2025-06-13 08:00:00+00:00,2025-06-16 16:00:00,AMZN,S02,4764,209.89,213.63,0.0,17817.360000000044,0.12726685714285746,SENTIMENT_EOD_SELL,3.0,8.0,5040.0,0.2644,NEU,
ba2a88b08cd57d20,2025-06-16 08:00:00+00:00,2025-06-16 16:00:00,AVGO,S02,3983,251.01,250.01000000000002,0.0,-3982.9999999998868,-0.02844999999999919,SENTIMENT_EOD_SELL,3.0,8.0,720.0,0.52554,NEU,
cc28098e06904998,2025-06-16 08:00:00+00:00,2025-06-16 16:00:00,TSM,S02,4724,211.64999999999998,213.59,0.0,9164.560000000123,0.06546114285714374,SENTIMENT_EOD_SELL,3.0,8.0,720.0,0.4826428571428571,NEU,
6401a2b145338920,2025-06-16 13:28:00+00:00,2025-06-16 16:00:00,INTU,S02,1315,760.03,771.99,0.0,15727.400000000049,0.11233857142857177,SENTIMENT_EOD_SELL,3.0,8.0,392.0,0.5028666666666667,NEU,
5756641e9d8143cf,2025-06-17 08:00:00+00:00,2025-06-20 14:48:00+00:00,GOOGL,S02,5706,175.23999999999998,169.97279999999998,0.0,-30054.643200000013,-3.005706459712396,STOP_LOSS,3.0,8.0,4728.0,0.3413,NEU,
837b118ba80ca478,2025-06-17 08:00:00+00:00,2025-06-20 19:54:00+00:00,META,S02,1428,700.01,678.9997,0.0,-30002.708400000043,-3.001428551020704,STOP_LOSS,3.0,8.0,5034.0,0.27437,NEU,
4355c560e6cc4568,2025-06-17 08:01:00+00:00,2025-06-20 15:00:00+00:00,TSM,S02,4655,214.79999999999998,208.34599999999998,0.0,-30043.370000000035,-3.0046554934823133,STOP_LOSS,3.0,8.0,4739.0,0.49216666666666664,NEU,
bc54f4558bfb2c24,2025-06-17 08:54:00+00:00,2025-06-17 16:39:00+00:00,ADBE,S02,2507,398.81,386.8357,0.0,-30019.57010000007,-3.0025074596925925,STOP_LOSS,3.0,8.0,465.0,0.53695,NEU,
e0521f43e72df9bc,2025-06-17 08:03:00+00:00,2025-06-20 14:48:00+00:00,QCOM,S02,6407,156.06,151.3682,0.0,-30060.362600000004,-3.00640779187492,STOP_LOSS,3.0,8.0,4725.0,0.2243375,NEU,
628818f626d68c68,2025-06-17 08:02:00+00:00,2025-06-17 16:00:00,MSFT,S02,2103,475.44,476.75,0.0,2754.930000000005,0.019678071428571465,SENTIMENT_EOD_SELL,3.0,8.0,718.0,0.28801,NEU,
1c99f549c21a7d31,2025-06-17 08:46:00+00:00,2025-06-17 16:00:00,CSCO,S02,15339,65.19000000000001,65.21,0.0,306.779999999721,0.0021912857142837214,SENTIMENT_EOD_SELL,3.0,8.0,674.0,0.4592,NEU,
f68525b78bb8dc74,2025-06-17 13:27:00+00:00,2025-06-17 16:00:00,INTU,S02,1302,767.96,764.89,0.0,-3997.140000000065,-0.028551000000000465,SENTIMENT_EOD_SELL,3.0,8.0,393.0,0.45716666666666667,NEU,
317be284fcc80471,2025-06-17 08:00:00+00:00,2025-06-18 09:30:00,AAPL,S02,5062,197.51999999999998,196.14000000000001,0.0,-6985.559999999833,-0.04989685714285595,SENTIMENT_MORNING_SELL,3.0,8.0,1770.0,0.20165000000000002,NEU,
85f9166604a0f692,2025-06-17 08:00:00+00:00,2025-06-23 13:34:00+00:00,AMZN,S02,4671,214.07,207.6379,0.0,-30044.33909999996,-0.29436046214285677,STOP_LOSS,3.0,8.0,8974.0,0.39523,NEU,
fae89fb8ce1c9732,2025-06-17 08:00:00+00:00,2025-06-23 16:36:00+00:00,ORCL,S02,4782,209.09,202.8073,0.0,-30043.871400000025,-0.20961779785714305,STOP_LOSS,3.0,8.0,9156.0,0.44643,NEU,
02297e5233db3639,2025-06-18 08:00:00+00:00,2025-06-20 14:51:00+00:00,TSM,S02,4646,215.20999999999998,208.7437,0.0,-30042.42979999995,-3.004646624227494,STOP_LOSS,3.0,8.0,3291.0,0.4350428571428572,NEU,
e955ab7dd35a11b3,2025-06-18 08:00:00+00:00,2025-06-23 14:00:00+00:00,TSLA,S02,3144,318.01,343.4408,0.0,79954.43520000011,7.996855444797345,TAKE_PROFIT,3.0,8.0,7560.0,0.21957,NEU,
d9122ff547d5a051,2025-06-18 09:04:00+00:00,2025-06-20 18:56:00+00:00,ADBE,S02,2592,385.77,374.1869,0.0,-30023.395200000006,-3.002592218161081,STOP_LOSS,3.0,8.0,3472.0,0.27497,NEU,
579d463ef66655fa,2025-06-18 08:07:00+00:00,2025-06-23 16:36:00+00:00,QCOM,S02,6462,154.73999999999998,150.0878,0.0,-30062.516399999957,-3.006462453147211,STOP_LOSS,3.0,8.0,7709.0,0.303925,NEU,
e09afa9cb2a135f9,2025-06-18 13:30:00+00:00,2025-06-18 16:00:00,INTU,S02,1311,762.38,755.49,0.0,-9032.789999999983,-0.06451992857142844,SENTIMENT_EOD_SELL,3.0,8.0,390.0,0.3316,NEU,
9fdcd12b5c95b57f,2025-06-20 08:00:00+00:00,2025-06-23 09:26:00+00:00,TSM,S02,4677,213.81,207.3857,0.0,-30046.451099999944,-3.0046770497170328,STOP_LOSS,3.0,8.0,4406.0,0.5663888888888889,NEU,
bb36934ff213a58d,2025-06-20 08:00:00+00:00,2025-06-23 11:08:00+00:00,ORCL,S02,4741,210.89,204.55329999999998,0.0,-30042.294700000035,-3.0047418085257753,STOP_LOSS,3.0,8.0,4508.0,0.5861666666666667,NEU,
e73a37444ccdf207,2025-06-17 08:00:00+00:00,2025-06-20 09:30:00,AVGO,S02,3997,250.13,250.81,0.0,2717.9600000000273,0.019414000000000195,SENTIMENT_MORNING_SELL,3.0,8.0,4650.0,0.38798,NEU,
c8b216e8c1b6c204,2025-06-18 08:00:00+00:00,2025-06-20 09:30:00,MSFT,S02,2091,478.15999999999997,480.07,0.0,3993.8100000000522,0.028527214285714655,SENTIMENT_MORNING_SELL,3.0,8.0,3210.0,0.3745,NEU,
5828134a4890ef73,2025-06-20 08:30:00+00:00,2025-06-20 09:30:00,QCOM,S02,6508,153.64,153.62,0.0,-130.15999999988162,-0.0009297142857134401,SENTIMENT_MORNING_SELL,3.0,8.0,300.0,0.5362714285714285,NEU,
43a26fb65fd44564,2025-06-10 08:00:00+00:00,2025-06-25 19:02:00+00:00,NVDA,S02,7012,142.60999999999999,154.0088,0.0,79928.38560000015,0.5298813600000011,TAKE_PROFIT,3.0,8.0,22262.0,0.3785,NEU,
82f289b61bfb4e16,2025-06-20 08:00:00+00:00,2025-06-23 11:08:00+00:00,ORCL,S02,4741,210.89,204.55329999999998,0.0,-30042.294700000035,-3.0047418085257753,STOP_LOSS,3.0,8.0,4508.0,0.45685000000000003,NEU,
e445c949b924c119,2025-06-20 08:53:00+00:00,2025-06-20 16:00:00,ADBE,S02,2653,376.92,375.99,0.0,-2467.290000000018,-0.01762350000000013,SENTIMENT_EOD_SELL,3.0,8.0,667.0,0.41142,NEU,
7b8a7234c335ef9e,2025-06-20 08:00:00+00:00,2025-06-20 16:00:00,MSFT,S02,2082,480.09,477.7867,0.0,-4795.470599999956,-0.03425336142857111,SENTIMENT_EOD_SELL,3.0,8.0,720.0,0.48829,NEU,
e4edfd2defc6a170,2025-06-20 13:27:00+00:00,2025-06-20 16:00:00,INTU,S02,1314,761.0,761.13,0.0,170.81999999999402,0.0012201428571428144,SENTIMENT_EOD_SELL,3.0,8.0,393.0,0.469775,NEU,
fa7be719d9992a58,2025-06-20 08:30:00+00:00,2025-06-20 16:00:00,QCOM,S02,6508,153.64,151.74,0.0,-12365.199999999852,-0.08832285714285608,SENTIMENT_EOD_SELL,3.0,8.0,690.0,0.2548333333333333,NEU,
71bb1f36147952b4,2025-06-18 08:00:00+00:00,2025-06-20 23:59:00+00:00,AAPL,S02,5097,196.16,201.2801,0.0,26097.14970000004,0.18640821214285744,BACKTEST_END,3.0,8.0,3839.0,0.28226999999999997,NEU,
4c0731cd0e6a41ba,2025-06-18 08:00:00+00:00,2025-06-20 23:59:00+00:00,META,S02,1432,698.01,683.78,0.0,-20377.360000000026,-0.14555257142857161,BACKTEST_END,3.0,8.0,3839.0,0.28867000000000004,NEU,
2a616b9f0535e1f4,2025-06-20 08:00:00+00:00,2025-06-20 23:59:00+00:00,AMZN,S02,4701,212.72,210.17000000000002,0.0,-11987.54999999992,-0.08562535714285657,BACKTEST_END,3.0,8.0,959.0,0.32676,NEU,
6dd868c867c9e227,2025-06-20 08:01:00+00:00,2025-06-20 23:58:00+00:00,AVGO,S02,3986,250.82999999999998,249.61,0.0,-4862.919999999882,-0.034735142857142014,BACKTEST_END,3.0,8.0,957.0,0.34482999999999997,NEU,
e0a025187aef6f0e,2025-06-09 08:00:00+00:00,2025-06-11 18:17:00+00:00,AAPL,S03,4877,205.01,198.84969999999998,0.0,-30043.783100000033,-3.0048778108384995,STOP_LOSS,3.0,12.0,3497.0,0.21655000000000002,NEU,
31696640e6163ded,2025-06-09 08:00:00+00:00,2025-06-12 13:46:00+00:00,ORCL,S03,5713,175.01,196.0012,0.0,119922.72560000012,11.99428604079768,TAKE_PROFIT,3.0,12.0,4666.0,0.3024,NEU,
2583f0b988b1395b,2025-06-09 08:02:00+00:00,2025-06-11 18:04:00+00:00,CSCO,S03,15158,65.97,63.9809,0.0,-30150.777800000007,-3.0151584053357596,STOP_LOSS,3.0,12.0,3482.0,0.4429666666666667,NEU,
f1f09207c7191fc8,2025-06-10 08:00:00+00:00,2025-06-13 08:00:00+00:00,AAPL,S03,4946,202.14999999999998,196.07549999999998,0.0,-30044.477000000003,-3.0049468216670796,STOP_LOSS,3.0,12.0,4320.0,0.23548,NEU,
9c1606d3da04a8be,2025-06-10 08:04:00+00:00,2025-06-11 20:05:00+00:00,ORCL,S03,5644,177.16,171.83520000000001,0.0,-30053.1711999999,-3.005644615037244,STOP_LOSS,3.0,12.0,2161.0,0.26996000000000003,NEU,
bb24edbe5b66f4d0,2025-06-10 12:00:00+00:00,2025-06-12 20:16:00+00:00,ADBE,S03,2398,417.0,404.48,0.0,-30022.959999999955,-3.0023980815347677,STOP_LOSS,3.0,12.0,3376.0,0.4857666666666667,NEU,
17ccf530e649da77,2025-06-10 09:29:00+00:00,2025-06-11 18:15:00+00:00,CSCO,S03,15167,65.93,63.9421,0.0,-30150.47930000005,-3.015167602002128,STOP_LOSS,3.0,12.0,1966.0,0.49729999999999996,NEU,
d9ee235699594937,2025-06-09 08:00:00+00:00,2025-06-10 16:00:00,AVGO,S03,4048,247.0,243.9901,0.0,-12184.07519999995,-0.08702910857142822,SENTIMENT_EOD_SELL,3.0,12.0,2160.0,0.3516888888888889,NEU,
aab53f92a2eef4e5,2025-06-11 08:00:00+00:00,2025-06-11 20:05:00+00:00,ORCL,S03,5635,177.45999999999998,172.12619999999998,0.0,-30055.96299999998,-3.0056350726924363,STOP_LOSS,3.0,12.0,725.0,0.35507999999999995,NEU,
5054c25c7385fd14,2025-06-11 08:02:00+00:00,2025-06-12 20:16:00+00:00,ADBE,S03,2403,416.08,403.5876,0.0,-30019.23719999994,-3.0024033839646163,STOP_LOSS,3.0,12.0,2174.0,0.34646,NEU,
391f1130d5296c1e,2025-06-11 08:08:00+00:00,2025-06-11 16:00:00,CSCO,S03,15337,65.2,64.40169999999999,0.0,-12243.527100000181,-0.0874537650000013,SENTIMENT_EOD_SELL,3.0,12.0,712.0,0.33288333333333336,NEU,
9d77c6b4ccc4e57d,2025-06-11 08:00:00+00:00,2025-06-12 09:30:00,AVGO,S03,4107,243.45,251.54000000000002,0.0,33225.63000000013,0.2373259285714295,SENTIMENT_MORNING_SELL,3.0,12.0,1770.0,0.5315444444444445,NEU,
2ae6490e39e24680,2025-06-11 13:30:00+00:00,2025-06-12 09:30:00,INTU,S03,1317,758.8199999999999,764.7,0.0,7743.960000000144,0.05531400000000102,SENTIMENT_MORNING_SELL,3.0,12.0,1440.0,0.2241,NEU,
646159351ba3ad65,2025-06-12 08:00:00+00:00,2025-06-13 16:03:00+00:00,ORCL,S03,5250,190.45999999999998,213.3052,0.0,119937.30000000018,11.994749553712085,TAKE_PROFIT,3.0,12.0,1923.0,0.25153,NEU,
cd6d68516c75281f,2025-06-12 08:02:00+00:00,2025-06-13 11:23:00+00:00,ADBE,S03,2422,412.74,400.3478,0.0,-30013.908400000008,-3.0024228327760825,STOP_LOSS,3.0,12.0,1641.0,0.25891000000000003,NEU,
5ed34a5995ef23a7,2025-06-09 08:00:00+00:00,2025-06-12 16:00:00,AMZN,S03,4680,213.66,211.99,0.0,-7815.599999999941,-0.05582571428571387,SENTIMENT_EOD_SELL,3.0,12.0,5040.0,0.44548,NEU,
94c93fc392aaa4fa,2025-06-10 08:00:00+00:00,2025-06-13 09:30:00,META,S03,1436,695.9399999999999,684.87,0.0,-15896.51999999991,-0.11354657142857079,SENTIMENT_MORNING_SELL,3.0,12.0,4650.0,0.29571000000000003,NEU,
0557c9657103fe38,2025-06-10 08:00:00+00:00,2025-06-13 09:30:00,TSM,S03,4789,208.81,210.99,0.0,10440.020000000033,0.07457157142857165,SENTIMENT_MORNING_SELL,3.0,12.0,4650.0,0.30756,NEU,
32bd9db2d9cab1e3,2025-06-12 08:07:00+00:00,2025-06-13 09:30:00,CSCO,S03,15632,63.97,64.25,0.0,4376.960000000017,0.031264000000000125,SENTIMENT_MORNING_SELL,3.0,12.0,1763.0,0.42275999999999997,NEU,
3023234af2beee85,2025-06-13 08:00:00+00:00,2025-06-13 13:36:00+00:00,ADBE,S03,2496,400.49,388.4653,0.0,-30013.65119999999,-3.0024969412469713,STOP_LOSS,3.0,12.0,336.0,0.20686,NEU,
d1d8713f4f901447,2025-06-13 08:00:00+00:00,2025-06-13 16:00:00,TSM,S03,4739,211.01,210.82000000000002,0.0,-900.4099999998546,-0.0064314999999989615,SENTIMENT_EOD_SELL,3.0,12.0,720.0,0.5517333333333333,NEU,
1c85e50e00ebb31d,2025-06-13 08:04:00+00:00,2025-06-13 16:00:00,CSCO,S03,15559,64.27000000000001,64.17999999999999,0.0,-1400.3100000002742,-0.010002214285716245,SENTIMENT_EOD_SELL,3.0,12.0,716.0,0.30619999999999997,NEU,
f0cf8f3f3f30d049,2025-06-12 08:00:00+00:00,2025-06-16 09:30:00,AVGO,S03,3975,251.56,250.99,0.0,-2265.7499999999727,-0.016183928571428377,SENTIMENT_MORNING_SELL,3.0,12.0,6090.0,0.34302,NEU,
e514c85dd3d6b6ad,2025-06-13 12:00:00+00:00,2025-06-16 09:30:00,INTU,S03,1310,762.8099,760.01,0.0,-3667.8689999999733,-0.0261990642857141,SENTIMENT_MORNING_SELL,3.0,12.0,4410.0,0.2676,NEU,
43226fe585542d4c,2025-06-10 08:00:00+00:00,2025-06-20 14:41:00+00:00,GOOGL,S03,5679,176.07999999999998,170.7876,0.0,-30055.539599999924,-0.04952174285714273,STOP_LOSS,3.0,12.0,14801.0,0.40591999999999995,NEU,
509efdc13be1d0a4,2025-06-16 08:36:00+00:00,2025-06-18 16:15:00+00:00,ADBE,S03,2547,392.53,380.74409999999995,0.0,-30018.687300000067,-3.0025475759814606,STOP_LOSS,3.0,12.0,3339.0,0.27355,NEU,
c351c4e9a5891a78,2025-06-09 08:00:00+00:00,2025-06-16 16:00:00,MSFT,S03,2132,468.86,475.289,0.0,13706.627999999944,0.09790448571428531,SENTIMENT_EOD_SELL,3.0,12.0,10800.0,0.58775,NEU,
257b1293cfcc7ba7,2025-06-09 08:00:00+00:00,2025-06-16 16:00:00,QCOM,S03,6674,149.82,156.16,0.0,42313.160000000025,0.30223685714285736,SENTIMENT_EOD_SELL,3.0,12.0,10800.0,0.49803,NEU,
ba1658c879307ca9,2025-06-12 08:00:00+00:00,2025-06-16 16:00:00,AAPL,S03,5019,199.20999999999998,197.07000000000002,0.0,-10740.659999999789,-0.07671899999999848,SENTIMENT_EOD_SELL,3.0,12.0,6480.0,0.36799,NEU,
f170c06437445834,2025-06-13 08:00:00+00:00,2025-06-16 16:00:00,AMZN,S03,4764,209.89,213.63,0.0,17817.360000000044,0.12726685714285746,SENTIMENT_EOD_SELL,3.0,12.0,5040.0,0.2644,NEU,
88525f630e11db4b,2025-06-16 08:00:00+00:00,2025-06-16 16:00:00,AVGO,S03,3983,251.01,250.01000000000002,0.0,-3982.9999999998868,-0.02844999999999919,SENTIMENT_EOD_SELL,3.0,12.0,720.0,0.52554,NEU,
98ed0bf8673129e2,2025-06-16 08:00:00+00:00,2025-06-16 16:00:00,TSM,S03,4724,211.64999999999998,213.59,0.0,9164.560000000123,0.06546114285714374,SENTIMENT_EOD_SELL,3.0,12.0,720.0,0.4826428571428571,NEU,
08a5543874a443be,2025-06-16 13:28:00+00:00,2025-06-16 16:00:00,INTU,S03,1315,760.03,771.99,0.0,15727.400000000049,0.11233857142857177,SENTIMENT_EOD_SELL,3.0,12.0,392.0,0.5028666666666667,NEU,
a202aaba493b6974,2025-06-17 08:00:00+00:00,2025-06-20 14:48:00+00:00,GOOGL,S03,5706,175.23999999999998,169.97279999999998,0.0,-30054.643200000013,-3.005706459712396,STOP_LOSS,3.0,12.0,4728.0,0.3413,NEU,
22330b1d0eb55afc,2025-06-17 08:00:00+00:00,2025-06-20 19:54:00+00:00,META,S03,1428,700.01,678.9997,0.0,-30002.708400000043,-3.001428551020704,STOP_LOSS,3.0,12.0,5034.0,0.27437,NEU,
f28e386528741040,2025-06-17 08:01:00+00:00,2025-06-20 15:00:00+00:00,TSM,S03,4655,214.79999999999998,208.34599999999998,0.0,-30043.370000000035,-3.0046554934823133,STOP_LOSS,3.0,12.0,4739.0,0.49216666666666664,NEU,
78ced56c052d7f3a,2025-06-17 08:54:00+00:00,2025-06-17 16:39:00+00:00,ADBE,S03,2507,398.81,386.8357,0.0,-30019.57010000007,-3.0025074596925925,STOP_LOSS,3.0,12.0,465.0,0.53695,NEU,
5db6279d84f6ddb5,2025-06-17 08:03:00+00:00,2025-06-20 14:48:00+00:00,QCOM,S03,6407,156.06,151.3682,0.0,-30060.362600000004,-3.00640779187492,STOP_LOSS,3.0,12.0,4725.0,0.2243375,NEU,
1224e04b083e5a3a,2025-06-17 08:02:00+00:00,2025-06-17 16:00:00,MSFT,S03,2103,475.44,476.75,0.0,2754.930000000005,0.019678071428571465,SENTIMENT_EOD_SELL,3.0,12.0,718.0,0.28801,NEU,
9ec73e370fc5ffb4,2025-06-17 08:46:00+00:00,2025-06-17 16:00:00,CSCO,S03,15339,65.19000000000001,65.21,0.0,306.779999999721,0.0021912857142837214,SENTIMENT_EOD_SELL,3.0,12.0,674.0,0.4592,NEU,
2cbac6d550bbdbdf,2025-06-17 13:27:00+00:00,2025-06-17 16:00:00,INTU,S03,1302,767.96,764.89,0.0,-3997.140000000065,-0.028551000000000465,SENTIMENT_EOD_SELL,3.0,12.0,393.0,0.45716666666666667,NEU,
b3e7394322a65743,2025-06-17 08:00:00+00:00,2025-06-18 09:30:00,AAPL,S03,5062,197.51999999999998,196.14000000000001,0.0,-6985.559999999833,-0.04989685714285595,SENTIMENT_MORNING_SELL,3.0,12.0,1770.0,0.20165000000000002,NEU,
c118ed03e84b5b6f,2025-06-17 08:00:00+00:00,2025-06-23 13:34:00+00:00,AMZN,S03,4671,214.07,207.6379,0.0,-30044.33909999996,-0.29436046214285677,STOP_LOSS,3.0,12.0,8974.0,0.39523,NEU,
207096e639ae5325,2025-06-18 08:00:00+00:00,2025-06-20 14:51:00+00:00,TSM,S03,4646,215.20999999999998,208.7437,0.0,-30042.42979999995,-3.004646624227494,STOP_LOSS,3.0,12.0,3291.0,0.4350428571428572,NEU,
8755628199bc3ba1,2025-06-18 08:00:00+00:00,2025-06-23 14:46:00+00:00,TSLA,S03,3144,318.01,356.1612,0.0,119947.37280000006,11.99685544479734,TAKE_PROFIT,3.0,12.0,7606.0,0.21957,NEU,
20a0915110b42012,2025-06-18 09:04:00+00:00,2025-06-20 18:56:00+00:00,ADBE,S03,2592,385.77,374.1869,0.0,-30023.395200000006,-3.002592218161081,STOP_LOSS,3.0,12.0,3472.0,0.27497,NEU,
252ad7a3e9fe5549,2025-06-18 08:07:00+00:00,2025-06-23 16:36:00+00:00,QCOM,S03,6462,154.73999999999998,150.0878,0.0,-30062.516399999957,-3.006462453147211,STOP_LOSS,3.0,12.0,7709.0,0.303925,NEU,
b6f7ac6dcda50798,2025-06-18 13:30:00+00:00,2025-06-18 16:00:00,INTU,S03,1311,762.38,755.49,0.0,-9032.789999999983,-0.06451992857142844,SENTIMENT_EOD_SELL,3.0,12.0,390.0,0.3316,NEU,
a3075584af4f64ae,2025-06-20 08:00:00+00:00,2025-06-23 09:26:00+00:00,TSM,S03,4677,213.81,207.3857,0.0,-30046.451099999944,-3.0046770497170328,STOP_LOSS,3.0,12.0,4406.0,0.5663888888888889,NEU,
b8d3a77c0dba5df2,2025-06-13 08:00:00+00:00,2025-06-20 09:30:00,ORCL,S03,5081,196.79,210.87,0.0,71540.48000000007,0.5110034285714291,SENTIMENT_MORNING_SELL,3.0,12.0,10410.0,0.29684,NEU,
f6bd90266e4e0ba5,2025-06-17 08:00:00+00:00,2025-06-20 09:30:00,AVGO,S03,3997,250.13,250.81,0.0,2717.9600000000273,0.019414000000000195,SENTIMENT_MORNING_SELL,3.0,12.0,4650.0,0.38798,NEU,
daebda9a0c15ed47,2025-06-18 08:00:00+00:00,2025-06-20 09:30:00,MSFT,S03,2091,478.15999999999997,480.07,0.0,3993.8100000000522,0.028527214285714655,SENTIMENT_MORNING_SELL,3.0,12.0,3210.0,0.3745,NEU,
221c51e9e7d80c33,2025-06-20 08:30:00+00:00,2025-06-20 09:30:00,QCOM,S03,6508,153.64,153.62,0.0,-130.15999999988162,-0.0009297142857134401,SENTIMENT_MORNING_SELL,3.0,12.0,300.0,0.5362714285714285,NEU,
2487a4a2710847f5,2025-06-20 08:00:00+00:00,2025-06-23 11:08:00+00:00,ORCL,S03,4741,210.89,204.55329999999998,0.0,-30042.294700000035,-3.0047418085257753,STOP_LOSS,3.0,12.0,4508.0,0.45685000000000003,NEU,
34b3fb8964a0e2ff,2025-06-20 08:53:00+00:00,2025-06-20 16:00:00,ADBE,S03,2653,376.92,375.99,0.0,-2467.290000000018,-0.01762350000000013,SENTIMENT_EOD_SELL,3.0,12.0,667.0,0.41142,NEU,
dd481b8ae9b138bb,2025-06-20 08:00:00+00:00,2025-06-20 16:00:00,MSFT,S03,2082,480.09,477.7867,0.0,-4795.470599999956,-0.03425336142857111,SENTIMENT_EOD_SELL,3.0,12.0,720.0,0.48829,NEU,
b969d63f454325be,2025-06-20 13:27:00+00:00,2025-06-20 16:00:00,INTU,S03,1314,761.0,761.13,0.0,170.81999999999402,0.0012201428571428144,SENTIMENT_EOD_SELL,3.0,12.0,393.0,0.469775,NEU,
b07f67722c8665b1,2025-06-20 08:30:00+00:00,2025-06-20 16:00:00,QCOM,S03,6508,153.64,151.74,0.0,-12365.199999999852,-0.08832285714285608,SENTIMENT_EOD_SELL,3.0,12.0,690.0,0.2548333333333333,NEU,
4ff3ea05ae05749b,2025-06-10 08:00:00+00:00,2025-06-20 23:59:00+00:00,NVDA,S03,7012,142.60999999999999,143.601,0.0,6948.892000000097,0.04963494285714355,BACKTEST_END,3.0,12.0,15359.0,0.3785,NEU,
a5c391d3e0b92af5,2025-06-18 08:00:00+00:00,2025-06-20 23:59:00+00:00,AAPL,S03,5097,196.16,201.2801,0.0,26097.14970000004,0.18640821214285744,BACKTEST_END,3.0,12.0,3839.0,0.28226999999999997,NEU,
cb53384b5151d40a,2025-06-18 08:00:00+00:00,2025-06-20 23:59:00+00:00,META,S03,1432,698.01,683.78,0.0,-20377.360000000026,-0.14555257142857161,BACKTEST_END,3.0,12.0,3839.0,0.28867000000000004,NEU,
59a2af3090f016e5,2025-06-20 08:00:00+00:00,2025-06-20 23:59:00+00:00,AMZN,S03,4701,212.72,210.17000000000002,0.0,-11987.54999999992,-0.08562535714285657,BACKTEST_END,3.0,12.0,959.0,0.32676,NEU,
71652de9316bd8ac,2025-06-20 08:01:00+00:00,2025-06-20 23:58:00+00:00,AVGO,S03,3986,250.82999999999998,249.61,0.0,-4862.919999999882,-0.034735142857142014,BACKTEST_END,3.0,12.0,957.0,0.34482999999999997,NEU,
9c749bc11e5092fb,2025-06-09 08:00:00+00:00,2025-06-11 18:17:00+00:00,AAPL,S04,4877,205.01,198.84969999999998,0.0,-30043.783100000033,-3.0048778108384995,STOP_LOSS,3.0,20.0,3497.0,0.21655000000000002,NEU,
3f39730e26688479,2025-06-09 08:00:00+00:00,2025-06-13 14:42:00+00:00,ORCL,S04,5713,175.01,210.00199999999998,0.0,199909.29599999994,19.99428604079766,TAKE_PROFIT,3.0,20.0,6162.0,0.3024,NEU,
40c8924aae8ccf4d,2025-06-09 08:02:00+00:00,2025-06-11 18:04:00+00:00,CSCO,S04,15158,65.97,63.9809,0.0,-30150.777800000007,-3.0151584053357596,STOP_LOSS,3.0,20.0,3482.0,0.4429666666666667,NEU,
6e9971395ed4660a,2025-06-10 08:00:00+00:00,2025-06-13 08:00:00+00:00,AAPL,S04,4946,202.14999999999998,196.07549999999998,0.0,-30044.477000000003,-3.0049468216670796,STOP_LOSS,3.0,20.0,4320.0,0.23548,NEU,
c98c5f5479e257c2,2025-06-10 08:04:00+00:00,2025-06-11 20:05:00+00:00,ORCL,S04,5644,177.16,171.83520000000001,0.0,-30053.1711999999,-3.005644615037244,STOP_LOSS,3.0,20.0,2161.0,0.26996000000000003,NEU,
6c10ac65296b36a8,2025-06-10 12:00:00+00:00,2025-06-12 20:16:00+00:00,ADBE,S04,2398,417.0,404.48,0.0,-30022.959999999955,-3.0023980815347677,STOP_LOSS,3.0,20.0,3376.0,0.4857666666666667,NEU,
b257079a5ace91b4,2025-06-10 09:29:00+00:00,2025-06-11 18:15:00+00:00,CSCO,S04,15167,65.93,63.9421,0.0,-30150.47930000005,-3.015167602002128,STOP_LOSS,3.0,20.0,1966.0,0.49729999999999996,NEU,
031a6dd55c84b63c,2025-06-09 08:00:00+00:00,2025-06-10 16:00:00,AVGO,S04,4048,247.0,243.9901,0.0,-12184.07519999995,-0.08702910857142822,SENTIMENT_EOD_SELL,3.0,20.0,2160.0,0.3516888888888889,NEU,
dc3a1667bd113e28,2025-06-11 08:00:00+00:00,2025-06-11 20:05:00+00:00,ORCL,S04,5635,177.45999999999998,172.12619999999998,0.0,-30055.96299999998,-3.0056350726924363,STOP_LOSS,3.0,20.0,725.0,0.35507999999999995,NEU,
2333a056f9b7355f,2025-06-11 08:02:00+00:00,2025-06-12 20:16:00+00:00,ADBE,S04,2403,416.08,403.5876,0.0,-30019.23719999994,-3.0024033839646163,STOP_LOSS,3.0,20.0,2174.0,0.34646,NEU,
5f1b52c68982c298,2025-06-11 08:08:00+00:00,2025-06-11 16:00:00,CSCO,S04,15337,65.2,64.40169999999999,0.0,-12243.527100000181,-0.0874537650000013,SENTIMENT_EOD_SELL,3.0,20.0,712.0,0.33288333333333336,NEU,
55434737fc90c06c,2025-06-11 08:00:00+00:00,2025-06-12 09:30:00,AVGO,S04,4107,243.45,251.54000000000002,0.0,33225.63000000013,0.2373259285714295,SENTIMENT_MORNING_SELL,3.0,20.0,1770.0,0.5315444444444445,NEU,
bf285dc54a4c045a,2025-06-11 13:30:00+00:00,2025-06-12 09:30:00,INTU,S04,1317,758.8199999999999,764.7,0.0,7743.960000000144,0.05531400000000102,SENTIMENT_MORNING_SELL,3.0,20.0,1440.0,0.2241,NEU,
2000f170540ac2c7,2025-06-12 08:02:00+00:00,2025-06-13 11:23:00+00:00,ADBE,S04,2422,412.74,400.3478,0.0,-30013.908400000008,-3.0024228327760825,STOP_LOSS,3.0,20.0,1641.0,0.25891000000000003,NEU,
14664e89bcec40b8,2025-06-09 08:00:00+00:00,2025-06-12 16:00:00,AMZN,S04,4680,213.66,211.99,0.0,-7815.599999999941,-0.05582571428571387,SENTIMENT_EOD_SELL,3.0,20.0,5040.0,0.44548,NEU,
e3fb90d86e5c53d2,2025-06-10 08:00:00+00:00,2025-06-13 09:30:00,META,S04,1436,695.9399999999999,684.87,0.0,-15896.51999999991,-0.11354657142857079,SENTIMENT_MORNING_SELL,3.0,20.0,4650.0,0.29571000000000003,NEU,
dad3cc753b50cc0c,2025-06-10 08:00:00+00:00,2025-06-13 09:30:00,TSM,S04,4789,208.81,210.99,0.0,10440.020000000033,0.07457157142857165,SENTIMENT_MORNING_SELL,3.0,20.0,4650.0,0.30756,NEU,
7d597db65e4264f7,2025-06-12 08:07:00+00:00,2025-06-13 09:30:00,CSCO,S04,15632,63.97,64.25,0.0,4376.960000000017,0.031264000000000125,SENTIMENT_MORNING_SELL,3.0,20.0,1763.0,0.42275999999999997,NEU,
1bc9cf27fdb107bf,2025-06-13 08:00:00+00:00,2025-06-13 13:36:00+00:00,ADBE,S04,2496,400.49,388.4653,0.0,-30013.65119999999,-3.0024969412469713,STOP_LOSS,3.0,20.0,336.0,0.20686,NEU,
c8c4a88d43450f00,2025-06-13 08:00:00+00:00,2025-06-13 16:00:00,TSM,S04,4739,211.01,210.82000000000002,0.0,-900.4099999998546,-0.0064314999999989615,SENTIMENT_EOD_SELL,3.0,20.0,720.0,0.5517333333333333,NEU,
ee74739503fa6005,2025-06-13 08:04:00+00:00,2025-06-13 16:00:00,CSCO,S04,15559,64.27000000000001,64.17999999999999,0.0,-1400.3100000002742,-0.010002214285716245,SENTIMENT_EOD_SELL,3.0,20.0,716.0,0.30619999999999997,NEU,
414d1626ecb91bc3,2025-06-12 08:00:00+00:00,2025-06-16 09:30:00,AVGO,S04,3975,251.56,250.99,0.0,-2265.7499999999727,-0.016183928571428377,SENTIMENT_MORNING_SELL,3.0,20.0,6090.0,0.34302,NEU,
1a0ad6d23b30a980,2025-06-13 12:00:00+00:00,2025-06-16 09:30:00,INTU,S04,1310,762.8099,760.01,0.0,-3667.8689999999733,-0.0261990642857141,SENTIMENT_MORNING_SELL,3.0,20.0,4410.0,0.2676,NEU,
93f5f20fa48fa0cb,2025-06-10 08:00:00+00:00,2025-06-20 14:41:00+00:00,GOOGL,S04,5679,176.07999999999998,170.7876,0.0,-30055.539599999924,-0.04952174285714273,STOP_LOSS,3.0,20.0,14801.0,0.40591999999999995,NEU,
e75c33c2fbf73247,2025-06-16 08:36:00+00:00,2025-06-18 16:15:00+00:00,ADBE,S04,2547,392.53,380.74409999999995,0.0,-30018.687300000067,-3.0025475759814606,STOP_LOSS,3.0,20.0,3339.0,0.27355,NEU,
a7aba8ce766c5a17,2025-06-09 08:00:00+00:00,2025-06-16 16:00:00,MSFT,S04,2132,468.86,475.289,0.0,13706.627999999944,0.09790448571428531,SENTIMENT_EOD_SELL,3.0,20.0,10800.0,0.58775,NEU,
cb0c3fc37c138b55,2025-06-09 08:00:00+00:00,2025-06-16 16:00:00,QCOM,S04,6674,149.82,156.16,0.0,42313.160000000025,0.30223685714285736,SENTIMENT_EOD_SELL,3.0,20.0,10800.0,0.49803,NEU,
037000924881d24e,2025-06-12 08:00:00+00:00,2025-06-16 16:00:00,AAPL,S04,5019,199.20999999999998,197.07000000000002,0.0,-10740.659999999789,-0.07671899999999848,SENTIMENT_EOD_SELL,3.0,20.0,6480.0,0.36799,NEU,
e3437821e2f37403,2025-06-13 08:00:00+00:00,2025-06-16 16:00:00,AMZN,S04,4764,209.89,213.63,0.0,17817.360000000044,0.12726685714285746,SENTIMENT_EOD_SELL,3.0,20.0,5040.0,0.2644,NEU,
560f4488c8d01510,2025-06-16 08:00:00+00:00,2025-06-16 16:00:00,AVGO,S04,3983,251.01,250.01000000000002,0.0,-3982.9999999998868,-0.02844999999999919,SENTIMENT_EOD_SELL,3.0,20.0,720.0,0.52554,NEU,
534e9ae27568f08b,2025-06-16 08:00:00+00:00,2025-06-16 16:00:00,TSM,S04,4724,211.64999999999998,213.59,0.0,9164.560000000123,0.06546114285714374,SENTIMENT_EOD_SELL,3.0,20.0,720.0,0.4826428571428571,NEU,
0a17984cea62121d,2025-06-16 13:28:00+00:00,2025-06-16 16:00:00,INTU,S04,1315,760.03,771.99,0.0,15727.400000000049,0.11233857142857177,SENTIMENT_EOD_SELL,3.0,20.0,392.0,0.5028666666666667,NEU,
4b4ca72c0c00b9af,2025-06-17 08:00:00+00:00,2025-06-20 14:48:00+00:00,GOOGL,S04,5706,175.23999999999998,169.97279999999998,0.0,-30054.643200000013,-3.005706459712396,STOP_LOSS,3.0,20.0,4728.0,0.3413,NEU,
d55f4ce41a039c83,2025-06-17 08:00:00+00:00,2025-06-20 19:54:00+00:00,META,S04,1428,700.01,678.9997,0.0,-30002.708400000043,-3.001428551020704,STOP_LOSS,3.0,20.0,5034.0,0.27437,NEU,
0a923553a3782619,2025-06-17 08:01:00+00:00,2025-06-20 15:00:00+00:00,TSM,S04,4655,214.79999999999998,208.34599999999998,0.0,-30043.370000000035,-3.0046554934823133,STOP_LOSS,3.0,20.0,4739.0,0.49216666666666664,NEU,
3af54f0fedc72332,2025-06-17 08:54:00+00:00,2025-06-17 16:39:00+00:00,ADBE,S04,2507,398.81,386.8357,0.0,-30019.57010000007,-3.0025074596925925,STOP_LOSS,3.0,20.0,465.0,0.53695,NEU,
562cac1a522328c8,2025-06-17 08:03:00+00:00,2025-06-20 14:48:00+00:00,QCOM,S04,6407,156.06,151.3682,0.0,-30060.362600000004,-3.00640779187492,STOP_LOSS,3.0,20.0,4725.0,0.2243375,NEU,
8b5945ad026ae861,2025-06-17 08:02:00+00:00,2025-06-17 16:00:00,MSFT,S04,2103,475.44,476.75,0.0,2754.930000000005,0.019678071428571465,SENTIMENT_EOD_SELL,3.0,20.0,718.0,0.28801,NEU,
099220bf902da025,2025-06-17 08:46:00+00:00,2025-06-17 16:00:00,CSCO,S04,15339,65.19000000000001,65.21,0.0,306.779999999721,0.0021912857142837214,SENTIMENT_EOD_SELL,3.0,20.0,674.0,0.4592,NEU,
390cd166b928e28a,2025-06-17 13:27:00+00:00,2025-06-17 16:00:00,INTU,S04,1302,767.96,764.89,0.0,-3997.140000000065,-0.028551000000000465,SENTIMENT_EOD_SELL,3.0,20.0,393.0,0.45716666666666667,NEU,
4236a4ed768eb9ac,2025-06-17 08:00:00+00:00,2025-06-18 09:30:00,AAPL,S04,5062,197.51999999999998,196.14000000000001,0.0,-6985.559999999833,-0.04989685714285595,SENTIMENT_MORNING_SELL,3.0,20.0,1770.0,0.20165000000000002,NEU,
a2ff58b4568a3265,2025-06-17 08:00:00+00:00,2025-06-23 13:34:00+00:00,AMZN,S04,4671,214.07,207.6379,0.0,-30044.33909999996,-0.29436046214285677,STOP_LOSS,3.0,20.0,8974.0,0.39523,NEU,
201784379c856c7b,2025-06-18 08:00:00+00:00,2025-06-20 14:51:00+00:00,TSM,S04,4646,215.20999999999998,208.7437,0.0,-30042.42979999995,-3.004646624227494,STOP_LOSS,3.0,20.0,3291.0,0.4350428571428572,NEU,
b7b2e66cf050998d,2025-06-18 09:04:00+00:00,2025-06-20 18:56:00+00:00,ADBE,S04,2592,385.77,374.1869,0.0,-30023.395200000006,-3.002592218161081,STOP_LOSS,3.0,20.0,3472.0,0.27497,NEU,
7a01b18f9f362edc,2025-06-18 08:07:00+00:00,2025-06-23 16:36:00+00:00,QCOM,S04,6462,154.73999999999998,150.0878,0.0,-30062.516399999957,-3.006462453147211,STOP_LOSS,3.0,20.0,7709.0,0.303925,NEU,
3efe4a8ea8044895,2025-06-18 08:00:00+00:00,2025-06-18 16:00:00,TSLA,S04,3144,318.01,322.49,0.0,14085.120000000057,0.1006080000000004,SENTIMENT_EOD_SELL,3.0,20.0,720.0,0.21957,NEU,
a0fc4ab93d7c956d,2025-06-18 13:30:00+00:00,2025-06-18 16:00:00,INTU,S04,1311,762.38,755.49,0.0,-9032.789999999983,-0.06451992857142844,SENTIMENT_EOD_SELL,3.0,20.0,390.0,0.3316,NEU,
53b2c0daba78db5f,2025-06-20 08:00:00+00:00,2025-06-23 09:26:00+00:00,TSM,S04,4677,213.81,207.3857,0.0,-30046.451099999944,-3.0046770497170328,STOP_LOSS,3.0,20.0,4406.0,0.5663888888888889,NEU,
a1d6076a9abb11d2,2025-06-12 08:00:00+00:00,2025-06-20 09:30:00,ORCL,S04,5250,190.45999999999998,210.87,0.0,107152.50000000013,0.7653750000000009,SENTIMENT_MORNING_SELL,3.0,20.0,11850.0,0.25153,NEU,
6c7072357397702e,2025-06-17 08:00:00+00:00,2025-06-20 09:30:00,AVGO,S04,3997,250.13,250.81,0.0,2717.9600000000273,0.019414000000000195,SENTIMENT_MORNING_SELL,3.0,20.0,4650.0,0.38798,NEU,
d966d4552cb3f779,2025-06-18 08:00:00+00:00,2025-06-20 09:30:00,MSFT,S04,2091,478.15999999999997,480.07,0.0,3993.8100000000522,0.028527214285714655,SENTIMENT_MORNING_SELL,3.0,20.0,3210.0,0.3745,NEU,
bd2501ffcfc2ddb4,2025-06-20 08:30:00+00:00,2025-06-20 09:30:00,QCOM,S04,6508,153.64,153.62,0.0,-130.15999999988162,-0.0009297142857134401,SENTIMENT_MORNING_SELL,3.0,20.0,300.0,0.5362714285714285,NEU,
5987983a1de138b0,2025-06-20 08:00:00+00:00,2025-06-23 11:08:00+00:00,ORCL,S04,4741,210.89,204.55329999999998,0.0,-30042.294700000035,-3.0047418085257753,STOP_LOSS,3.0,20.0,4508.0,0.45685000000000003,NEU,
667c96cfa156d5e2,2025-06-20 08:53:00+00:00,2025-06-20 16:00:00,ADBE,S04,2653,376.92,375.99,0.0,-2467.290000000018,-0.01762350000000013,SENTIMENT_EOD_SELL,3.0,20.0,667.0,0.41142,NEU,
b90d8f08f6ba0132,2025-06-20 08:00:00+00:00,2025-06-20 16:00:00,MSFT,S04,2082,480.09,477.7867,0.0,-4795.470599999956,-0.03425336142857111,SENTIMENT_EOD_SELL,3.0,20.0,720.0,0.48829,NEU,
f868e5f4f11fe4ea,2025-06-20 13:27:00+00:00,2025-06-20 16:00:00,INTU,S04,1314,761.0,761.13,0.0,170.81999999999402,0.0012201428571428144,SENTIMENT_EOD_SELL,3.0,20.0,393.0,0.469775,NEU,
cf9e6b8bd850dcc9,2025-06-20 08:30:00+00:00,2025-06-20 16:00:00,QCOM,S04,6508,153.64,151.74,0.0,-12365.199999999852,-0.08832285714285608,SENTIMENT_EOD_SELL,3.0,20.0,690.0,0.2548333333333333,NEU,
11c56fbe4840bb7e,2025-06-10 08:00:00+00:00,2025-06-20 23:59:00+00:00,NVDA,S04,7012,142.60999999999999,143.601,0.0,6948.892000000097,0.04963494285714355,BACKTEST_END,3.0,20.0,15359.0,0.3785,NEU,
dda08cf8e72400bb,2025-06-18 08:00:00+00:00,2025-06-20 23:59:00+00:00,AAPL,S04,5097,196.16,201.2801,0.0,26097.14970000004,0.18640821214285744,BACKTEST_END,3.0,20.0,3839.0,0.28226999999999997,NEU,
6bbcd949fe5dc1d4,2025-06-18 08:00:00+00:00,2025-06-20 23:59:00+00:00,META,S04,1432,698.01,683.78,0.0,-20377.360000000026,-0.14555257142857161,BACKTEST_END,3.0,20.0,3839.0,0.28867000000000004,NEU,
b4b736190df5ba37,2025-06-20 08:00:00+00:00,2025-06-20 23:59:00+00:00,AMZN,S04,4701,212.72,210.17000000000002,0.0,-11987.54999999992,-0.08562535714285657,BACKTEST_END,3.0,20.0,959.0,0.32676,NEU,
f9bfeb3dfebae29a,2025-06-20 08:01:00+00:00,2025-06-20 23:58:00+00:00,AVGO,S04,3986,250.82999999999998,249.61,0.0,-4862.919999999882,-0.034735142857142014,BACKTEST_END,3.0,20.0,957.0,0.34482999999999997,NEU,
08a8f14f9fd6e80c,2025-06-09 08:00:00+00:00,2025-06-11 20:09:00+00:00,ORCL,S05,5713,175.01,183.75050000000002,0.0,49934.47650000015,4.994286040797684,TAKE_PROFIT,5.0,5.0,3609.0,0.3024,NEU,
10acd148b58e45d9,2025-06-09 08:00:00+00:00,2025-06-10 10:16:00+00:00,QCOM,S05,6674,149.82,157.30100000000002,0.0,49928.194000000156,4.993325323721815,TAKE_PROFIT,5.0,5.0,1576.0,0.49803,NEU,
e817e379bdf030b9,2025-06-09 08:02:00+00:00,2025-06-09 16:00:00,CSCO,S05,15158,65.97,65.91,0.0,-909.4800000000345,-0.006496285714285961,SENTIMENT_EOD_SELL,5.0,5.0,718.0,0.4429666666666667,NEU,
9252b949a5c7eb69,2025-06-10 08:04:00+00:00,2025-06-11 20:11:00+00:00,ORCL,S05,5644,177.16,186.008,0.0,49938.112000000074,4.994355384962753,TAKE_PROFIT,5.0,5.0,2167.0,0.26996000000000003,NEU,
1edb418590acb867,2025-06-10 12:00:00+00:00,2025-06-12 20:05:00+00:00,ADBE,S05,2398,417.0,437.84000000000003,0.0,49974.32000000008,4.997601918465236,TAKE_PROFIT,5.0,5.0,3365.0,0.4857666666666667,NEU,
9cab114bb7e24bbe,2025-06-09 08:00:00+00:00,2025-06-10 16:00:00,AVGO,S05,4048,247.0,243.9901,0.0,-12184.07519999995,-0.08702910857142822,SENTIMENT_EOD_SELL,5.0,5.0,2160.0,0.3516888888888889,NEU,
efb556766b91925d,2025-06-11 08:00:00+00:00,2025-06-12 14:07:00+00:00,AVGO,S05,4107,243.45,255.6125,0.0,49951.38750000009,4.995892380365588,TAKE_PROFIT,5.0,5.0,1807.0,0.5315444444444445,NEU,
8c6c293d01bd535c,2025-06-11 08:00:00+00:00,2025-06-11 20:11:00+00:00,ORCL,S05,5635,177.45999999999998,186.323,0.0,49943.00500000016,4.994364927307578,TAKE_PROFIT,5.0,5.0,731.0,0.35507999999999995,NEU,
9ac11cb6b11557a7,2025-06-11 08:02:00+00:00,2025-06-12 20:05:00+00:00,ADBE,S05,2403,416.08,436.874,0.0,49967.9820000001,4.997596616035388,TAKE_PROFIT,5.0,5.0,2163.0,0.34646,NEU,
8777eeac037f4851,2025-06-10 09:29:00+00:00,2025-06-11 16:00:00,CSCO,S05,15167,65.93,64.40169999999999,0.0,-23179.72610000024,-0.16556947214285886,SENTIMENT_EOD_SELL,5.0,5.0,2071.0,0.49729999999999996,NEU,
608a7779f101593e,2025-06-11 13:30:00+00:00,2025-06-12 09:30:00,INTU,S05,1317,758.8199999999999,764.7,0.0,7743.960000000144,0.05531400000000102,SENTIMENT_MORNING_SELL,5.0,5.0,1440.0,0.2241,NEU,
c8e9ed875400fcce,2025-06-12 08:00:00+00:00,2025-06-12 14:21:00+00:00,ORCL,S05,5250,190.45999999999998,199.97299999999998,0.0,49943.25000000003,4.994749553712069,TAKE_PROFIT,5.0,5.0,381.0,0.25153,NEU,
7cf0acc469155a6c,2025-06-12 08:02:00+00:00,2025-06-12 20:05:00+00:00,ADBE,S05,2422,412.74,433.367,0.0,49958.59400000003,4.997577167223921,TAKE_PROFIT,5.0,5.0,723.0,0.25891000000000003,NEU,
ba129a0f5ea61246,2025-06-09 08:00:00+00:00,2025-06-12 16:00:00,AMZN,S05,4680,213.66,211.99,0.0,-7815.599999999941,-0.05582571428571387,SENTIMENT_EOD_SELL,5.0,5.0,5040.0,0.44548,NEU,
87be918c4ddac2cc,2025-06-10 08:00:00+00:00,2025-06-13 09:30:00,META,S05,1436,695.9399999999999,684.87,0.0,-15896.51999999991,-0.11354657142857079,SENTIMENT_MORNING_SELL,5.0,5.0,4650.0,0.29571000000000003,NEU,
85bd3bda29706bed,2025-06-10 08:00:00+00:00,2025-06-13 09:30:00,TSM,S05,4789,208.81,210.99,0.0,10440.020000000033,0.07457157142857165,SENTIMENT_MORNING_SELL,5.0,5.0,4650.0,0.30756,NEU,
9263301d18d97e50,2025-06-12 08:07:00+00:00,2025-06-13 09:30:00,CSCO,S05,15632,63.97,64.25,0.0,4376.960000000017,0.031264000000000125,SENTIMENT_MORNING_SELL,5.0,5.0,1763.0,0.42275999999999997,NEU,
ff155a8938c8d694,2025-06-13 08:00:00+00:00,2025-06-13 14:06:00+00:00,ORCL,S05,5081,196.79,206.61950000000002,0.0,49943.689500000124,4.994918440977704,TAKE_PROFIT,5.0,5.0,366.0,0.29684,NEU,
66ee1bca2743a143,2025-06-13 08:00:00+00:00,2025-06-18 16:16:00+00:00,ADBE,S05,2496,400.49,380.4555,0.0,-50006.112000000096,-5.0024969412469815,STOP_LOSS,5.0,5.0,7696.0,0.20686,NEU,
27ee0c7de9b0f071,2025-06-13 08:00:00+00:00,2025-06-13 16:00:00,TSM,S05,4739,211.01,210.82000000000002,0.0,-900.4099999998546,-0.0064314999999989615,SENTIMENT_EOD_SELL,5.0,5.0,720.0,0.5517333333333333,NEU,
87c800c94b80565f,2025-06-13 08:04:00+00:00,2025-06-13 16:00:00,CSCO,S05,15559,64.27000000000001,64.17999999999999,0.0,-1400.3100000002742,-0.010002214285716245,SENTIMENT_EOD_SELL,5.0,5.0,716.0,0.30619999999999997,NEU,
d28a6ffe926c25fc,2025-06-12 08:00:00+00:00,2025-06-16 09:30:00,AVGO,S05,3975,251.56,250.99,0.0,-2265.7499999999727,-0.016183928571428377,SENTIMENT_MORNING_SELL,5.0,5.0,6090.0,0.34302,NEU,
072c1bc50dc0ce70,2025-06-13 12:00:00+00:00,2025-06-16 09:30:00,INTU,S05,1310,762.8099,760.01,0.0,-3667.8689999999733,-0.0261990642857141,SENTIMENT_MORNING_SELL,5.0,5.0,4410.0,0.2676,NEU,
bbc3346be252d975,2025-06-10 08:00:00+00:00,2025-06-20 19:35:00+00:00,GOOGL,S05,5679,176.07999999999998,167.266,0.0,-50054.70599999996,-0.08247385714285708,STOP_LOSS,5.0,5.0,15095.0,0.40591999999999995,NEU,
f855ea034b7f15bb,2025-06-16 08:00:00+00:00,2025-06-20 19:48:00+00:00,ORCL,S05,4627,216.12,205.304,0.0,-50045.63200000001,-5.004627059041274,STOP_LOSS,5.0,5.0,6468.0,0.29949,NEU,
3886f716e22ef31a,2025-06-09 08:00:00+00:00,2025-06-16 16:00:00,MSFT,S05,2132,468.86,475.289,0.0,13706.627999999944,0.09790448571428531,SENTIMENT_EOD_SELL,5.0,5.0,10800.0,0.58775,NEU,
aaadfd8c1fd6becc,2025-06-09 08:00:00+00:00,2025-06-16 16:00:00,AAPL,S05,4877,205.01,197.07000000000002,0.0,-38723.37999999985,-0.27659557142857033,SENTIMENT_EOD_SELL,5.0,5.0,10800.0,0.21655000000000002,NEU,
fb092309a31ddf68,2025-06-10 08:03:00+00:00,2025-06-16 16:00:00,QCOM,S05,6408,156.04,156.16,0.0,768.9600000000291,0.005492571428571637,SENTIMENT_EOD_SELL,5.0,5.0,9357.0,0.366275,NEU,
ccd17e74d03869fa,2025-06-13 08:00:00+00:00,2025-06-16 16:00:00,AMZN,S05,4764,209.89,213.63,0.0,17817.360000000044,0.12726685714285746,SENTIMENT_EOD_SELL,5.0,5.0,5040.0,0.2644,NEU,
19c49cf9653acab4,2025-06-16 08:00:00+00:00,2025-06-16 16:00:00,AVGO,S05,3983,251.01,250.01000000000002,0.0,-3982.9999999998868,-0.02844999999999919,SENTIMENT_EOD_SELL,5.0,5.0,720.0,0.52554,NEU,
a304ace2bd5de6c7,2025-06-16 08:00:00+00:00,2025-06-16 16:00:00,TSM,S05,4724,211.64999999999998,213.59,0.0,9164.560000000123,0.06546114285714374,SENTIMENT_EOD_SELL,5.0,5.0,720.0,0.4826428571428571,NEU,
832b8582e0f9e044,2025-06-16 13:28:00+00:00,2025-06-16 16:00:00,INTU,S05,1315,760.03,771.99,0.0,15727.400000000049,0.11233857142857177,SENTIMENT_EOD_SELL,5.0,5.0,392.0,0.5028666666666667,NEU,
7571c4582c4e6897,2025-06-17 08:00:00+00:00,2025-06-20 19:50:00+00:00,GOOGL,S05,5706,175.23999999999998,166.468,0.0,-50053.03199999995,-5.00570645971239,STOP_LOSS,5.0,5.0,5030.0,0.3413,NEU,
98405dfce9142b0a,2025-06-17 08:02:00+00:00,2025-06-17 16:00:00,MSFT,S05,2103,475.44,476.75,0.0,2754.930000000005,0.019678071428571465,SENTIMENT_EOD_SELL,5.0,5.0,718.0,0.28801,NEU,
104299f1d20efb15,2025-06-17 08:46:00+00:00,2025-06-17 16:00:00,CSCO,S05,15339,65.19000000000001,65.21,0.0,306.779999999721,0.0021912857142837214,SENTIMENT_EOD_SELL,5.0,5.0,674.0,0.4592,NEU,
0d13ef66066f815e,2025-06-17 13:27:00+00:00,2025-06-17 16:00:00,INTU,S05,1302,767.96,764.89,0.0,-3997.140000000065,-0.028551000000000465,SENTIMENT_EOD_SELL,5.0,5.0,393.0,0.45716666666666667,NEU,
3377606c9aab4442,2025-06-17 08:03:00+00:00,2025-06-17 16:00:00,QCOM,S05,6407,156.06,154.49,0.0,-10058.989999999956,-0.07184992857142826,SENTIMENT_EOD_SELL,5.0,5.0,717.0,0.2243375,NEU,
0598ec83ca9a53d6,2025-06-17 08:00:00+00:00,2025-06-18 09:30:00,AAPL,S05,5062,197.51999999999998,196.14000000000001,0.0,-6985.559999999833,-0.04989685714285595,SENTIMENT_MORNING_SELL,5.0,5.0,1770.0,0.20165000000000002,NEU,
2986d293b958da58,2025-06-17 08:01:00+00:00,2025-06-18 09:30:00,TSM,S05,4655,214.79999999999998,215.19,0.0,1815.4500000000687,0.01296750000000049,SENTIMENT_MORNING_SELL,5.0,5.0,1769.0,0.49216666666666664,NEU,
9ecaa9e1bb66ce44,2025-06-18 08:00:00+00:00,2025-06-23 13:31:00+00:00,TSLA,S05,3144,318.01,333.9005,0.0,49959.7320000001,4.996855444797344,TAKE_PROFIT,5.0,5.0,7531.0,0.21957,NEU,
43262dc8f90afa0c,2025-06-18 13:30:00+00:00,2025-06-18 16:00:00,INTU,S05,1311,762.38,755.49,0.0,-9032.789999999983,-0.06451992857142844,SENTIMENT_EOD_SELL,5.0,5.0,390.0,0.3316,NEU,
e18ca9cac4461d2e,2025-06-17 08:00:00+00:00,2025-06-24 13:31:00+00:00,AVGO,S05,3997,250.13,262.6265,0.0,49948.510500000106,0.5768027357142869,TAKE_PROFIT,5.0,5.0,10411.0,0.38798,NEU,
3208e2ff0a92f1b9,2025-06-17 08:00:00+00:00,2025-06-20 09:30:00,ORCL,S05,4782,209.09,210.87,0.0,8511.960000000005,0.06079971428571432,SENTIMENT_MORNING_SELL,5.0,5.0,4650.0,0.44643,NEU,
e45fd00cbba7346f,2025-06-18 08:00:00+00:00,2025-06-20 09:30:00,MSFT,S05,2091,478.15999999999997,480.07,0.0,3993.8100000000522,0.028527214285714655,SENTIMENT_MORNING_SELL,5.0,5.0,3210.0,0.3745,NEU,
92aeb395d75d0284,2025-06-18 08:07:00+00:00,2025-06-20 09:30:00,QCOM,S05,6462,154.73999999999998,153.62,0.0,-7237.439999999846,-0.051695999999998896,SENTIMENT_MORNING_SELL,5.0,5.0,3203.0,0.303925,NEU,
7b97d4bbc0821c7b,2025-06-10 08:00:00+00:00,2025-06-25 13:03:00+00:00,NVDA,S05,7012,142.60999999999999,149.7305,0.0,49928.94600000015,0.20329027500000063,TAKE_PROFIT,5.0,5.0,21903.0,0.3785,NEU,
336f4233660db7c3,2025-06-20 08:01:00+00:00,2025-06-24 13:31:00+00:00,AVGO,S05,3986,250.82999999999998,263.3615,0.0,49950.55899999998,4.996013236056291,TAKE_PROFIT,5.0,5.0,6090.0,0.34482999999999997,NEU,
0ab47d6011a37c46,2025-06-16 08:36:00+00:00,2025-06-20 16:00:00,ADBE,S05,2547,392.53,375.99,0.0,-42127.37999999991,-0.3009098571428565,SENTIMENT_EOD_SELL,5.0,5.0,6444.0,0.27355,NEU,
6c40b0db7f52ec19,2025-06-18 08:00:00+00:00,2025-06-20 16:00:00,TSM,S05,4646,215.20999999999998,209.87,0.0,-24809.639999999883,-0.17721171428571345,SENTIMENT_EOD_SELL,5.0,5.0,3600.0,0.4350428571428572,NEU,
3816646e457ea7c2,2025-06-20 08:00:00+00:00,2025-06-20 16:00:00,MSFT,S05,2082,480.09,477.7867,0.0,-4795.470599999956,-0.03425336142857111,SENTIMENT_EOD_SELL,5.0,5.0,720.0,0.48829,NEU,
8447a07e126b6e74,2025-06-20 13:27:00+00:00,2025-06-20 16:00:00,INTU,S05,1314,761.0,761.13,0.0,170.81999999999402,0.0012201428571428144,SENTIMENT_EOD_SELL,5.0,5.0,393.0,0.469775,NEU,
6c1ba7af4df5f461,2025-06-20 08:30:00+00:00,2025-06-20 16:00:00,QCOM,S05,6508,153.64,151.74,0.0,-12365.199999999852,-0.08832285714285608,SENTIMENT_EOD_SELL,5.0,5.0,690.0,0.2548333333333333,NEU,
a3a4494b90781bca,2025-06-17 08:00:00+00:00,2025-06-20 23:59:00+00:00,AMZN,S05,4671,214.07,210.17000000000002,0.0,-18216.899999999892,-0.1301207142857135,BACKTEST_END,5.0,5.0,5279.0,0.39523,NEU,
c371f6c9c7070023,2025-06-17 08:00:00+00:00,2025-06-20 23:59:00+00:00,META,S05,1428,700.01,683.78,0.0,-23176.440000000024,-0.1655460000000002,BACKTEST_END,5.0,5.0,5279.0,0.27437,NEU,
72ca6af924e9cfeb,2025-06-18 08:00:00+00:00,2025-06-20 23:59:00+00:00,AAPL,S05,5097,196.16,201.2801,0.0,26097.14970000004,0.18640821214285744,BACKTEST_END,5.0,5.0,3839.0,0.28226999999999997,NEU,
0bfcbe4913281c5a,2025-06-20 08:00:00+00:00,2025-06-20 23:58:00+00:00,ORCL,S05,4741,210.89,204.92000000000002,0.0,-28303.76999999986,-0.2021697857142847,BACKTEST_END,5.0,5.0,958.0,0.45685000000000003,NEU,
1c0ff6fa29fa3c23,2025-06-09 08:00:00+00:00,2025-06-11 20:16:00+00:00,ORCL,S06,5713,175.01,189.0008,0.0,79929.44040000004,7.994286040797673,TAKE_PROFIT,5.0,8.0,3616.0,0.3024,NEU,
17abf5d5506d4543,2025-06-09 08:00:00+00:00,2025-06-11 14:45:00+00:00,QCOM,S06,6674,149.82,161.7956,0.0,79925.1544000001,7.99332532372181,TAKE_PROFIT,5.0,8.0,3285.0,0.49803,NEU,
3d61b6b9dfcb5cc3,2025-06-09 08:02:00+00:00,2025-06-09 16:00:00,CSCO,S06,15158,65.97,65.91,0.0,-909.4800000000345,-0.006496285714285961,SENTIMENT_EOD_SELL,5.0,8.0,718.0,0.4429666666666667,NEU,
f66b3597ceeef888,2025-06-10 08:04:00+00:00,2025-06-11 20:17:00+00:00,ORCL,S06,5644,177.16,191.32280000000003,0.0,79934.84320000018,7.9943553849627635,TAKE_PROFIT,5.0,8.0,2173.0,0.26996000000000003,NEU,
4bc5978bc24fc970,2025-06-10 12:00:00+00:00,2025-06-13 12:25:00+00:00,ADBE,S06,2398,417.0,396.14,0.0,-50022.280000000035,-5.002398081534776,STOP_LOSS,5.0,8.0,4345.0,0.4857666666666667,NEU,
da2a94970f6e5651,2025-06-09 08:00:00+00:00,2025-06-10 16:00:00,AVGO,S06,4048,247.0,243.9901,0.0,-12184.07519999995,-0.08702910857142822,SENTIMENT_EOD_SELL,5.0,8.0,2160.0,0.3516888888888889,NEU,
997205abf2d7da35,2025-06-11 08:00:00+00:00,2025-06-12 11:27:00+00:00,ORCL,S06,5635,177.45999999999998,191.6468,0.0,79942.61800000019,7.994364927307583,TAKE_PROFIT,5.0,8.0,1647.0,0.35507999999999995,NEU,
333a582773b4cff8,2025-06-11 08:02:00+00:00,2025-06-13 12:28:00+00:00,ADBE,S06,2403,416.08,395.26599999999996,0.0,-50016.04200000005,-5.002403383964627,STOP_LOSS,5.0,8.0,3146.0,0.34646,NEU,
4efecb16dc774b0d,2025-06-10 09:29:00+00:00,2025-06-11 16:00:00,CSCO,S06,15167,65.93,64.40169999999999,0.0,-23179.72610000024,-0.16556947214285886,SENTIMENT_EOD_SELL,5.0,8.0,2071.0,0.49729999999999996,NEU,
1c99cd7d961bf64f,2025-06-11 08:00:00+00:00,2025-06-12 09:30:00,AVGO,S06,4107,243.45,251.54000000000002,0.0,33225.63000000013,0.2373259285714295,SENTIMENT_MORNING_SELL,5.0,8.0,1770.0,0.5315444444444445,NEU,
594e6564bf806b11,2025-06-11 13:30:00+00:00,2025-06-12 09:30:00,INTU,S06,1317,758.8199999999999,764.7,0.0,7743.960000000144,0.05531400000000102,SENTIMENT_MORNING_SELL,5.0,8.0,1440.0,0.2241,NEU,
ae9cb57ee91b3608,2025-06-12 08:00:00+00:00,2025-06-13 14:00:00+00:00,ORCL,S06,5250,190.45999999999998,205.6868,0.0,79940.70000000013,7.9947495537120785,TAKE_PROFIT,5.0,8.0,1800.0,0.25153,NEU,
754b6cbbd44c27d2,2025-06-12 08:02:00+00:00,2025-06-12 20:05:00+00:00,ADBE,S06,2422,412.74,445.74920000000003,0.0,79948.28240000005,7.997577167223923,TAKE_PROFIT,5.0,8.0,723.0,0.25891000000000003,NEU,
8930b6ffe976508d,2025-06-09 08:00:00+00:00,2025-06-12 16:00:00,AMZN,S06,4680,213.66,211.99,0.0,-7815.599999999941,-0.05582571428571387,SENTIMENT_EOD_SELL,5.0,8.0,5040.0,0.44548,NEU,
f1db51f329d4b0b6,2025-06-10 08:00:00+00:00,2025-06-13 09:30:00,META,S06,1436,695.9399999999999,684.87,0.0,-15896.51999999991,-0.11354657142857079,SENTIMENT_MORNING_SELL,5.0,8.0,4650.0,0.29571000000000003,NEU,
96dd3fb931e533b9,2025-06-10 08:00:00+00:00,2025-06-13 09:30:00,TSM,S06,4789,208.81,210.99,0.0,10440.020000000033,0.07457157142857165,SENTIMENT_MORNING_SELL,5.0,8.0,4650.0,0.30756,NEU,
bb07603d479743ba,2025-06-12 08:07:00+00:00,2025-06-13 09:30:00,CSCO,S06,15632,63.97,64.25,0.0,4376.960000000017,0.031264000000000125,SENTIMENT_MORNING_SELL,5.0,8.0,1763.0,0.42275999999999997,NEU,
a59e3b555b571614,2025-06-13 08:00:00+00:00,2025-06-13 15:48:00+00:00,ORCL,S06,5081,196.79,212.5232,0.0,79940.38920000005,7.994918440977697,TAKE_PROFIT,5.0,8.0,468.0,0.29684,NEU,
7be5008cdc2c7372,2025-06-13 08:00:00+00:00,2025-06-18 16:16:00+00:00,ADBE,S06,2496,400.49,380.4555,0.0,-50006.112000000096,-5.0024969412469815,STOP_LOSS,5.0,8.0,7696.0,0.20686,NEU,
1f82fe240cc7b616,2025-06-13 08:00:00+00:00,2025-06-13 16:00:00,TSM,S06,4739,211.01,210.82000000000002,0.0,-900.4099999998546,-0.0064314999999989615,SENTIMENT_EOD_SELL,5.0,8.0,720.0,0.5517333333333333,NEU,
5d8e0b0a2aa0fc5b,2025-06-13 08:04:00+00:00,2025-06-13 16:00:00,CSCO,S06,15559,64.27000000000001,64.17999999999999,0.0,-1400.3100000002742,-0.010002214285716245,SENTIMENT_EOD_SELL,5.0,8.0,716.0,0.30619999999999997,NEU,
f813ab0bbd7b8e2e,2025-06-12 08:00:00+00:00,2025-06-16 09:30:00,AVGO,S06,3975,251.56,250.99,0.0,-2265.7499999999727,-0.016183928571428377,SENTIMENT_MORNING_SELL,5.0,8.0,6090.0,0.34302,NEU,
7b5941a09247a292,2025-06-13 12:00:00+00:00,2025-06-16 09:30:00,INTU,S06,1310,762.8099,760.01,0.0,-3667.8689999999733,-0.0261990642857141,SENTIMENT_MORNING_SELL,5.0,8.0,4410.0,0.2676,NEU,
069dd8543159a8ad,2025-06-10 08:00:00+00:00,2025-06-20 19:35:00+00:00,GOOGL,S06,5679,176.07999999999998,167.266,0.0,-50054.70599999996,-0.08247385714285708,STOP_LOSS,5.0,8.0,15095.0,0.40591999999999995,NEU,
eb2df34a6c5d330b,2025-06-16 08:00:00+00:00,2025-06-20 19:48:00+00:00,ORCL,S06,4627,216.12,205.304,0.0,-50045.63200000001,-5.004627059041274,STOP_LOSS,5.0,8.0,6468.0,0.29949,NEU,
8358a1df49de974a,2025-06-09 08:00:00+00:00,2025-06-16 16:00:00,MSFT,S06,2132,468.86,475.289,0.0,13706.627999999944,0.09790448571428531,SENTIMENT_EOD_SELL,5.0,8.0,10800.0,0.58775,NEU,
a6216b3a75a8cd28,2025-06-09 08:00:00+00:00,2025-06-16 16:00:00,AAPL,S06,4877,205.01,197.07000000000002,0.0,-38723.37999999985,-0.27659557142857033,SENTIMENT_EOD_SELL,5.0,8.0,10800.0,0.21655000000000002,NEU,
5deb49374e84d67a,2025-06-10 08:03:00+00:00,2025-06-16 16:00:00,QCOM,S06,6408,156.04,156.16,0.0,768.9600000000291,0.005492571428571637,SENTIMENT_EOD_SELL,5.0,8.0,9357.0,0.366275,NEU,
e7b932b80756b71a,2025-06-13 08:00:00+00:00,2025-06-16 16:00:00,AMZN,S06,4764,209.89,213.63,0.0,17817.360000000044,0.12726685714285746,SENTIMENT_EOD_SELL,5.0,8.0,5040.0,0.2644,NEU,
f8623433a02d9ef4,2025-06-16 08:00:00+00:00,2025-06-16 16:00:00,AVGO,S06,3983,251.01,250.01000000000002,0.0,-3982.9999999998868,-0.02844999999999919,SENTIMENT_EOD_SELL,5.0,8.0,720.0,0.52554,NEU,
7169cff284fd5a7c,2025-06-16 08:00:00+00:00,2025-06-16 16:00:00,TSM,S06,4724,211.64999999999998,213.59,0.0,9164.560000000123,0.06546114285714374,SENTIMENT_EOD_SELL,5.0,8.0,720.0,0.4826428571428571,NEU,
a179bbaca21be088,2025-06-16 13:28:00+00:00,2025-06-16 16:00:00,INTU,S06,1315,760.03,771.99,0.0,15727.400000000049,0.11233857142857177,SENTIMENT_EOD_SELL,5.0,8.0,392.0,0.5028666666666667,NEU,
e7e44fb63fe4f16a,2025-06-17 08:00:00+00:00,2025-06-20 19:50:00+00:00,GOOGL,S06,5706,175.23999999999998,166.468,0.0,-50053.03199999995,-5.00570645971239,STOP_LOSS,5.0,8.0,5030.0,0.3413,NEU,
b85c30266415c2e5,2025-06-17 08:02:00+00:00,2025-06-17 16:00:00,MSFT,S06,2103,475.44,476.75,0.0,2754.930000000005,0.019678071428571465,SENTIMENT_EOD_SELL,5.0,8.0,718.0,0.28801,NEU,
9a9524b21c1e74e9,2025-06-17 08:46:00+00:00,2025-06-17 16:00:00,CSCO,S06,15339,65.19000000000001,65.21,0.0,306.779999999721,0.0021912857142837214,SENTIMENT_EOD_SELL,5.0,8.0,674.0,0.4592,NEU,
318e06bca737dbba,2025-06-17 13:27:00+00:00,2025-06-17 16:00:00,INTU,S06,1302,767.96,764.89,0.0,-3997.140000000065,-0.028551000000000465,SENTIMENT_EOD_SELL,5.0,8.0,393.0,0.45716666666666667,NEU,
227264a90a71fd82,2025-06-17 08:03:00+00:00,2025-06-17 16:00:00,QCOM,S06,6407,156.06,154.49,0.0,-10058.989999999956,-0.07184992857142826,SENTIMENT_EOD_SELL,5.0,8.0,717.0,0.2243375,NEU,
8941e5cbe683deac,2025-06-17 08:00:00+00:00,2025-06-18 09:30:00,AAPL,S06,5062,197.51999999999998,196.14000000000001,0.0,-6985.559999999833,-0.04989685714285595,SENTIMENT_MORNING_SELL,5.0,8.0,1770.0,0.20165000000000002,NEU,
b8ed1b4e02578e77,2025-06-17 08:01:00+00:00,2025-06-18 09:30:00,TSM,S06,4655,214.79999999999998,215.19,0.0,1815.4500000000687,0.01296750000000049,SENTIMENT_MORNING_SELL,5.0,8.0,1769.0,0.49216666666666664,NEU,
14acc82e8f1f2b98,2025-06-18 08:00:00+00:00,2025-06-23 14:00:00+00:00,TSLA,S06,3144,318.01,343.4408,0.0,79954.43520000011,7.996855444797345,TAKE_PROFIT,5.0,8.0,7560.0,0.21957,NEU,
41ea85782f27d689,2025-06-18 13:30:00+00:00,2025-06-18 16:00:00,INTU,S06,1311,762.38,755.49,0.0,-9032.789999999983,-0.06451992857142844,SENTIMENT_EOD_SELL,5.0,8.0,390.0,0.3316,NEU,
1172bdf7f0c8db89,2025-06-17 08:00:00+00:00,2025-06-20 09:30:00,AVGO,S06,3997,250.13,250.81,0.0,2717.9600000000273,0.019414000000000195,SENTIMENT_MORNING_SELL,5.0,8.0,4650.0,0.38798,NEU,
d3c6851a8fd25bf7,2025-06-17 08:00:00+00:00,2025-06-20 09:30:00,ORCL,S06,4782,209.09,210.87,0.0,8511.960000000005,0.06079971428571432,SENTIMENT_MORNING_SELL,5.0,8.0,4650.0,0.44643,NEU,
9782de360425cd82,2025-06-18 08:00:00+00:00,2025-06-20 09:30:00,MSFT,S06,2091,478.15999999999997,480.07,0.0,3993.8100000000522,0.028527214285714655,SENTIMENT_MORNING_SELL,5.0,8.0,3210.0,0.3745,NEU,
de14368a02180040,2025-06-18 08:07:00+00:00,2025-06-20 09:30:00,QCOM,S06,6462,154.73999999999998,153.62,0.0,-7237.439999999846,-0.051695999999998896,SENTIMENT_MORNING_SELL,5.0,8.0,3203.0,0.303925,NEU,
c83ffb61195af059,2025-06-10 08:00:00+00:00,2025-06-25 19:02:00+00:00,NVDA,S06,7012,142.60999999999999,154.0088,0.0,79928.38560000015,0.526136040000001,TAKE_PROFIT,5.0,8.0,22262.0,0.3785,NEU,
2c56957b9858da6e,2025-06-16 08:36:00+00:00,2025-06-20 16:00:00,ADBE,S06,2547,392.53,375.99,0.0,-42127.37999999991,-0.3009098571428565,SENTIMENT_EOD_SELL,5.0,8.0,6444.0,0.27355,NEU,
8c17315db9549aad,2025-06-18 08:00:00+00:00,2025-06-20 16:00:00,TSM,S06,4646,215.20999999999998,209.87,0.0,-24809.639999999883,-0.17721171428571345,SENTIMENT_EOD_SELL,5.0,8.0,3600.0,0.4350428571428572,NEU,
fa7042853fb53df3,2025-06-20 08:00:00+00:00,2025-06-20 16:00:00,MSFT,S06,2082,480.09,477.7867,0.0,-4795.470599999956,-0.03425336142857111,SENTIMENT_EOD_SELL,5.0,8.0,720.0,0.48829,NEU,
3cb840a2fc801a1a,2025-06-20 13:27:00+00:00,2025-06-20 16:00:00,INTU,S06,1314,761.0,761.13,0.0,170.81999999999402,0.0012201428571428144,SENTIMENT_EOD_SELL,5.0,8.0,393.0,0.469775,NEU,
d0bf89d707ef2a0e,2025-06-20 08:30:00+00:00,2025-06-20 16:00:00,QCOM,S06,6508,153.64,151.74,0.0,-12365.199999999852,-0.08832285714285608,SENTIMENT_EOD_SELL,5.0,8.0,690.0,0.2548333333333333,NEU,
9f79dbd4071aa662,2025-06-17 08:00:00+00:00,2025-06-20 23:59:00+00:00,AMZN,S06,4671,214.07,210.17000000000002,0.0,-18216.899999999892,-0.1301207142857135,BACKTEST_END,5.0,8.0,5279.0,0.39523,NEU,
0ae0b01f18b2162d,2025-06-17 08:00:00+00:00,2025-06-20 23:59:00+00:00,META,S06,1428,700.01,683.78,0.0,-23176.440000000024,-0.1655460000000002,BACKTEST_END,5.0,8.0,5279.0,0.27437,NEU,
63b6519656ebd194,2025-06-18 08:00:00+00:00,2025-06-20 23:59:00+00:00,AAPL,S06,5097,196.16,201.2801,0.0,26097.14970000004,0.18640821214285744,BACKTEST_END,5.0,8.0,3839.0,0.28226999999999997,NEU,
6078fd5236ed26ce,2025-06-20 08:01:00+00:00,2025-06-20 23:58:00+00:00,AVGO,S06,3986,250.82999999999998,249.61,0.0,-4862.919999999882,-0.034735142857142014,BACKTEST_END,5.0,8.0,957.0,0.34482999999999997,NEU,
44552941d45b15c4,2025-06-20 08:00:00+00:00,2025-06-20 23:58:00+00:00,ORCL,S06,4741,210.89,204.92000000000002,0.0,-28303.76999999986,-0.2021697857142847,BACKTEST_END,5.0,8.0,958.0,0.45685000000000003,NEU,
3256ebb6a786ca87,2025-06-09 08:00:00+00:00,2025-06-12 13:46:00+00:00,ORCL,S07,5713,175.01,196.0012,0.0,119922.72560000012,11.99428604079768,TAKE_PROFIT,5.0,12.0,4666.0,0.3024,NEU,
89283426e3f2baa3,2025-06-09 08:02:00+00:00,2025-06-09 16:00:00,CSCO,S07,15158,65.97,65.91,0.0,-909.4800000000345,-0.006496285714285961,SENTIMENT_EOD_SELL,5.0,12.0,718.0,0.4429666666666667,NEU,
b368719f748d2593,2025-06-10 08:04:00+00:00,2025-06-12 13:59:00+00:00,ORCL,S07,5644,177.16,198.40920000000003,0.0,119930.48480000017,11.99435538496276,TAKE_PROFIT,5.0,12.0,3235.0,0.26996000000000003,NEU,
e79c5a0897c413f2,2025-06-10 12:00:00+00:00,2025-06-13 12:25:00+00:00,ADBE,S07,2398,417.0,396.14,0.0,-50022.280000000035,-5.002398081534776,STOP_LOSS,5.0,12.0,4345.0,0.4857666666666667,NEU,
99382814cb625bb2,2025-06-09 08:00:00+00:00,2025-06-10 16:00:00,AVGO,S07,4048,247.0,243.9901,0.0,-12184.07519999995,-0.08702910857142822,SENTIMENT_EOD_SELL,5.0,12.0,2160.0,0.3516888888888889,NEU,
a240bf42d49c85f8,2025-06-11 08:00:00+00:00,2025-06-12 14:07:00+00:00,ORCL,S07,5635,177.45999999999998,198.7452,0.0,119942.10200000017,11.994364927307581,TAKE_PROFIT,5.0,12.0,1807.0,0.35507999999999995,NEU,
deecfb23c3db116b,2025-06-11 08:02:00+00:00,2025-06-13 12:28:00+00:00,ADBE,S07,2403,416.08,395.26599999999996,0.0,-50016.04200000005,-5.002403383964627,STOP_LOSS,5.0,12.0,3146.0,0.34646,NEU,
d8db25564da46367,2025-06-10 09:29:00+00:00,2025-06-11 16:00:00,CSCO,S07,15167,65.93,64.40169999999999,0.0,-23179.72610000024,-0.16556947214285886,SENTIMENT_EOD_SELL,5.0,12.0,2071.0,0.49729999999999996,NEU,
dfe29affe965b335,2025-06-11 08:00:00+00:00,2025-06-12 09:30:00,AVGO,S07,4107,243.45,251.54000000000002,0.0,33225.63000000013,0.2373259285714295,SENTIMENT_MORNING_SELL,5.0,12.0,1770.0,0.5315444444444445,NEU,
5768dbc7d83b3d72,2025-06-11 13:30:00+00:00,2025-06-12 09:30:00,INTU,S07,1317,758.8199999999999,764.7,0.0,7743.960000000144,0.05531400000000102,SENTIMENT_MORNING_SELL,5.0,12.0,1440.0,0.2241,NEU,
6084e3cc421a0086,2025-06-12 08:00:00+00:00,2025-06-13 16:03:00+00:00,ORCL,S07,5250,190.45999999999998,213.3052,0.0,119937.30000000018,11.994749553712085,TAKE_PROFIT,5.0,12.0,1923.0,0.25153,NEU,
7ca9e809ca4ee006,2025-06-12 08:02:00+00:00,2025-06-13 13:27:00+00:00,ADBE,S07,2422,412.74,392.093,0.0,-50007.03399999998,-5.002422832776079,STOP_LOSS,5.0,12.0,1765.0,0.25891000000000003,NEU,
8453cb7f75f67d2b,2025-06-09 08:00:00+00:00,2025-06-12 16:00:00,AMZN,S07,4680,213.66,211.99,0.0,-7815.599999999941,-0.05582571428571387,SENTIMENT_EOD_SELL,5.0,12.0,5040.0,0.44548,NEU,
5374b87725f2ce90,2025-06-10 08:00:00+00:00,2025-06-13 09:30:00,META,S07,1436,695.9399999999999,684.87,0.0,-15896.51999999991,-0.11354657142857079,SENTIMENT_MORNING_SELL,5.0,12.0,4650.0,0.29571000000000003,NEU,
3f6dcb7b2128d701,2025-06-10 08:00:00+00:00,2025-06-13 09:30:00,TSM,S07,4789,208.81,210.99,0.0,10440.020000000033,0.07457157142857165,SENTIMENT_MORNING_SELL,5.0,12.0,4650.0,0.30756,NEU,
84886a28c8a53be8,2025-06-12 08:07:00+00:00,2025-06-13 09:30:00,CSCO,S07,15632,63.97,64.25,0.0,4376.960000000017,0.031264000000000125,SENTIMENT_MORNING_SELL,5.0,12.0,1763.0,0.42275999999999997,NEU,
e3e18935c54d5e27,2025-06-13 08:00:00+00:00,2025-06-18 16:16:00+00:00,ADBE,S07,2496,400.49,380.4555,0.0,-50006.112000000096,-5.0024969412469815,STOP_LOSS,5.0,12.0,7696.0,0.20686,NEU,
c7d20e8146478ed7,2025-06-13 08:00:00+00:00,2025-06-13 16:00:00,TSM,S07,4739,211.01,210.82000000000002,0.0,-900.4099999998546,-0.0064314999999989615,SENTIMENT_EOD_SELL,5.0,12.0,720.0,0.5517333333333333,NEU,
0285bbe90cfebcaf,2025-06-13 08:04:00+00:00,2025-06-13 16:00:00,CSCO,S07,15559,64.27000000000001,64.17999999999999,0.0,-1400.3100000002742,-0.010002214285716245,SENTIMENT_EOD_SELL,5.0,12.0,716.0,0.30619999999999997,NEU,
58a0da81601d81f7,2025-06-12 08:00:00+00:00,2025-06-16 09:30:00,AVGO,S07,3975,251.56,250.99,0.0,-2265.7499999999727,-0.016183928571428377,SENTIMENT_MORNING_SELL,5.0,12.0,6090.0,0.34302,NEU,
100680526feba6ce,2025-06-13 12:00:00+00:00,2025-06-16 09:30:00,INTU,S07,1310,762.8099,760.01,0.0,-3667.8689999999733,-0.0261990642857141,SENTIMENT_MORNING_SELL,5.0,12.0,4410.0,0.2676,NEU,
542c1888074c5416,2025-06-10 08:00:00+00:00,2025-06-20 19:35:00+00:00,GOOGL,S07,5679,176.07999999999998,167.266,0.0,-50054.70599999996,-0.08247385714285708,STOP_LOSS,5.0,12.0,15095.0,0.40591999999999995,NEU,
8c8ceb981f4694db,2025-06-09 08:00:00+00:00,2025-06-16 16:00:00,MSFT,S07,2132,468.86,475.289,0.0,13706.627999999944,0.09790448571428531,SENTIMENT_EOD_SELL,5.0,12.0,10800.0,0.58775,NEU,
ae70d9f81cab3592,2025-06-09 08:00:00+00:00,2025-06-16 16:00:00,AAPL,S07,4877,205.01,197.07000000000002,0.0,-38723.37999999985,-0.27659557142857033,SENTIMENT_EOD_SELL,5.0,12.0,10800.0,0.21655000000000002,NEU,
2ac8ac552f4a5daa,2025-06-09 08:00:00+00:00,2025-06-16 16:00:00,QCOM,S07,6674,149.82,156.16,0.0,42313.160000000025,0.30223685714285736,SENTIMENT_EOD_SELL,5.0,12.0,10800.0,0.49803,NEU,
561f45aa096745be,2025-06-13 08:00:00+00:00,2025-06-16 16:00:00,AMZN,S07,4764,209.89,213.63,0.0,17817.360000000044,0.12726685714285746,SENTIMENT_EOD_SELL,5.0,12.0,5040.0,0.2644,NEU,
d8c83f69a5a31ee8,2025-06-16 08:00:00+00:00,2025-06-16 16:00:00,AVGO,S07,3983,251.01,250.01000000000002,0.0,-3982.9999999998868,-0.02844999999999919,SENTIMENT_EOD_SELL,5.0,12.0,720.0,0.52554,NEU,
d77aaa7d89c92c48,2025-06-16 08:00:00+00:00,2025-06-16 16:00:00,TSM,S07,4724,211.64999999999998,213.59,0.0,9164.560000000123,0.06546114285714374,SENTIMENT_EOD_SELL,5.0,12.0,720.0,0.4826428571428571,NEU,
c22245b7f930a116,2025-06-16 13:28:00+00:00,2025-06-16 16:00:00,INTU,S07,1315,760.03,771.99,0.0,15727.400000000049,0.11233857142857177,SENTIMENT_EOD_SELL,5.0,12.0,392.0,0.5028666666666667,NEU,
0d398a7bc7a6c139,2025-06-17 08:00:00+00:00,2025-06-20 19:50:00+00:00,GOOGL,S07,5706,175.23999999999998,166.468,0.0,-50053.03199999995,-5.00570645971239,STOP_LOSS,5.0,12.0,5030.0,0.3413,NEU,
318aa3e08e2f78d4,2025-06-17 08:02:00+00:00,2025-06-17 16:00:00,MSFT,S07,2103,475.44,476.75,0.0,2754.930000000005,0.019678071428571465,SENTIMENT_EOD_SELL,5.0,12.0,718.0,0.28801,NEU,
c18e722ad1202a7b,2025-06-17 08:46:00+00:00,2025-06-17 16:00:00,CSCO,S07,15339,65.19000000000001,65.21,0.0,306.779999999721,0.0021912857142837214,SENTIMENT_EOD_SELL,5.0,12.0,674.0,0.4592,NEU,
eff3e1c7b596bfe4,2025-06-17 13:27:00+00:00,2025-06-17 16:00:00,INTU,S07,1302,767.96,764.89,0.0,-3997.140000000065,-0.028551000000000465,SENTIMENT_EOD_SELL,5.0,12.0,393.0,0.45716666666666667,NEU,
5a8b88a09f94b92e,2025-06-17 08:03:00+00:00,2025-06-17 16:00:00,QCOM,S07,6407,156.06,154.49,0.0,-10058.989999999956,-0.07184992857142826,SENTIMENT_EOD_SELL,5.0,12.0,717.0,0.2243375,NEU,
8da114c3527bce62,2025-06-17 08:00:00+00:00,2025-06-18 09:30:00,AAPL,S07,5062,197.51999999999998,196.14000000000001,0.0,-6985.559999999833,-0.04989685714285595,SENTIMENT_MORNING_SELL,5.0,12.0,1770.0,0.20165000000000002,NEU,
f9c3b3dc757ce969,2025-06-17 08:01:00+00:00,2025-06-18 09:30:00,TSM,S07,4655,214.79999999999998,215.19,0.0,1815.4500000000687,0.01296750000000049,SENTIMENT_MORNING_SELL,5.0,12.0,1769.0,0.49216666666666664,NEU,
11ed503e8664c285,2025-06-18 08:00:00+00:00,2025-06-23 14:46:00+00:00,TSLA,S07,3144,318.01,356.1612,0.0,119947.37280000006,11.99685544479734,TAKE_PROFIT,5.0,12.0,7606.0,0.21957,NEU,
9d5dd86a12869119,2025-06-18 13:30:00+00:00,2025-06-18 16:00:00,INTU,S07,1311,762.38,755.49,0.0,-9032.789999999983,-0.06451992857142844,SENTIMENT_EOD_SELL,5.0,12.0,390.0,0.3316,NEU,
4f8687e14d0e931d,2025-06-13 08:00:00+00:00,2025-06-20 09:30:00,ORCL,S07,5081,196.79,210.87,0.0,71540.48000000007,0.5110034285714291,SENTIMENT_MORNING_SELL,5.0,12.0,10410.0,0.29684,NEU,
039b74772bfe6ee1,2025-06-17 08:00:00+00:00,2025-06-20 09:30:00,AVGO,S07,3997,250.13,250.81,0.0,2717.9600000000273,0.019414000000000195,SENTIMENT_MORNING_SELL,5.0,12.0,4650.0,0.38798,NEU,
225bf4b9308d86df,2025-06-18 08:00:00+00:00,2025-06-20 09:30:00,MSFT,S07,2091,478.15999999999997,480.07,0.0,3993.8100000000522,0.028527214285714655,SENTIMENT_MORNING_SELL,5.0,12.0,3210.0,0.3745,NEU,
debb44555e9b2cd7,2025-06-18 08:07:00+00:00,2025-06-20 09:30:00,QCOM,S07,6462,154.73999999999998,153.62,0.0,-7237.439999999846,-0.051695999999998896,SENTIMENT_MORNING_SELL,5.0,12.0,3203.0,0.303925,NEU,
4d491c745bfb16e4,2025-06-16 08:36:00+00:00,2025-06-20 16:00:00,ADBE,S07,2547,392.53,375.99,0.0,-42127.37999999991,-0.3009098571428565,SENTIMENT_EOD_SELL,5.0,12.0,6444.0,0.27355,NEU,
0d0bd92bbb10a945,2025-06-18 08:00:00+00:00,2025-06-20 16:00:00,TSM,S07,4646,215.20999999999998,209.87,0.0,-24809.639999999883,-0.17721171428571345,SENTIMENT_EOD_SELL,5.0,12.0,3600.0,0.4350428571428572,NEU,
78c9b30f76d1af06,2025-06-20 08:00:00+00:00,2025-06-20 16:00:00,MSFT,S07,2082,480.09,477.7867,0.0,-4795.470599999956,-0.03425336142857111,SENTIMENT_EOD_SELL,5.0,12.0,720.0,0.48829,NEU,
201953a5f89941df,2025-06-20 13:27:00+00:00,2025-06-20 16:00:00,INTU,S07,1314,761.0,761.13,0.0,170.81999999999402,0.0012201428571428144,SENTIMENT_EOD_SELL,5.0,12.0,393.0,0.469775,NEU,
1e3e64b0dc5d3e4e,2025-06-20 08:30:00+00:00,2025-06-20 16:00:00,QCOM,S07,6508,153.64,151.74,0.0,-12365.199999999852,-0.08832285714285608,SENTIMENT_EOD_SELL,5.0,12.0,690.0,0.2548333333333333,NEU,
a367cc57222b20bc,2025-06-10 08:00:00+00:00,2025-06-20 23:59:00+00:00,NVDA,S07,7012,142.60999999999999,143.601,0.0,6948.892000000097,0.04963494285714355,BACKTEST_END,5.0,12.0,15359.0,0.3785,NEU,
547346403df5b458,2025-06-17 08:00:00+00:00,2025-06-20 23:59:00+00:00,AMZN,S07,4671,214.07,210.17000000000002,0.0,-18216.899999999892,-0.1301207142857135,BACKTEST_END,5.0,12.0,5279.0,0.39523,NEU,
d2bd61d10fda01d8,2025-06-17 08:00:00+00:00,2025-06-20 23:59:00+00:00,META,S07,1428,700.01,683.78,0.0,-23176.440000000024,-0.1655460000000002,BACKTEST_END,5.0,12.0,5279.0,0.27437,NEU,
8fafb6b1762244b7,2025-06-18 08:00:00+00:00,2025-06-20 23:59:00+00:00,AAPL,S07,5097,196.16,201.2801,0.0,26097.14970000004,0.18640821214285744,BACKTEST_END,5.0,12.0,3839.0,0.28226999999999997,NEU,
04a26d8e3a70298c,2025-06-20 08:01:00+00:00,2025-06-20 23:58:00+00:00,AVGO,S07,3986,250.82999999999998,249.61,0.0,-4862.919999999882,-0.034735142857142014,BACKTEST_END,5.0,12.0,957.0,0.34482999999999997,NEU,
fff47fdd079be1ce,2025-06-20 08:00:00+00:00,2025-06-20 23:58:00+00:00,ORCL,S07,4741,210.89,204.92000000000002,0.0,-28303.76999999986,-0.2021697857142847,BACKTEST_END,5.0,12.0,958.0,0.45685000000000003,NEU,
e91922e7500cecae,2025-06-09 08:00:00+00:00,2025-06-13 14:42:00+00:00,ORCL,S08,5713,175.01,210.00199999999998,0.0,199909.29599999994,19.99428604079766,TAKE_PROFIT,5.0,20.0,6162.0,0.3024,NEU,
46568e12405048ab,2025-06-09 08:02:00+00:00,2025-06-09 16:00:00,CSCO,S08,15158,65.97,65.91,0.0,-909.4800000000345,-0.006496285714285961,SENTIMENT_EOD_SELL,5.0,20.0,718.0,0.4429666666666667,NEU,
5fa314b131eb9a24,2025-06-10 08:04:00+00:00,2025-06-13 15:48:00+00:00,ORCL,S08,5644,177.16,212.582,0.0,199921.76799999998,19.99435538496274,TAKE_PROFIT,5.0,20.0,4784.0,0.26996000000000003,NEU,
233b95e63d1a615d,2025-06-10 12:00:00+00:00,2025-06-13 12:25:00+00:00,ADBE,S08,2398,417.0,396.14,0.0,-50022.280000000035,-5.002398081534776,STOP_LOSS,5.0,20.0,4345.0,0.4857666666666667,NEU,
5384e307bac5602f,2025-06-09 08:00:00+00:00,2025-06-10 16:00:00,AVGO,S08,4048,247.0,243.9901,0.0,-12184.07519999995,-0.08702910857142822,SENTIMENT_EOD_SELL,5.0,20.0,2160.0,0.3516888888888889,NEU,
f7ea591d8b7437b6,2025-06-11 08:00:00+00:00,2025-06-13 15:50:00+00:00,ORCL,S08,5635,177.45999999999998,212.94199999999998,0.0,199941.07,19.994364927307565,TAKE_PROFIT,5.0,20.0,3350.0,0.35507999999999995,NEU,
98ec7bbb1fad9158,2025-06-11 08:02:00+00:00,2025-06-13 12:28:00+00:00,ADBE,S08,2403,416.08,395.26599999999996,0.0,-50016.04200000005,-5.002403383964627,STOP_LOSS,5.0,20.0,3146.0,0.34646,NEU,
cd72789aaf227929,2025-06-10 09:29:00+00:00,2025-06-11 16:00:00,CSCO,S08,15167,65.93,64.40169999999999,0.0,-23179.72610000024,-0.16556947214285886,SENTIMENT_EOD_SELL,5.0,20.0,2071.0,0.49729999999999996,NEU,
52645685af4b02d2,2025-06-11 08:00:00+00:00,2025-06-12 09:30:00,AVGO,S08,4107,243.45,251.54000000000002,0.0,33225.63000000013,0.2373259285714295,SENTIMENT_MORNING_SELL,5.0,20.0,1770.0,0.5315444444444445,NEU,
e8d7a28f9eb7a4d5,2025-06-11 13:30:00+00:00,2025-06-12 09:30:00,INTU,S08,1317,758.8199999999999,764.7,0.0,7743.960000000144,0.05531400000000102,SENTIMENT_MORNING_SELL,5.0,20.0,1440.0,0.2241,NEU,
2aa50f51c9cce559,2025-06-12 08:02:00+00:00,2025-06-13 13:27:00+00:00,ADBE,S08,2422,412.74,392.093,0.0,-50007.03399999998,-5.002422832776079,STOP_LOSS,5.0,20.0,1765.0,0.25891000000000003,NEU,
2da760446e2ea564,2025-06-09 08:00:00+00:00,2025-06-12 16:00:00,AMZN,S08,4680,213.66,211.99,0.0,-7815.599999999941,-0.05582571428571387,SENTIMENT_EOD_SELL,5.0,20.0,5040.0,0.44548,NEU,
8f704e025b93df97,2025-06-10 08:00:00+00:00,2025-06-13 09:30:00,META,S08,1436,695.9399999999999,684.87,0.0,-15896.51999999991,-0.11354657142857079,SENTIMENT_MORNING_SELL,5.0,20.0,4650.0,0.29571000000000003,NEU,
98886dcd39f45c51,2025-06-10 08:00:00+00:00,2025-06-13 09:30:00,TSM,S08,4789,208.81,210.99,0.0,10440.020000000033,0.07457157142857165,SENTIMENT_MORNING_SELL,5.0,20.0,4650.0,0.30756,NEU,
3c271bf3f5e03575,2025-06-12 08:07:00+00:00,2025-06-13 09:30:00,CSCO,S08,15632,63.97,64.25,0.0,4376.960000000017,0.031264000000000125,SENTIMENT_MORNING_SELL,5.0,20.0,1763.0,0.42275999999999997,NEU,
b2a4362f343b4b84,2025-06-13 08:00:00+00:00,2025-06-18 16:16:00+00:00,ADBE,S08,2496,400.49,380.4555,0.0,-50006.112000000096,-5.0024969412469815,STOP_LOSS,5.0,20.0,7696.0,0.20686,NEU,
7b56d387e0e5ee97,2025-06-13 08:00:00+00:00,2025-06-13 16:00:00,TSM,S08,4739,211.01,210.82000000000002,0.0,-900.4099999998546,-0.0064314999999989615,SENTIMENT_EOD_SELL,5.0,20.0,720.0,0.5517333333333333,NEU,
8686a84b2c311ba0,2025-06-13 08:04:00+00:00,2025-06-13 16:00:00,CSCO,S08,15559,64.27000000000001,64.17999999999999,0.0,-1400.3100000002742,-0.010002214285716245,SENTIMENT_EOD_SELL,5.0,20.0,716.0,0.30619999999999997,NEU,
fb1010694b4aa86f,2025-06-12 08:00:00+00:00,2025-06-16 09:30:00,AVGO,S08,3975,251.56,250.99,0.0,-2265.7499999999727,-0.016183928571428377,SENTIMENT_MORNING_SELL,5.0,20.0,6090.0,0.34302,NEU,
57375096ab88d32e,2025-06-13 12:00:00+00:00,2025-06-16 09:30:00,INTU,S08,1310,762.8099,760.01,0.0,-3667.8689999999733,-0.0261990642857141,SENTIMENT_MORNING_SELL,5.0,20.0,4410.0,0.2676,NEU,
6f948e6423b9281b,2025-06-10 08:00:00+00:00,2025-06-20 19:35:00+00:00,GOOGL,S08,5679,176.07999999999998,167.266,0.0,-50054.70599999996,-0.08247385714285708,STOP_LOSS,5.0,20.0,15095.0,0.40591999999999995,NEU,
6221ede337e6b71e,2025-06-09 08:00:00+00:00,2025-06-16 16:00:00,MSFT,S08,2132,468.86,475.289,0.0,13706.627999999944,0.09790448571428531,SENTIMENT_EOD_SELL,5.0,20.0,10800.0,0.58775,NEU,
a0cfafe48b1a339f,2025-06-09 08:00:00+00:00,2025-06-16 16:00:00,AAPL,S08,4877,205.01,197.07000000000002,0.0,-38723.37999999985,-0.27659557142857033,SENTIMENT_EOD_SELL,5.0,20.0,10800.0,0.21655000000000002,NEU,
1d3eb10744655cec,2025-06-09 08:00:00+00:00,2025-06-16 16:00:00,QCOM,S08,6674,149.82,156.16,0.0,42313.160000000025,0.30223685714285736,SENTIMENT_EOD_SELL,5.0,20.0,10800.0,0.49803,NEU,
fb38a424dbac5162,2025-06-13 08:00:00+00:00,2025-06-16 16:00:00,AMZN,S08,4764,209.89,213.63,0.0,17817.360000000044,0.12726685714285746,SENTIMENT_EOD_SELL,5.0,20.0,5040.0,0.2644,NEU,
2e49005da2ee3d7e,2025-06-16 08:00:00+00:00,2025-06-16 16:00:00,AVGO,S08,3983,251.01,250.01000000000002,0.0,-3982.9999999998868,-0.02844999999999919,SENTIMENT_EOD_SELL,5.0,20.0,720.0,0.52554,NEU,
d730e0c6da55f62b,2025-06-16 08:00:00+00:00,2025-06-16 16:00:00,TSM,S08,4724,211.64999999999998,213.59,0.0,9164.560000000123,0.06546114285714374,SENTIMENT_EOD_SELL,5.0,20.0,720.0,0.4826428571428571,NEU,
1af1f1daaaa70a18,2025-06-16 13:28:00+00:00,2025-06-16 16:00:00,INTU,S08,1315,760.03,771.99,0.0,15727.400000000049,0.11233857142857177,SENTIMENT_EOD_SELL,5.0,20.0,392.0,0.5028666666666667,NEU,
f34de7d3fe85ecaa,2025-06-17 08:00:00+00:00,2025-06-20 19:50:00+00:00,GOOGL,S08,5706,175.23999999999998,166.468,0.0,-50053.03199999995,-5.00570645971239,STOP_LOSS,5.0,20.0,5030.0,0.3413,NEU,
b95fbea6a08996f2,2025-06-17 08:02:00+00:00,2025-06-17 16:00:00,MSFT,S08,2103,475.44,476.75,0.0,2754.930000000005,0.019678071428571465,SENTIMENT_EOD_SELL,5.0,20.0,718.0,0.28801,NEU,
da3a31fa62834554,2025-06-17 08:46:00+00:00,2025-06-17 16:00:00,CSCO,S08,15339,65.19000000000001,65.21,0.0,306.779999999721,0.0021912857142837214,SENTIMENT_EOD_SELL,5.0,20.0,674.0,0.4592,NEU,
f7de9ae8f2fa5d63,2025-06-17 13:27:00+00:00,2025-06-17 16:00:00,INTU,S08,1302,767.96,764.89,0.0,-3997.140000000065,-0.028551000000000465,SENTIMENT_EOD_SELL,5.0,20.0,393.0,0.45716666666666667,NEU,
236b762fc02dc82a,2025-06-17 08:03:00+00:00,2025-06-17 16:00:00,QCOM,S08,6407,156.06,154.49,0.0,-10058.989999999956,-0.07184992857142826,SENTIMENT_EOD_SELL,5.0,20.0,717.0,0.2243375,NEU,
2d2f17aac8551f00,2025-06-17 08:00:00+00:00,2025-06-18 09:30:00,AAPL,S08,5062,197.51999999999998,196.14000000000001,0.0,-6985.559999999833,-0.04989685714285595,SENTIMENT_MORNING_SELL,5.0,20.0,1770.0,0.20165000000000002,NEU,
9590dbba479b9307,2025-06-17 08:01:00+00:00,2025-06-18 09:30:00,TSM,S08,4655,214.79999999999998,215.19,0.0,1815.4500000000687,0.01296750000000049,SENTIMENT_MORNING_SELL,5.0,20.0,1769.0,0.49216666666666664,NEU,
c26e2e372308bb8e,2025-06-18 08:00:00+00:00,2025-06-18 16:00:00,TSLA,S08,3144,318.01,322.49,0.0,14085.120000000057,0.1006080000000004,SENTIMENT_EOD_SELL,5.0,20.0,720.0,0.21957,NEU,
e5feaf5df75b93c9,2025-06-18 13:30:00+00:00,2025-06-18 16:00:00,INTU,S08,1311,762.38,755.49,0.0,-9032.789999999983,-0.06451992857142844,SENTIMENT_EOD_SELL,5.0,20.0,390.0,0.3316,NEU,
ae865ccb547f7515,2025-06-12 08:00:00+00:00,2025-06-20 09:30:00,ORCL,S08,5250,190.45999999999998,210.87,0.0,107152.50000000013,0.7653750000000009,SENTIMENT_MORNING_SELL,5.0,20.0,11850.0,0.25153,NEU,
159a6b5dae9605eb,2025-06-17 08:00:00+00:00,2025-06-20 09:30:00,AVGO,S08,3997,250.13,250.81,0.0,2717.9600000000273,0.019414000000000195,SENTIMENT_MORNING_SELL,5.0,20.0,4650.0,0.38798,NEU,
5770e4d69c308c12,2025-06-18 08:00:00+00:00,2025-06-20 09:30:00,MSFT,S08,2091,478.15999999999997,480.07,0.0,3993.8100000000522,0.028527214285714655,SENTIMENT_MORNING_SELL,5.0,20.0,3210.0,0.3745,NEU,
acf78b9c81cf87f2,2025-06-18 08:07:00+00:00,2025-06-20 09:30:00,QCOM,S08,6462,154.73999999999998,153.62,0.0,-7237.439999999846,-0.051695999999998896,SENTIMENT_MORNING_SELL,5.0,20.0,3203.0,0.303925,NEU,
736a579b0a828d3e,2025-06-16 08:36:00+00:00,2025-06-20 16:00:00,ADBE,S08,2547,392.53,375.99,0.0,-42127.37999999991,-0.3009098571428565,SENTIMENT_EOD_SELL,5.0,20.0,6444.0,0.27355,NEU,
0763fd824e39ab43,2025-06-18 08:00:00+00:00,2025-06-20 16:00:00,TSM,S08,4646,215.20999999999998,209.87,0.0,-24809.639999999883,-0.17721171428571345,SENTIMENT_EOD_SELL,5.0,20.0,3600.0,0.4350428571428572,NEU,
82bc28cb3d046d0c,2025-06-20 08:00:00+00:00,2025-06-20 16:00:00,MSFT,S08,2082,480.09,477.7867,0.0,-4795.470599999956,-0.03425336142857111,SENTIMENT_EOD_SELL,5.0,20.0,720.0,0.48829,NEU,
56988e22d0c7759a,2025-06-20 13:27:00+00:00,2025-06-20 16:00:00,INTU,S08,1314,761.0,761.13,0.0,170.81999999999402,0.0012201428571428144,SENTIMENT_EOD_SELL,5.0,20.0,393.0,0.469775,NEU,
0c93592e4ecebdac,2025-06-20 08:30:00+00:00,2025-06-20 16:00:00,QCOM,S08,6508,153.64,151.74,0.0,-12365.199999999852,-0.08832285714285608,SENTIMENT_EOD_SELL,5.0,20.0,690.0,0.2548333333333333,NEU,
7a307459b61e5750,2025-06-10 08:00:00+00:00,2025-06-20 23:59:00+00:00,NVDA,S08,7012,142.60999999999999,143.601,0.0,6948.892000000097,0.04963494285714355,BACKTEST_END,5.0,20.0,15359.0,0.3785,NEU,
72c28cf043d79259,2025-06-17 08:00:00+00:00,2025-06-20 23:59:00+00:00,AMZN,S08,4671,214.07,210.17000000000002,0.0,-18216.899999999892,-0.1301207142857135,BACKTEST_END,5.0,20.0,5279.0,0.39523,NEU,
e21601a96fb4f4f7,2025-06-17 08:00:00+00:00,2025-06-20 23:59:00+00:00,META,S08,1428,700.01,683.78,0.0,-23176.440000000024,-0.1655460000000002,BACKTEST_END,5.0,20.0,5279.0,0.27437,NEU,
03646cfaa2af9300,2025-06-18 08:00:00+00:00,2025-06-20 23:59:00+00:00,AAPL,S08,5097,196.16,201.2801,0.0,26097.14970000004,0.18640821214285744,BACKTEST_END,5.0,20.0,3839.0,0.28226999999999997,NEU,
ce7198caac8778ee,2025-06-20 08:01:00+00:00,2025-06-20 23:58:00+00:00,AVGO,S08,3986,250.82999999999998,249.61,0.0,-4862.919999999882,-0.034735142857142014,BACKTEST_END,5.0,20.0,957.0,0.34482999999999997,NEU,
f33a0b8d04725f98,2025-06-20 08:00:00+00:00,2025-06-20 23:58:00+00:00,ORCL,S08,4741,210.89,204.92000000000002,0.0,-28303.76999999986,-0.2021697857142847,BACKTEST_END,5.0,20.0,958.0,0.45685000000000003,NEU,
dd9c1bc46fb6e3a9,2025-06-09 08:00:00+00:00,2025-06-11 20:09:00+00:00,ORCL,S09,5713,175.01,183.75050000000002,0.0,49934.47650000015,4.994286040797684,TAKE_PROFIT,7.0,5.0,3609.0,0.3024,NEU,
75a7341e6a818700,2025-06-09 08:00:00+00:00,2025-06-10 10:16:00+00:00,QCOM,S09,6674,149.82,157.30100000000002,0.0,49928.194000000156,4.993325323721815,TAKE_PROFIT,7.0,5.0,1576.0,0.49803,NEU,
eb8e5a64be3f10b1,2025-06-09 08:02:00+00:00,2025-06-09 16:00:00,CSCO,S09,15158,65.97,65.91,0.0,-909.4800000000345,-0.006496285714285961,SENTIMENT_EOD_SELL,7.0,5.0,718.0,0.4429666666666667,NEU,
cd319529cbda3ab7,2025-06-10 08:04:00+00:00,2025-06-11 20:11:00+00:00,ORCL,S09,5644,177.16,186.008,0.0,49938.112000000074,4.994355384962753,TAKE_PROFIT,7.0,5.0,2167.0,0.26996000000000003,NEU,
c19ae50aeb5748d8,2025-06-10 12:00:00+00:00,2025-06-12 20:05:00+00:00,ADBE,S09,2398,417.0,437.84000000000003,0.0,49974.32000000008,4.997601918465236,TAKE_PROFIT,7.0,5.0,3365.0,0.4857666666666667,NEU,
37151670eb6bde99,2025-06-09 08:00:00+00:00,2025-06-10 16:00:00,AVGO,S09,4048,247.0,243.9901,0.0,-12184.07519999995,-0.08702910857142822,SENTIMENT_EOD_SELL,7.0,5.0,2160.0,0.3516888888888889,NEU,
2e87e00a6cc361f3,2025-06-11 08:00:00+00:00,2025-06-12 14:07:00+00:00,AVGO,S09,4107,243.45,255.6125,0.0,49951.38750000009,4.995892380365588,TAKE_PROFIT,7.0,5.0,1807.0,0.5315444444444445,NEU,
c27e4f03929252b9,2025-06-11 08:00:00+00:00,2025-06-11 20:11:00+00:00,ORCL,S09,5635,177.45999999999998,186.323,0.0,49943.00500000016,4.994364927307578,TAKE_PROFIT,7.0,5.0,731.0,0.35507999999999995,NEU,
38bd9a7a6981078b,2025-06-11 08:02:00+00:00,2025-06-12 20:05:00+00:00,ADBE,S09,2403,416.08,436.874,0.0,49967.9820000001,4.997596616035388,TAKE_PROFIT,7.0,5.0,2163.0,0.34646,NEU,
991a8e097f119212,2025-06-10 09:29:00+00:00,2025-06-11 16:00:00,CSCO,S09,15167,65.93,64.40169999999999,0.0,-23179.72610000024,-0.16556947214285886,SENTIMENT_EOD_SELL,7.0,5.0,2071.0,0.49729999999999996,NEU,
d8813ebf5c2957db,2025-06-11 13:30:00+00:00,2025-06-12 09:30:00,INTU,S09,1317,758.8199999999999,764.7,0.0,7743.960000000144,0.05531400000000102,SENTIMENT_MORNING_SELL,7.0,5.0,1440.0,0.2241,NEU,
ea2c13c4a059ef45,2025-06-12 08:00:00+00:00,2025-06-12 14:21:00+00:00,ORCL,S09,5250,190.45999999999998,199.97299999999998,0.0,49943.25000000003,4.994749553712069,TAKE_PROFIT,7.0,5.0,381.0,0.25153,NEU,
8c0e717672c4495f,2025-06-12 08:02:00+00:00,2025-06-12 20:05:00+00:00,ADBE,S09,2422,412.74,433.367,0.0,49958.59400000003,4.997577167223921,TAKE_PROFIT,7.0,5.0,723.0,0.25891000000000003,NEU,
636da01a8b184ca6,2025-06-09 08:00:00+00:00,2025-06-12 16:00:00,AMZN,S09,4680,213.66,211.99,0.0,-7815.599999999941,-0.05582571428571387,SENTIMENT_EOD_SELL,7.0,5.0,5040.0,0.44548,NEU,
50ece566d6c08c25,2025-06-10 08:00:00+00:00,2025-06-13 09:30:00,META,S09,1436,695.9399999999999,684.87,0.0,-15896.51999999991,-0.11354657142857079,SENTIMENT_MORNING_SELL,7.0,5.0,4650.0,0.29571000000000003,NEU,
8e0b4729aa35f008,2025-06-10 08:00:00+00:00,2025-06-13 09:30:00,TSM,S09,4789,208.81,210.99,0.0,10440.020000000033,0.07457157142857165,SENTIMENT_MORNING_SELL,7.0,5.0,4650.0,0.30756,NEU,
608b82ae6454ba46,2025-06-12 08:07:00+00:00,2025-06-13 09:30:00,CSCO,S09,15632,63.97,64.25,0.0,4376.960000000017,0.031264000000000125,SENTIMENT_MORNING_SELL,7.0,5.0,1763.0,0.42275999999999997,NEU,
bc72c924c02e9ca4,2025-06-13 08:00:00+00:00,2025-06-13 14:06:00+00:00,ORCL,S09,5081,196.79,206.61950000000002,0.0,49943.689500000124,4.994918440977704,TAKE_PROFIT,7.0,5.0,366.0,0.29684,NEU,
997170ba503b6327,2025-06-13 08:00:00+00:00,2025-06-13 16:00:00,TSM,S09,4739,211.01,210.82000000000002,0.0,-900.4099999998546,-0.0064314999999989615,SENTIMENT_EOD_SELL,7.0,5.0,720.0,0.5517333333333333,NEU,
f6933967de777b47,2025-06-13 08:04:00+00:00,2025-06-13 16:00:00,CSCO,S09,15559,64.27000000000001,64.17999999999999,0.0,-1400.3100000002742,-0.010002214285716245,SENTIMENT_EOD_SELL,7.0,5.0,716.0,0.30619999999999997,NEU,
422c8a7888be5007,2025-06-12 08:00:00+00:00,2025-06-16 09:30:00,AVGO,S09,3975,251.56,250.99,0.0,-2265.7499999999727,-0.016183928571428377,SENTIMENT_MORNING_SELL,7.0,5.0,6090.0,0.34302,NEU,
f2fafc355fb7b847,2025-06-13 12:00:00+00:00,2025-06-16 09:30:00,INTU,S09,1310,762.8099,760.01,0.0,-3667.8689999999733,-0.0261990642857141,SENTIMENT_MORNING_SELL,7.0,5.0,4410.0,0.2676,NEU,
8c682230784662d0,2025-06-09 08:00:00+00:00,2025-06-16 16:00:00,MSFT,S09,2132,468.86,475.289,0.0,13706.627999999944,0.09790448571428531,SENTIMENT_EOD_SELL,7.0,5.0,10800.0,0.58775,NEU,
aeb531103896ce09,2025-06-09 08:00:00+00:00,2025-06-16 16:00:00,AAPL,S09,4877,205.01,197.07000000000002,0.0,-38723.37999999985,-0.27659557142857033,SENTIMENT_EOD_SELL,7.0,5.0,10800.0,0.21655000000000002,NEU,
079ea514ef324bfc,2025-06-10 08:03:00+00:00,2025-06-16 16:00:00,QCOM,S09,6408,156.04,156.16,0.0,768.9600000000291,0.005492571428571637,SENTIMENT_EOD_SELL,7.0,5.0,9357.0,0.366275,NEU,
b88edc1f1b8b5f38,2025-06-13 08:00:00+00:00,2025-06-16 16:00:00,AMZN,S09,4764,209.89,213.63,0.0,17817.360000000044,0.12726685714285746,SENTIMENT_EOD_SELL,7.0,5.0,5040.0,0.2644,NEU,
bc0fdbb41761f0bd,2025-06-16 08:00:00+00:00,2025-06-16 16:00:00,AVGO,S09,3983,251.01,250.01000000000002,0.0,-3982.9999999998868,-0.02844999999999919,SENTIMENT_EOD_SELL,7.0,5.0,720.0,0.52554,NEU,
acdf25376a4e7b37,2025-06-16 08:00:00+00:00,2025-06-16 16:00:00,TSM,S09,4724,211.64999999999998,213.59,0.0,9164.560000000123,0.06546114285714374,SENTIMENT_EOD_SELL,7.0,5.0,720.0,0.4826428571428571,NEU,
2f4826e6c6594c81,2025-06-16 13:28:00+00:00,2025-06-16 16:00:00,INTU,S09,1315,760.03,771.99,0.0,15727.400000000049,0.11233857142857177,SENTIMENT_EOD_SELL,7.0,5.0,392.0,0.5028666666666667,NEU,
3cc734550e109466,2025-06-17 08:02:00+00:00,2025-06-17 16:00:00,MSFT,S09,2103,475.44,476.75,0.0,2754.930000000005,0.019678071428571465,SENTIMENT_EOD_SELL,7.0,5.0,718.0,0.28801,NEU,
ceff24f05f58453d,2025-06-17 08:46:00+00:00,2025-06-17 16:00:00,CSCO,S09,15339,65.19000000000001,65.21,0.0,306.779999999721,0.0021912857142837214,SENTIMENT_EOD_SELL,7.0,5.0,674.0,0.4592,NEU,
94514c5b02f77f10,2025-06-17 13:27:00+00:00,2025-06-17 16:00:00,INTU,S09,1302,767.96,764.89,0.0,-3997.140000000065,-0.028551000000000465,SENTIMENT_EOD_SELL,7.0,5.0,393.0,0.45716666666666667,NEU,
ebfb411635471d78,2025-06-17 08:03:00+00:00,2025-06-17 16:00:00,QCOM,S09,6407,156.06,154.49,0.0,-10058.989999999956,-0.07184992857142826,SENTIMENT_EOD_SELL,7.0,5.0,717.0,0.2243375,NEU,
e1b63c979714b11b,2025-06-17 08:00:00+00:00,2025-06-18 09:30:00,AAPL,S09,5062,197.51999999999998,196.14000000000001,0.0,-6985.559999999833,-0.04989685714285595,SENTIMENT_MORNING_SELL,7.0,5.0,1770.0,0.20165000000000002,NEU,
966cc5c800293a6f,2025-06-17 08:01:00+00:00,2025-06-18 09:30:00,TSM,S09,4655,214.79999999999998,215.19,0.0,1815.4500000000687,0.01296750000000049,SENTIMENT_MORNING_SELL,7.0,5.0,1769.0,0.49216666666666664,NEU,
0d38b85812f01bc0,2025-06-10 08:00:00+00:00,2025-06-23 16:22:00+00:00,GOOGL,S09,5679,176.07999999999998,163.74439999999998,0.0,-70053.8724,-0.5645299228571428,STOP_LOSS,7.0,5.0,19222.0,0.40591999999999995,NEU,
a54fcb5fbf67a008,2025-06-18 08:00:00+00:00,2025-06-23 13:31:00+00:00,TSLA,S09,3144,318.01,333.9005,0.0,49959.7320000001,4.996855444797344,TAKE_PROFIT,7.0,5.0,7531.0,0.21957,NEU,
43a847317fef825f,2025-06-18 13:30:00+00:00,2025-06-18 16:00:00,INTU,S09,1311,762.38,755.49,0.0,-9032.789999999983,-0.06451992857142844,SENTIMENT_EOD_SELL,7.0,5.0,390.0,0.3316,NEU,
07bd2b842a256cb7,2025-06-17 08:00:00+00:00,2025-06-24 13:31:00+00:00,AVGO,S09,3997,250.13,262.6265,0.0,49948.510500000106,0.5768027357142869,TAKE_PROFIT,7.0,5.0,10411.0,0.38798,NEU,
34b7db13450f76c2,2025-06-16 08:00:00+00:00,2025-06-20 09:30:00,ORCL,S09,4627,216.12,210.87,0.0,-24291.75,-0.1735125,SENTIMENT_MORNING_SELL,7.0,5.0,6090.0,0.29949,NEU,
b85e1aee907164e9,2025-06-18 08:00:00+00:00,2025-06-20 09:30:00,MSFT,S09,2091,478.15999999999997,480.07,0.0,3993.8100000000522,0.028527214285714655,SENTIMENT_MORNING_SELL,7.0,5.0,3210.0,0.3745,NEU,
65500b7091bcff96,2025-06-18 08:07:00+00:00,2025-06-20 09:30:00,QCOM,S09,6462,154.73999999999998,153.62,0.0,-7237.439999999846,-0.051695999999998896,SENTIMENT_MORNING_SELL,7.0,5.0,3203.0,0.303925,NEU,
5ee3163ed79a04e6,2025-06-10 08:00:00+00:00,2025-06-25 13:03:00+00:00,NVDA,S09,7012,142.60999999999999,149.7305,0.0,49928.94600000015,0.20329027500000063,TAKE_PROFIT,7.0,5.0,21903.0,0.3785,NEU,
2cbd061bb265e7af,2025-06-20 08:01:00+00:00,2025-06-24 13:31:00+00:00,AVGO,S09,3986,250.82999999999998,263.3615,0.0,49950.55899999998,4.996013236056291,TAKE_PROFIT,7.0,5.0,6090.0,0.34482999999999997,NEU,
91ccbd86aaf4f9fd,2025-06-13 08:00:00+00:00,2025-06-20 16:00:00,ADBE,S09,2496,400.49,375.99,0.0,-61152.0,-0.4368,SENTIMENT_EOD_SELL,7.0,5.0,10800.0,0.20686,NEU,
5be6930471066b8b,2025-06-18 08:00:00+00:00,2025-06-20 16:00:00,TSM,S09,4646,215.20999999999998,209.87,0.0,-24809.639999999883,-0.17721171428571345,SENTIMENT_EOD_SELL,7.0,5.0,3600.0,0.4350428571428572,NEU,
7be6be10fcb15b58,2025-06-20 08:00:00+00:00,2025-06-20 16:00:00,MSFT,S09,2082,480.09,477.7867,0.0,-4795.470599999956,-0.03425336142857111,SENTIMENT_EOD_SELL,7.0,5.0,720.0,0.48829,NEU,
46974981043984dc,2025-06-20 13:27:00+00:00,2025-06-20 16:00:00,INTU,S09,1314,761.0,761.13,0.0,170.81999999999402,0.0012201428571428144,SENTIMENT_EOD_SELL,7.0,5.0,393.0,0.469775,NEU,
615beaa5bdb15ef9,2025-06-20 08:30:00+00:00,2025-06-20 16:00:00,QCOM,S09,6508,153.64,151.74,0.0,-12365.199999999852,-0.08832285714285608,SENTIMENT_EOD_SELL,7.0,5.0,690.0,0.2548333333333333,NEU,
24bcb190dc45d11a,2025-06-17 08:00:00+00:00,2025-06-20 23:59:00+00:00,AMZN,S09,4671,214.07,210.17000000000002,0.0,-18216.899999999892,-0.1301207142857135,BACKTEST_END,7.0,5.0,5279.0,0.39523,NEU,
59d5eb9f5707dbd6,2025-06-17 08:00:00+00:00,2025-06-20 23:59:00+00:00,META,S09,1428,700.01,683.78,0.0,-23176.440000000024,-0.1655460000000002,BACKTEST_END,7.0,5.0,5279.0,0.27437,NEU,
016ca1dd05b47229,2025-06-18 08:00:00+00:00,2025-06-20 23:59:00+00:00,AAPL,S09,5097,196.16,201.2801,0.0,26097.14970000004,0.18640821214285744,BACKTEST_END,7.0,5.0,3839.0,0.28226999999999997,NEU,
558613790f425fbe,2025-06-20 08:00:00+00:00,2025-06-20 23:58:00+00:00,ORCL,S09,4741,210.89,204.92000000000002,0.0,-28303.76999999986,-0.2021697857142847,BACKTEST_END,7.0,5.0,958.0,0.45685000000000003,NEU,
5bac516a9df044d3,2025-06-09 08:00:00+00:00,2025-06-11 20:16:00+00:00,ORCL,S10,5713,175.01,189.0008,0.0,79929.44040000004,7.994286040797673,TAKE_PROFIT,7.0,8.0,3616.0,0.3024,NEU,
2cf0aefa1e0d16a0,2025-06-09 08:00:00+00:00,2025-06-11 14:45:00+00:00,QCOM,S10,6674,149.82,161.7956,0.0,79925.1544000001,7.99332532372181,TAKE_PROFIT,7.0,8.0,3285.0,0.49803,NEU,
718a36ed7ec6e49a,2025-06-09 08:02:00+00:00,2025-06-09 16:00:00,CSCO,S10,15158,65.97,65.91,0.0,-909.4800000000345,-0.006496285714285961,SENTIMENT_EOD_SELL,7.0,8.0,718.0,0.4429666666666667,NEU,
f6a88340163fb24f,2025-06-10 08:04:00+00:00,2025-06-11 20:17:00+00:00,ORCL,S10,5644,177.16,191.32280000000003,0.0,79934.84320000018,7.9943553849627635,TAKE_PROFIT,7.0,8.0,2173.0,0.26996000000000003,NEU,
9f756b178b225052,2025-06-10 12:00:00+00:00,2025-06-13 13:36:00+00:00,ADBE,S10,2398,417.0,387.8,0.0,-70021.59999999998,-7.0023980815347695,STOP_LOSS,7.0,8.0,4416.0,0.4857666666666667,NEU,
a133c7ef5348d4b9,2025-06-09 08:00:00+00:00,2025-06-10 16:00:00,AVGO,S10,4048,247.0,243.9901,0.0,-12184.07519999995,-0.08702910857142822,SENTIMENT_EOD_SELL,7.0,8.0,2160.0,0.3516888888888889,NEU,
350ecf5a9a82a038,2025-06-11 08:00:00+00:00,2025-06-12 11:27:00+00:00,ORCL,S10,5635,177.45999999999998,191.6468,0.0,79942.61800000019,7.994364927307583,TAKE_PROFIT,7.0,8.0,1647.0,0.35507999999999995,NEU,
b1a9c534d59de3dc,2025-06-11 08:02:00+00:00,2025-06-13 13:37:00+00:00,ADBE,S10,2403,416.08,386.9444,0.0,-70012.84680000003,-7.002403383964626,STOP_LOSS,7.0,8.0,3215.0,0.34646,NEU,
8884eb1fb24920c6,2025-06-10 09:29:00+00:00,2025-06-11 16:00:00,CSCO,S10,15167,65.93,64.40169999999999,0.0,-23179.72610000024,-0.16556947214285886,SENTIMENT_EOD_SELL,7.0,8.0,2071.0,0.49729999999999996,NEU,
74a8cc4ba288fb0e,2025-06-11 08:00:00+00:00,2025-06-12 09:30:00,AVGO,S10,4107,243.45,251.54000000000002,0.0,33225.63000000013,0.2373259285714295,SENTIMENT_MORNING_SELL,7.0,8.0,1770.0,0.5315444444444445,NEU,
b4513b6fc8848d44,2025-06-11 13:30:00+00:00,2025-06-12 09:30:00,INTU,S10,1317,758.8199999999999,764.7,0.0,7743.960000000144,0.05531400000000102,SENTIMENT_MORNING_SELL,7.0,8.0,1440.0,0.2241,NEU,
26aa039b549a39ec,2025-06-12 08:00:00+00:00,2025-06-13 14:00:00+00:00,ORCL,S10,5250,190.45999999999998,205.6868,0.0,79940.70000000013,7.9947495537120785,TAKE_PROFIT,7.0,8.0,1800.0,0.25153,NEU,
f2181da9ef311b53,2025-06-12 08:02:00+00:00,2025-06-12 20:05:00+00:00,ADBE,S10,2422,412.74,445.74920000000003,0.0,79948.28240000005,7.997577167223923,TAKE_PROFIT,7.0,8.0,723.0,0.25891000000000003,NEU,
ee154aa3e661d5e3,2025-06-09 08:00:00+00:00,2025-06-12 16:00:00,AMZN,S10,4680,213.66,211.99,0.0,-7815.599999999941,-0.05582571428571387,SENTIMENT_EOD_SELL,7.0,8.0,5040.0,0.44548,NEU,
b8a7c009363326f3,2025-06-10 08:00:00+00:00,2025-06-13 09:30:00,META,S10,1436,695.9399999999999,684.87,0.0,-15896.51999999991,-0.11354657142857079,SENTIMENT_MORNING_SELL,7.0,8.0,4650.0,0.29571000000000003,NEU,
f5046e9e043bf45e,2025-06-10 08:00:00+00:00,2025-06-13 09:30:00,TSM,S10,4789,208.81,210.99,0.0,10440.020000000033,0.07457157142857165,SENTIMENT_MORNING_SELL,7.0,8.0,4650.0,0.30756,NEU,
d35cd4f65b097776,2025-06-12 08:07:00+00:00,2025-06-13 09:30:00,CSCO,S10,15632,63.97,64.25,0.0,4376.960000000017,0.031264000000000125,SENTIMENT_MORNING_SELL,7.0,8.0,1763.0,0.42275999999999997,NEU,
228892bbaea07b65,2025-06-13 08:00:00+00:00,2025-06-13 15:48:00+00:00,ORCL,S10,5081,196.79,212.5232,0.0,79940.38920000005,7.994918440977697,TAKE_PROFIT,7.0,8.0,468.0,0.29684,NEU,
113de2eab6a119fa,2025-06-13 08:00:00+00:00,2025-06-13 16:00:00,TSM,S10,4739,211.01,210.82000000000002,0.0,-900.4099999998546,-0.0064314999999989615,SENTIMENT_EOD_SELL,7.0,8.0,720.0,0.5517333333333333,NEU,
104fb831c1965201,2025-06-13 08:04:00+00:00,2025-06-13 16:00:00,CSCO,S10,15559,64.27000000000001,64.17999999999999,0.0,-1400.3100000002742,-0.010002214285716245,SENTIMENT_EOD_SELL,7.0,8.0,716.0,0.30619999999999997,NEU,
86f90536bc118ca7,2025-06-12 08:00:00+00:00,2025-06-16 09:30:00,AVGO,S10,3975,251.56,250.99,0.0,-2265.7499999999727,-0.016183928571428377,SENTIMENT_MORNING_SELL,7.0,8.0,6090.0,0.34302,NEU,
4324031ee56c12bd,2025-06-13 12:00:00+00:00,2025-06-16 09:30:00,INTU,S10,1310,762.8099,760.01,0.0,-3667.8689999999733,-0.0261990642857141,SENTIMENT_MORNING_SELL,7.0,8.0,4410.0,0.2676,NEU,
bf3db30d4e05de84,2025-06-09 08:00:00+00:00,2025-06-16 16:00:00,MSFT,S10,2132,468.86,475.289,0.0,13706.627999999944,0.09790448571428531,SENTIMENT_EOD_SELL,7.0,8.0,10800.0,0.58775,NEU,
6728c7eee8f2529d,2025-06-09 08:00:00+00:00,2025-06-16 16:00:00,AAPL,S10,4877,205.01,197.07000000000002,0.0,-38723.37999999985,-0.27659557142857033,SENTIMENT_EOD_SELL,7.0,8.0,10800.0,0.21655000000000002,NEU,
0477f2b0a5464e51,2025-06-10 08:03:00+00:00,2025-06-16 16:00:00,QCOM,S10,6408,156.04,156.16,0.0,768.9600000000291,0.005492571428571637,SENTIMENT_EOD_SELL,7.0,8.0,9357.0,0.366275,NEU,
2e2c853a25b53c8f,2025-06-13 08:00:00+00:00,2025-06-16 16:00:00,AMZN,S10,4764,209.89,213.63,0.0,17817.360000000044,0.12726685714285746,SENTIMENT_EOD_SELL,7.0,8.0,5040.0,0.2644,NEU,
66765cbacfcdf83d,2025-06-16 08:00:00+00:00,2025-06-16 16:00:00,AVGO,S10,3983,251.01,250.01000000000002,0.0,-3982.9999999998868,-0.02844999999999919,SENTIMENT_EOD_SELL,7.0,8.0,720.0,0.52554,NEU,
3e27ec178315b172,2025-06-16 08:00:00+00:00,2025-06-16 16:00:00,TSM,S10,4724,211.64999999999998,213.59,0.0,9164.560000000123,0.06546114285714374,SENTIMENT_EOD_SELL,7.0,8.0,720.0,0.4826428571428571,NEU,
ce4e4a491d05ed5d,2025-06-16 13:28:00+00:00,2025-06-16 16:00:00,INTU,S10,1315,760.03,771.99,0.0,15727.400000000049,0.11233857142857177,SENTIMENT_EOD_SELL,7.0,8.0,392.0,0.5028666666666667,NEU,
4b0d50b5e6776d18,2025-06-17 08:02:00+00:00,2025-06-17 16:00:00,MSFT,S10,2103,475.44,476.75,0.0,2754.930000000005,0.019678071428571465,SENTIMENT_EOD_SELL,7.0,8.0,718.0,0.28801,NEU,
a97061eb05b4aed3,2025-06-17 08:46:00+00:00,2025-06-17 16:00:00,CSCO,S10,15339,65.19000000000001,65.21,0.0,306.779999999721,0.0021912857142837214,SENTIMENT_EOD_SELL,7.0,8.0,674.0,0.4592,NEU,
1c6e9e61d2dc7df5,2025-06-17 13:27:00+00:00,2025-06-17 16:00:00,INTU,S10,1302,767.96,764.89,0.0,-3997.140000000065,-0.028551000000000465,SENTIMENT_EOD_SELL,7.0,8.0,393.0,0.45716666666666667,NEU,
fb0f07fed5435aad,2025-06-17 08:03:00+00:00,2025-06-17 16:00:00,QCOM,S10,6407,156.06,154.49,0.0,-10058.989999999956,-0.07184992857142826,SENTIMENT_EOD_SELL,7.0,8.0,717.0,0.2243375,NEU,
bf0466300fa5239d,2025-06-17 08:00:00+00:00,2025-06-18 09:30:00,AAPL,S10,5062,197.51999999999998,196.14000000000001,0.0,-6985.559999999833,-0.04989685714285595,SENTIMENT_MORNING_SELL,7.0,8.0,1770.0,0.20165000000000002,NEU,
5e799036b355d232,2025-06-17 08:01:00+00:00,2025-06-18 09:30:00,TSM,S10,4655,214.79999999999998,215.19,0.0,1815.4500000000687,0.01296750000000049,SENTIMENT_MORNING_SELL,7.0,8.0,1769.0,0.49216666666666664,NEU,
312e45abbcebefb4,2025-06-10 08:00:00+00:00,2025-06-23 16:22:00+00:00,GOOGL,S10,5679,176.07999999999998,163.74439999999998,0.0,-70053.8724,-0.5645299228571428,STOP_LOSS,7.0,8.0,19222.0,0.40591999999999995,NEU,
8d7fb0e015b01c5e,2025-06-18 08:00:00+00:00,2025-06-23 14:00:00+00:00,TSLA,S10,3144,318.01,343.4408,0.0,79954.43520000011,7.996855444797345,TAKE_PROFIT,7.0,8.0,7560.0,0.21957,NEU,
e524bb7409c55f4d,2025-06-18 13:30:00+00:00,2025-06-18 16:00:00,INTU,S10,1311,762.38,755.49,0.0,-9032.789999999983,-0.06451992857142844,SENTIMENT_EOD_SELL,7.0,8.0,390.0,0.3316,NEU,
140a2c99aa49fcdc,2025-06-16 08:00:00+00:00,2025-06-20 09:30:00,ORCL,S10,4627,216.12,210.87,0.0,-24291.75,-0.1735125,SENTIMENT_MORNING_SELL,7.0,8.0,6090.0,0.29949,NEU,
0d0ffea05e4c920f,2025-06-17 08:00:00+00:00,2025-06-20 09:30:00,AVGO,S10,3997,250.13,250.81,0.0,2717.9600000000273,0.019414000000000195,SENTIMENT_MORNING_SELL,7.0,8.0,4650.0,0.38798,NEU,
64c0b32d24433a6e,2025-06-18 08:00:00+00:00,2025-06-20 09:30:00,MSFT,S10,2091,478.15999999999997,480.07,0.0,3993.8100000000522,0.028527214285714655,SENTIMENT_MORNING_SELL,7.0,8.0,3210.0,0.3745,NEU,
ad404fe36109f52e,2025-06-18 08:07:00+00:00,2025-06-20 09:30:00,QCOM,S10,6462,154.73999999999998,153.62,0.0,-7237.439999999846,-0.051695999999998896,SENTIMENT_MORNING_SELL,7.0,8.0,3203.0,0.303925,NEU,
67e629f5f3e69c72,2025-06-10 08:00:00+00:00,2025-06-25 19:02:00+00:00,NVDA,S10,7012,142.60999999999999,154.0088,0.0,79928.38560000015,0.526136040000001,TAKE_PROFIT,7.0,8.0,22262.0,0.3785,NEU,
183eb0ea69fd9fe4,2025-06-13 08:00:00+00:00,2025-06-20 16:00:00,ADBE,S10,2496,400.49,375.99,0.0,-61152.0,-0.4368,SENTIMENT_EOD_SELL,7.0,8.0,10800.0,0.20686,NEU,
c1548dfc8829b6ec,2025-06-18 08:00:00+00:00,2025-06-20 16:00:00,TSM,S10,4646,215.20999999999998,209.87,0.0,-24809.639999999883,-0.17721171428571345,SENTIMENT_EOD_SELL,7.0,8.0,3600.0,0.4350428571428572,NEU,
7e8364fa15645184,2025-06-20 08:00:00+00:00,2025-06-20 16:00:00,MSFT,S10,2082,480.09,477.7867,0.0,-4795.470599999956,-0.03425336142857111,SENTIMENT_EOD_SELL,7.0,8.0,720.0,0.48829,NEU,
0cc8dcbbefedb43d,2025-06-20 13:27:00+00:00,2025-06-20 16:00:00,INTU,S10,1314,761.0,761.13,0.0,170.81999999999402,0.0012201428571428144,SENTIMENT_EOD_SELL,7.0,8.0,393.0,0.469775,NEU,
e69befa8e90c9843,2025-06-20 08:30:00+00:00,2025-06-20 16:00:00,QCOM,S10,6508,153.64,151.74,0.0,-12365.199999999852,-0.08832285714285608,SENTIMENT_EOD_SELL,7.0,8.0,690.0,0.2548333333333333,NEU,
0d52a1542c93cad9,2025-06-17 08:00:00+00:00,2025-06-20 23:59:00+00:00,AMZN,S10,4671,214.07,210.17000000000002,0.0,-18216.899999999892,-0.1301207142857135,BACKTEST_END,7.0,8.0,5279.0,0.39523,NEU,
8f29cc673cc6f53c,2025-06-17 08:00:00+00:00,2025-06-20 23:59:00+00:00,META,S10,1428,700.01,683.78,0.0,-23176.440000000024,-0.1655460000000002,BACKTEST_END,7.0,8.0,5279.0,0.27437,NEU,
05e6e350b249c689,2025-06-18 08:00:00+00:00,2025-06-20 23:59:00+00:00,AAPL,S10,5097,196.16,201.2801,0.0,26097.14970000004,0.18640821214285744,BACKTEST_END,7.0,8.0,3839.0,0.28226999999999997,NEU,
18e59f98321ea46c,2025-06-20 08:01:00+00:00,2025-06-20 23:58:00+00:00,AVGO,S10,3986,250.82999999999998,249.61,0.0,-4862.919999999882,-0.034735142857142014,BACKTEST_END,7.0,8.0,957.0,0.34482999999999997,NEU,
83051179c3e7619b,2025-06-20 08:00:00+00:00,2025-06-20 23:58:00+00:00,ORCL,S10,4741,210.89,204.92000000000002,0.0,-28303.76999999986,-0.2021697857142847,BACKTEST_END,7.0,8.0,958.0,0.45685000000000003,NEU,
f4083a10df2e64da,2025-06-09 08:00:00+00:00,2025-06-12 13:46:00+00:00,ORCL,S11,5713,175.01,196.0012,0.0,119922.72560000012,11.99428604079768,TAKE_PROFIT,7.0,12.0,4666.0,0.3024,NEU,
d7b9d57cf86b47b3,2025-06-09 08:02:00+00:00,2025-06-09 16:00:00,CSCO,S11,15158,65.97,65.91,0.0,-909.4800000000345,-0.006496285714285961,SENTIMENT_EOD_SELL,7.0,12.0,718.0,0.4429666666666667,NEU,
935e7c35df46918d,2025-06-10 08:04:00+00:00,2025-06-12 13:59:00+00:00,ORCL,S11,5644,177.16,198.40920000000003,0.0,119930.48480000017,11.99435538496276,TAKE_PROFIT,7.0,12.0,3235.0,0.26996000000000003,NEU,
dc971f7a2285d43c,2025-06-10 12:00:00+00:00,2025-06-13 13:36:00+00:00,ADBE,S11,2398,417.0,387.8,0.0,-70021.59999999998,-7.0023980815347695,STOP_LOSS,7.0,12.0,4416.0,0.4857666666666667,NEU,
699b3169142d8b80,2025-06-09 08:00:00+00:00,2025-06-10 16:00:00,AVGO,S11,4048,247.0,243.9901,0.0,-12184.07519999995,-0.08702910857142822,SENTIMENT_EOD_SELL,7.0,12.0,2160.0,0.3516888888888889,NEU,
6cfa5563084c175d,2025-06-11 08:00:00+00:00,2025-06-12 14:07:00+00:00,ORCL,S11,5635,177.45999999999998,198.7452,0.0,119942.10200000017,11.994364927307581,TAKE_PROFIT,7.0,12.0,1807.0,0.35507999999999995,NEU,
64223464ca5366a9,2025-06-11 08:02:00+00:00,2025-06-13 13:37:00+00:00,ADBE,S11,2403,416.08,386.9444,0.0,-70012.84680000003,-7.002403383964626,STOP_LOSS,7.0,12.0,3215.0,0.34646,NEU,
65230d7b5f48f172,2025-06-10 09:29:00+00:00,2025-06-11 16:00:00,CSCO,S11,15167,65.93,64.40169999999999,0.0,-23179.72610000024,-0.16556947214285886,SENTIMENT_EOD_SELL,7.0,12.0,2071.0,0.49729999999999996,NEU,
0a83c6a961478845,2025-06-11 08:00:00+00:00,2025-06-12 09:30:00,AVGO,S11,4107,243.45,251.54000000000002,0.0,33225.63000000013,0.2373259285714295,SENTIMENT_MORNING_SELL,7.0,12.0,1770.0,0.5315444444444445,NEU,
11bb1a9235378580,2025-06-11 13:30:00+00:00,2025-06-12 09:30:00,INTU,S11,1317,758.8199999999999,764.7,0.0,7743.960000000144,0.05531400000000102,SENTIMENT_MORNING_SELL,7.0,12.0,1440.0,0.2241,NEU,
369ef30a36b97ca3,2025-06-12 08:00:00+00:00,2025-06-13 16:03:00+00:00,ORCL,S11,5250,190.45999999999998,213.3052,0.0,119937.30000000018,11.994749553712085,TAKE_PROFIT,7.0,12.0,1923.0,0.25153,NEU,
2a6b7a3b3050c44a,2025-06-12 08:02:00+00:00,2025-06-13 14:08:00+00:00,ADBE,S11,2422,412.74,383.8382,0.0,-70000.15960000009,-7.002422832776089,STOP_LOSS,7.0,12.0,1806.0,0.25891000000000003,NEU,
ba7da5bd94571494,2025-06-09 08:00:00+00:00,2025-06-12 16:00:00,AMZN,S11,4680,213.66,211.99,0.0,-7815.599999999941,-0.05582571428571387,SENTIMENT_EOD_SELL,7.0,12.0,5040.0,0.44548,NEU,
1d412375191449b7,2025-06-10 08:00:00+00:00,2025-06-13 09:30:00,META,S11,1436,695.9399999999999,684.87,0.0,-15896.51999999991,-0.11354657142857079,SENTIMENT_MORNING_SELL,7.0,12.0,4650.0,0.29571000000000003,NEU,
dfffb31a5a033490,2025-06-10 08:00:00+00:00,2025-06-13 09:30:00,TSM,S11,4789,208.81,210.99,0.0,10440.020000000033,0.07457157142857165,SENTIMENT_MORNING_SELL,7.0,12.0,4650.0,0.30756,NEU,
ebc14bd8c46c22fe,2025-06-12 08:07:00+00:00,2025-06-13 09:30:00,CSCO,S11,15632,63.97,64.25,0.0,4376.960000000017,0.031264000000000125,SENTIMENT_MORNING_SELL,7.0,12.0,1763.0,0.42275999999999997,NEU,
a41a5bdc2a247f56,2025-06-13 08:00:00+00:00,2025-06-13 16:00:00,TSM,S11,4739,211.01,210.82000000000002,0.0,-900.4099999998546,-0.0064314999999989615,SENTIMENT_EOD_SELL,7.0,12.0,720.0,0.5517333333333333,NEU,
39e2f88a5fbfca41,2025-06-13 08:04:00+00:00,2025-06-13 16:00:00,CSCO,S11,15559,64.27000000000001,64.17999999999999,0.0,-1400.3100000002742,-0.010002214285716245,SENTIMENT_EOD_SELL,7.0,12.0,716.0,0.30619999999999997,NEU,
b5120badbe8e2665,2025-06-12 08:00:00+00:00,2025-06-16 09:30:00,AVGO,S11,3975,251.56,250.99,0.0,-2265.7499999999727,-0.016183928571428377,SENTIMENT_MORNING_SELL,7.0,12.0,6090.0,0.34302,NEU,
11543e4aafc06098,2025-06-13 12:00:00+00:00,2025-06-16 09:30:00,INTU,S11,1310,762.8099,760.01,0.0,-3667.8689999999733,-0.0261990642857141,SENTIMENT_MORNING_SELL,7.0,12.0,4410.0,0.2676,NEU,
6937f8a5f6acf0ad,2025-06-09 08:00:00+00:00,2025-06-16 16:00:00,MSFT,S11,2132,468.86,475.289,0.0,13706.627999999944,0.09790448571428531,SENTIMENT_EOD_SELL,7.0,12.0,10800.0,0.58775,NEU,
49d0285422c60e57,2025-06-09 08:00:00+00:00,2025-06-16 16:00:00,AAPL,S11,4877,205.01,197.07000000000002,0.0,-38723.37999999985,-0.27659557142857033,SENTIMENT_EOD_SELL,7.0,12.0,10800.0,0.21655000000000002,NEU,
771611bf34fa7f3e,2025-06-09 08:00:00+00:00,2025-06-16 16:00:00,QCOM,S11,6674,149.82,156.16,0.0,42313.160000000025,0.30223685714285736,SENTIMENT_EOD_SELL,7.0,12.0,10800.0,0.49803,NEU,
f262352348dd9aa9,2025-06-13 08:00:00+00:00,2025-06-16 16:00:00,AMZN,S11,4764,209.89,213.63,0.0,17817.360000000044,0.12726685714285746,SENTIMENT_EOD_SELL,7.0,12.0,5040.0,0.2644,NEU,
7f389ef7ec61605b,2025-06-16 08:00:00+00:00,2025-06-16 16:00:00,AVGO,S11,3983,251.01,250.01000000000002,0.0,-3982.9999999998868,-0.02844999999999919,SENTIMENT_EOD_SELL,7.0,12.0,720.0,0.52554,NEU,
b47d56c5e022af54,2025-06-16 08:00:00+00:00,2025-06-16 16:00:00,TSM,S11,4724,211.64999999999998,213.59,0.0,9164.560000000123,0.06546114285714374,SENTIMENT_EOD_SELL,7.0,12.0,720.0,0.4826428571428571,NEU,
6e4d623c2e82d6bd,2025-06-16 13:28:00+00:00,2025-06-16 16:00:00,INTU,S11,1315,760.03,771.99,0.0,15727.400000000049,0.11233857142857177,SENTIMENT_EOD_SELL,7.0,12.0,392.0,0.5028666666666667,NEU,
b575e915968a07a1,2025-06-17 08:02:00+00:00,2025-06-17 16:00:00,MSFT,S11,2103,475.44,476.75,0.0,2754.930000000005,0.019678071428571465,SENTIMENT_EOD_SELL,7.0,12.0,718.0,0.28801,NEU,
e8793ddaff46d761,2025-06-17 08:46:00+00:00,2025-06-17 16:00:00,CSCO,S11,15339,65.19000000000001,65.21,0.0,306.779999999721,0.0021912857142837214,SENTIMENT_EOD_SELL,7.0,12.0,674.0,0.4592,NEU,
2a5a8d7fcc46f2b2,2025-06-17 13:27:00+00:00,2025-06-17 16:00:00,INTU,S11,1302,767.96,764.89,0.0,-3997.140000000065,-0.028551000000000465,SENTIMENT_EOD_SELL,7.0,12.0,393.0,0.45716666666666667,NEU,
6d084194edceadee,2025-06-17 08:03:00+00:00,2025-06-17 16:00:00,QCOM,S11,6407,156.06,154.49,0.0,-10058.989999999956,-0.07184992857142826,SENTIMENT_EOD_SELL,7.0,12.0,717.0,0.2243375,NEU,
126aa48980f7e342,2025-06-17 08:00:00+00:00,2025-06-18 09:30:00,AAPL,S11,5062,197.51999999999998,196.14000000000001,0.0,-6985.559999999833,-0.04989685714285595,SENTIMENT_MORNING_SELL,7.0,12.0,1770.0,0.20165000000000002,NEU,
3d7da41ae11794e7,2025-06-17 08:01:00+00:00,2025-06-18 09:30:00,TSM,S11,4655,214.79999999999998,215.19,0.0,1815.4500000000687,0.01296750000000049,SENTIMENT_MORNING_SELL,7.0,12.0,1769.0,0.49216666666666664,NEU,
5d390db530fc03f3,2025-06-10 08:00:00+00:00,2025-06-23 16:22:00+00:00,GOOGL,S11,5679,176.07999999999998,163.74439999999998,0.0,-70053.8724,-0.5645299228571428,STOP_LOSS,7.0,12.0,19222.0,0.40591999999999995,NEU,
96fbe50dda20bd9a,2025-06-18 08:00:00+00:00,2025-06-23 14:46:00+00:00,TSLA,S11,3144,318.01,356.1612,0.0,119947.37280000006,11.99685544479734,TAKE_PROFIT,7.0,12.0,7606.0,0.21957,NEU,
1da89252d8aec1ae,2025-06-18 13:30:00+00:00,2025-06-18 16:00:00,INTU,S11,1311,762.38,755.49,0.0,-9032.789999999983,-0.06451992857142844,SENTIMENT_EOD_SELL,7.0,12.0,390.0,0.3316,NEU,
7dcffb66b8caf484,2025-06-13 08:00:00+00:00,2025-06-20 09:30:00,ORCL,S11,5081,196.79,210.87,0.0,71540.48000000007,0.5110034285714291,SENTIMENT_MORNING_SELL,7.0,12.0,10410.0,0.29684,NEU,
b801ee01af39dc36,2025-06-17 08:00:00+00:00,2025-06-20 09:30:00,AVGO,S11,3997,250.13,250.81,0.0,2717.9600000000273,0.019414000000000195,SENTIMENT_MORNING_SELL,7.0,12.0,4650.0,0.38798,NEU,
b10dce28ed0fdff4,2025-06-18 08:00:00+00:00,2025-06-20 09:30:00,MSFT,S11,2091,478.15999999999997,480.07,0.0,3993.8100000000522,0.028527214285714655,SENTIMENT_MORNING_SELL,7.0,12.0,3210.0,0.3745,NEU,
2fd6342cd27ea09f,2025-06-18 08:07:00+00:00,2025-06-20 09:30:00,QCOM,S11,6462,154.73999999999998,153.62,0.0,-7237.439999999846,-0.051695999999998896,SENTIMENT_MORNING_SELL,7.0,12.0,3203.0,0.303925,NEU,
439314b582a11ff3,2025-06-13 08:00:00+00:00,2025-06-20 16:00:00,ADBE,S11,2496,400.49,375.99,0.0,-61152.0,-0.4368,SENTIMENT_EOD_SELL,7.0,12.0,10800.0,0.20686,NEU,
de6bad860b335178,2025-06-18 08:00:00+00:00,2025-06-20 16:00:00,TSM,S11,4646,215.20999999999998,209.87,0.0,-24809.639999999883,-0.17721171428571345,SENTIMENT_EOD_SELL,7.0,12.0,3600.0,0.4350428571428572,NEU,
9ff962e34149bf66,2025-06-20 08:00:00+00:00,2025-06-20 16:00:00,MSFT,S11,2082,480.09,477.7867,0.0,-4795.470599999956,-0.03425336142857111,SENTIMENT_EOD_SELL,7.0,12.0,720.0,0.48829,NEU,
c55c6407a64a353e,2025-06-20 13:27:00+00:00,2025-06-20 16:00:00,INTU,S11,1314,761.0,761.13,0.0,170.81999999999402,0.0012201428571428144,SENTIMENT_EOD_SELL,7.0,12.0,393.0,0.469775,NEU,
1832f1b4e609ee81,2025-06-20 08:30:00+00:00,2025-06-20 16:00:00,QCOM,S11,6508,153.64,151.74,0.0,-12365.199999999852,-0.08832285714285608,SENTIMENT_EOD_SELL,7.0,12.0,690.0,0.2548333333333333,NEU,
c7531cece66d9042,2025-06-10 08:00:00+00:00,2025-06-20 23:59:00+00:00,NVDA,S11,7012,142.60999999999999,143.601,0.0,6948.892000000097,0.04963494285714355,BACKTEST_END,7.0,12.0,15359.0,0.3785,NEU,
feb299733f61863d,2025-06-17 08:00:00+00:00,2025-06-20 23:59:00+00:00,AMZN,S11,4671,214.07,210.17000000000002,0.0,-18216.899999999892,-0.1301207142857135,BACKTEST_END,7.0,12.0,5279.0,0.39523,NEU,
0fba2e3dd81a8ca9,2025-06-17 08:00:00+00:00,2025-06-20 23:59:00+00:00,META,S11,1428,700.01,683.78,0.0,-23176.440000000024,-0.1655460000000002,BACKTEST_END,7.0,12.0,5279.0,0.27437,NEU,
02b5cc8e48e09692,2025-06-18 08:00:00+00:00,2025-06-20 23:59:00+00:00,AAPL,S11,5097,196.16,201.2801,0.0,26097.14970000004,0.18640821214285744,BACKTEST_END,7.0,12.0,3839.0,0.28226999999999997,NEU,
dc593fce92136f51,2025-06-20 08:01:00+00:00,2025-06-20 23:58:00+00:00,AVGO,S11,3986,250.82999999999998,249.61,0.0,-4862.919999999882,-0.034735142857142014,BACKTEST_END,7.0,12.0,957.0,0.34482999999999997,NEU,
894a5fe733c273b1,2025-06-20 08:00:00+00:00,2025-06-20 23:58:00+00:00,ORCL,S11,4741,210.89,204.92000000000002,0.0,-28303.76999999986,-0.2021697857142847,BACKTEST_END,7.0,12.0,958.0,0.45685000000000003,NEU,
785c02984d462cb5,2025-06-09 08:00:00+00:00,2025-06-13 14:42:00+00:00,ORCL,S12,5713,175.01,210.00199999999998,0.0,199909.29599999994,19.99428604079766,TAKE_PROFIT,7.0,20.0,6162.0,0.3024,NEU,
f401aaaeabbde73a,2025-06-09 08:02:00+00:00,2025-06-09 16:00:00,CSCO,S12,15158,65.97,65.91,0.0,-909.4800000000345,-0.006496285714285961,SENTIMENT_EOD_SELL,7.0,20.0,718.0,0.4429666666666667,NEU,
22f413e0dd5dd1b8,2025-06-10 08:04:00+00:00,2025-06-13 15:48:00+00:00,ORCL,S12,5644,177.16,212.582,0.0,199921.76799999998,19.99435538496274,TAKE_PROFIT,7.0,20.0,4784.0,0.26996000000000003,NEU,
ff3ac08d677545e1,2025-06-10 12:00:00+00:00,2025-06-13 13:36:00+00:00,ADBE,S12,2398,417.0,387.8,0.0,-70021.59999999998,-7.0023980815347695,STOP_LOSS,7.0,20.0,4416.0,0.4857666666666667,NEU,
17959d57bf1c12e5,2025-06-09 08:00:00+00:00,2025-06-10 16:00:00,AVGO,S12,4048,247.0,243.9901,0.0,-12184.07519999995,-0.08702910857142822,SENTIMENT_EOD_SELL,7.0,20.0,2160.0,0.3516888888888889,NEU,
829f20b11f888a8d,2025-06-11 08:00:00+00:00,2025-06-13 15:50:00+00:00,ORCL,S12,5635,177.45999999999998,212.94199999999998,0.0,199941.07,19.994364927307565,TAKE_PROFIT,7.0,20.0,3350.0,0.35507999999999995,NEU,
81db963638222366,2025-06-11 08:02:00+00:00,2025-06-13 13:37:00+00:00,ADBE,S12,2403,416.08,386.9444,0.0,-70012.84680000003,-7.002403383964626,STOP_LOSS,7.0,20.0,3215.0,0.34646,NEU,
458413311353d0ac,2025-06-10 09:29:00+00:00,2025-06-11 16:00:00,CSCO,S12,15167,65.93,64.40169999999999,0.0,-23179.72610000024,-0.16556947214285886,SENTIMENT_EOD_SELL,7.0,20.0,2071.0,0.49729999999999996,NEU,
8c2fe9902581a69d,2025-06-11 08:00:00+00:00,2025-06-12 09:30:00,AVGO,S12,4107,243.45,251.54000000000002,0.0,33225.63000000013,0.2373259285714295,SENTIMENT_MORNING_SELL,7.0,20.0,1770.0,0.5315444444444445,NEU,
75957cf655c8c977,2025-06-11 13:30:00+00:00,2025-06-12 09:30:00,INTU,S12,1317,758.8199999999999,764.7,0.0,7743.960000000144,0.05531400000000102,SENTIMENT_MORNING_SELL,7.0,20.0,1440.0,0.2241,NEU,
6517e703fc31cb46,2025-06-12 08:02:00+00:00,2025-06-13 14:08:00+00:00,ADBE,S12,2422,412.74,383.8382,0.0,-70000.15960000009,-7.002422832776089,STOP_LOSS,7.0,20.0,1806.0,0.25891000000000003,NEU,
2a76ff092520ea39,2025-06-09 08:00:00+00:00,2025-06-12 16:00:00,AMZN,S12,4680,213.66,211.99,0.0,-7815.599999999941,-0.05582571428571387,SENTIMENT_EOD_SELL,7.0,20.0,5040.0,0.44548,NEU,
1c7067678383fa65,2025-06-10 08:00:00+00:00,2025-06-13 09:30:00,META,S12,1436,695.9399999999999,684.87,0.0,-15896.51999999991,-0.11354657142857079,SENTIMENT_MORNING_SELL,7.0,20.0,4650.0,0.29571000000000003,NEU,
6635c3a2895012c8,2025-06-10 08:00:00+00:00,2025-06-13 09:30:00,TSM,S12,4789,208.81,210.99,0.0,10440.020000000033,0.07457157142857165,SENTIMENT_MORNING_SELL,7.0,20.0,4650.0,0.30756,NEU,
67f5373b0ed2a935,2025-06-12 08:07:00+00:00,2025-06-13 09:30:00,CSCO,S12,15632,63.97,64.25,0.0,4376.960000000017,0.031264000000000125,SENTIMENT_MORNING_SELL,7.0,20.0,1763.0,0.42275999999999997,NEU,
dfa67e91cd8a76cc,2025-06-13 08:00:00+00:00,2025-06-13 16:00:00,TSM,S12,4739,211.01,210.82000000000002,0.0,-900.4099999998546,-0.0064314999999989615,SENTIMENT_EOD_SELL,7.0,20.0,720.0,0.5517333333333333,NEU,
34e5d25c206737aa,2025-06-13 08:04:00+00:00,2025-06-13 16:00:00,CSCO,S12,15559,64.27000000000001,64.17999999999999,0.0,-1400.3100000002742,-0.010002214285716245,SENTIMENT_EOD_SELL,7.0,20.0,716.0,0.30619999999999997,NEU,
c8c2d8db232ddf37,2025-06-12 08:00:00+00:00,2025-06-16 09:30:00,AVGO,S12,3975,251.56,250.99,0.0,-2265.7499999999727,-0.016183928571428377,SENTIMENT_MORNING_SELL,7.0,20.0,6090.0,0.34302,NEU,
e0f475409205a1ec,2025-06-13 12:00:00+00:00,2025-06-16 09:30:00,INTU,S12,1310,762.8099,760.01,0.0,-3667.8689999999733,-0.0261990642857141,SENTIMENT_MORNING_SELL,7.0,20.0,4410.0,0.2676,NEU,
cc0d9a1c984b079b,2025-06-09 08:00:00+00:00,2025-06-16 16:00:00,MSFT,S12,2132,468.86,475.289,0.0,13706.627999999944,0.09790448571428531,SENTIMENT_EOD_SELL,7.0,20.0,10800.0,0.58775,NEU,
628db33ce09cbef8,2025-06-09 08:00:00+00:00,2025-06-16 16:00:00,AAPL,S12,4877,205.01,197.07000000000002,0.0,-38723.37999999985,-0.27659557142857033,SENTIMENT_EOD_SELL,7.0,20.0,10800.0,0.21655000000000002,NEU,
0f5f486349def8cb,2025-06-09 08:00:00+00:00,2025-06-16 16:00:00,QCOM,S12,6674,149.82,156.16,0.0,42313.160000000025,0.30223685714285736,SENTIMENT_EOD_SELL,7.0,20.0,10800.0,0.49803,NEU,
2b69fb198b240406,2025-06-13 08:00:00+00:00,2025-06-16 16:00:00,AMZN,S12,4764,209.89,213.63,0.0,17817.360000000044,0.12726685714285746,SENTIMENT_EOD_SELL,7.0,20.0,5040.0,0.2644,NEU,
459065af0cc0cef2,2025-06-16 08:00:00+00:00,2025-06-16 16:00:00,AVGO,S12,3983,251.01,250.01000000000002,0.0,-3982.9999999998868,-0.02844999999999919,SENTIMENT_EOD_SELL,7.0,20.0,720.0,0.52554,NEU,
b0e4187698915150,2025-06-16 08:00:00+00:00,2025-06-16 16:00:00,TSM,S12,4724,211.64999999999998,213.59,0.0,9164.560000000123,0.06546114285714374,SENTIMENT_EOD_SELL,7.0,20.0,720.0,0.4826428571428571,NEU,
62d6a91f695fc009,2025-06-16 13:28:00+00:00,2025-06-16 16:00:00,INTU,S12,1315,760.03,771.99,0.0,15727.400000000049,0.11233857142857177,SENTIMENT_EOD_SELL,7.0,20.0,392.0,0.5028666666666667,NEU,
c6d728f5cf8060b5,2025-06-17 08:02:00+00:00,2025-06-17 16:00:00,MSFT,S12,2103,475.44,476.75,0.0,2754.930000000005,0.019678071428571465,SENTIMENT_EOD_SELL,7.0,20.0,718.0,0.28801,NEU,
a3d33b7bb57d866a,2025-06-17 08:46:00+00:00,2025-06-17 16:00:00,CSCO,S12,15339,65.19000000000001,65.21,0.0,306.779999999721,0.0021912857142837214,SENTIMENT_EOD_SELL,7.0,20.0,674.0,0.4592,NEU,
51c25a4a02d8022d,2025-06-17 13:27:00+00:00,2025-06-17 16:00:00,INTU,S12,1302,767.96,764.89,0.0,-3997.140000000065,-0.028551000000000465,SENTIMENT_EOD_SELL,7.0,20.0,393.0,0.45716666666666667,NEU,
08879f30a77c5811,2025-06-17 08:03:00+00:00,2025-06-17 16:00:00,QCOM,S12,6407,156.06,154.49,0.0,-10058.989999999956,-0.07184992857142826,SENTIMENT_EOD_SELL,7.0,20.0,717.0,0.2243375,NEU,
2c7b3d8802af5a99,2025-06-17 08:00:00+00:00,2025-06-18 09:30:00,AAPL,S12,5062,197.51999999999998,196.14000000000001,0.0,-6985.559999999833,-0.04989685714285595,SENTIMENT_MORNING_SELL,7.0,20.0,1770.0,0.20165000000000002,NEU,
f355b99313a08beb,2025-06-17 08:01:00+00:00,2025-06-18 09:30:00,TSM,S12,4655,214.79999999999998,215.19,0.0,1815.4500000000687,0.01296750000000049,SENTIMENT_MORNING_SELL,7.0,20.0,1769.0,0.49216666666666664,NEU,
99b5921137e99702,2025-06-10 08:00:00+00:00,2025-06-23 16:22:00+00:00,GOOGL,S12,5679,176.07999999999998,163.74439999999998,0.0,-70053.8724,-0.5645299228571428,STOP_LOSS,7.0,20.0,19222.0,0.40591999999999995,NEU,
cf64af505d3d6474,2025-06-18 08:00:00+00:00,2025-06-18 16:00:00,TSLA,S12,3144,318.01,322.49,0.0,14085.120000000057,0.1006080000000004,SENTIMENT_EOD_SELL,7.0,20.0,720.0,0.21957,NEU,
2b35f00f6c6e07ab,2025-06-18 13:30:00+00:00,2025-06-18 16:00:00,INTU,S12,1311,762.38,755.49,0.0,-9032.789999999983,-0.06451992857142844,SENTIMENT_EOD_SELL,7.0,20.0,390.0,0.3316,NEU,
2d69e9fe7252978e,2025-06-12 08:00:00+00:00,2025-06-20 09:30:00,ORCL,S12,5250,190.45999999999998,210.87,0.0,107152.50000000013,0.7653750000000009,SENTIMENT_MORNING_SELL,7.0,20.0,11850.0,0.25153,NEU,
e175e342b6df62b4,2025-06-17 08:00:00+00:00,2025-06-20 09:30:00,AVGO,S12,3997,250.13,250.81,0.0,2717.9600000000273,0.019414000000000195,SENTIMENT_MORNING_SELL,7.0,20.0,4650.0,0.38798,NEU,
8bcb0158ccc6e250,2025-06-18 08:00:00+00:00,2025-06-20 09:30:00,MSFT,S12,2091,478.15999999999997,480.07,0.0,3993.8100000000522,0.028527214285714655,SENTIMENT_MORNING_SELL,7.0,20.0,3210.0,0.3745,NEU,
a8b0a47054d1082b,2025-06-18 08:07:00+00:00,2025-06-20 09:30:00,QCOM,S12,6462,154.73999999999998,153.62,0.0,-7237.439999999846,-0.051695999999998896,SENTIMENT_MORNING_SELL,7.0,20.0,3203.0,0.303925,NEU,
a0628551a59d570c,2025-06-13 08:00:00+00:00,2025-06-20 16:00:00,ADBE,S12,2496,400.49,375.99,0.0,-61152.0,-0.4368,SENTIMENT_EOD_SELL,7.0,20.0,10800.0,0.20686,NEU,
1195fa0b365fb240,2025-06-18 08:00:00+00:00,2025-06-20 16:00:00,TSM,S12,4646,215.20999999999998,209.87,0.0,-24809.639999999883,-0.17721171428571345,SENTIMENT_EOD_SELL,7.0,20.0,3600.0,0.4350428571428572,NEU,
6358387cb8d530bc,2025-06-20 08:00:00+00:00,2025-06-20 16:00:00,MSFT,S12,2082,480.09,477.7867,0.0,-4795.470599999956,-0.03425336142857111,SENTIMENT_EOD_SELL,7.0,20.0,720.0,0.48829,NEU,
4a639f085d4e19a3,2025-06-20 13:27:00+00:00,2025-06-20 16:00:00,INTU,S12,1314,761.0,761.13,0.0,170.81999999999402,0.0012201428571428144,SENTIMENT_EOD_SELL,7.0,20.0,393.0,0.469775,NEU,
456932ced831a8f1,2025-06-20 08:30:00+00:00,2025-06-20 16:00:00,QCOM,S12,6508,153.64,151.74,0.0,-12365.199999999852,-0.08832285714285608,SENTIMENT_EOD_SELL,7.0,20.0,690.0,0.2548333333333333,NEU,
2e67e53aa1872778,2025-06-10 08:00:00+00:00,2025-06-20 23:59:00+00:00,NVDA,S12,7012,142.60999999999999,143.601,0.0,6948.892000000097,0.04963494285714355,BACKTEST_END,7.0,20.0,15359.0,0.3785,NEU,
043e172181b99898,2025-06-17 08:00:00+00:00,2025-06-20 23:59:00+00:00,AMZN,S12,4671,214.07,210.17000000000002,0.0,-18216.899999999892,-0.1301207142857135,BACKTEST_END,7.0,20.0,5279.0,0.39523,NEU,
56dd9141d4e1f7dd,2025-06-17 08:00:00+00:00,2025-06-20 23:59:00+00:00,META,S12,1428,700.01,683.78,0.0,-23176.440000000024,-0.1655460000000002,BACKTEST_END,7.0,20.0,5279.0,0.27437,NEU,
03f3d302f2c14fe5,2025-06-18 08:00:00+00:00,2025-06-20 23:59:00+00:00,AAPL,S12,5097,196.16,201.2801,0.0,26097.14970000004,0.18640821214285744,BACKTEST_END,7.0,20.0,3839.0,0.28226999999999997,NEU,
2fa60e8cb115cd38,2025-06-20 08:01:00+00:00,2025-06-20 23:58:00+00:00,AVGO,S12,3986,250.82999999999998,249.61,0.0,-4862.919999999882,-0.034735142857142014,BACKTEST_END,7.0,20.0,957.0,0.34482999999999997,NEU,
f3361712c2a71422,2025-06-20 08:00:00+00:00,2025-06-20 23:58:00+00:00,ORCL,S12,4741,210.89,204.92000000000002,0.0,-28303.76999999986,-0.2021697857142847,BACKTEST_END,7.0,20.0,958.0,0.45685000000000003,NEU,
52c38d84a97d5feb,2025-06-09 08:00:00+00:00,2025-06-11 20:09:00+00:00,ORCL,S13,5713,175.01,183.75050000000002,0.0,49934.47650000015,4.994286040797684,TAKE_PROFIT,10.0,5.0,3609.0,0.3024,NEU,
559b1e5b3296d153,2025-06-09 08:00:00+00:00,2025-06-10 10:16:00+00:00,QCOM,S13,6674,149.82,157.30100000000002,0.0,49928.194000000156,4.993325323721815,TAKE_PROFIT,10.0,5.0,1576.0,0.49803,NEU,
b98bfefa25eddaa8,2025-06-09 08:02:00+00:00,2025-06-09 16:00:00,CSCO,S13,15158,65.97,65.91,0.0,-909.4800000000345,-0.006496285714285961,SENTIMENT_EOD_SELL,10.0,5.0,718.0,0.4429666666666667,NEU,
d59c472aeae0abc4,2025-06-10 08:04:00+00:00,2025-06-11 20:11:00+00:00,ORCL,S13,5644,177.16,186.008,0.0,49938.112000000074,4.994355384962753,TAKE_PROFIT,10.0,5.0,2167.0,0.26996000000000003,NEU,
830ec7fc2b0f74a3,2025-06-10 12:00:00+00:00,2025-06-12 20:05:00+00:00,ADBE,S13,2398,417.0,437.84000000000003,0.0,49974.32000000008,4.997601918465236,TAKE_PROFIT,10.0,5.0,3365.0,0.4857666666666667,NEU,
9c4bf49e552e08e3,2025-06-09 08:00:00+00:00,2025-06-10 16:00:00,AVGO,S13,4048,247.0,243.9901,0.0,-12184.07519999995,-0.08702910857142822,SENTIMENT_EOD_SELL,10.0,5.0,2160.0,0.3516888888888889,NEU,
0fa21dedd694d381,2025-06-11 08:00:00+00:00,2025-06-12 14:07:00+00:00,AVGO,S13,4107,243.45,255.6125,0.0,49951.38750000009,4.995892380365588,TAKE_PROFIT,10.0,5.0,1807.0,0.5315444444444445,NEU,
9b5ecc08802e8409,2025-06-11 08:00:00+00:00,2025-06-11 20:11:00+00:00,ORCL,S13,5635,177.45999999999998,186.323,0.0,49943.00500000016,4.994364927307578,TAKE_PROFIT,10.0,5.0,731.0,0.35507999999999995,NEU,
309b1c5bf4a2e6f5,2025-06-11 08:02:00+00:00,2025-06-12 20:05:00+00:00,ADBE,S13,2403,416.08,436.874,0.0,49967.9820000001,4.997596616035388,TAKE_PROFIT,10.0,5.0,2163.0,0.34646,NEU,
aae929808e1e33cb,2025-06-10 09:29:00+00:00,2025-06-11 16:00:00,CSCO,S13,15167,65.93,64.40169999999999,0.0,-23179.72610000024,-0.16556947214285886,SENTIMENT_EOD_SELL,10.0,5.0,2071.0,0.49729999999999996,NEU,
bb01c73bf2ffb389,2025-06-11 13:30:00+00:00,2025-06-12 09:30:00,INTU,S13,1317,758.8199999999999,764.7,0.0,7743.960000000144,0.05531400000000102,SENTIMENT_MORNING_SELL,10.0,5.0,1440.0,0.2241,NEU,
57e6e3639ecc8bac,2025-06-12 08:00:00+00:00,2025-06-12 14:21:00+00:00,ORCL,S13,5250,190.45999999999998,199.97299999999998,0.0,49943.25000000003,4.994749553712069,TAKE_PROFIT,10.0,5.0,381.0,0.25153,NEU,
7f773dc8f4c3fa4e,2025-06-12 08:02:00+00:00,2025-06-12 20:05:00+00:00,ADBE,S13,2422,412.74,433.367,0.0,49958.59400000003,4.997577167223921,TAKE_PROFIT,10.0,5.0,723.0,0.25891000000000003,NEU,
632c3b120c9786d5,2025-06-09 08:00:00+00:00,2025-06-12 16:00:00,AMZN,S13,4680,213.66,211.99,0.0,-7815.599999999941,-0.05582571428571387,SENTIMENT_EOD_SELL,10.0,5.0,5040.0,0.44548,NEU,
49287030370abc3a,2025-06-10 08:00:00+00:00,2025-06-13 09:30:00,META,S13,1436,695.9399999999999,684.87,0.0,-15896.51999999991,-0.11354657142857079,SENTIMENT_MORNING_SELL,10.0,5.0,4650.0,0.29571000000000003,NEU,
55d6398c6e50b7e1,2025-06-10 08:00:00+00:00,2025-06-13 09:30:00,TSM,S13,4789,208.81,210.99,0.0,10440.020000000033,0.07457157142857165,SENTIMENT_MORNING_SELL,10.0,5.0,4650.0,0.30756,NEU,
772a48c46343541b,2025-06-12 08:07:00+00:00,2025-06-13 09:30:00,CSCO,S13,15632,63.97,64.25,0.0,4376.960000000017,0.031264000000000125,SENTIMENT_MORNING_SELL,10.0,5.0,1763.0,0.42275999999999997,NEU,
132f9f71944d2086,2025-06-13 08:00:00+00:00,2025-06-13 14:06:00+00:00,ORCL,S13,5081,196.79,206.61950000000002,0.0,49943.689500000124,4.994918440977704,TAKE_PROFIT,10.0,5.0,366.0,0.29684,NEU,
fb27b79d6e6793cd,2025-06-13 08:00:00+00:00,2025-06-13 16:00:00,TSM,S13,4739,211.01,210.82000000000002,0.0,-900.4099999998546,-0.0064314999999989615,SENTIMENT_EOD_SELL,10.0,5.0,720.0,0.5517333333333333,NEU,
4385355da22348db,2025-06-13 08:04:00+00:00,2025-06-13 16:00:00,CSCO,S13,15559,64.27000000000001,64.17999999999999,0.0,-1400.3100000002742,-0.010002214285716245,SENTIMENT_EOD_SELL,10.0,5.0,716.0,0.30619999999999997,NEU,
36219e3f9f74d3b4,2025-06-12 08:00:00+00:00,2025-06-16 09:30:00,AVGO,S13,3975,251.56,250.99,0.0,-2265.7499999999727,-0.016183928571428377,SENTIMENT_MORNING_SELL,10.0,5.0,6090.0,0.34302,NEU,
d2112772db1997aa,2025-06-13 12:00:00+00:00,2025-06-16 09:30:00,INTU,S13,1310,762.8099,760.01,0.0,-3667.8689999999733,-0.0261990642857141,SENTIMENT_MORNING_SELL,10.0,5.0,4410.0,0.2676,NEU,
d000edf467ef5438,2025-06-09 08:00:00+00:00,2025-06-16 16:00:00,MSFT,S13,2132,468.86,475.289,0.0,13706.627999999944,0.09790448571428531,SENTIMENT_EOD_SELL,10.0,5.0,10800.0,0.58775,NEU,
2ac40d0ac365f92a,2025-06-09 08:00:00+00:00,2025-06-16 16:00:00,AAPL,S13,4877,205.01,197.07000000000002,0.0,-38723.37999999985,-0.27659557142857033,SENTIMENT_EOD_SELL,10.0,5.0,10800.0,0.21655000000000002,NEU,
f9e039eac3c0606a,2025-06-10 08:03:00+00:00,2025-06-16 16:00:00,QCOM,S13,6408,156.04,156.16,0.0,768.9600000000291,0.005492571428571637,SENTIMENT_EOD_SELL,10.0,5.0,9357.0,0.366275,NEU,
0e9bedb2404d3d04,2025-06-13 08:00:00+00:00,2025-06-16 16:00:00,AMZN,S13,4764,209.89,213.63,0.0,17817.360000000044,0.12726685714285746,SENTIMENT_EOD_SELL,10.0,5.0,5040.0,0.2644,NEU,
215247f54301becd,2025-06-16 08:00:00+00:00,2025-06-16 16:00:00,AVGO,S13,3983,251.01,250.01000000000002,0.0,-3982.9999999998868,-0.02844999999999919,SENTIMENT_EOD_SELL,10.0,5.0,720.0,0.52554,NEU,
530e6ac5dab6c62e,2025-06-16 08:00:00+00:00,2025-06-16 16:00:00,TSM,S13,4724,211.64999999999998,213.59,0.0,9164.560000000123,0.06546114285714374,SENTIMENT_EOD_SELL,10.0,5.0,720.0,0.4826428571428571,NEU,
09a31b42268cb83f,2025-06-16 13:28:00+00:00,2025-06-16 16:00:00,INTU,S13,1315,760.03,771.99,0.0,15727.400000000049,0.11233857142857177,SENTIMENT_EOD_SELL,10.0,5.0,392.0,0.5028666666666667,NEU,
694eaa01993f11ab,2025-06-17 08:02:00+00:00,2025-06-17 16:00:00,MSFT,S13,2103,475.44,476.75,0.0,2754.930000000005,0.019678071428571465,SENTIMENT_EOD_SELL,10.0,5.0,718.0,0.28801,NEU,
d06d09419f7d120d,2025-06-17 08:46:00+00:00,2025-06-17 16:00:00,CSCO,S13,15339,65.19000000000001,65.21,0.0,306.779999999721,0.0021912857142837214,SENTIMENT_EOD_SELL,10.0,5.0,674.0,0.4592,NEU,
9482e7ca3b3844f2,2025-06-17 13:27:00+00:00,2025-06-17 16:00:00,INTU,S13,1302,767.96,764.89,0.0,-3997.140000000065,-0.028551000000000465,SENTIMENT_EOD_SELL,10.0,5.0,393.0,0.45716666666666667,NEU,
61ae5c7f81118f9c,2025-06-17 08:03:00+00:00,2025-06-17 16:00:00,QCOM,S13,6407,156.06,154.49,0.0,-10058.989999999956,-0.07184992857142826,SENTIMENT_EOD_SELL,10.0,5.0,717.0,0.2243375,NEU,
8fa5d50da1cd1ba5,2025-06-17 08:00:00+00:00,2025-06-18 09:30:00,AAPL,S13,5062,197.51999999999998,196.14000000000001,0.0,-6985.559999999833,-0.04989685714285595,SENTIMENT_MORNING_SELL,10.0,5.0,1770.0,0.20165000000000002,NEU,
b75a188af0891888,2025-06-17 08:01:00+00:00,2025-06-18 09:30:00,TSM,S13,4655,214.79999999999998,215.19,0.0,1815.4500000000687,0.01296750000000049,SENTIMENT_MORNING_SELL,10.0,5.0,1769.0,0.49216666666666664,NEU,
92b792b674d82d00,2025-06-18 08:00:00+00:00,2025-06-23 13:31:00+00:00,TSLA,S13,3144,318.01,333.9005,0.0,49959.7320000001,4.996855444797344,TAKE_PROFIT,10.0,5.0,7531.0,0.21957,NEU,
b70521bdc6a994f5,2025-06-18 13:30:00+00:00,2025-06-18 16:00:00,INTU,S13,1311,762.38,755.49,0.0,-9032.789999999983,-0.06451992857142844,SENTIMENT_EOD_SELL,10.0,5.0,390.0,0.3316,NEU,
80c593013b624fc1,2025-06-17 08:00:00+00:00,2025-06-24 13:31:00+00:00,AVGO,S13,3997,250.13,262.6265,0.0,49948.510500000106,0.5768027357142869,TAKE_PROFIT,10.0,5.0,10411.0,0.38798,NEU,
9590d17d51d68fc9,2025-06-16 08:00:00+00:00,2025-06-20 09:30:00,ORCL,S13,4627,216.12,210.87,0.0,-24291.75,-0.1735125,SENTIMENT_MORNING_SELL,10.0,5.0,6090.0,0.29949,NEU,
dd032f7c57579d81,2025-06-18 08:00:00+00:00,2025-06-20 09:30:00,MSFT,S13,2091,478.15999999999997,480.07,0.0,3993.8100000000522,0.028527214285714655,SENTIMENT_MORNING_SELL,10.0,5.0,3210.0,0.3745,NEU,
74841ac2242f27dc,2025-06-18 08:07:00+00:00,2025-06-20 09:30:00,QCOM,S13,6462,154.73999999999998,153.62,0.0,-7237.439999999846,-0.051695999999998896,SENTIMENT_MORNING_SELL,10.0,5.0,3203.0,0.303925,NEU,
2749986c50add931,2025-06-10 08:00:00+00:00,2025-06-25 13:03:00+00:00,NVDA,S13,7012,142.60999999999999,149.7305,0.0,49928.94600000015,0.20329027500000063,TAKE_PROFIT,10.0,5.0,21903.0,0.3785,NEU,
e8e741ef9bb239f2,2025-06-20 08:01:00+00:00,2025-06-24 13:31:00+00:00,AVGO,S13,3986,250.82999999999998,263.3615,0.0,49950.55899999998,4.996013236056291,TAKE_PROFIT,10.0,5.0,6090.0,0.34482999999999997,NEU,
113c90e8da5af0e1,2025-06-10 08:00:00+00:00,2025-06-20 16:00:00,GOOGL,S13,5679,176.07999999999998,166.65,0.0,-53552.96999999988,-0.38252121428571345,SENTIMENT_EOD_SELL,10.0,5.0,15120.0,0.40591999999999995,NEU,
591792b0b2d83671,2025-06-13 08:00:00+00:00,2025-06-20 16:00:00,ADBE,S13,2496,400.49,375.99,0.0,-61152.0,-0.4368,SENTIMENT_EOD_SELL,10.0,5.0,10800.0,0.20686,NEU,
7f42f57157f7fd4f,2025-06-18 08:00:00+00:00,2025-06-20 16:00:00,TSM,S13,4646,215.20999999999998,209.87,0.0,-24809.639999999883,-0.17721171428571345,SENTIMENT_EOD_SELL,10.0,5.0,3600.0,0.4350428571428572,NEU,
335ea26d3352a6c8,2025-06-20 08:00:00+00:00,2025-06-20 16:00:00,MSFT,S13,2082,480.09,477.7867,0.0,-4795.470599999956,-0.03425336142857111,SENTIMENT_EOD_SELL,10.0,5.0,720.0,0.48829,NEU,
4dee83994ffb6441,2025-06-20 13:27:00+00:00,2025-06-20 16:00:00,INTU,S13,1314,761.0,761.13,0.0,170.81999999999402,0.0012201428571428144,SENTIMENT_EOD_SELL,10.0,5.0,393.0,0.469775,NEU,
0623e0686964ef30,2025-06-20 08:30:00+00:00,2025-06-20 16:00:00,QCOM,S13,6508,153.64,151.74,0.0,-12365.199999999852,-0.08832285714285608,SENTIMENT_EOD_SELL,10.0,5.0,690.0,0.2548333333333333,NEU,
8221e70926168fc1,2025-06-17 08:00:00+00:00,2025-06-20 23:59:00+00:00,AMZN,S13,4671,214.07,210.17000000000002,0.0,-18216.899999999892,-0.1301207142857135,BACKTEST_END,10.0,5.0,5279.0,0.39523,NEU,
76e112a8ae03ee2b,2025-06-17 08:00:00+00:00,2025-06-20 23:59:00+00:00,META,S13,1428,700.01,683.78,0.0,-23176.440000000024,-0.1655460000000002,BACKTEST_END,10.0,5.0,5279.0,0.27437,NEU,
4984bf55ce2c1688,2025-06-18 08:00:00+00:00,2025-06-20 23:59:00+00:00,AAPL,S13,5097,196.16,201.2801,0.0,26097.14970000004,0.18640821214285744,BACKTEST_END,10.0,5.0,3839.0,0.28226999999999997,NEU,
76f46cd0f00ad0f9,2025-06-20 08:00:00+00:00,2025-06-20 23:58:00+00:00,ORCL,S13,4741,210.89,204.92000000000002,0.0,-28303.76999999986,-0.2021697857142847,BACKTEST_END,10.0,5.0,958.0,0.45685000000000003,NEU,
a127e2cbd7d62305,2025-06-09 08:00:00+00:00,2025-06-11 20:16:00+00:00,ORCL,S14,5713,175.01,189.0008,0.0,79929.44040000004,7.994286040797673,TAKE_PROFIT,10.0,8.0,3616.0,0.3024,NEU,
2c3e48afdd58e009,2025-06-09 08:00:00+00:00,2025-06-11 14:45:00+00:00,QCOM,S14,6674,149.82,161.7956,0.0,79925.1544000001,7.99332532372181,TAKE_PROFIT,10.0,8.0,3285.0,0.49803,NEU,
f1ad4344713e9b7d,2025-06-09 08:02:00+00:00,2025-06-09 16:00:00,CSCO,S14,15158,65.97,65.91,0.0,-909.4800000000345,-0.006496285714285961,SENTIMENT_EOD_SELL,10.0,8.0,718.0,0.4429666666666667,NEU,
65023a88d9e5f563,2025-06-10 08:04:00+00:00,2025-06-11 20:17:00+00:00,ORCL,S14,5644,177.16,191.32280000000003,0.0,79934.84320000018,7.9943553849627635,TAKE_PROFIT,10.0,8.0,2173.0,0.26996000000000003,NEU,
ad59a131405cd87d,2025-06-09 08:00:00+00:00,2025-06-10 16:00:00,AVGO,S14,4048,247.0,243.9901,0.0,-12184.07519999995,-0.08702910857142822,SENTIMENT_EOD_SELL,10.0,8.0,2160.0,0.3516888888888889,NEU,
adb0c7fb0f240f3c,2025-06-10 12:00:00+00:00,2025-06-10 16:00:00,ADBE,S14,2398,417.0,416.1392,0.0,-2064.19839999996,-0.014744274285714003,SENTIMENT_EOD_SELL,10.0,8.0,480.0,0.4857666666666667,NEU,
78be90e6f9392150,2025-06-11 08:00:00+00:00,2025-06-12 11:27:00+00:00,ORCL,S14,5635,177.45999999999998,191.6468,0.0,79942.61800000019,7.994364927307583,TAKE_PROFIT,10.0,8.0,1647.0,0.35507999999999995,NEU,
29cae507ee71cbfd,2025-06-10 09:29:00+00:00,2025-06-11 16:00:00,CSCO,S14,15167,65.93,64.40169999999999,0.0,-23179.72610000024,-0.16556947214285886,SENTIMENT_EOD_SELL,10.0,8.0,2071.0,0.49729999999999996,NEU,
1b5912c901e2c3f6,2025-06-11 08:00:00+00:00,2025-06-12 09:30:00,AVGO,S14,4107,243.45,251.54000000000002,0.0,33225.63000000013,0.2373259285714295,SENTIMENT_MORNING_SELL,10.0,8.0,1770.0,0.5315444444444445,NEU,
60b17ec5f699ec4e,2025-06-11 13:30:00+00:00,2025-06-12 09:30:00,INTU,S14,1317,758.8199999999999,764.7,0.0,7743.960000000144,0.05531400000000102,SENTIMENT_MORNING_SELL,10.0,8.0,1440.0,0.2241,NEU,
aec47b2a282c4389,2025-06-12 08:00:00+00:00,2025-06-13 14:00:00+00:00,ORCL,S14,5250,190.45999999999998,205.6868,0.0,79940.70000000013,7.9947495537120785,TAKE_PROFIT,10.0,8.0,1800.0,0.25153,NEU,
07b34d7c3fa251f4,2025-06-09 08:00:00+00:00,2025-06-12 16:00:00,AMZN,S14,4680,213.66,211.99,0.0,-7815.599999999941,-0.05582571428571387,SENTIMENT_EOD_SELL,10.0,8.0,5040.0,0.44548,NEU,
52480000f4f99443,2025-06-10 08:00:00+00:00,2025-06-13 09:30:00,META,S14,1436,695.9399999999999,684.87,0.0,-15896.51999999991,-0.11354657142857079,SENTIMENT_MORNING_SELL,10.0,8.0,4650.0,0.29571000000000003,NEU,
8dfd6bad4ed17c44,2025-06-10 08:00:00+00:00,2025-06-13 09:30:00,TSM,S14,4789,208.81,210.99,0.0,10440.020000000033,0.07457157142857165,SENTIMENT_MORNING_SELL,10.0,8.0,4650.0,0.30756,NEU,
8a13c498fb304f0a,2025-06-12 08:07:00+00:00,2025-06-13 09:30:00,CSCO,S14,15632,63.97,64.25,0.0,4376.960000000017,0.031264000000000125,SENTIMENT_MORNING_SELL,10.0,8.0,1763.0,0.42275999999999997,NEU,
c94516c3dc37a480,2025-06-13 08:00:00+00:00,2025-06-13 15:48:00+00:00,ORCL,S14,5081,196.79,212.5232,0.0,79940.38920000005,7.994918440977697,TAKE_PROFIT,10.0,8.0,468.0,0.29684,NEU,
fd6728fc8e06c014,2025-06-13 08:00:00+00:00,2025-06-13 16:00:00,TSM,S14,4739,211.01,210.82000000000002,0.0,-900.4099999998546,-0.0064314999999989615,SENTIMENT_EOD_SELL,10.0,8.0,720.0,0.5517333333333333,NEU,
da5bc0313163bc63,2025-06-13 08:04:00+00:00,2025-06-13 16:00:00,CSCO,S14,15559,64.27000000000001,64.17999999999999,0.0,-1400.3100000002742,-0.010002214285716245,SENTIMENT_EOD_SELL,10.0,8.0,716.0,0.30619999999999997,NEU,
bf84d032e034bb8c,2025-06-12 08:00:00+00:00,2025-06-16 09:30:00,AVGO,S14,3975,251.56,250.99,0.0,-2265.7499999999727,-0.016183928571428377,SENTIMENT_MORNING_SELL,10.0,8.0,6090.0,0.34302,NEU,
bb135611bc3c18d3,2025-06-13 12:00:00+00:00,2025-06-16 09:30:00,INTU,S14,1310,762.8099,760.01,0.0,-3667.8689999999733,-0.0261990642857141,SENTIMENT_MORNING_SELL,10.0,8.0,4410.0,0.2676,NEU,
8a043e30a9be50f6,2025-06-11 08:02:00+00:00,2025-06-20 18:51:00+00:00,ADBE,S14,2403,416.08,374.462,0.0,-100008.05399999999,-0.3894255714285714,STOP_LOSS,10.0,8.0,13609.0,0.34646,NEU,
823b9e2a9c064451,2025-06-09 08:00:00+00:00,2025-06-16 16:00:00,MSFT,S14,2132,468.86,475.289,0.0,13706.627999999944,0.09790448571428531,SENTIMENT_EOD_SELL,10.0,8.0,10800.0,0.58775,NEU,
b98cc157c44aadd9,2025-06-09 08:00:00+00:00,2025-06-16 16:00:00,AAPL,S14,4877,205.01,197.07000000000002,0.0,-38723.37999999985,-0.27659557142857033,SENTIMENT_EOD_SELL,10.0,8.0,10800.0,0.21655000000000002,NEU,
6b167028f1c9a901,2025-06-10 08:03:00+00:00,2025-06-16 16:00:00,QCOM,S14,6408,156.04,156.16,0.0,768.9600000000291,0.005492571428571637,SENTIMENT_EOD_SELL,10.0,8.0,9357.0,0.366275,NEU,
421512e31a5b5f84,2025-06-13 08:00:00+00:00,2025-06-16 16:00:00,AMZN,S14,4764,209.89,213.63,0.0,17817.360000000044,0.12726685714285746,SENTIMENT_EOD_SELL,10.0,8.0,5040.0,0.2644,NEU,
f1749c38721621fc,2025-06-16 08:00:00+00:00,2025-06-16 16:00:00,AVGO,S14,3983,251.01,250.01000000000002,0.0,-3982.9999999998868,-0.02844999999999919,SENTIMENT_EOD_SELL,10.0,8.0,720.0,0.52554,NEU,
7d9299ebb7c3858d,2025-06-16 08:00:00+00:00,2025-06-16 16:00:00,TSM,S14,4724,211.64999999999998,213.59,0.0,9164.560000000123,0.06546114285714374,SENTIMENT_EOD_SELL,10.0,8.0,720.0,0.4826428571428571,NEU,
dde2d34ea798343d,2025-06-16 13:28:00+00:00,2025-06-16 16:00:00,INTU,S14,1315,760.03,771.99,0.0,15727.400000000049,0.11233857142857177,SENTIMENT_EOD_SELL,10.0,8.0,392.0,0.5028666666666667,NEU,
181e1a988b3954fc,2025-06-17 08:02:00+00:00,2025-06-17 16:00:00,MSFT,S14,2103,475.44,476.75,0.0,2754.930000000005,0.019678071428571465,SENTIMENT_EOD_SELL,10.0,8.0,718.0,0.28801,NEU,
275e02d9b94ab920,2025-06-17 08:46:00+00:00,2025-06-17 16:00:00,CSCO,S14,15339,65.19000000000001,65.21,0.0,306.779999999721,0.0021912857142837214,SENTIMENT_EOD_SELL,10.0,8.0,674.0,0.4592,NEU,
b392f6c356871998,2025-06-17 13:27:00+00:00,2025-06-17 16:00:00,INTU,S14,1302,767.96,764.89,0.0,-3997.140000000065,-0.028551000000000465,SENTIMENT_EOD_SELL,10.0,8.0,393.0,0.45716666666666667,NEU,
e864329d75bd0779,2025-06-17 08:03:00+00:00,2025-06-17 16:00:00,QCOM,S14,6407,156.06,154.49,0.0,-10058.989999999956,-0.07184992857142826,SENTIMENT_EOD_SELL,10.0,8.0,717.0,0.2243375,NEU,
cab4f3fabd693332,2025-06-17 08:00:00+00:00,2025-06-18 09:30:00,AAPL,S14,5062,197.51999999999998,196.14000000000001,0.0,-6985.559999999833,-0.04989685714285595,SENTIMENT_MORNING_SELL,10.0,8.0,1770.0,0.20165000000000002,NEU,
255c88a5a8467453,2025-06-17 08:01:00+00:00,2025-06-18 09:30:00,TSM,S14,4655,214.79999999999998,215.19,0.0,1815.4500000000687,0.01296750000000049,SENTIMENT_MORNING_SELL,10.0,8.0,1769.0,0.49216666666666664,NEU,
2ad46cac4aae4bda,2025-06-18 08:00:00+00:00,2025-06-23 14:00:00+00:00,TSLA,S14,3144,318.01,343.4408,0.0,79954.43520000011,7.996855444797345,TAKE_PROFIT,10.0,8.0,7560.0,0.21957,NEU,
2c38ccd12a8cc2d3,2025-06-18 13:30:00+00:00,2025-06-18 16:00:00,INTU,S14,1311,762.38,755.49,0.0,-9032.789999999983,-0.06451992857142844,SENTIMENT_EOD_SELL,10.0,8.0,390.0,0.3316,NEU,
47fa9fca2c374139,2025-06-16 08:00:00+00:00,2025-06-20 09:30:00,ORCL,S14,4627,216.12,210.87,0.0,-24291.75,-0.1735125,SENTIMENT_MORNING_SELL,10.0,8.0,6090.0,0.29949,NEU,
fa81137d17b500e3,2025-06-17 08:00:00+00:00,2025-06-20 09:30:00,AVGO,S14,3997,250.13,250.81,0.0,2717.9600000000273,0.019414000000000195,SENTIMENT_MORNING_SELL,10.0,8.0,4650.0,0.38798,NEU,
e3da6c8aedd43f74,2025-06-18 08:00:00+00:00,2025-06-20 09:30:00,MSFT,S14,2091,478.15999999999997,480.07,0.0,3993.8100000000522,0.028527214285714655,SENTIMENT_MORNING_SELL,10.0,8.0,3210.0,0.3745,NEU,
d773fccc28428142,2025-06-18 08:07:00+00:00,2025-06-20 09:30:00,QCOM,S14,6462,154.73999999999998,153.62,0.0,-7237.439999999846,-0.051695999999998896,SENTIMENT_MORNING_SELL,10.0,8.0,3203.0,0.303925,NEU,
5aa94c48fbdf6b89,2025-06-10 08:00:00+00:00,2025-06-25 19:02:00+00:00,NVDA,S14,7012,142.60999999999999,154.0088,0.0,79928.38560000015,0.526136040000001,TAKE_PROFIT,10.0,8.0,22262.0,0.3785,NEU,
03076da93e133d6c,2025-06-10 08:00:00+00:00,2025-06-20 16:00:00,GOOGL,S14,5679,176.07999999999998,166.65,0.0,-53552.96999999988,-0.38252121428571345,SENTIMENT_EOD_SELL,10.0,8.0,15120.0,0.40591999999999995,NEU,
06c4fb1e55faee2b,2025-06-17 08:54:00+00:00,2025-06-20 16:00:00,ADBE,S14,2507,398.81,375.99,0.0,-57209.73999999998,-0.40864099999999987,SENTIMENT_EOD_SELL,10.0,8.0,4986.0,0.53695,NEU,
c67dde9bae00c8a0,2025-06-18 08:00:00+00:00,2025-06-20 16:00:00,TSM,S14,4646,215.20999999999998,209.87,0.0,-24809.639999999883,-0.17721171428571345,SENTIMENT_EOD_SELL,10.0,8.0,3600.0,0.4350428571428572,NEU,
223cd9f35e282304,2025-06-20 08:00:00+00:00,2025-06-20 16:00:00,MSFT,S14,2082,480.09,477.7867,0.0,-4795.470599999956,-0.03425336142857111,SENTIMENT_EOD_SELL,10.0,8.0,720.0,0.48829,NEU,
42377b25c444b7e3,2025-06-20 13:27:00+00:00,2025-06-20 16:00:00,INTU,S14,1314,761.0,761.13,0.0,170.81999999999402,0.0012201428571428144,SENTIMENT_EOD_SELL,10.0,8.0,393.0,0.469775,NEU,
eb03f8911c413430,2025-06-20 08:30:00+00:00,2025-06-20 16:00:00,QCOM,S14,6508,153.64,151.74,0.0,-12365.199999999852,-0.08832285714285608,SENTIMENT_EOD_SELL,10.0,8.0,690.0,0.2548333333333333,NEU,
e9a720b07b8783bf,2025-06-17 08:00:00+00:00,2025-06-20 23:59:00+00:00,AMZN,S14,4671,214.07,210.17000000000002,0.0,-18216.899999999892,-0.1301207142857135,BACKTEST_END,10.0,8.0,5279.0,0.39523,NEU,
978aea1608a9796b,2025-06-17 08:00:00+00:00,2025-06-20 23:59:00+00:00,META,S14,1428,700.01,683.78,0.0,-23176.440000000024,-0.1655460000000002,BACKTEST_END,10.0,8.0,5279.0,0.27437,NEU,
2d36d826d78d8491,2025-06-18 08:00:00+00:00,2025-06-20 23:59:00+00:00,AAPL,S14,5097,196.16,201.2801,0.0,26097.14970000004,0.18640821214285744,BACKTEST_END,10.0,8.0,3839.0,0.28226999999999997,NEU,
15b8c35701ef046e,2025-06-20 08:01:00+00:00,2025-06-20 23:58:00+00:00,AVGO,S14,3986,250.82999999999998,249.61,0.0,-4862.919999999882,-0.034735142857142014,BACKTEST_END,10.0,8.0,957.0,0.34482999999999997,NEU,
43aab2eeadd67f95,2025-06-20 08:00:00+00:00,2025-06-20 23:58:00+00:00,ORCL,S14,4741,210.89,204.92000000000002,0.0,-28303.76999999986,-0.2021697857142847,BACKTEST_END,10.0,8.0,958.0,0.45685000000000003,NEU,
fccf1c724e854c89,2025-06-09 08:00:00+00:00,2025-06-12 13:46:00+00:00,ORCL,S15,5713,175.01,196.0012,0.0,119922.72560000012,11.99428604079768,TAKE_PROFIT,10.0,12.0,4666.0,0.3024,NEU,
cf6bcdf3f46a4f3d,2025-06-09 08:02:00+00:00,2025-06-09 16:00:00,CSCO,S15,15158,65.97,65.91,0.0,-909.4800000000345,-0.006496285714285961,SENTIMENT_EOD_SELL,10.0,12.0,718.0,0.4429666666666667,NEU,
f4633de3914e3b0e,2025-06-10 08:04:00+00:00,2025-06-12 13:59:00+00:00,ORCL,S15,5644,177.16,198.40920000000003,0.0,119930.48480000017,11.99435538496276,TAKE_PROFIT,10.0,12.0,3235.0,0.26996000000000003,NEU,
3eb99d006b0a5140,2025-06-09 08:00:00+00:00,2025-06-10 16:00:00,AVGO,S15,4048,247.0,243.9901,0.0,-12184.07519999995,-0.08702910857142822,SENTIMENT_EOD_SELL,10.0,12.0,2160.0,0.3516888888888889,NEU,
0f2dec1d6ebb278c,2025-06-10 12:00:00+00:00,2025-06-10 16:00:00,ADBE,S15,2398,417.0,416.1392,0.0,-2064.19839999996,-0.014744274285714003,SENTIMENT_EOD_SELL,10.0,12.0,480.0,0.4857666666666667,NEU,
aad9cd1a6456b9e0,2025-06-11 08:00:00+00:00,2025-06-12 14:07:00+00:00,ORCL,S15,5635,177.45999999999998,198.7452,0.0,119942.10200000017,11.994364927307581,TAKE_PROFIT,10.0,12.0,1807.0,0.35507999999999995,NEU,
32953faaea677724,2025-06-10 09:29:00+00:00,2025-06-11 16:00:00,CSCO,S15,15167,65.93,64.40169999999999,0.0,-23179.72610000024,-0.16556947214285886,SENTIMENT_EOD_SELL,10.0,12.0,2071.0,0.49729999999999996,NEU,
49625ac1c4442e6c,2025-06-11 08:00:00+00:00,2025-06-12 09:30:00,AVGO,S15,4107,243.45,251.54000000000002,0.0,33225.63000000013,0.2373259285714295,SENTIMENT_MORNING_SELL,10.0,12.0,1770.0,0.5315444444444445,NEU,
111a8376cd97943b,2025-06-11 13:30:00+00:00,2025-06-12 09:30:00,INTU,S15,1317,758.8199999999999,764.7,0.0,7743.960000000144,0.05531400000000102,SENTIMENT_MORNING_SELL,10.0,12.0,1440.0,0.2241,NEU,
979143b923f25f3d,2025-06-12 08:00:00+00:00,2025-06-13 16:03:00+00:00,ORCL,S15,5250,190.45999999999998,213.3052,0.0,119937.30000000018,11.994749553712085,TAKE_PROFIT,10.0,12.0,1923.0,0.25153,NEU,
7c1c245c7244a6ec,2025-06-09 08:00:00+00:00,2025-06-12 16:00:00,AMZN,S15,4680,213.66,211.99,0.0,-7815.599999999941,-0.05582571428571387,SENTIMENT_EOD_SELL,10.0,12.0,5040.0,0.44548,NEU,
56590d7f8a8a65dc,2025-06-10 08:00:00+00:00,2025-06-13 09:30:00,META,S15,1436,695.9399999999999,684.87,0.0,-15896.51999999991,-0.11354657142857079,SENTIMENT_MORNING_SELL,10.0,12.0,4650.0,0.29571000000000003,NEU,
95320f76b62df533,2025-06-10 08:00:00+00:00,2025-06-13 09:30:00,TSM,S15,4789,208.81,210.99,0.0,10440.020000000033,0.07457157142857165,SENTIMENT_MORNING_SELL,10.0,12.0,4650.0,0.30756,NEU,
ef146fbd78229347,2025-06-12 08:07:00+00:00,2025-06-13 09:30:00,CSCO,S15,15632,63.97,64.25,0.0,4376.960000000017,0.031264000000000125,SENTIMENT_MORNING_SELL,10.0,12.0,1763.0,0.42275999999999997,NEU,
870afb0a768b02b8,2025-06-13 08:00:00+00:00,2025-06-13 16:00:00,TSM,S15,4739,211.01,210.82000000000002,0.0,-900.4099999998546,-0.0064314999999989615,SENTIMENT_EOD_SELL,10.0,12.0,720.0,0.5517333333333333,NEU,
5285aa59ef9b7afc,2025-06-13 08:04:00+00:00,2025-06-13 16:00:00,CSCO,S15,15559,64.27000000000001,64.17999999999999,0.0,-1400.3100000002742,-0.010002214285716245,SENTIMENT_EOD_SELL,10.0,12.0,716.0,0.30619999999999997,NEU,
6c0fec711670aba6,2025-06-12 08:00:00+00:00,2025-06-16 09:30:00,AVGO,S15,3975,251.56,250.99,0.0,-2265.7499999999727,-0.016183928571428377,SENTIMENT_MORNING_SELL,10.0,12.0,6090.0,0.34302,NEU,
91a0ea8db7991778,2025-06-13 12:00:00+00:00,2025-06-16 09:30:00,INTU,S15,1310,762.8099,760.01,0.0,-3667.8689999999733,-0.0261990642857141,SENTIMENT_MORNING_SELL,10.0,12.0,4410.0,0.2676,NEU,
cbf9b7f8caa7a518,2025-06-11 08:02:00+00:00,2025-06-20 18:51:00+00:00,ADBE,S15,2403,416.08,374.462,0.0,-100008.05399999999,-0.3894255714285714,STOP_LOSS,10.0,12.0,13609.0,0.34646,NEU,
f75cd2271a5b68de,2025-06-09 08:00:00+00:00,2025-06-16 16:00:00,MSFT,S15,2132,468.86,475.289,0.0,13706.627999999944,0.09790448571428531,SENTIMENT_EOD_SELL,10.0,12.0,10800.0,0.58775,NEU,
43c4b546fed75d03,2025-06-09 08:00:00+00:00,2025-06-16 16:00:00,AAPL,S15,4877,205.01,197.07000000000002,0.0,-38723.37999999985,-0.27659557142857033,SENTIMENT_EOD_SELL,10.0,12.0,10800.0,0.21655000000000002,NEU,
d497879add285d00,2025-06-09 08:00:00+00:00,2025-06-16 16:00:00,QCOM,S15,6674,149.82,156.16,0.0,42313.160000000025,0.30223685714285736,SENTIMENT_EOD_SELL,10.0,12.0,10800.0,0.49803,NEU,
2cfbae2ac8a98bbb,2025-06-13 08:00:00+00:00,2025-06-16 16:00:00,AMZN,S15,4764,209.89,213.63,0.0,17817.360000000044,0.12726685714285746,SENTIMENT_EOD_SELL,10.0,12.0,5040.0,0.2644,NEU,
cb22d5b9edde18a6,2025-06-16 08:00:00+00:00,2025-06-16 16:00:00,AVGO,S15,3983,251.01,250.01000000000002,0.0,-3982.9999999998868,-0.02844999999999919,SENTIMENT_EOD_SELL,10.0,12.0,720.0,0.52554,NEU,
dfb3e36436ec4d76,2025-06-16 08:00:00+00:00,2025-06-16 16:00:00,TSM,S15,4724,211.64999999999998,213.59,0.0,9164.560000000123,0.06546114285714374,SENTIMENT_EOD_SELL,10.0,12.0,720.0,0.4826428571428571,NEU,
d9901d2dffd89bab,2025-06-16 13:28:00+00:00,2025-06-16 16:00:00,INTU,S15,1315,760.03,771.99,0.0,15727.400000000049,0.11233857142857177,SENTIMENT_EOD_SELL,10.0,12.0,392.0,0.5028666666666667,NEU,
012c488e85cf2944,2025-06-17 08:02:00+00:00,2025-06-17 16:00:00,MSFT,S15,2103,475.44,476.75,0.0,2754.930000000005,0.019678071428571465,SENTIMENT_EOD_SELL,10.0,12.0,718.0,0.28801,NEU,
97fbe9d43f697072,2025-06-17 08:46:00+00:00,2025-06-17 16:00:00,CSCO,S15,15339,65.19000000000001,65.21,0.0,306.779999999721,0.0021912857142837214,SENTIMENT_EOD_SELL,10.0,12.0,674.0,0.4592,NEU,
7c71efdeb7912d47,2025-06-17 13:27:00+00:00,2025-06-17 16:00:00,INTU,S15,1302,767.96,764.89,0.0,-3997.140000000065,-0.028551000000000465,SENTIMENT_EOD_SELL,10.0,12.0,393.0,0.45716666666666667,NEU,
f7eb7ae1fa38a926,2025-06-17 08:03:00+00:00,2025-06-17 16:00:00,QCOM,S15,6407,156.06,154.49,0.0,-10058.989999999956,-0.07184992857142826,SENTIMENT_EOD_SELL,10.0,12.0,717.0,0.2243375,NEU,
fd3d4e43e38ee65a,2025-06-17 08:00:00+00:00,2025-06-18 09:30:00,AAPL,S15,5062,197.51999999999998,196.14000000000001,0.0,-6985.559999999833,-0.04989685714285595,SENTIMENT_MORNING_SELL,10.0,12.0,1770.0,0.20165000000000002,NEU,
1f371b6dc5ab6788,2025-06-17 08:01:00+00:00,2025-06-18 09:30:00,TSM,S15,4655,214.79999999999998,215.19,0.0,1815.4500000000687,0.01296750000000049,SENTIMENT_MORNING_SELL,10.0,12.0,1769.0,0.49216666666666664,NEU,
02e36fd1714bee4b,2025-06-18 08:00:00+00:00,2025-06-23 14:46:00+00:00,TSLA,S15,3144,318.01,356.1612,0.0,119947.37280000006,11.99685544479734,TAKE_PROFIT,10.0,12.0,7606.0,0.21957,NEU,
f0902dca24fb5ab9,2025-06-18 13:30:00+00:00,2025-06-18 16:00:00,INTU,S15,1311,762.38,755.49,0.0,-9032.789999999983,-0.06451992857142844,SENTIMENT_EOD_SELL,10.0,12.0,390.0,0.3316,NEU,
4d4ff1ef05c62a39,2025-06-13 08:00:00+00:00,2025-06-20 09:30:00,ORCL,S15,5081,196.79,210.87,0.0,71540.48000000007,0.5110034285714291,SENTIMENT_MORNING_SELL,10.0,12.0,10410.0,0.29684,NEU,
d0ba9dc8e209a270,2025-06-17 08:00:00+00:00,2025-06-20 09:30:00,AVGO,S15,3997,250.13,250.81,0.0,2717.9600000000273,0.019414000000000195,SENTIMENT_MORNING_SELL,10.0,12.0,4650.0,0.38798,NEU,
465f03e0721f828e,2025-06-18 08:00:00+00:00,2025-06-20 09:30:00,MSFT,S15,2091,478.15999999999997,480.07,0.0,3993.8100000000522,0.028527214285714655,SENTIMENT_MORNING_SELL,10.0,12.0,3210.0,0.3745,NEU,
0388574083b99052,2025-06-18 08:07:00+00:00,2025-06-20 09:30:00,QCOM,S15,6462,154.73999999999998,153.62,0.0,-7237.439999999846,-0.051695999999998896,SENTIMENT_MORNING_SELL,10.0,12.0,3203.0,0.303925,NEU,
50e83bd5e8a79eef,2025-06-10 08:00:00+00:00,2025-06-20 16:00:00,GOOGL,S15,5679,176.07999999999998,166.65,0.0,-53552.96999999988,-0.38252121428571345,SENTIMENT_EOD_SELL,10.0,12.0,15120.0,0.40591999999999995,NEU,
f91ec4fc2fa07a24,2025-06-17 08:54:00+00:00,2025-06-20 16:00:00,ADBE,S15,2507,398.81,375.99,0.0,-57209.73999999998,-0.40864099999999987,SENTIMENT_EOD_SELL,10.0,12.0,4986.0,0.53695,NEU,
ba377d4f90d7b900,2025-06-18 08:00:00+00:00,2025-06-20 16:00:00,TSM,S15,4646,215.20999999999998,209.87,0.0,-24809.639999999883,-0.17721171428571345,SENTIMENT_EOD_SELL,10.0,12.0,3600.0,0.4350428571428572,NEU,
63915c312260200f,2025-06-20 08:00:00+00:00,2025-06-20 16:00:00,MSFT,S15,2082,480.09,477.7867,0.0,-4795.470599999956,-0.03425336142857111,SENTIMENT_EOD_SELL,10.0,12.0,720.0,0.48829,NEU,
d5e0d91d09f8ce7f,2025-06-20 13:27:00+00:00,2025-06-20 16:00:00,INTU,S15,1314,761.0,761.13,0.0,170.81999999999402,0.0012201428571428144,SENTIMENT_EOD_SELL,10.0,12.0,393.0,0.469775,NEU,
9fb1d589871c9b12,2025-06-20 08:30:00+00:00,2025-06-20 16:00:00,QCOM,S15,6508,153.64,151.74,0.0,-12365.199999999852,-0.08832285714285608,SENTIMENT_EOD_SELL,10.0,12.0,690.0,0.2548333333333333,NEU,
96a7d791b3042ce8,2025-06-10 08:00:00+00:00,2025-06-20 23:59:00+00:00,NVDA,S15,7012,142.60999999999999,143.601,0.0,6948.892000000097,0.04963494285714355,BACKTEST_END,10.0,12.0,15359.0,0.3785,NEU,
56b48a26a24aee85,2025-06-17 08:00:00+00:00,2025-06-20 23:59:00+00:00,AMZN,S15,4671,214.07,210.17000000000002,0.0,-18216.899999999892,-0.1301207142857135,BACKTEST_END,10.0,12.0,5279.0,0.39523,NEU,
1d73c84b1bd41f79,2025-06-17 08:00:00+00:00,2025-06-20 23:59:00+00:00,META,S15,1428,700.01,683.78,0.0,-23176.440000000024,-0.1655460000000002,BACKTEST_END,10.0,12.0,5279.0,0.27437,NEU,
3df963f5b116f4b6,2025-06-18 08:00:00+00:00,2025-06-20 23:59:00+00:00,AAPL,S15,5097,196.16,201.2801,0.0,26097.14970000004,0.18640821214285744,BACKTEST_END,10.0,12.0,3839.0,0.28226999999999997,NEU,
e3b95de8c2161d9d,2025-06-20 08:01:00+00:00,2025-06-20 23:58:00+00:00,AVGO,S15,3986,250.82999999999998,249.61,0.0,-4862.919999999882,-0.034735142857142014,BACKTEST_END,10.0,12.0,957.0,0.34482999999999997,NEU,
42239009c9de841c,2025-06-20 08:00:00+00:00,2025-06-20 23:58:00+00:00,ORCL,S15,4741,210.89,204.92000000000002,0.0,-28303.76999999986,-0.2021697857142847,BACKTEST_END,10.0,12.0,958.0,0.45685000000000003,NEU,
6e06b417872601cf,2025-06-09 08:00:00+00:00,2025-06-13 14:42:00+00:00,ORCL,S16,5713,175.01,210.00199999999998,0.0,199909.29599999994,19.99428604079766,TAKE_PROFIT,10.0,20.0,6162.0,0.3024,NEU,
05932de4cb62f018,2025-06-09 08:02:00+00:00,2025-06-09 16:00:00,CSCO,S16,15158,65.97,65.91,0.0,-909.4800000000345,-0.006496285714285961,SENTIMENT_EOD_SELL,10.0,20.0,718.0,0.4429666666666667,NEU,
bdccb223604f0b0b,2025-06-10 08:04:00+00:00,2025-06-13 15:48:00+00:00,ORCL,S16,5644,177.16,212.582,0.0,199921.76799999998,19.99435538496274,TAKE_PROFIT,10.0,20.0,4784.0,0.26996000000000003,NEU,
37b746c51bde3d91,2025-06-09 08:00:00+00:00,2025-06-10 16:00:00,AVGO,S16,4048,247.0,243.9901,0.0,-12184.07519999995,-0.08702910857142822,SENTIMENT_EOD_SELL,10.0,20.0,2160.0,0.3516888888888889,NEU,
d26bbe686f85556f,2025-06-10 12:00:00+00:00,2025-06-10 16:00:00,ADBE,S16,2398,417.0,416.1392,0.0,-2064.19839999996,-0.014744274285714003,SENTIMENT_EOD_SELL,10.0,20.0,480.0,0.4857666666666667,NEU,
6455595f4b211564,2025-06-11 08:00:00+00:00,2025-06-13 15:50:00+00:00,ORCL,S16,5635,177.45999999999998,212.94199999999998,0.0,199941.07,19.994364927307565,TAKE_PROFIT,10.0,20.0,3350.0,0.35507999999999995,NEU,
7f7f360b5da3a6d8,2025-06-10 09:29:00+00:00,2025-06-11 16:00:00,CSCO,S16,15167,65.93,64.40169999999999,0.0,-23179.72610000024,-0.16556947214285886,SENTIMENT_EOD_SELL,10.0,20.0,2071.0,0.49729999999999996,NEU,
809f1acf6b09539e,2025-06-11 08:00:00+00:00,2025-06-12 09:30:00,AVGO,S16,4107,243.45,251.54000000000002,0.0,33225.63000000013,0.2373259285714295,SENTIMENT_MORNING_SELL,10.0,20.0,1770.0,0.5315444444444445,NEU,
9516e41dfd37a1c6,2025-06-11 13:30:00+00:00,2025-06-12 09:30:00,INTU,S16,1317,758.8199999999999,764.7,0.0,7743.960000000144,0.05531400000000102,SENTIMENT_MORNING_SELL,10.0,20.0,1440.0,0.2241,NEU,
885253d23fdd233e,2025-06-09 08:00:00+00:00,2025-06-12 16:00:00,AMZN,S16,4680,213.66,211.99,0.0,-7815.599999999941,-0.05582571428571387,SENTIMENT_EOD_SELL,10.0,20.0,5040.0,0.44548,NEU,
2d9bd4429b1c4a29,2025-06-10 08:00:00+00:00,2025-06-13 09:30:00,META,S16,1436,695.9399999999999,684.87,0.0,-15896.51999999991,-0.11354657142857079,SENTIMENT_MORNING_SELL,10.0,20.0,4650.0,0.29571000000000003,NEU,
b0f9b84c6871157c,2025-06-10 08:00:00+00:00,2025-06-13 09:30:00,TSM,S16,4789,208.81,210.99,0.0,10440.020000000033,0.07457157142857165,SENTIMENT_MORNING_SELL,10.0,20.0,4650.0,0.30756,NEU,
8ef58696e43ee02e,2025-06-12 08:07:00+00:00,2025-06-13 09:30:00,CSCO,S16,15632,63.97,64.25,0.0,4376.960000000017,0.031264000000000125,SENTIMENT_MORNING_SELL,10.0,20.0,1763.0,0.42275999999999997,NEU,
8f99ccb7c2c14bd0,2025-06-13 08:00:00+00:00,2025-06-13 16:00:00,TSM,S16,4739,211.01,210.82000000000002,0.0,-900.4099999998546,-0.0064314999999989615,SENTIMENT_EOD_SELL,10.0,20.0,720.0,0.5517333333333333,NEU,
138c8843879a82b4,2025-06-13 08:04:00+00:00,2025-06-13 16:00:00,CSCO,S16,15559,64.27000000000001,64.17999999999999,0.0,-1400.3100000002742,-0.010002214285716245,SENTIMENT_EOD_SELL,10.0,20.0,716.0,0.30619999999999997,NEU,
50edd1c2ed8ade1d,2025-06-12 08:00:00+00:00,2025-06-16 09:30:00,AVGO,S16,3975,251.56,250.99,0.0,-2265.7499999999727,-0.016183928571428377,SENTIMENT_MORNING_SELL,10.0,20.0,6090.0,0.34302,NEU,
a5a30d23594cf471,2025-06-13 12:00:00+00:00,2025-06-16 09:30:00,INTU,S16,1310,762.8099,760.01,0.0,-3667.8689999999733,-0.0261990642857141,SENTIMENT_MORNING_SELL,10.0,20.0,4410.0,0.2676,NEU,
eb4bdbe4ac3eab12,2025-06-11 08:02:00+00:00,2025-06-20 18:51:00+00:00,ADBE,S16,2403,416.08,374.462,0.0,-100008.05399999999,-0.3894255714285714,STOP_LOSS,10.0,20.0,13609.0,0.34646,NEU,
ff9d49858e779916,2025-06-09 08:00:00+00:00,2025-06-16 16:00:00,MSFT,S16,2132,468.86,475.289,0.0,13706.627999999944,0.09790448571428531,SENTIMENT_EOD_SELL,10.0,20.0,10800.0,0.58775,NEU,
04d5130c64eed800,2025-06-09 08:00:00+00:00,2025-06-16 16:00:00,AAPL,S16,4877,205.01,197.07000000000002,0.0,-38723.37999999985,-0.27659557142857033,SENTIMENT_EOD_SELL,10.0,20.0,10800.0,0.21655000000000002,NEU,
cdb1b550b8054ea4,2025-06-09 08:00:00+00:00,2025-06-16 16:00:00,QCOM,S16,6674,149.82,156.16,0.0,42313.160000000025,0.30223685714285736,SENTIMENT_EOD_SELL,10.0,20.0,10800.0,0.49803,NEU,
52c095bd19c61396,2025-06-13 08:00:00+00:00,2025-06-16 16:00:00,AMZN,S16,4764,209.89,213.63,0.0,17817.360000000044,0.12726685714285746,SENTIMENT_EOD_SELL,10.0,20.0,5040.0,0.2644,NEU,
39379e9ee343faa9,2025-06-16 08:00:00+00:00,2025-06-16 16:00:00,AVGO,S16,3983,251.01,250.01000000000002,0.0,-3982.9999999998868,-0.02844999999999919,SENTIMENT_EOD_SELL,10.0,20.0,720.0,0.52554,NEU,
c98142b3a0e4f879,2025-06-16 08:00:00+00:00,2025-06-16 16:00:00,TSM,S16,4724,211.64999999999998,213.59,0.0,9164.560000000123,0.06546114285714374,SENTIMENT_EOD_SELL,10.0,20.0,720.0,0.4826428571428571,NEU,
e1f548a7eb32c2dc,2025-06-16 13:28:00+00:00,2025-06-16 16:00:00,INTU,S16,1315,760.03,771.99,0.0,15727.400000000049,0.11233857142857177,SENTIMENT_EOD_SELL,10.0,20.0,392.0,0.5028666666666667,NEU,
0a6151e2891a0c6f,2025-06-17 08:02:00+00:00,2025-06-17 16:00:00,MSFT,S16,2103,475.44,476.75,0.0,2754.930000000005,0.019678071428571465,SENTIMENT_EOD_SELL,10.0,20.0,718.0,0.28801,NEU,
ed5d94c69863574f,2025-06-17 08:46:00+00:00,2025-06-17 16:00:00,CSCO,S16,15339,65.19000000000001,65.21,0.0,306.779999999721,0.0021912857142837214,SENTIMENT_EOD_SELL,10.0,20.0,674.0,0.4592,NEU,
b1c2d3ba02a30d1a,2025-06-17 13:27:00+00:00,2025-06-17 16:00:00,INTU,S16,1302,767.96,764.89,0.0,-3997.140000000065,-0.028551000000000465,SENTIMENT_EOD_SELL,10.0,20.0,393.0,0.45716666666666667,NEU,
21e22aca0b72931f,2025-06-17 08:03:00+00:00,2025-06-17 16:00:00,QCOM,S16,6407,156.06,154.49,0.0,-10058.989999999956,-0.07184992857142826,SENTIMENT_EOD_SELL,10.0,20.0,717.0,0.2243375,NEU,
de6b4e9c798270c0,2025-06-17 08:00:00+00:00,2025-06-18 09:30:00,AAPL,S16,5062,197.51999999999998,196.14000000000001,0.0,-6985.559999999833,-0.04989685714285595,SENTIMENT_MORNING_SELL,10.0,20.0,1770.0,0.20165000000000002,NEU,
68b40576959a00b5,2025-06-17 08:01:00+00:00,2025-06-18 09:30:00,TSM,S16,4655,214.79999999999998,215.19,0.0,1815.4500000000687,0.01296750000000049,SENTIMENT_MORNING_SELL,10.0,20.0,1769.0,0.49216666666666664,NEU,
a3b86f00bf3b64ee,2025-06-18 08:00:00+00:00,2025-06-18 16:00:00,TSLA,S16,3144,318.01,322.49,0.0,14085.120000000057,0.1006080000000004,SENTIMENT_EOD_SELL,10.0,20.0,720.0,0.21957,NEU,
e667ab77b4dce4fd,2025-06-18 13:30:00+00:00,2025-06-18 16:00:00,INTU,S16,1311,762.38,755.49,0.0,-9032.789999999983,-0.06451992857142844,SENTIMENT_EOD_SELL,10.0,20.0,390.0,0.3316,NEU,
07a864bb5c0a4dbf,2025-06-12 08:00:00+00:00,2025-06-20 09:30:00,ORCL,S16,5250,190.45999999999998,210.87,0.0,107152.50000000013,0.7653750000000009,SENTIMENT_MORNING_SELL,10.0,20.0,11850.0,0.25153,NEU,
d4e7ddebf661a489,2025-06-17 08:00:00+00:00,2025-06-20 09:30:00,AVGO,S16,3997,250.13,250.81,0.0,2717.9600000000273,0.019414000000000195,SENTIMENT_MORNING_SELL,10.0,20.0,4650.0,0.38798,NEU,
aa28d1641a117dfb,2025-06-18 08:00:00+00:00,2025-06-20 09:30:00,MSFT,S16,2091,478.15999999999997,480.07,0.0,3993.8100000000522,0.028527214285714655,SENTIMENT_MORNING_SELL,10.0,20.0,3210.0,0.3745,NEU,
ba2d3bf6d5605de6,2025-06-18 08:07:00+00:00,2025-06-20 09:30:00,QCOM,S16,6462,154.73999999999998,153.62,0.0,-7237.439999999846,-0.051695999999998896,SENTIMENT_MORNING_SELL,10.0,20.0,3203.0,0.303925,NEU,
7dc308c96d4ba4a5,2025-06-10 08:00:00+00:00,2025-06-20 16:00:00,GOOGL,S16,5679,176.07999999999998,166.65,0.0,-53552.96999999988,-0.38252121428571345,SENTIMENT_EOD_SELL,10.0,20.0,15120.0,0.40591999999999995,NEU,
728effaffd5f1ca4,2025-06-17 08:54:00+00:00,2025-06-20 16:00:00,ADBE,S16,2507,398.81,375.99,0.0,-57209.73999999998,-0.40864099999999987,SENTIMENT_EOD_SELL,10.0,20.0,4986.0,0.53695,NEU,
570c53c01f184ded,2025-06-18 08:00:00+00:00,2025-06-20 16:00:00,TSM,S16,4646,215.20999999999998,209.87,0.0,-24809.639999999883,-0.17721171428571345,SENTIMENT_EOD_SELL,10.0,20.0,3600.0,0.4350428571428572,NEU,
91bc1cc4200f4319,2025-06-20 08:00:00+00:00,2025-06-20 16:00:00,MSFT,S16,2082,480.09,477.7867,0.0,-4795.470599999956,-0.03425336142857111,SENTIMENT_EOD_SELL,10.0,20.0,720.0,0.48829,NEU,
5f642e2a723c7bf8,2025-06-20 13:27:00+00:00,2025-06-20 16:00:00,INTU,S16,1314,761.0,761.13,0.0,170.81999999999402,0.0012201428571428144,SENTIMENT_EOD_SELL,10.0,20.0,393.0,0.469775,NEU,
9e9063cfc2832ded,2025-06-20 08:30:00+00:00,2025-06-20 16:00:00,QCOM,S16,6508,153.64,151.74,0.0,-12365.199999999852,-0.08832285714285608,SENTIMENT_EOD_SELL,10.0,20.0,690.0,0.2548333333333333,NEU,
c790c7c63a9be27b,2025-06-10 08:00:00+00:00,2025-06-20 23:59:00+00:00,NVDA,S16,7012,142.60999999999999,143.601,0.0,6948.892000000097,0.04963494285714355,BACKTEST_END,10.0,20.0,15359.0,0.3785,NEU,
d17bb5c0b577dc57,2025-06-17 08:00:00+00:00,2025-06-20 23:59:00+00:00,AMZN,S16,4671,214.07,210.17000000000002,0.0,-18216.899999999892,-0.1301207142857135,BACKTEST_END,10.0,20.0,5279.0,0.39523,NEU,
a0f0ecd62346c696,2025-06-17 08:00:00+00:00,2025-06-20 23:59:00+00:00,META,S16,1428,700.01,683.78,0.0,-23176.440000000024,-0.1655460000000002,BACKTEST_END,10.0,20.0,5279.0,0.27437,NEU,
c817968eca1665dd,2025-06-18 08:00:00+00:00,2025-06-20 23:59:00+00:00,AAPL,S16,5097,196.16,201.2801,0.0,26097.14970000004,0.18640821214285744,BACKTEST_END,10.0,20.0,3839.0,0.28226999999999997,NEU,
82025af25c30a195,2025-06-20 08:01:00+00:00,2025-06-20 23:58:00+00:00,AVGO,S16,3986,250.82999999999998,249.61,0.0,-4862.919999999882,-0.034735142857142014,BACKTEST_END,10.0,20.0,957.0,0.34482999999999997,NEU,
d2f2890d580848c5,2025-06-20 08:00:00+00:00,2025-06-20 23:58:00+00:00,ORCL,S16,4741,210.89,204.92000000000002,0.0,-28303.76999999986,-0.2021697857142847,BACKTEST_END,10.0,20.0,958.0,0.45685000000000003,NEU,
6fab49088f91339d,2025-06-09 08:00:00+00:00,2025-06-13 08:00:00+00:00,AAPL,S17,4877,205.01,196.7996,0.0,-40042.12079999997,-4.004877810838493,STOP_LOSS,4.0,6.0,5760.0,0.21655000000000002,NEU,
90c5835a62971d22,2025-06-09 08:00:00+00:00,2025-06-11 20:11:00+00:00,ORCL,S17,5713,175.01,185.50060000000002,0.0,59932.79780000017,5.994286040797685,TAKE_PROFIT,4.0,6.0,3611.0,0.3024,NEU,
7b88f5b95b2cb2d9,2025-06-09 08:00:00+00:00,2025-06-10 16:10:00+00:00,QCOM,S17,6674,149.82,158.7992,0.0,59927.18080000013,5.993325323721813,TAKE_PROFIT,4.0,6.0,1930.0,0.49803,NEU,
137652f2eba5a63a,2025-06-09 08:02:00+00:00,2025-06-09 16:00:00,CSCO,S17,15158,65.97,65.91,0.0,-909.4800000000345,-0.006496285714285961,SENTIMENT_EOD_SELL,4.0,6.0,718.0,0.4429666666666667,NEU,
129bf164b3e12752,2025-06-10 08:04:00+00:00,2025-06-11 20:06:00+00:00,ORCL,S17,5644,177.16,170.0636,0.0,-40052.08159999993,-4.005644615037247,STOP_LOSS,4.0,6.0,2162.0,0.26996000000000003,NEU,
392201a47ffdb696,2025-06-10 12:00:00+00:00,2025-06-12 20:05:00+00:00,ADBE,S17,2398,417.0,442.01000000000005,0.0,59973.98000000011,5.9976019184652385,TAKE_PROFIT,4.0,6.0,3365.0,0.4857666666666667,NEU,
8b13a51c67dbf9d9,2025-06-09 08:00:00+00:00,2025-06-10 16:00:00,AVGO,S17,4048,247.0,243.9901,0.0,-12184.07519999995,-0.08702910857142822,SENTIMENT_EOD_SELL,4.0,6.0,2160.0,0.3516888888888889,NEU,
3c5aa58b0c688bf1,2025-06-11 08:00:00+00:00,2025-06-11 20:06:00+00:00,ORCL,S17,5635,177.45999999999998,170.3516,0.0,-40055.83399999994,-4.0056350726924315,STOP_LOSS,4.0,6.0,726.0,0.35507999999999995,NEU,
335f0c5bd39101ad,2025-06-11 08:02:00+00:00,2025-06-12 20:05:00+00:00,ADBE,S17,2403,416.08,441.0348,0.0,59966.38440000008,5.997596616035386,TAKE_PROFIT,4.0,6.0,2163.0,0.34646,NEU,
0dae95fad0a2daed,2025-06-10 09:29:00+00:00,2025-06-11 16:00:00,CSCO,S17,15167,65.93,64.40169999999999,0.0,-23179.72610000024,-0.16556947214285886,SENTIMENT_EOD_SELL,4.0,6.0,2071.0,0.49729999999999996,NEU,
4813ac248f80e8f1,2025-06-11 08:00:00+00:00,2025-06-12 09:30:00,AVGO,S17,4107,243.45,251.54000000000002,0.0,33225.63000000013,0.2373259285714295,SENTIMENT_MORNING_SELL,4.0,6.0,1770.0,0.5315444444444445,NEU,
0daecfcee2f47316,2025-06-11 13:30:00+00:00,2025-06-12 09:30:00,INTU,S17,1317,758.8199999999999,764.7,0.0,7743.960000000144,0.05531400000000102,SENTIMENT_MORNING_SELL,4.0,6.0,1440.0,0.2241,NEU,
3469c679273cc4d2,2025-06-12 08:00:00+00:00,2025-06-12 14:39:00+00:00,ORCL,S17,5250,190.45999999999998,201.8776,0.0,59942.40000000011,5.994749553712078,TAKE_PROFIT,4.0,6.0,399.0,0.25153,NEU,
f78612c8be43f0ea,2025-06-12 08:02:00+00:00,2025-06-12 20:05:00+00:00,ADBE,S17,2422,412.74,437.49440000000004,0.0,59955.15680000008,5.997577167223925,TAKE_PROFIT,4.0,6.0,723.0,0.25891000000000003,NEU,
dc15275d06268520,2025-06-09 08:00:00+00:00,2025-06-12 16:00:00,AMZN,S17,4680,213.66,211.99,0.0,-7815.599999999941,-0.05582571428571387,SENTIMENT_EOD_SELL,4.0,6.0,5040.0,0.44548,NEU,
f2d8ffb039b8b717,2025-06-10 08:00:00+00:00,2025-06-13 09:30:00,META,S17,1436,695.9399999999999,684.87,0.0,-15896.51999999991,-0.11354657142857079,SENTIMENT_MORNING_SELL,4.0,6.0,4650.0,0.29571000000000003,NEU,
658e7db594f4cf16,2025-06-10 08:00:00+00:00,2025-06-13 09:30:00,TSM,S17,4789,208.81,210.99,0.0,10440.020000000033,0.07457157142857165,SENTIMENT_MORNING_SELL,4.0,6.0,4650.0,0.30756,NEU,
22abe7af398ee9a7,2025-06-12 08:07:00+00:00,2025-06-13 09:30:00,CSCO,S17,15632,63.97,64.25,0.0,4376.960000000017,0.031264000000000125,SENTIMENT_MORNING_SELL,4.0,6.0,1763.0,0.42275999999999997,NEU,
b1753fd9427a7438,2025-06-13 08:00:00+00:00,2025-06-13 14:33:00+00:00,ORCL,S17,5081,196.79,208.5874,0.0,59942.589400000055,5.994918440977698,TAKE_PROFIT,4.0,6.0,393.0,0.29684,NEU,
20b0446d4d1343a7,2025-06-13 08:00:00+00:00,2025-06-13 13:50:00+00:00,ADBE,S17,2496,400.49,384.4604,0.0,-40009.88160000004,-4.002496941246976,STOP_LOSS,4.0,6.0,350.0,0.20686,NEU,
f731138359b8ac37,2025-06-13 08:00:00+00:00,2025-06-13 16:00:00,TSM,S17,4739,211.01,210.82000000000002,0.0,-900.4099999998546,-0.0064314999999989615,SENTIMENT_EOD_SELL,4.0,6.0,720.0,0.5517333333333333,NEU,
cb22b35231d3bd98,2025-06-13 08:04:00+00:00,2025-06-13 16:00:00,CSCO,S17,15559,64.27000000000001,64.17999999999999,0.0,-1400.3100000002742,-0.010002214285716245,SENTIMENT_EOD_SELL,4.0,6.0,716.0,0.30619999999999997,NEU,
8ab027b54f1381f7,2025-06-12 08:00:00+00:00,2025-06-16 09:30:00,AVGO,S17,3975,251.56,250.99,0.0,-2265.7499999999727,-0.016183928571428377,SENTIMENT_MORNING_SELL,4.0,6.0,6090.0,0.34302,NEU,
ac316da3fefe0c56,2025-06-13 12:00:00+00:00,2025-06-16 09:30:00,INTU,S17,1310,762.8099,760.01,0.0,-3667.8689999999733,-0.0261990642857141,SENTIMENT_MORNING_SELL,4.0,6.0,4410.0,0.2676,NEU,
2c60511743edce5d,2025-06-10 08:00:00+00:00,2025-06-20 15:00:00+00:00,GOOGL,S17,5679,176.07999999999998,169.02679999999998,0.0,-40055.12280000002,-0.06599780000000002,STOP_LOSS,4.0,6.0,14820.0,0.40591999999999995,NEU,
804bf20f4dcd8d15,2025-06-16 08:00:00+00:00,2025-06-17 22:47:00+00:00,ORCL,S17,4627,216.12,207.4652,0.0,-40045.759599999976,-4.004627059041271,STOP_LOSS,4.0,6.0,2327.0,0.29949,NEU,
8cb571fa60c8658a,2025-06-16 08:36:00+00:00,2025-06-18 21:47:00+00:00,ADBE,S17,2547,392.53,376.81879999999995,0.0,-40016.42640000005,-4.002547575981459,STOP_LOSS,4.0,6.0,3671.0,0.27355,NEU,
5c18d8e79799d925,2025-06-09 08:00:00+00:00,2025-06-16 16:00:00,MSFT,S17,2132,468.86,475.289,0.0,13706.627999999944,0.09790448571428531,SENTIMENT_EOD_SELL,4.0,6.0,10800.0,0.58775,NEU,
cb674b0a31c582b8,2025-06-10 08:00:00+00:00,2025-06-16 16:00:00,AAPL,S17,4946,202.14999999999998,197.07000000000002,0.0,-25125.679999999782,-0.1794691428571413,SENTIMENT_EOD_SELL,4.0,6.0,9360.0,0.23548,NEU,
ab54ad45046b16f5,2025-06-10 08:03:00+00:00,2025-06-16 16:00:00,QCOM,S17,6408,156.04,156.16,0.0,768.9600000000291,0.005492571428571637,SENTIMENT_EOD_SELL,4.0,6.0,9357.0,0.366275,NEU,
a564461c35927990,2025-06-13 08:00:00+00:00,2025-06-16 16:00:00,AMZN,S17,4764,209.89,213.63,0.0,17817.360000000044,0.12726685714285746,SENTIMENT_EOD_SELL,4.0,6.0,5040.0,0.2644,NEU,
150960c6f77c6d2d,2025-06-16 08:00:00+00:00,2025-06-16 16:00:00,AVGO,S17,3983,251.01,250.01000000000002,0.0,-3982.9999999998868,-0.02844999999999919,SENTIMENT_EOD_SELL,4.0,6.0,720.0,0.52554,NEU,
1c5c2808c69104c6,2025-06-16 08:00:00+00:00,2025-06-16 16:00:00,TSM,S17,4724,211.64999999999998,213.59,0.0,9164.560000000123,0.06546114285714374,SENTIMENT_EOD_SELL,4.0,6.0,720.0,0.4826428571428571,NEU,
f2f57de7bf3b4268,2025-06-16 13:28:00+00:00,2025-06-16 16:00:00,INTU,S17,1315,760.03,771.99,0.0,15727.400000000049,0.11233857142857177,SENTIMENT_EOD_SELL,4.0,6.0,392.0,0.5028666666666667,NEU,
b0f12f300606be6b,2025-06-17 08:00:00+00:00,2025-06-20 15:02:00+00:00,GOOGL,S17,5706,175.23999999999998,168.22039999999998,0.0,-40053.837599999984,-4.005706459712393,STOP_LOSS,4.0,6.0,4742.0,0.3413,NEU,
bfdd05f5a4134ae9,2025-06-17 08:54:00+00:00,2025-06-17 17:56:00+00:00,ADBE,S17,2507,398.81,382.8476,0.0,-40017.736800000006,-4.002507459692586,STOP_LOSS,4.0,6.0,542.0,0.53695,NEU,
dc9df5d483ee5003,2025-06-17 08:02:00+00:00,2025-06-17 16:00:00,MSFT,S17,2103,475.44,476.75,0.0,2754.930000000005,0.019678071428571465,SENTIMENT_EOD_SELL,4.0,6.0,718.0,0.28801,NEU,
b9bb7ab0bbb94e59,2025-06-17 08:46:00+00:00,2025-06-17 16:00:00,CSCO,S17,15339,65.19000000000001,65.21,0.0,306.779999999721,0.0021912857142837214,SENTIMENT_EOD_SELL,4.0,6.0,674.0,0.4592,NEU,
1f3baac1c282d25d,2025-06-17 13:27:00+00:00,2025-06-17 16:00:00,INTU,S17,1302,767.96,764.89,0.0,-3997.140000000065,-0.028551000000000465,SENTIMENT_EOD_SELL,4.0,6.0,393.0,0.45716666666666667,NEU,
269bbc2bc3edb0e4,2025-06-17 08:03:00+00:00,2025-06-17 16:00:00,QCOM,S17,6407,156.06,154.49,0.0,-10058.989999999956,-0.07184992857142826,SENTIMENT_EOD_SELL,4.0,6.0,717.0,0.2243375,NEU,
b1859c66fef5f3c0,2025-06-17 08:00:00+00:00,2025-06-18 09:30:00,AAPL,S17,5062,197.51999999999998,196.14000000000001,0.0,-6985.559999999833,-0.04989685714285595,SENTIMENT_MORNING_SELL,4.0,6.0,1770.0,0.20165000000000002,NEU,
1c10f8c01422ea28,2025-06-17 08:01:00+00:00,2025-06-18 09:30:00,TSM,S17,4655,214.79999999999998,215.19,0.0,1815.4500000000687,0.01296750000000049,SENTIMENT_MORNING_SELL,4.0,6.0,1769.0,0.49216666666666664,NEU,
0046e7f3875c1843,2025-06-18 08:00:00+00:00,2025-06-23 10:41:00+00:00,TSM,S17,4646,215.20999999999998,206.59159999999997,0.0,-40041.08640000004,-4.004646624227503,STOP_LOSS,4.0,6.0,7361.0,0.4350428571428572,NEU,
68c696f0f22a55f8,2025-06-18 08:00:00+00:00,2025-06-23 13:47:00+00:00,TSLA,S17,3144,318.01,337.0806,0.0,59957.96640000004,5.996855444797338,TAKE_PROFIT,4.0,6.0,7547.0,0.21957,NEU,
fe5e2be2f5031170,2025-06-18 13:30:00+00:00,2025-06-18 16:00:00,INTU,S17,1311,762.38,755.49,0.0,-9032.789999999983,-0.06451992857142844,SENTIMENT_EOD_SELL,4.0,6.0,390.0,0.3316,NEU,
1e45483824020577,2025-06-17 08:00:00+00:00,2025-06-24 13:34:00+00:00,AVGO,S17,3997,250.13,265.12780000000004,0.0,59946.206600000165,0.692255597142859,TAKE_PROFIT,4.0,6.0,10414.0,0.38798,NEU,
7ca5979cefe23b29,2025-06-17 08:00:00+00:00,2025-06-20 09:30:00,ORCL,S17,4782,209.09,210.87,0.0,8511.960000000005,0.06079971428571432,SENTIMENT_MORNING_SELL,4.0,6.0,4650.0,0.44643,NEU,
568e90cc3f421a4e,2025-06-18 08:00:00+00:00,2025-06-20 09:30:00,MSFT,S17,2091,478.15999999999997,480.07,0.0,3993.8100000000522,0.028527214285714655,SENTIMENT_MORNING_SELL,4.0,6.0,3210.0,0.3745,NEU,
e30365dd2ee7568e,2025-06-18 08:07:00+00:00,2025-06-20 09:30:00,QCOM,S17,6462,154.73999999999998,153.62,0.0,-7237.439999999846,-0.051695999999998896,SENTIMENT_MORNING_SELL,4.0,6.0,3203.0,0.303925,NEU,
c3f58245c586f193,2025-06-10 08:00:00+00:00,2025-06-25 13:40:00+00:00,NVDA,S17,7012,142.60999999999999,151.1566,0.0,59928.75920000009,0.2855174871428575,TAKE_PROFIT,4.0,6.0,21940.0,0.3785,NEU,
e1481a927bdae07c,2025-06-20 08:01:00+00:00,2025-06-25 11:30:00+00:00,AVGO,S17,3986,250.82999999999998,265.8698,0.0,59948.64280000005,5.9960132360562985,TAKE_PROFIT,4.0,6.0,7409.0,0.34482999999999997,NEU,
d2d86756ef7e9e7e,2025-06-18 09:04:00+00:00,2025-06-20 16:00:00,ADBE,S17,2592,385.77,375.99,0.0,-25349.75999999993,-0.18106971428571378,SENTIMENT_EOD_SELL,4.0,6.0,3536.0,0.27497,NEU,
8a12a63bfe064569,2025-06-20 08:00:00+00:00,2025-06-20 16:00:00,TSM,S17,4677,213.81,209.87,0.0,-18427.37999999999,-0.13162414285714277,SENTIMENT_EOD_SELL,4.0,6.0,720.0,0.5663888888888889,NEU,
cb8620f2db23ef57,2025-06-20 08:00:00+00:00,2025-06-20 16:00:00,MSFT,S17,2082,480.09,477.7867,0.0,-4795.470599999956,-0.03425336142857111,SENTIMENT_EOD_SELL,4.0,6.0,720.0,0.48829,NEU,
2b94248bf1a3baba,2025-06-20 13:27:00+00:00,2025-06-20 16:00:00,INTU,S17,1314,761.0,761.13,0.0,170.81999999999402,0.0012201428571428144,SENTIMENT_EOD_SELL,4.0,6.0,393.0,0.469775,NEU,
35ae52132bd843cd,2025-06-20 08:30:00+00:00,2025-06-20 16:00:00,QCOM,S17,6508,153.64,151.74,0.0,-12365.199999999852,-0.08832285714285608,SENTIMENT_EOD_SELL,4.0,6.0,690.0,0.2548333333333333,NEU,
fbf91da7cd4a0658,2025-06-17 08:00:00+00:00,2025-06-20 23:59:00+00:00,AMZN,S17,4671,214.07,210.17000000000002,0.0,-18216.899999999892,-0.1301207142857135,BACKTEST_END,4.0,6.0,5279.0,0.39523,NEU,
8213e896eb7e7109,2025-06-17 08:00:00+00:00,2025-06-20 23:59:00+00:00,META,S17,1428,700.01,683.78,0.0,-23176.440000000024,-0.1655460000000002,BACKTEST_END,4.0,6.0,5279.0,0.27437,NEU,
e46115bc970d7f7c,2025-06-18 08:00:00+00:00,2025-06-20 23:59:00+00:00,AAPL,S17,5097,196.16,201.2801,0.0,26097.14970000004,0.18640821214285744,BACKTEST_END,4.0,6.0,3839.0,0.28226999999999997,NEU,
7f7f195433d59e88,2025-06-20 08:00:00+00:00,2025-06-20 23:58:00+00:00,ORCL,S17,4741,210.89,204.92000000000002,0.0,-28303.76999999986,-0.2021697857142847,BACKTEST_END,4.0,6.0,958.0,0.45685000000000003,NEU,
2c741b51a7ee4f91,2025-06-09 08:00:00+00:00,2025-06-11 20:17:00+00:00,ORCL,S18,5713,175.01,190.7509,0.0,89927.76170000006,8.994286040797675,TAKE_PROFIT,6.0,9.0,3617.0,0.3024,NEU,
60425c69ecd9442f,2025-06-09 08:02:00+00:00,2025-06-09 16:00:00,CSCO,S18,15158,65.97,65.91,0.0,-909.4800000000345,-0.006496285714285961,SENTIMENT_EOD_SELL,6.0,9.0,718.0,0.4429666666666667,NEU,
65bbc17820d1da17,2025-06-10 08:04:00+00:00,2025-06-12 12:54:00+00:00,ORCL,S18,5644,177.16,193.0944,0.0,89933.75360000005,8.99435538496275,TAKE_PROFIT,6.0,9.0,3170.0,0.26996000000000003,NEU,
0880af2713414acc,2025-06-10 12:00:00+00:00,2025-06-13 13:35:00+00:00,ADBE,S18,2398,417.0,391.96999999999997,0.0,-60021.94000000007,-6.002398081534778,STOP_LOSS,6.0,9.0,4415.0,0.4857666666666667,NEU,
1ddbd836ddb2080b,2025-06-09 08:00:00+00:00,2025-06-10 16:00:00,AVGO,S18,4048,247.0,243.9901,0.0,-12184.07519999995,-0.08702910857142822,SENTIMENT_EOD_SELL,6.0,9.0,2160.0,0.3516888888888889,NEU,
631bfc445d63cbda,2025-06-11 08:00:00+00:00,2025-06-12 13:36:00+00:00,ORCL,S18,5635,177.45999999999998,193.4214,0.0,89942.48900000015,8.99436492730758,TAKE_PROFIT,6.0,9.0,1776.0,0.35507999999999995,NEU,
799f49b924d97d97,2025-06-11 08:02:00+00:00,2025-06-13 13:35:00+00:00,ADBE,S18,2403,416.08,391.10519999999997,0.0,-60014.44440000004,-6.002403383964626,STOP_LOSS,6.0,9.0,3213.0,0.34646,NEU,
eeae6f626ed46382,2025-06-10 09:29:00+00:00,2025-06-11 16:00:00,CSCO,S18,15167,65.93,64.40169999999999,0.0,-23179.72610000024,-0.16556947214285886,SENTIMENT_EOD_SELL,6.0,9.0,2071.0,0.49729999999999996,NEU,
ab5b34f8eac36308,2025-06-11 08:00:00+00:00,2025-06-12 09:30:00,AVGO,S18,4107,243.45,251.54000000000002,0.0,33225.63000000013,0.2373259285714295,SENTIMENT_MORNING_SELL,6.0,9.0,1770.0,0.5315444444444445,NEU,
995ade2299d0dbea,2025-06-11 13:30:00+00:00,2025-06-12 09:30:00,INTU,S18,1317,758.8199999999999,764.7,0.0,7743.960000000144,0.05531400000000102,SENTIMENT_MORNING_SELL,6.0,9.0,1440.0,0.2241,NEU,
97de285d26dcb9e3,2025-06-12 08:00:00+00:00,2025-06-13 14:23:00+00:00,ORCL,S18,5250,190.45999999999998,207.5914,0.0,89939.85000000006,8.994749553712072,TAKE_PROFIT,6.0,9.0,1823.0,0.25153,NEU,
04742ae1caa353c3,2025-06-12 08:02:00+00:00,2025-06-13 13:36:00+00:00,ADBE,S18,2422,412.74,387.9656,0.0,-60003.596800000036,-6.002422832776086,STOP_LOSS,6.0,9.0,1774.0,0.25891000000000003,NEU,
6da21b4ed60db205,2025-06-09 08:00:00+00:00,2025-06-12 16:00:00,AMZN,S18,4680,213.66,211.99,0.0,-7815.599999999941,-0.05582571428571387,SENTIMENT_EOD_SELL,6.0,9.0,5040.0,0.44548,NEU,
3df0e977b3b5a81b,2025-06-10 08:00:00+00:00,2025-06-13 09:30:00,META,S18,1436,695.9399999999999,684.87,0.0,-15896.51999999991,-0.11354657142857079,SENTIMENT_MORNING_SELL,6.0,9.0,4650.0,0.29571000000000003,NEU,
c02ce3df2ae291aa,2025-06-10 08:00:00+00:00,2025-06-13 09:30:00,TSM,S18,4789,208.81,210.99,0.0,10440.020000000033,0.07457157142857165,SENTIMENT_MORNING_SELL,6.0,9.0,4650.0,0.30756,NEU,
be10dcf1c7aee466,2025-06-12 08:07:00+00:00,2025-06-13 09:30:00,CSCO,S18,15632,63.97,64.25,0.0,4376.960000000017,0.031264000000000125,SENTIMENT_MORNING_SELL,6.0,9.0,1763.0,0.42275999999999997,NEU,
ab944f5caa49cea6,2025-06-13 08:00:00+00:00,2025-06-13 16:37:00+00:00,ORCL,S18,5081,196.79,214.49110000000002,0.0,89939.28910000013,8.994918440977704,TAKE_PROFIT,6.0,9.0,517.0,0.29684,NEU,
dd1919a2c015598c,2025-06-13 08:00:00+00:00,2025-06-18 21:47:00+00:00,ADBE,S18,2496,400.49,376.4506,0.0,-60002.3424,-6.002496941246973,STOP_LOSS,6.0,9.0,8027.0,0.20686,NEU,
cd87ad41bf3219bd,2025-06-13 08:00:00+00:00,2025-06-13 16:00:00,TSM,S18,4739,211.01,210.82000000000002,0.0,-900.4099999998546,-0.0064314999999989615,SENTIMENT_EOD_SELL,6.0,9.0,720.0,0.5517333333333333,NEU,
8235e31139ff06d8,2025-06-13 08:04:00+00:00,2025-06-13 16:00:00,CSCO,S18,15559,64.27000000000001,64.17999999999999,0.0,-1400.3100000002742,-0.010002214285716245,SENTIMENT_EOD_SELL,6.0,9.0,716.0,0.30619999999999997,NEU,
88c46321e8c430fc,2025-06-12 08:00:00+00:00,2025-06-16 09:30:00,AVGO,S18,3975,251.56,250.99,0.0,-2265.7499999999727,-0.016183928571428377,SENTIMENT_MORNING_SELL,6.0,9.0,6090.0,0.34302,NEU,
edac66e9a6dc07ee,2025-06-13 12:00:00+00:00,2025-06-16 09:30:00,INTU,S18,1310,762.8099,760.01,0.0,-3667.8689999999733,-0.0261990642857141,SENTIMENT_MORNING_SELL,6.0,9.0,4410.0,0.2676,NEU,
78798e7979c5e904,2025-06-10 08:00:00+00:00,2025-06-20 19:54:00+00:00,GOOGL,S18,5679,176.07999999999998,165.50519999999997,0.0,-60054.28920000006,-0.09894991428571438,STOP_LOSS,6.0,9.0,15114.0,0.40591999999999995,NEU,
d997852827d51815,2025-06-09 08:00:00+00:00,2025-06-16 16:00:00,MSFT,S18,2132,468.86,475.289,0.0,13706.627999999944,0.09790448571428531,SENTIMENT_EOD_SELL,6.0,9.0,10800.0,0.58775,NEU,
50c706c015ad7183,2025-06-09 08:00:00+00:00,2025-06-16 16:00:00,AAPL,S18,4877,205.01,197.07000000000002,0.0,-38723.37999999985,-0.27659557142857033,SENTIMENT_EOD_SELL,6.0,9.0,10800.0,0.21655000000000002,NEU,
df8adca5f02ed06b,2025-06-09 08:00:00+00:00,2025-06-16 16:00:00,QCOM,S18,6674,149.82,156.16,0.0,42313.160000000025,0.30223685714285736,SENTIMENT_EOD_SELL,6.0,9.0,10800.0,0.49803,NEU,
0b8c27bd9b3d45a4,2025-06-13 08:00:00+00:00,2025-06-16 16:00:00,AMZN,S18,4764,209.89,213.63,0.0,17817.360000000044,0.12726685714285746,SENTIMENT_EOD_SELL,6.0,9.0,5040.0,0.2644,NEU,
70eb4d9c8725212f,2025-06-16 08:00:00+00:00,2025-06-16 16:00:00,AVGO,S18,3983,251.01,250.01000000000002,0.0,-3982.9999999998868,-0.02844999999999919,SENTIMENT_EOD_SELL,6.0,9.0,720.0,0.52554,NEU,
0274fa31b8a0ec34,2025-06-16 08:00:00+00:00,2025-06-16 16:00:00,TSM,S18,4724,211.64999999999998,213.59,0.0,9164.560000000123,0.06546114285714374,SENTIMENT_EOD_SELL,6.0,9.0,720.0,0.4826428571428571,NEU,
ee695565060c6cc1,2025-06-16 13:28:00+00:00,2025-06-16 16:00:00,INTU,S18,1315,760.03,771.99,0.0,15727.400000000049,0.11233857142857177,SENTIMENT_EOD_SELL,6.0,9.0,392.0,0.5028666666666667,NEU,
97a8796ddc87a7de,2025-06-17 08:02:00+00:00,2025-06-17 16:00:00,MSFT,S18,2103,475.44,476.75,0.0,2754.930000000005,0.019678071428571465,SENTIMENT_EOD_SELL,6.0,9.0,718.0,0.28801,NEU,
a2b2969af80028b9,2025-06-17 08:46:00+00:00,2025-06-17 16:00:00,CSCO,S18,15339,65.19000000000001,65.21,0.0,306.779999999721,0.0021912857142837214,SENTIMENT_EOD_SELL,6.0,9.0,674.0,0.4592,NEU,
cca0557b7c6d895c,2025-06-17 13:27:00+00:00,2025-06-17 16:00:00,INTU,S18,1302,767.96,764.89,0.0,-3997.140000000065,-0.028551000000000465,SENTIMENT_EOD_SELL,6.0,9.0,393.0,0.45716666666666667,NEU,
ba3f18beb81a8340,2025-06-17 08:03:00+00:00,2025-06-17 16:00:00,QCOM,S18,6407,156.06,154.49,0.0,-10058.989999999956,-0.07184992857142826,SENTIMENT_EOD_SELL,6.0,9.0,717.0,0.2243375,NEU,
57f42ea5518f6396,2025-06-17 08:00:00+00:00,2025-06-18 09:30:00,AAPL,S18,5062,197.51999999999998,196.14000000000001,0.0,-6985.559999999833,-0.04989685714285595,SENTIMENT_MORNING_SELL,6.0,9.0,1770.0,0.20165000000000002,NEU,
8b1b98f14aa6ad9f,2025-06-17 08:01:00+00:00,2025-06-18 09:30:00,TSM,S18,4655,214.79999999999998,215.19,0.0,1815.4500000000687,0.01296750000000049,SENTIMENT_MORNING_SELL,6.0,9.0,1769.0,0.49216666666666664,NEU,
3d6005179dfe1e1e,2025-06-16 08:00:00+00:00,2025-06-23 16:34:00+00:00,ORCL,S18,4627,216.12,203.1428,0.0,-60045.50440000005,-0.5938922885714291,STOP_LOSS,6.0,9.0,10594.0,0.29949,NEU,
df5706f3ce2a1c91,2025-06-17 08:00:00+00:00,2025-06-23 13:31:00+00:00,GOOGL,S18,5706,175.23999999999998,164.7156,0.0,-60052.22639999992,-0.34783141999999956,STOP_LOSS,6.0,9.0,8971.0,0.3413,NEU,
5c0c4023a9606fbb,2025-06-18 08:00:00+00:00,2025-06-23 14:17:00+00:00,TSLA,S18,3144,318.01,346.6209,0.0,89952.66960000005,8.996855444797339,TAKE_PROFIT,6.0,9.0,7577.0,0.21957,NEU,
56f56228d0525d76,2025-06-18 13:30:00+00:00,2025-06-18 16:00:00,INTU,S18,1311,762.38,755.49,0.0,-9032.789999999983,-0.06451992857142844,SENTIMENT_EOD_SELL,6.0,9.0,390.0,0.3316,NEU,
b6e83de3277cdd23,2025-06-17 08:00:00+00:00,2025-06-20 09:30:00,AVGO,S18,3997,250.13,250.81,0.0,2717.9600000000273,0.019414000000000195,SENTIMENT_MORNING_SELL,6.0,9.0,4650.0,0.38798,NEU,
b66310921df3aaa9,2025-06-18 08:00:00+00:00,2025-06-20 09:30:00,MSFT,S18,2091,478.15999999999997,480.07,0.0,3993.8100000000522,0.028527214285714655,SENTIMENT_MORNING_SELL,6.0,9.0,3210.0,0.3745,NEU,
97ddea2840759195,2025-06-18 08:07:00+00:00,2025-06-20 09:30:00,QCOM,S18,6462,154.73999999999998,153.62,0.0,-7237.439999999846,-0.051695999999998896,SENTIMENT_MORNING_SELL,6.0,9.0,3203.0,0.303925,NEU,
88469834a8c950a1,2025-06-20 08:00:00+00:00,2025-06-20 09:30:00,ORCL,S18,4741,210.89,210.87,0.0,-94.81999999991376,-0.0006772857142850983,SENTIMENT_MORNING_SELL,6.0,9.0,330.0,0.5861666666666667,NEU,
1b8176c56c05276e,2025-06-16 08:36:00+00:00,2025-06-20 16:00:00,ADBE,S18,2547,392.53,375.99,0.0,-42127.37999999991,-0.3009098571428565,SENTIMENT_EOD_SELL,6.0,9.0,6444.0,0.27355,NEU,
2ec2ecf90f1d65fb,2025-06-18 08:00:00+00:00,2025-06-20 16:00:00,TSM,S18,4646,215.20999999999998,209.87,0.0,-24809.639999999883,-0.17721171428571345,SENTIMENT_EOD_SELL,6.0,9.0,3600.0,0.4350428571428572,NEU,
d4305f435ef3dd8f,2025-06-20 08:00:00+00:00,2025-06-20 16:00:00,MSFT,S18,2082,480.09,477.7867,0.0,-4795.470599999956,-0.03425336142857111,SENTIMENT_EOD_SELL,6.0,9.0,720.0,0.48829,NEU,
a683e021a5a14dbe,2025-06-20 13:27:00+00:00,2025-06-20 16:00:00,INTU,S18,1314,761.0,761.13,0.0,170.81999999999402,0.0012201428571428144,SENTIMENT_EOD_SELL,6.0,9.0,393.0,0.469775,NEU,
da71e78307ee0b79,2025-06-20 08:30:00+00:00,2025-06-20 16:00:00,QCOM,S18,6508,153.64,151.74,0.0,-12365.199999999852,-0.08832285714285608,SENTIMENT_EOD_SELL,6.0,9.0,690.0,0.2548333333333333,NEU,
716e4026f84cf4af,2025-06-10 08:00:00+00:00,2025-06-20 23:59:00+00:00,NVDA,S18,7012,142.60999999999999,143.601,0.0,6948.892000000097,0.04963494285714355,BACKTEST_END,6.0,9.0,15359.0,0.3785,NEU,
963f9be5c5e89e26,2025-06-17 08:00:00+00:00,2025-06-20 23:59:00+00:00,AMZN,S18,4671,214.07,210.17000000000002,0.0,-18216.899999999892,-0.1301207142857135,BACKTEST_END,6.0,9.0,5279.0,0.39523,NEU,
d32e560727b081b7,2025-06-17 08:00:00+00:00,2025-06-20 23:59:00+00:00,META,S18,1428,700.01,683.78,0.0,-23176.440000000024,-0.1655460000000002,BACKTEST_END,6.0,9.0,5279.0,0.27437,NEU,
07d17f9f95ffaee7,2025-06-18 08:00:00+00:00,2025-06-20 23:59:00+00:00,AAPL,S18,5097,196.16,201.2801,0.0,26097.14970000004,0.18640821214285744,BACKTEST_END,6.0,9.0,3839.0,0.28226999999999997,NEU,
97b4d01e721e9a4b,2025-06-20 08:01:00+00:00,2025-06-20 23:58:00+00:00,AVGO,S18,3986,250.82999999999998,249.61,0.0,-4862.919999999882,-0.034735142857142014,BACKTEST_END,6.0,9.0,957.0,0.34482999999999997,NEU,
beaefebd519e90a7,2025-06-20 08:00:00+00:00,2025-06-20 23:58:00+00:00,ORCL,S18,4741,210.89,204.92000000000002,0.0,-28303.76999999986,-0.2021697857142847,BACKTEST_END,6.0,9.0,958.0,0.45685000000000003,NEU,
c08c30f4852c180d,2025-06-09 08:00:00+00:00,2025-06-12 14:31:00+00:00,ORCL,S19,5713,175.01,201.2515,0.0,149917.6895,14.99428604079767,TAKE_PROFIT,8.0,15.0,4711.0,0.3024,NEU,
1e0f60d911e5ce02,2025-06-09 08:02:00+00:00,2025-06-09 16:00:00,CSCO,S19,15158,65.97,65.91,0.0,-909.4800000000345,-0.006496285714285961,SENTIMENT_EOD_SELL,8.0,15.0,718.0,0.4429666666666667,NEU,
e4ca3805c430f8f9,2025-06-10 08:04:00+00:00,2025-06-13 13:30:00+00:00,ORCL,S19,5644,177.16,203.724,0.0,149927.21599999996,14.99435538496274,TAKE_PROFIT,8.0,15.0,4646.0,0.26996000000000003,NEU,
a203c6c4d03e6b92,2025-06-09 08:00:00+00:00,2025-06-10 16:00:00,AVGO,S19,4048,247.0,243.9901,0.0,-12184.07519999995,-0.08702910857142822,SENTIMENT_EOD_SELL,8.0,15.0,2160.0,0.3516888888888889,NEU,
b73789bd5851d382,2025-06-10 12:00:00+00:00,2025-06-10 16:00:00,ADBE,S19,2398,417.0,416.1392,0.0,-2064.19839999996,-0.014744274285714003,SENTIMENT_EOD_SELL,8.0,15.0,480.0,0.4857666666666667,NEU,
94ea14972f8aaca0,2025-06-11 08:00:00+00:00,2025-06-13 13:30:00+00:00,ORCL,S19,5635,177.45999999999998,204.06899999999996,0.0,149941.71499999988,14.994364927307553,TAKE_PROFIT,8.0,15.0,3210.0,0.35507999999999995,NEU,
75a3b42fbb03682c,2025-06-10 09:29:00+00:00,2025-06-11 16:00:00,CSCO,S19,15167,65.93,64.40169999999999,0.0,-23179.72610000024,-0.16556947214285886,SENTIMENT_EOD_SELL,8.0,15.0,2071.0,0.49729999999999996,NEU,
f8bb45a43bd76ffb,2025-06-11 08:00:00+00:00,2025-06-12 09:30:00,AVGO,S19,4107,243.45,251.54000000000002,0.0,33225.63000000013,0.2373259285714295,SENTIMENT_MORNING_SELL,8.0,15.0,1770.0,0.5315444444444445,NEU,
5976584abace93c0,2025-06-11 13:30:00+00:00,2025-06-12 09:30:00,INTU,S19,1317,758.8199999999999,764.7,0.0,7743.960000000144,0.05531400000000102,SENTIMENT_MORNING_SELL,8.0,15.0,1440.0,0.2241,NEU,
111b187324b9a5c6,2025-06-11 08:02:00+00:00,2025-06-17 17:58:00+00:00,ADBE,S19,2403,416.08,382.78360000000004,0.0,-80011.24919999987,-0.31322399142857094,STOP_LOSS,8.0,15.0,9236.0,0.34646,NEU,
9bb0059e74477bb5,2025-06-09 08:00:00+00:00,2025-06-12 16:00:00,AMZN,S19,4680,213.66,211.99,0.0,-7815.599999999941,-0.05582571428571387,SENTIMENT_EOD_SELL,8.0,15.0,5040.0,0.44548,NEU,
7176ef93f04465ba,2025-06-10 08:00:00+00:00,2025-06-13 09:30:00,META,S19,1436,695.9399999999999,684.87,0.0,-15896.51999999991,-0.11354657142857079,SENTIMENT_MORNING_SELL,8.0,15.0,4650.0,0.29571000000000003,NEU,
2012fdcaa07ab32f,2025-06-10 08:00:00+00:00,2025-06-13 09:30:00,TSM,S19,4789,208.81,210.99,0.0,10440.020000000033,0.07457157142857165,SENTIMENT_MORNING_SELL,8.0,15.0,4650.0,0.30756,NEU,
fe55db5f04be6980,2025-06-12 08:07:00+00:00,2025-06-13 09:30:00,CSCO,S19,15632,63.97,64.25,0.0,4376.960000000017,0.031264000000000125,SENTIMENT_MORNING_SELL,8.0,15.0,1763.0,0.42275999999999997,NEU,
76ed124f130bc4fa,2025-06-13 08:00:00+00:00,2025-06-13 16:00:00,TSM,S19,4739,211.01,210.82000000000002,0.0,-900.4099999998546,-0.0064314999999989615,SENTIMENT_EOD_SELL,8.0,15.0,720.0,0.5517333333333333,NEU,
c161d49f8351488b,2025-06-13 08:04:00+00:00,2025-06-13 16:00:00,CSCO,S19,15559,64.27000000000001,64.17999999999999,0.0,-1400.3100000002742,-0.010002214285716245,SENTIMENT_EOD_SELL,8.0,15.0,716.0,0.30619999999999997,NEU,
7221b95cc2b962b8,2025-06-12 08:00:00+00:00,2025-06-16 09:30:00,AVGO,S19,3975,251.56,250.99,0.0,-2265.7499999999727,-0.016183928571428377,SENTIMENT_MORNING_SELL,8.0,15.0,6090.0,0.34302,NEU,
259787cd1c7edbcc,2025-06-13 12:00:00+00:00,2025-06-16 09:30:00,INTU,S19,1310,762.8099,760.01,0.0,-3667.8689999999733,-0.0261990642857141,SENTIMENT_MORNING_SELL,8.0,15.0,4410.0,0.2676,NEU,
d12cb2b2049da655,2025-06-09 08:00:00+00:00,2025-06-16 16:00:00,MSFT,S19,2132,468.86,475.289,0.0,13706.627999999944,0.09790448571428531,SENTIMENT_EOD_SELL,8.0,15.0,10800.0,0.58775,NEU,
c1218d5f1bacd9ee,2025-06-09 08:00:00+00:00,2025-06-16 16:00:00,AAPL,S19,4877,205.01,197.07000000000002,0.0,-38723.37999999985,-0.27659557142857033,SENTIMENT_EOD_SELL,8.0,15.0,10800.0,0.21655000000000002,NEU,
a4df88bf081f5fdb,2025-06-09 08:00:00+00:00,2025-06-16 16:00:00,QCOM,S19,6674,149.82,156.16,0.0,42313.160000000025,0.30223685714285736,SENTIMENT_EOD_SELL,8.0,15.0,10800.0,0.49803,NEU,
e0bd3423dae33f15,2025-06-13 08:00:00+00:00,2025-06-16 16:00:00,AMZN,S19,4764,209.89,213.63,0.0,17817.360000000044,0.12726685714285746,SENTIMENT_EOD_SELL,8.0,15.0,5040.0,0.2644,NEU,
f2543d16c9f4398a,2025-06-16 08:00:00+00:00,2025-06-16 16:00:00,AVGO,S19,3983,251.01,250.01000000000002,0.0,-3982.9999999998868,-0.02844999999999919,SENTIMENT_EOD_SELL,8.0,15.0,720.0,0.52554,NEU,
2f480ac4be1a7cfc,2025-06-16 08:00:00+00:00,2025-06-16 16:00:00,TSM,S19,4724,211.64999999999998,213.59,0.0,9164.560000000123,0.06546114285714374,SENTIMENT_EOD_SELL,8.0,15.0,720.0,0.4826428571428571,NEU,
965dcab7ed3c571b,2025-06-16 13:28:00+00:00,2025-06-16 16:00:00,INTU,S19,1315,760.03,771.99,0.0,15727.400000000049,0.11233857142857177,SENTIMENT_EOD_SELL,8.0,15.0,392.0,0.5028666666666667,NEU,
4521cf8042bae4c3,2025-06-17 08:02:00+00:00,2025-06-17 16:00:00,MSFT,S19,2103,475.44,476.75,0.0,2754.930000000005,0.019678071428571465,SENTIMENT_EOD_SELL,8.0,15.0,718.0,0.28801,NEU,
05fa532f4204d430,2025-06-17 08:46:00+00:00,2025-06-17 16:00:00,CSCO,S19,15339,65.19000000000001,65.21,0.0,306.779999999721,0.0021912857142837214,SENTIMENT_EOD_SELL,8.0,15.0,674.0,0.4592,NEU,
b21f0d711b3dde81,2025-06-17 13:27:00+00:00,2025-06-17 16:00:00,INTU,S19,1302,767.96,764.89,0.0,-3997.140000000065,-0.028551000000000465,SENTIMENT_EOD_SELL,8.0,15.0,393.0,0.45716666666666667,NEU,
0bd73e2f0926ebb0,2025-06-17 08:03:00+00:00,2025-06-17 16:00:00,QCOM,S19,6407,156.06,154.49,0.0,-10058.989999999956,-0.07184992857142826,SENTIMENT_EOD_SELL,8.0,15.0,717.0,0.2243375,NEU,
efbee99c4f5869a9,2025-06-17 08:00:00+00:00,2025-06-18 09:30:00,AAPL,S19,5062,197.51999999999998,196.14000000000001,0.0,-6985.559999999833,-0.04989685714285595,SENTIMENT_MORNING_SELL,8.0,15.0,1770.0,0.20165000000000002,NEU,
7edca36734ef7d63,2025-06-17 08:01:00+00:00,2025-06-18 09:30:00,TSM,S19,4655,214.79999999999998,215.19,0.0,1815.4500000000687,0.01296750000000049,SENTIMENT_MORNING_SELL,8.0,15.0,1769.0,0.49216666666666664,NEU,
85f308a9dacd3b27,2025-06-18 08:00:00+00:00,2025-06-18 16:00:00,TSLA,S19,3144,318.01,322.49,0.0,14085.120000000057,0.1006080000000004,SENTIMENT_EOD_SELL,8.0,15.0,720.0,0.21957,NEU,
bb6c8068664b6a48,2025-06-18 13:30:00+00:00,2025-06-18 16:00:00,INTU,S19,1311,762.38,755.49,0.0,-9032.789999999983,-0.06451992857142844,SENTIMENT_EOD_SELL,8.0,15.0,390.0,0.3316,NEU,
2690b1edf690954e,2025-06-12 08:00:00+00:00,2025-06-20 09:30:00,ORCL,S19,5250,190.45999999999998,210.87,0.0,107152.50000000013,0.7653750000000009,SENTIMENT_MORNING_SELL,8.0,15.0,11850.0,0.25153,NEU,
06d3176840d56340,2025-06-17 08:00:00+00:00,2025-06-20 09:30:00,AVGO,S19,3997,250.13,250.81,0.0,2717.9600000000273,0.019414000000000195,SENTIMENT_MORNING_SELL,8.0,15.0,4650.0,0.38798,NEU,
03e704aadb348db7,2025-06-18 08:00:00+00:00,2025-06-20 09:30:00,MSFT,S19,2091,478.15999999999997,480.07,0.0,3993.8100000000522,0.028527214285714655,SENTIMENT_MORNING_SELL,8.0,15.0,3210.0,0.3745,NEU,
ab3332dde01260c8,2025-06-18 08:07:00+00:00,2025-06-20 09:30:00,QCOM,S19,6462,154.73999999999998,153.62,0.0,-7237.439999999846,-0.051695999999998896,SENTIMENT_MORNING_SELL,8.0,15.0,3203.0,0.303925,NEU,
4969405846cd9d1a,2025-06-10 08:00:00+00:00,2025-06-20 16:00:00,GOOGL,S19,5679,176.07999999999998,166.65,0.0,-53552.96999999988,-0.38252121428571345,SENTIMENT_EOD_SELL,8.0,15.0,15120.0,0.40591999999999995,NEU,
bef0931561cef771,2025-06-13 08:00:00+00:00,2025-06-20 16:00:00,ADBE,S19,2496,400.49,375.99,0.0,-61152.0,-0.4368,SENTIMENT_EOD_SELL,8.0,15.0,10800.0,0.20686,NEU,
de0b4740acee2165,2025-06-18 08:00:00+00:00,2025-06-20 16:00:00,TSM,S19,4646,215.20999999999998,209.87,0.0,-24809.639999999883,-0.17721171428571345,SENTIMENT_EOD_SELL,8.0,15.0,3600.0,0.4350428571428572,NEU,
f26ea894fde24a6a,2025-06-20 08:00:00+00:00,2025-06-20 16:00:00,MSFT,S19,2082,480.09,477.7867,0.0,-4795.470599999956,-0.03425336142857111,SENTIMENT_EOD_SELL,8.0,15.0,720.0,0.48829,NEU,
3b9a60726599657e,2025-06-20 13:27:00+00:00,2025-06-20 16:00:00,INTU,S19,1314,761.0,761.13,0.0,170.81999999999402,0.0012201428571428144,SENTIMENT_EOD_SELL,8.0,15.0,393.0,0.469775,NEU,
0484df69a7e50efe,2025-06-20 08:30:00+00:00,2025-06-20 16:00:00,QCOM,S19,6508,153.64,151.74,0.0,-12365.199999999852,-0.08832285714285608,SENTIMENT_EOD_SELL,8.0,15.0,690.0,0.2548333333333333,NEU,
fe6e71bc73083e24,2025-06-10 08:00:00+00:00,2025-06-20 23:59:00+00:00,NVDA,S19,7012,142.60999999999999,143.601,0.0,6948.892000000097,0.04963494285714355,BACKTEST_END,8.0,15.0,15359.0,0.3785,NEU,
d4b271b7537b1134,2025-06-17 08:00:00+00:00,2025-06-20 23:59:00+00:00,AMZN,S19,4671,214.07,210.17000000000002,0.0,-18216.899999999892,-0.1301207142857135,BACKTEST_END,8.0,15.0,5279.0,0.39523,NEU,
1b3fdc9001e263df,2025-06-17 08:00:00+00:00,2025-06-20 23:59:00+00:00,META,S19,1428,700.01,683.78,0.0,-23176.440000000024,-0.1655460000000002,BACKTEST_END,8.0,15.0,5279.0,0.27437,NEU,
03dcc2689edd6098,2025-06-18 08:00:00+00:00,2025-06-20 23:59:00+00:00,AAPL,S19,5097,196.16,201.2801,0.0,26097.14970000004,0.18640821214285744,BACKTEST_END,8.0,15.0,3839.0,0.28226999999999997,NEU,
bfc6e395e0eb5684,2025-06-20 08:01:00+00:00,2025-06-20 23:58:00+00:00,AVGO,S19,3986,250.82999999999998,249.61,0.0,-4862.919999999882,-0.034735142857142014,BACKTEST_END,8.0,15.0,957.0,0.34482999999999997,NEU,
86184ba7f4e5f2c4,2025-06-20 08:00:00+00:00,2025-06-20 23:58:00+00:00,ORCL,S19,4741,210.89,204.92000000000002,0.0,-28303.76999999986,-0.2021697857142847,BACKTEST_END,8.0,15.0,958.0,0.45685000000000003,NEU,
9d22650d623a25bc,2025-06-09 08:00:00+00:00,2025-06-13 14:42:00+00:00,ORCL,S20,5713,175.01,210.00199999999998,0.0,199909.29599999994,19.99428604079766,TAKE_PROFIT,12.0,20.0,6162.0,0.3024,NEU,
68639d84180b9a42,2025-06-09 08:02:00+00:00,2025-06-09 16:00:00,CSCO,S20,15158,65.97,65.91,0.0,-909.4800000000345,-0.006496285714285961,SENTIMENT_EOD_SELL,12.0,20.0,718.0,0.4429666666666667,NEU,
b48277a317ceac29,2025-06-10 08:04:00+00:00,2025-06-13 15:48:00+00:00,ORCL,S20,5644,177.16,212.582,0.0,199921.76799999998,19.99435538496274,TAKE_PROFIT,12.0,20.0,4784.0,0.26996000000000003,NEU,
614332f3b9b06e7b,2025-06-09 08:00:00+00:00,2025-06-10 16:00:00,AVGO,S20,4048,247.0,243.9901,0.0,-12184.07519999995,-0.08702910857142822,SENTIMENT_EOD_SELL,12.0,20.0,2160.0,0.3516888888888889,NEU,
c462a3c07612105f,2025-06-10 12:00:00+00:00,2025-06-10 16:00:00,ADBE,S20,2398,417.0,416.1392,0.0,-2064.19839999996,-0.014744274285714003,SENTIMENT_EOD_SELL,12.0,20.0,480.0,0.4857666666666667,NEU,
a08475a487c5af42,2025-06-11 08:00:00+00:00,2025-06-13 15:50:00+00:00,ORCL,S20,5635,177.45999999999998,212.94199999999998,0.0,199941.07,19.994364927307565,TAKE_PROFIT,12.0,20.0,3350.0,0.35507999999999995,NEU,
e7fe3ece5448a75f,2025-06-10 09:29:00+00:00,2025-06-11 16:00:00,CSCO,S20,15167,65.93,64.40169999999999,0.0,-23179.72610000024,-0.16556947214285886,SENTIMENT_EOD_SELL,12.0,20.0,2071.0,0.49729999999999996,NEU,
baad6b0b04dbe48c,2025-06-11 08:00:00+00:00,2025-06-12 09:30:00,AVGO,S20,4107,243.45,251.54000000000002,0.0,33225.63000000013,0.2373259285714295,SENTIMENT_MORNING_SELL,12.0,20.0,1770.0,0.5315444444444445,NEU,
67f362c73d927afe,2025-06-11 13:30:00+00:00,2025-06-12 09:30:00,INTU,S20,1317,758.8199999999999,764.7,0.0,7743.960000000144,0.05531400000000102,SENTIMENT_MORNING_SELL,12.0,20.0,1440.0,0.2241,NEU,
046e22e781998e31,2025-06-09 08:00:00+00:00,2025-06-12 16:00:00,AMZN,S20,4680,213.66,211.99,0.0,-7815.599999999941,-0.05582571428571387,SENTIMENT_EOD_SELL,12.0,20.0,5040.0,0.44548,NEU,
dca2d88d0f038d49,2025-06-10 08:00:00+00:00,2025-06-13 09:30:00,META,S20,1436,695.9399999999999,684.87,0.0,-15896.51999999991,-0.11354657142857079,SENTIMENT_MORNING_SELL,12.0,20.0,4650.0,0.29571000000000003,NEU,
aad5996243cb4e03,2025-06-10 08:00:00+00:00,2025-06-13 09:30:00,TSM,S20,4789,208.81,210.99,0.0,10440.020000000033,0.07457157142857165,SENTIMENT_MORNING_SELL,12.0,20.0,4650.0,0.30756,NEU,
0d033925eee32131,2025-06-12 08:07:00+00:00,2025-06-13 09:30:00,CSCO,S20,15632,63.97,64.25,0.0,4376.960000000017,0.031264000000000125,SENTIMENT_MORNING_SELL,12.0,20.0,1763.0,0.42275999999999997,NEU,
6a010b1982946beb,2025-06-13 08:00:00+00:00,2025-06-13 16:00:00,TSM,S20,4739,211.01,210.82000000000002,0.0,-900.4099999998546,-0.0064314999999989615,SENTIMENT_EOD_SELL,12.0,20.0,720.0,0.5517333333333333,NEU,
417f3673be141a30,2025-06-13 08:04:00+00:00,2025-06-13 16:00:00,CSCO,S20,15559,64.27000000000001,64.17999999999999,0.0,-1400.3100000002742,-0.010002214285716245,SENTIMENT_EOD_SELL,12.0,20.0,716.0,0.30619999999999997,NEU,
230d074f3cd1c9e7,2025-06-12 08:00:00+00:00,2025-06-16 09:30:00,AVGO,S20,3975,251.56,250.99,0.0,-2265.7499999999727,-0.016183928571428377,SENTIMENT_MORNING_SELL,12.0,20.0,6090.0,0.34302,NEU,
1721742eefcb09b6,2025-06-13 12:00:00+00:00,2025-06-16 09:30:00,INTU,S20,1310,762.8099,760.01,0.0,-3667.8689999999733,-0.0261990642857141,SENTIMENT_MORNING_SELL,12.0,20.0,4410.0,0.2676,NEU,
4f1c62a5d6d29704,2025-06-09 08:00:00+00:00,2025-06-16 16:00:00,MSFT,S20,2132,468.86,475.289,0.0,13706.627999999944,0.09790448571428531,SENTIMENT_EOD_SELL,12.0,20.0,10800.0,0.58775,NEU,
6a614069099727a2,2025-06-09 08:00:00+00:00,2025-06-16 16:00:00,AAPL,S20,4877,205.01,197.07000000000002,0.0,-38723.37999999985,-0.27659557142857033,SENTIMENT_EOD_SELL,12.0,20.0,10800.0,0.21655000000000002,NEU,
55a767f053c4a465,2025-06-09 08:00:00+00:00,2025-06-16 16:00:00,QCOM,S20,6674,149.82,156.16,0.0,42313.160000000025,0.30223685714285736,SENTIMENT_EOD_SELL,12.0,20.0,10800.0,0.49803,NEU,
3f1a2dc5f8c5b284,2025-06-13 08:00:00+00:00,2025-06-16 16:00:00,AMZN,S20,4764,209.89,213.63,0.0,17817.360000000044,0.12726685714285746,SENTIMENT_EOD_SELL,12.0,20.0,5040.0,0.2644,NEU,
666e11ef9addb4ee,2025-06-16 08:00:00+00:00,2025-06-16 16:00:00,AVGO,S20,3983,251.01,250.01000000000002,0.0,-3982.9999999998868,-0.02844999999999919,SENTIMENT_EOD_SELL,12.0,20.0,720.0,0.52554,NEU,
3896ef1d82458bda,2025-06-16 08:00:00+00:00,2025-06-16 16:00:00,TSM,S20,4724,211.64999999999998,213.59,0.0,9164.560000000123,0.06546114285714374,SENTIMENT_EOD_SELL,12.0,20.0,720.0,0.4826428571428571,NEU,
aa0fd285af4b4998,2025-06-16 13:28:00+00:00,2025-06-16 16:00:00,INTU,S20,1315,760.03,771.99,0.0,15727.400000000049,0.11233857142857177,SENTIMENT_EOD_SELL,12.0,20.0,392.0,0.5028666666666667,NEU,
ee34031999eebd0e,2025-06-17 08:02:00+00:00,2025-06-17 16:00:00,MSFT,S20,2103,475.44,476.75,0.0,2754.930000000005,0.019678071428571465,SENTIMENT_EOD_SELL,12.0,20.0,718.0,0.28801,NEU,
a252a835d70e1107,2025-06-17 08:46:00+00:00,2025-06-17 16:00:00,CSCO,S20,15339,65.19000000000001,65.21,0.0,306.779999999721,0.0021912857142837214,SENTIMENT_EOD_SELL,12.0,20.0,674.0,0.4592,NEU,
2d97e1fbf2eeb323,2025-06-17 13:27:00+00:00,2025-06-17 16:00:00,INTU,S20,1302,767.96,764.89,0.0,-3997.140000000065,-0.028551000000000465,SENTIMENT_EOD_SELL,12.0,20.0,393.0,0.45716666666666667,NEU,
63070c1bb90fe703,2025-06-17 08:03:00+00:00,2025-06-17 16:00:00,QCOM,S20,6407,156.06,154.49,0.0,-10058.989999999956,-0.07184992857142826,SENTIMENT_EOD_SELL,12.0,20.0,717.0,0.2243375,NEU,
92ee7ee55ce394f9,2025-06-17 08:00:00+00:00,2025-06-18 09:30:00,AAPL,S20,5062,197.51999999999998,196.14000000000001,0.0,-6985.559999999833,-0.04989685714285595,SENTIMENT_MORNING_SELL,12.0,20.0,1770.0,0.20165000000000002,NEU,
8b1ce04c2225504c,2025-06-17 08:01:00+00:00,2025-06-18 09:30:00,TSM,S20,4655,214.79999999999998,215.19,0.0,1815.4500000000687,0.01296750000000049,SENTIMENT_MORNING_SELL,12.0,20.0,1769.0,0.49216666666666664,NEU,
5f97098ca26967c7,2025-06-18 08:00:00+00:00,2025-06-18 16:00:00,TSLA,S20,3144,318.01,322.49,0.0,14085.120000000057,0.1006080000000004,SENTIMENT_EOD_SELL,12.0,20.0,720.0,0.21957,NEU,
8f6367786a3b2abd,2025-06-18 13:30:00+00:00,2025-06-18 16:00:00,INTU,S20,1311,762.38,755.49,0.0,-9032.789999999983,-0.06451992857142844,SENTIMENT_EOD_SELL,12.0,20.0,390.0,0.3316,NEU,
0941968e0d596c7b,2025-06-12 08:00:00+00:00,2025-06-20 09:30:00,ORCL,S20,5250,190.45999999999998,210.87,0.0,107152.50000000013,0.7653750000000009,SENTIMENT_MORNING_SELL,12.0,20.0,11850.0,0.25153,NEU,
86f5af2aaad9fbf1,2025-06-17 08:00:00+00:00,2025-06-20 09:30:00,AVGO,S20,3997,250.13,250.81,0.0,2717.9600000000273,0.019414000000000195,SENTIMENT_MORNING_SELL,12.0,20.0,4650.0,0.38798,NEU,
7b1ffe65c312d313,2025-06-18 08:00:00+00:00,2025-06-20 09:30:00,MSFT,S20,2091,478.15999999999997,480.07,0.0,3993.8100000000522,0.028527214285714655,SENTIMENT_MORNING_SELL,12.0,20.0,3210.0,0.3745,NEU,
bbb01d29948122a8,2025-06-18 08:07:00+00:00,2025-06-20 09:30:00,QCOM,S20,6462,154.73999999999998,153.62,0.0,-7237.439999999846,-0.051695999999998896,SENTIMENT_MORNING_SELL,12.0,20.0,3203.0,0.303925,NEU,
59da70214809a996,2025-06-10 08:00:00+00:00,2025-06-20 16:00:00,GOOGL,S20,5679,176.07999999999998,166.65,0.0,-53552.96999999988,-0.38252121428571345,SENTIMENT_EOD_SELL,12.0,20.0,15120.0,0.40591999999999995,NEU,
c1f24a4bdbbaa4d3,2025-06-11 08:02:00+00:00,2025-06-20 16:00:00,ADBE,S20,2403,416.08,375.99,0.0,-96336.26999999995,-0.6881162142857139,SENTIMENT_EOD_SELL,12.0,20.0,13678.0,0.34646,NEU,
d47ae7adbd917587,2025-06-18 08:00:00+00:00,2025-06-20 16:00:00,TSM,S20,4646,215.20999999999998,209.87,0.0,-24809.639999999883,-0.17721171428571345,SENTIMENT_EOD_SELL,12.0,20.0,3600.0,0.4350428571428572,NEU,
b8e17a59f551e79a,2025-06-20 08:00:00+00:00,2025-06-20 16:00:00,MSFT,S20,2082,480.09,477.7867,0.0,-4795.470599999956,-0.03425336142857111,SENTIMENT_EOD_SELL,12.0,20.0,720.0,0.48829,NEU,
4352ffd1ed2a1de2,2025-06-20 13:27:00+00:00,2025-06-20 16:00:00,INTU,S20,1314,761.0,761.13,0.0,170.81999999999402,0.0012201428571428144,SENTIMENT_EOD_SELL,12.0,20.0,393.0,0.469775,NEU,
01d6f4f457bee6f9,2025-06-20 08:30:00+00:00,2025-06-20 16:00:00,QCOM,S20,6508,153.64,151.74,0.0,-12365.199999999852,-0.08832285714285608,SENTIMENT_EOD_SELL,12.0,20.0,690.0,0.2548333333333333,NEU,
09060e534c0f4d70,2025-06-10 08:00:00+00:00,2025-06-20 23:59:00+00:00,NVDA,S20,7012,142.60999999999999,143.601,0.0,6948.892000000097,0.04963494285714355,BACKTEST_END,12.0,20.0,15359.0,0.3785,NEU,
6f7d9f980ed60560,2025-06-17 08:00:00+00:00,2025-06-20 23:59:00+00:00,AMZN,S20,4671,214.07,210.17000000000002,0.0,-18216.899999999892,-0.1301207142857135,BACKTEST_END,12.0,20.0,5279.0,0.39523,NEU,
5e00f5cc45646355,2025-06-17 08:00:00+00:00,2025-06-20 23:59:00+00:00,META,S20,1428,700.01,683.78,0.0,-23176.440000000024,-0.1655460000000002,BACKTEST_END,12.0,20.0,5279.0,0.27437,NEU,
89ee6b3c32881782,2025-06-18 08:00:00+00:00,2025-06-20 23:59:00+00:00,AAPL,S20,5097,196.16,201.2801,0.0,26097.14970000004,0.18640821214285744,BACKTEST_END,12.0,20.0,3839.0,0.28226999999999997,NEU,
4ff45fe7b3a812f6,2025-06-20 08:01:00+00:00,2025-06-20 23:58:00+00:00,AVGO,S20,3986,250.82999999999998,249.61,0.0,-4862.919999999882,-0.034735142857142014,BACKTEST_END,12.0,20.0,957.0,0.34482999999999997,NEU,
13a048bdb9ff5bfa,2025-06-20 08:00:00+00:00,2025-06-20 23:58:00+00:00,ORCL,S20,4741,210.89,204.92000000000002,0.0,-28303.76999999986,-0.2021697857142847,BACKTEST_END,12.0,20.0,958.0,0.45685000000000003,NEU,
