trade_id,open_time,close_time,symbol,strategy_id,qty,entry_price,exit_price,fees_usd,pnl_usd,pnl_pct,exit_reason,stop_pct,take_pct,holding_minutes,sentiment_score,sentiment_label,news_headline
8078d3af51dfe075,2024-11-07 00:00:00+00:00,2024-11-08 09:00:00+00:00,TSM,S01,5189,192.6814,202.30547,0.0,49939.29923000009,4.994810085457142,TAKE_PROFIT,3.0,5.0,1980.0,0.36328,NEU,
f22a3dc24406d85a,2024-11-07 14:30:00+00:00,2024-11-08 16:31:00+00:00,INTU,S01,1534,651.75,684.3275,0.0,49973.88499999998,4.998465669351743,TAKE_PROFIT,3.0,5.0,1561.0,0.4144,NEU,
84fad040d10b9d1f,2024-11-07 00:00:00+00:00,2024-11-07 14:27:00+00:00,QCOM,S01,5385,185.7,180.119,0.0,-30053.68499999994,-3.005385029617657,STOP_LOSS,3.0,5.0,867.0,0.42179,NEU,
0805c7fd966f8cc9,2024-11-07 13:00:00+00:00,2024-11-07 16:00:00,ADBE,S01,1970,507.55,500.91,0.0,-13080.799999999974,-0.09343428571428553,SENTIMENT_EOD_SELL,3.0,5.0,480.0,0.25406666666666666,NEU,
405090ccc6fa5f08,2024-11-08 00:02:00+00:00,2024-11-11 14:54:00+00:00,AVGO,S01,5446,183.60999999999999,178.0917,0.0,-30052.661799999903,-3.0054463264527977,STOP_LOSS,3.0,5.0,5212.0,0.469525,NEU,
4f268bc079d99c13,2024-11-08 00:02:00+00:00,2024-11-11 14:32:00+00:00,TSM,S01,4962,201.5,195.445,0.0,-30044.910000000033,-3.0049627791563305,STOP_LOSS,3.0,5.0,5190.0,0.4997,NEU,
a4262c1f422367ed,2024-11-08 00:00:00+00:00,2024-11-08 15:19:00+00:00,TSLA,S01,3364,297.23,312.08150000000006,0.0,49960.44600000015,4.996635602059026,TAKE_PROFIT,3.0,5.0,919.0,0.39228999999999997,NEU,
66722a47d2187ebf,2024-11-08 09:05:00+00:00,2024-11-13 21:05:00+00:00,CSCO,S01,17223,58.059999999999995,60.953,0.0,49826.139000000134,4.982776438167427,TAKE_PROFIT,3.0,5.0,7920.0,0.36834,NEU,
078a02d94e5020ee,2024-11-08 00:00:00+00:00,2024-11-11 14:54:00+00:00,QCOM,S01,5795,172.54,167.3538,0.0,-30054.028999999915,-3.0057957575054974,STOP_LOSS,3.0,5.0,5214.0,0.31224285714285716,NEU,
12ecbefdb809fb2a,2024-11-07 00:00:00+00:00,2024-11-15 17:03:00+00:00,NVDA,S01,6864,145.67,141.2899,0.0,-30065.00639999999,-0.1813048535714285,STOP_LOSS,3.0,5.0,12543.0,0.27030000000000004,NEU,
7be709ee4562789d,2024-11-07 00:00:00+00:00,2024-11-15 18:45:00+00:00,AMZN,S01,4851,206.12,199.9264,0.0,-30045.153600000016,-0.30366336000000016,STOP_LOSS,3.0,5.0,12645.0,0.41911,NEU,
56f93e010e031e89,2024-11-11 09:01:00+00:00,2024-11-15 14:19:00+00:00,META,S01,1697,589.01,571.3297,0.0,-30003.46909999998,-3.001697764044751,STOP_LOSS,3.0,5.0,6078.0,0.29430999999999996,NEU,
1077b971a4f6ae5b,2024-11-11 09:00:00+00:00,2024-11-11 14:45:00+00:00,AVGO,S01,5440,183.82,178.2954,0.0,-30053.823999999957,-3.005440104450001,STOP_LOSS,3.0,5.0,345.0,0.3082333333333333,NEU,
a8131018b20e1db3,2024-11-11 09:00:00+00:00,2024-11-11 14:44:00+00:00,TSM,S01,4986,200.56,194.5332,0.0,-30049.62480000004,-3.0049860390905505,STOP_LOSS,3.0,5.0,344.0,0.34712,NEU,
163d2665eed37759,2024-11-11 09:00:00+00:00,2024-11-11 17:19:00+00:00,QCOM,S01,5824,171.67999999999998,166.5196,0.0,-30054.169599999892,-3.0058247903075386,STOP_LOSS,3.0,5.0,499.0,0.425975,NEU,
2244c71aaeaa94a2,2024-11-12 00:00:00+00:00,2024-11-15 18:47:00+00:00,NVDA,S01,6895,145.01999999999998,140.65939999999998,0.0,-30066.337000000036,-3.006895600606817,STOP_LOSS,3.0,5.0,5447.0,0.20787999999999998,NEU,
bfeee75d32c78654,2024-11-12 00:08:00+00:00,2024-11-15 18:20:00+00:00,AMZN,S01,4840,206.5984,200.390448,0.0,-30046.487680000027,-3.0048403085406306,STOP_LOSS,3.0,5.0,5412.0,0.43173000000000006,NEU,
3c72b1ce8f7d39ba,2024-11-12 00:00:00+00:00,2024-11-15 15:07:00+00:00,META,S01,1716,582.43,564.9471,0.0,-30000.656399999953,-3.001716944525518,STOP_LOSS,3.0,5.0,5227.0,0.24077,NEU,
b94b06753bc80597,2024-11-12 00:00:00+00:00,2024-11-12 10:01:00+00:00,TSLA,S01,2814,355.28999999999996,344.62129999999996,0.0,-30021.721800000003,-3.002814602155986,STOP_LOSS,3.0,5.0,601.0,0.37039,NEU,
cbdde2c536bd7bd2,2024-11-12 00:52:00+00:00,2024-11-15 19:04:00+00:00,ORCL,S01,5296,188.81,183.1357,0.0,-30051.092799999937,-3.0052963296435506,STOP_LOSS,3.0,5.0,5412.0,0.41104,NEU,
9a4ec4b2129db7d7,2024-11-12 12:25:00+00:00,2024-11-13 15:33:00+00:00,ADBE,S01,1980,504.90999999999997,530.1455,0.0,49966.29,4.998019449010716,TAKE_PROFIT,3.0,5.0,1628.0,0.5858000000000001,NEU,
6bb020c388681184,2024-11-12 00:13:00+00:00,2024-11-13 21:05:00+00:00,CSCO,S01,17056,58.629999999999995,61.5515,0.0,49829.10400000003,4.982943885382913,TAKE_PROFIT,3.0,5.0,2692.0,0.5686666666666667,NEU,
be5fbbb4a647f577,2024-11-12 00:30:00+00:00,2024-11-12 17:42:00+00:00,QCOM,S01,5951,168.03,162.97910000000002,0.0,-30057.905899999907,-3.005951318216976,STOP_LOSS,3.0,5.0,1032.0,0.2963,NEU,
33f7a44209a4d721,2024-11-12 14:30:00+00:00,2024-11-12 16:00:00,INTU,S01,1438,695.01,699.46,0.0,6399.100000000066,0.04570785714285761,SENTIMENT_EOD_SELL,3.0,5.0,390.0,0.3396333333333333,NEU,
a599d385205a49fb,2024-11-13 00:00:00+00:00,2024-11-15 14:34:00+00:00,NVDA,S01,6732,148.53,144.0641,0.0,-30064.438800000033,-3.0067326466033832,STOP_LOSS,3.0,5.0,3754.0,0.34659,NEU,
6e27b05aee12c84f,2024-11-13 00:00:00+00:00,2024-11-15 16:51:00+00:00,AMZN,S01,4774,209.42999999999998,203.13709999999998,0.0,-30042.304600000014,-3.004774865110062,STOP_LOSS,3.0,5.0,3891.0,0.31747000000000003,NEU,
43fb1a1e2dda84dc,2024-11-13 00:12:00+00:00,2024-11-14 17:31:00+00:00,AVGO,S01,5677,176.13,170.8361,0.0,-30053.470300000045,-3.005677624481921,STOP_LOSS,3.0,5.0,2479.0,0.2548,NEU,
118891350249870e,2024-11-13 00:00:00+00:00,2024-11-13 14:31:00+00:00,TSLA,S01,3089,323.7005,339.875525,0.0,49964.65222500001,4.996910724574106,TAKE_PROFIT,3.0,5.0,871.0,0.37142,NEU,
5772f5a201c1c36f,2024-11-13 00:14:00+00:00,2024-11-15 15:16:00+00:00,ORCL,S01,5287,189.10999999999999,183.42669999999998,0.0,-30047.607100000016,-3.005287927661151,STOP_LOSS,3.0,5.0,3782.0,0.3806555555555555,NEU,
e72bfab63f720181,2024-11-13 00:46:00+00:00,2024-11-15 14:44:00+00:00,ADBE,S01,1899,526.54,510.7338,0.0,-30015.97379999998,-3.001899190944656,STOP_LOSS,3.0,5.0,3718.0,0.5181857142857142,NEU,
448840a78c8a24cb,2024-11-13 00:01:00+00:00,2024-11-13 21:05:00+00:00,CSCO,S01,17035,58.699999999999996,61.625,0.0,49827.37500000007,4.98296422487224,TAKE_PROFIT,3.0,5.0,1264.0,0.26436000000000004,NEU,
7dc85036c2669351,2024-11-14 00:00:00+00:00,2024-11-15 15:22:00+00:00,NVDA,S01,6822,146.57,142.1629,0.0,-30065.2361999999,-3.0068226785836023,STOP_LOSS,3.0,5.0,2362.0,0.38283,NEU,
885598ffa2166568,2024-11-14 00:01:00+00:00,2024-11-15 14:25:00+00:00,AMZN,S01,4664,214.39,207.9483,0.0,-30044.088799999987,-3.004664396660291,STOP_LOSS,3.0,5.0,2304.0,0.46923000000000004,NEU,
4a6299842988125c,2024-11-14 00:18:00+00:00,2024-11-15 13:24:00+00:00,AVGO,S01,5760,173.59,168.3723,0.0,-30053.952000000045,-3.005760700501185,STOP_LOSS,3.0,5.0,2226.0,0.3423857142857143,NEU,
be80d5cbe5bad611,2024-11-14 00:00:00+00:00,2024-11-15 15:12:00+00:00,ORCL,S01,5282,189.31,183.6207,0.0,-30050.882600000015,-3.005282341133592,STOP_LOSS,3.0,5.0,2352.0,0.23835,NEU,
7d98b213d136234a,2024-11-14 00:50:00+00:00,2024-11-15 14:36:00+00:00,ADBE,S01,1876,533.01,517.0097,0.0,-30016.562800000072,-3.001876137408311,STOP_LOSS,3.0,5.0,2266.0,0.2997,NEU,
e1d2e65b752a8240,2024-11-14 00:00:00+00:00,2024-11-14 09:45:00+00:00,CSCO,S01,17358,57.61,55.8717,0.0,-30173.41140000004,-3.0173580975525125,STOP_LOSS,3.0,5.0,585.0,0.25867999999999997,NEU,
512030b4767d0f3a,2024-11-14 14:30:00+00:00,2024-11-15 15:46:00+00:00,INTU,S01,1425,701.59,680.5323000000001,0.0,-30007.222499999934,-3.001425333884456,STOP_LOSS,3.0,5.0,1516.0,0.5341333333333332,NEU,
b318f59b7043d891,2024-11-14 00:20:00+00:00,2024-11-20 15:06:00+00:00,QCOM,S01,6230,160.51,155.6847,0.0,-30061.61899999999,-0.21472584999999994,STOP_LOSS,3.0,5.0,9526.0,0.435,NEU,
276e591001a32770,2024-11-15 00:00:00+00:00,2024-11-15 15:22:00+00:00,NVDA,S01,6827,146.45999999999998,142.0562,0.0,-30064.74259999993,-3.006827802813048,STOP_LOSS,3.0,5.0,922.0,0.31007,NEU,
5271bf4bf6d56fd8,2024-11-15 00:00:00+00:00,2024-11-15 15:10:00+00:00,AMZN,S01,4745,210.70999999999998,204.37869999999998,0.0,-30042.018499999995,-3.0047458592378145,STOP_LOSS,3.0,5.0,910.0,0.22976000000000002,NEU,
10cc69388194baac,2024-11-07 00:01:00+00:00,2024-11-18 09:30:00,MSFT,S01,2380,419.9955,416.69,0.0,-7867.089999999988,-0.05619349999999992,SENTIMENT_MORNING_SELL,3.0,5.0,16709.0,0.56637,NEU,
54d0c4813c37ffb0,2024-11-11 09:00:00+00:00,2024-11-18 09:30:00,AAPL,S01,4401,227.22,225.99,0.0,-5413.229999999955,-0.03866592857142825,SENTIMENT_MORNING_SELL,3.0,5.0,10410.0,0.41615,NEU,
dc3553e3c17c163d,2024-11-15 00:43:00+00:00,2024-11-18 09:30:00,ORCL,S01,5350,186.91,183.53,0.0,-18082.999999999975,-0.12916428571428554,SENTIMENT_MORNING_SELL,3.0,5.0,5147.0,0.5749666666666667,NEU,
48f712d488441c24,2024-11-07 00:15:00+00:00,2024-11-21 14:32:00+00:00,GOOGL,S01,5670,176.35999999999999,171.0592,0.0,-30055.53599999989,-0.20256628571428498,STOP_LOSS,3.0,5.0,21017.0,0.45425000000000004,NEU,
10a5203469440c5e,2024-11-18 09:00:00+00:00,2024-11-18 09:39:00+00:00,NVDA,S01,7002,142.81,138.5157,0.0,-30068.68859999995,-3.0070023107625463,STOP_LOSS,3.0,5.0,39.0,0.36107999999999996,NEU,
cd1ef374fcae6d86,2024-11-18 09:00:00+00:00,2024-11-21 15:39:00+00:00,AMZN,S01,4894,204.31,198.1707,0.0,-30045.73419999996,-3.0048945230287267,STOP_LOSS,3.0,5.0,4719.0,0.25051,NEU,
8bee22034288a45c,2024-11-18 09:00:00+00:00,2024-11-18 14:34:00+00:00,AVGO,S01,5945,168.19,163.1343,0.0,-30056.13650000001,-3.005945656697784,STOP_LOSS,3.0,5.0,334.0,0.35391666666666666,NEU,
0b6a0402b18d6384,2024-11-18 09:00:00+00:00,2024-11-22 15:56:00+00:00,TSLA,S01,2964,337.36,354.218,0.0,49967.112000000016,4.997035807446053,TAKE_PROFIT,3.0,5.0,6176.0,0.36792,NEU,
208852523f9bdd79,2024-11-18 09:16:00+00:00,2024-11-21 13:37:00+00:00,ORCL,S01,5448,183.54999999999998,192.7175,0.0,49944.540000000095,4.994551893217117,TAKE_PROFIT,3.0,5.0,4581.0,0.2553,NEU,
2afe43befe602cdf,2024-11-18 09:00:00+00:00,2024-11-19 13:25:00+00:00,INTU,S01,1451,689.01,668.3297,0.0,-30007.115299999983,-3.001451357745169,STOP_LOSS,3.0,5.0,1705.0,0.49499999999999994,NEU,
cbea0dcabe2d65a6,2024-11-18 09:00:00+00:00,2024-11-20 14:50:00+00:00,QCOM,S01,6152,162.53,157.6441,0.0,-30058.056799999955,-3.0061527102688688,STOP_LOSS,3.0,5.0,3230.0,0.37035,NEU,
804f48082517b0f1,2024-11-18 13:00:00+00:00,2024-11-18 16:00:00,ADBE,S01,1973,506.68,498.52,0.0,-16099.68000000005,-0.11499771428571465,SENTIMENT_EOD_SELL,3.0,5.0,480.0,0.218475,NEU,
9342f7cce4670b6a,2024-11-18 09:30:00+00:00,2024-11-18 16:00:00,CSCO,S01,17379,57.54,57.14,0.0,-6951.599999999975,-0.04965428571428554,SENTIMENT_EOD_SELL,3.0,5.0,690.0,0.35455,NEU,
b75879f50a4053ad,2024-11-14 00:04:00+00:00,2024-11-19 09:30:00,TSM,S01,5335,187.4222,187.43,0.0,41.61300000001674,0.00029723571428583385,SENTIMENT_MORNING_SELL,3.0,5.0,8066.0,0.34258571428571427,NEU,
d8030ded465c4dbf,2024-11-19 00:00:00+00:00,2024-11-20 21:23:00+00:00,AVGO,S01,6033,165.73999999999998,160.75779999999997,0.0,-30057.612600000037,-3.0060335465186476,STOP_LOSS,3.0,5.0,2723.0,0.33023,NEU,
f0180dc09d483875,2024-11-19 00:19:00+00:00,2024-11-21 15:56:00+00:00,ORCL,S01,5385,185.67999999999998,194.954,0.0,49940.49000000016,4.994614390349004,TAKE_PROFIT,3.0,5.0,3817.0,0.55918,NEU,
fb58caa21bc8ae76,2024-11-19 00:37:00+00:00,2024-11-20 14:37:00+00:00,QCOM,S01,6078,164.51,159.5647,0.0,-30057.53340000002,-3.0060786578323526,STOP_LOSS,3.0,5.0,2280.0,0.33782,NEU,
0135773dd51ac198,2024-11-18 09:00:00+00:00,2024-11-19 16:00:00,META,S01,1792,557.91,560.13,0.0,3978.240000000049,0.02841600000000035,SENTIMENT_EOD_SELL,3.0,5.0,2160.0,0.23584,NEU,
46f26be6f0d0d01c,2024-11-20 00:00:00+00:00,2024-11-20 15:17:00+00:00,NVDA,S01,6780,147.48999999999998,143.0553,0.0,-30067.26599999995,-3.0067801206861438,STOP_LOSS,3.0,5.0,917.0,0.26891,NEU,
d106e11c3ea4aa33,2024-11-20 00:05:00+00:00,2024-11-21 14:30:00+00:00,GOOGL,S01,5617,178.01,172.6597,0.0,-30052.635100000025,-3.0056176619291075,STOP_LOSS,3.0,5.0,2305.0,0.41033,NEU,
22effcc3ca3af77a,2024-11-20 00:00:00+00:00,2024-11-25 14:05:00+00:00,TSLA,S01,2901,344.61,361.83050000000003,0.0,49956.670500000044,4.997098168944609,TAKE_PROFIT,3.0,5.0,8045.0,0.24416,NEU,
5234c7fd2ee525b2,2024-11-20 00:22:00+00:00,2024-11-21 16:29:00+00:00,INTU,S01,1552,644.01,676.2005,0.0,49959.65600000007,4.9984472290803,TAKE_PROFIT,3.0,5.0,2407.0,0.2856,NEU,
6f53ead6a64f3c03,2024-11-20 00:02:00+00:00,2024-11-20 16:00:00,ORCL,S01,5286,189.16,191.09,0.0,10201.980000000036,0.07287128571428597,SENTIMENT_EOD_SELL,3.0,5.0,1258.0,0.28353333333333336,NEU,
29db2e7a357a847b,2024-11-18 09:00:00+00:00,2024-11-20 22:59:00+00:00,AAPL,S01,4424,226.01,228.54000000000002,0.0,11192.72000000013,0.07994800000000093,BACKTEST_END,3.0,5.0,3719.0,0.23441,NEU,
ff6bb85909dbc51c,2024-11-19 00:01:00+00:00,2024-11-20 22:59:00+00:00,MSFT,S01,2407,415.37,416.35,0.0,2358.860000000044,0.01684900000000031,BACKTEST_END,3.0,5.0,2818.0,0.49087,NEU,
fc5549b4c6c0988a,2024-11-19 00:01:00+00:00,2024-11-20 22:59:00+00:00,AMZN,S01,4960,201.57999999999998,202.74,0.0,5753.600000000124,0.04109714285714375,BACKTEST_END,3.0,5.0,2818.0,0.49631,NEU,
1f160ed6cd185e1b,2024-11-19 00:06:00+00:00,2024-11-20 22:45:00+00:00,CSCO,S01,17494,57.160199999999996,57.49,0.0,5769.521200000103,0.04121086571428645,BACKTEST_END,3.0,5.0,2799.0,0.54891,NEU,
9b4a8b99279d66b1,2024-11-20 00:03:00+00:00,2024-11-20 22:57:00+00:00,META,S01,1784,560.33,567.94,0.0,13576.240000000023,0.09697314285714302,BACKTEST_END,3.0,5.0,1374.0,0.44279999999999997,NEU,
e9d20d13674557a2,2024-11-20 00:11:00+00:00,2024-11-21 00:00:00+00:00,AVGO,S01,6043,165.45999999999998,163.3891,0.0,-12514.448699999795,-0.08938891928571283,BACKTEST_END,3.0,5.0,1429.0,0.26258,NEU,
a8c41e1a5edc1189,2024-11-07 00:00:00+00:00,2024-11-07 14:27:00+00:00,QCOM,S02,5385,185.7,180.119,0.0,-30053.68499999994,-3.005385029617657,STOP_LOSS,3.0,8.0,867.0,0.42179,NEU,
9cde7a2817b64f47,2024-11-07 13:00:00+00:00,2024-11-07 16:00:00,ADBE,S02,1970,507.55,500.91,0.0,-13080.799999999974,-0.09343428571428553,SENTIMENT_EOD_SELL,3.0,8.0,480.0,0.25406666666666666,NEU,
97bf713b793c99ab,2024-11-07 00:00:00+00:00,2024-11-13 16:06:00+00:00,TSM,S02,5189,192.6814,186.890958,0.0,-30046.60353799992,-0.2227252154999994,STOP_LOSS,3.0,8.0,9606.0,0.36328,NEU,
bc82f49cb9ddcb1d,2024-11-07 14:30:00+00:00,2024-11-13 14:42:00+00:00,INTU,S02,1534,651.75,703.8800000000001,0.0,79967.42000000017,1.9321612142857187,TAKE_PROFIT,3.0,8.0,8652.0,0.4144,NEU,
6fc2f24a817e1840,2024-11-08 00:02:00+00:00,2024-11-11 14:54:00+00:00,AVGO,S02,5446,183.60999999999999,178.0917,0.0,-30052.661799999903,-3.0054463264527977,STOP_LOSS,3.0,8.0,5212.0,0.469525,NEU,
742a3fd6f872b660,2024-11-08 00:00:00+00:00,2024-11-08 18:10:00+00:00,TSLA,S02,3364,297.23,320.99840000000006,0.0,79956.89760000014,7.996635602059025,TAKE_PROFIT,3.0,8.0,1090.0,0.39228999999999997,NEU,
e0d9ffa730810479,2024-11-08 00:00:00+00:00,2024-11-11 14:54:00+00:00,QCOM,S02,5795,172.54,167.3538,0.0,-30054.028999999915,-3.0057957575054974,STOP_LOSS,3.0,8.0,5214.0,0.31224285714285716,NEU,
9f17ea93d9094ec5,2024-11-08 09:05:00+00:00,2024-11-08 16:00:00,CSCO,S02,17223,58.059999999999995,57.97,0.0,-1550.0699999999363,-0.011071928571428117,SENTIMENT_EOD_SELL,3.0,8.0,715.0,0.36834,NEU,
09335e72fea287be,2024-11-07 00:00:00+00:00,2024-11-15 17:03:00+00:00,NVDA,S02,6864,145.67,141.2899,0.0,-30065.00639999999,-0.1813048535714285,STOP_LOSS,3.0,8.0,12543.0,0.27030000000000004,NEU,
f188ffc268113766,2024-11-07 00:00:00+00:00,2024-11-15 18:45:00+00:00,AMZN,S02,4851,206.12,199.9264,0.0,-30045.153600000016,-0.30366336000000016,STOP_LOSS,3.0,8.0,12645.0,0.41911,NEU,
7c960c3ebc2e83e3,2024-11-11 09:01:00+00:00,2024-11-15 14:19:00+00:00,META,S02,1697,589.01,571.3297,0.0,-30003.46909999998,-3.001697764044751,STOP_LOSS,3.0,8.0,6078.0,0.29430999999999996,NEU,
40ebc80d7bbf9d09,2024-11-11 09:00:00+00:00,2024-11-11 14:45:00+00:00,AVGO,S02,5440,183.82,178.2954,0.0,-30053.823999999957,-3.005440104450001,STOP_LOSS,3.0,8.0,345.0,0.3082333333333333,NEU,
013a87290ef1278c,2024-11-11 09:00:00+00:00,2024-11-11 14:44:00+00:00,TSM,S02,4986,200.56,194.5332,0.0,-30049.62480000004,-3.0049860390905505,STOP_LOSS,3.0,8.0,344.0,0.34712,NEU,
f7c6724c2dae9189,2024-11-11 09:00:00+00:00,2024-11-11 17:19:00+00:00,QCOM,S02,5824,171.67999999999998,166.5196,0.0,-30054.169599999892,-3.0058247903075386,STOP_LOSS,3.0,8.0,499.0,0.425975,NEU,
2e327633d78888da,2024-11-12 00:00:00+00:00,2024-11-15 18:47:00+00:00,NVDA,S02,6895,145.01999999999998,140.65939999999998,0.0,-30066.337000000036,-3.006895600606817,STOP_LOSS,3.0,8.0,5447.0,0.20787999999999998,NEU,
4290a5ad49a3b6f3,2024-11-12 00:08:00+00:00,2024-11-15 18:20:00+00:00,AMZN,S02,4840,206.5984,200.390448,0.0,-30046.487680000027,-3.0048403085406306,STOP_LOSS,3.0,8.0,5412.0,0.43173000000000006,NEU,
2c8d0cf1c720192d,2024-11-12 00:00:00+00:00,2024-11-15 15:07:00+00:00,META,S02,1716,582.43,564.9471,0.0,-30000.656399999953,-3.001716944525518,STOP_LOSS,3.0,8.0,5227.0,0.24077,NEU,
0f5eaa5fae0f4af1,2024-11-12 00:00:00+00:00,2024-11-12 10:01:00+00:00,TSLA,S02,2814,355.28999999999996,344.62129999999996,0.0,-30021.721800000003,-3.002814602155986,STOP_LOSS,3.0,8.0,601.0,0.37039,NEU,
9f8a65b9d5dd0ce3,2024-11-12 00:52:00+00:00,2024-11-15 19:04:00+00:00,ORCL,S02,5296,188.81,183.1357,0.0,-30051.092799999937,-3.0052963296435506,STOP_LOSS,3.0,8.0,5412.0,0.41104,NEU,
00899df7d11f0327,2024-11-12 00:13:00+00:00,2024-11-14 09:14:00+00:00,CSCO,S02,17056,58.629999999999995,56.86109999999999,0.0,-30170.358400000037,-3.017056114617094,STOP_LOSS,3.0,8.0,3421.0,0.5686666666666667,NEU,
c1fd0ab8bee6eaf3,2024-11-12 00:30:00+00:00,2024-11-12 17:42:00+00:00,QCOM,S02,5951,168.03,162.97910000000002,0.0,-30057.905899999907,-3.005951318216976,STOP_LOSS,3.0,8.0,1032.0,0.2963,NEU,
a98b78e57c2924bc,2024-11-12 14:30:00+00:00,2024-11-12 16:00:00,INTU,S02,1438,695.01,699.46,0.0,6399.100000000066,0.04570785714285761,SENTIMENT_EOD_SELL,3.0,8.0,390.0,0.3396333333333333,NEU,
53e004b995242947,2024-11-13 00:00:00+00:00,2024-11-15 14:34:00+00:00,NVDA,S02,6732,148.53,144.0641,0.0,-30064.438800000033,-3.0067326466033832,STOP_LOSS,3.0,8.0,3754.0,0.34659,NEU,
21ffbd49bb4dcf32,2024-11-13 00:00:00+00:00,2024-11-15 16:51:00+00:00,AMZN,S02,4774,209.42999999999998,203.13709999999998,0.0,-30042.304600000014,-3.004774865110062,STOP_LOSS,3.0,8.0,3891.0,0.31747000000000003,NEU,
fb19fc8d9735209a,2024-11-13 00:12:00+00:00,2024-11-14 17:31:00+00:00,AVGO,S02,5677,176.13,170.8361,0.0,-30053.470300000045,-3.005677624481921,STOP_LOSS,3.0,8.0,2479.0,0.2548,NEU,
5708dc139afce4ae,2024-11-13 00:00:00+00:00,2024-11-14 18:45:00+00:00,TSLA,S02,3089,323.7005,313.97948499999995,0.0,-30028.21533500007,-3.0030892754259026,STOP_LOSS,3.0,8.0,2565.0,0.37142,NEU,
40ae37733ef6336e,2024-11-13 00:14:00+00:00,2024-11-15 15:16:00+00:00,ORCL,S02,5287,189.10999999999999,183.42669999999998,0.0,-30047.607100000016,-3.005287927661151,STOP_LOSS,3.0,8.0,3782.0,0.3806555555555555,NEU,
e30f4922f9d31f66,2024-11-13 00:01:00+00:00,2024-11-14 09:13:00+00:00,CSCO,S02,17035,58.699999999999996,56.928999999999995,0.0,-30168.985000000015,-3.0170357751277703,STOP_LOSS,3.0,8.0,1992.0,0.26436000000000004,NEU,
7c46a76c7d4a55fb,2024-11-12 12:25:00+00:00,2024-11-14 09:30:00,ADBE,S02,1980,504.90999999999997,532.99,0.0,55598.40000000008,0.3971314285714292,SENTIMENT_MORNING_SELL,3.0,8.0,3005.0,0.5858000000000001,NEU,
d715850e19a1accd,2024-11-14 00:00:00+00:00,2024-11-15 15:22:00+00:00,NVDA,S02,6822,146.57,142.1629,0.0,-30065.2361999999,-3.0068226785836023,STOP_LOSS,3.0,8.0,2362.0,0.38283,NEU,
e1481213d77e58d3,2024-11-14 00:01:00+00:00,2024-11-15 14:25:00+00:00,AMZN,S02,4664,214.39,207.9483,0.0,-30044.088799999987,-3.004664396660291,STOP_LOSS,3.0,8.0,2304.0,0.46923000000000004,NEU,
93fde791c9b922db,2024-11-14 00:18:00+00:00,2024-11-15 13:24:00+00:00,AVGO,S02,5760,173.59,168.3723,0.0,-30053.952000000045,-3.005760700501185,STOP_LOSS,3.0,8.0,2226.0,0.3423857142857143,NEU,
e4aa16db9386a85f,2024-11-14 00:00:00+00:00,2024-11-15 15:12:00+00:00,ORCL,S02,5282,189.31,183.6207,0.0,-30050.882600000015,-3.005282341133592,STOP_LOSS,3.0,8.0,2352.0,0.23835,NEU,
c7a4943dc36d1a83,2024-11-14 00:50:00+00:00,2024-11-15 14:36:00+00:00,ADBE,S02,1876,533.01,517.0097,0.0,-30016.562800000072,-3.001876137408311,STOP_LOSS,3.0,8.0,2266.0,0.2997,NEU,
c7724ee68611e814,2024-11-14 00:00:00+00:00,2024-11-14 09:45:00+00:00,CSCO,S02,17358,57.61,55.8717,0.0,-30173.41140000004,-3.0173580975525125,STOP_LOSS,3.0,8.0,585.0,0.25867999999999997,NEU,
48b16c1ba4441b0b,2024-11-14 14:30:00+00:00,2024-11-15 15:46:00+00:00,INTU,S02,1425,701.59,680.5323000000001,0.0,-30007.222499999934,-3.001425333884456,STOP_LOSS,3.0,8.0,1516.0,0.5341333333333332,NEU,
25da47987badf671,2024-11-14 00:20:00+00:00,2024-11-20 15:06:00+00:00,QCOM,S02,6230,160.51,155.6847,0.0,-30061.61899999999,-0.21472584999999994,STOP_LOSS,3.0,8.0,9526.0,0.435,NEU,
5f17e1cf56f60ae7,2024-11-15 00:00:00+00:00,2024-11-15 15:22:00+00:00,NVDA,S02,6827,146.45999999999998,142.0562,0.0,-30064.74259999993,-3.006827802813048,STOP_LOSS,3.0,8.0,922.0,0.31007,NEU,
8d56c197a92c7d45,2024-11-15 00:00:00+00:00,2024-11-15 15:10:00+00:00,AMZN,S02,4745,210.70999999999998,204.37869999999998,0.0,-30042.018499999995,-3.0047458592378145,STOP_LOSS,3.0,8.0,910.0,0.22976000000000002,NEU,
52658c4f22761131,2024-11-07 00:01:00+00:00,2024-11-18 09:30:00,MSFT,S02,2380,419.9955,416.69,0.0,-7867.089999999988,-0.05619349999999992,SENTIMENT_MORNING_SELL,3.0,8.0,16709.0,0.56637,NEU,
16f7de1c2091c423,2024-11-11 09:00:00+00:00,2024-11-18 09:30:00,AAPL,S02,4401,227.22,225.99,0.0,-5413.229999999955,-0.03866592857142825,SENTIMENT_MORNING_SELL,3.0,8.0,10410.0,0.41615,NEU,
f1f57648f2a77916,2024-11-15 00:43:00+00:00,2024-11-18 09:30:00,ORCL,S02,5350,186.91,183.53,0.0,-18082.999999999975,-0.12916428571428554,SENTIMENT_MORNING_SELL,3.0,8.0,5147.0,0.5749666666666667,NEU,
a6b61dee549f6485,2024-11-07 00:15:00+00:00,2024-11-21 14:32:00+00:00,GOOGL,S02,5670,176.35999999999999,171.0592,0.0,-30055.53599999989,-0.20256628571428498,STOP_LOSS,3.0,8.0,21017.0,0.45425000000000004,NEU,
74ef1f85e40aae7c,2024-11-18 09:00:00+00:00,2024-11-18 09:39:00+00:00,NVDA,S02,7002,142.81,138.5157,0.0,-30068.68859999995,-3.0070023107625463,STOP_LOSS,3.0,8.0,39.0,0.36107999999999996,NEU,
709fc3ac4ae7fd18,2024-11-18 09:00:00+00:00,2024-11-21 15:39:00+00:00,AMZN,S02,4894,204.31,198.1707,0.0,-30045.73419999996,-3.0048945230287267,STOP_LOSS,3.0,8.0,4719.0,0.25051,NEU,
85f00fe227058625,2024-11-18 09:00:00+00:00,2024-11-18 14:34:00+00:00,AVGO,S02,5945,168.19,163.1343,0.0,-30056.13650000001,-3.005945656697784,STOP_LOSS,3.0,8.0,334.0,0.35391666666666666,NEU,
6623635543fa8d98,2024-11-18 09:00:00+00:00,2024-11-19 13:25:00+00:00,INTU,S02,1451,689.01,668.3297,0.0,-30007.115299999983,-3.001451357745169,STOP_LOSS,3.0,8.0,1705.0,0.49499999999999994,NEU,
1fd72c4413be76c4,2024-11-18 09:00:00+00:00,2024-11-20 14:50:00+00:00,QCOM,S02,6152,162.53,157.6441,0.0,-30058.056799999955,-3.0061527102688688,STOP_LOSS,3.0,8.0,3230.0,0.37035,NEU,
8cf3fdfe1a0bf6c7,2024-11-18 09:00:00+00:00,2024-11-18 16:00:00,TSLA,S02,2964,337.36,338.76,0.0,4149.599999999933,0.02963999999999952,SENTIMENT_EOD_SELL,3.0,8.0,720.0,0.36792,NEU,
f15bc949e4fbf102,2024-11-18 13:00:00+00:00,2024-11-18 16:00:00,ADBE,S02,1973,506.68,498.52,0.0,-16099.68000000005,-0.11499771428571465,SENTIMENT_EOD_SELL,3.0,8.0,480.0,0.218475,NEU,
59fb6045a9fd58f3,2024-11-18 09:30:00+00:00,2024-11-18 16:00:00,CSCO,S02,17379,57.54,57.14,0.0,-6951.599999999975,-0.04965428571428554,SENTIMENT_EOD_SELL,3.0,8.0,690.0,0.35455,NEU,
d22b89620343653f,2024-11-14 00:04:00+00:00,2024-11-19 09:30:00,TSM,S02,5335,187.4222,187.43,0.0,41.61300000001674,0.00029723571428583385,SENTIMENT_MORNING_SELL,3.0,8.0,8066.0,0.34258571428571427,NEU,
17cf9b8883b5ed4d,2024-11-18 09:16:00+00:00,2024-11-19 09:30:00,ORCL,S02,5448,183.54999999999998,185.66,0.0,11495.280000000075,0.0821091428571434,SENTIMENT_MORNING_SELL,3.0,8.0,1754.0,0.2553,NEU,
67a2543c69c62b1d,2024-11-19 00:00:00+00:00,2024-11-20 21:23:00+00:00,AVGO,S02,6033,165.73999999999998,160.75779999999997,0.0,-30057.612600000037,-3.0060335465186476,STOP_LOSS,3.0,8.0,2723.0,0.33023,NEU,
ced89e9a1d5e9031,2024-11-19 00:37:00+00:00,2024-11-20 14:37:00+00:00,QCOM,S02,6078,164.51,159.5647,0.0,-30057.53340000002,-3.0060786578323526,STOP_LOSS,3.0,8.0,2280.0,0.33782,NEU,
8452453a378ef549,2024-11-18 09:00:00+00:00,2024-11-19 16:00:00,META,S02,1792,557.91,560.13,0.0,3978.240000000049,0.02841600000000035,SENTIMENT_EOD_SELL,3.0,8.0,2160.0,0.23584,NEU,
84fa9fc02d4a0377,2024-11-19 00:19:00+00:00,2024-11-20 09:30:00,ORCL,S02,5385,185.67999999999998,189.14000000000001,0.0,18632.100000000195,0.13308642857142997,SENTIMENT_MORNING_SELL,3.0,8.0,2291.0,0.55918,NEU,
3c4d7a8086d27fd6,2024-11-20 00:00:00+00:00,2024-11-20 15:17:00+00:00,NVDA,S02,6780,147.48999999999998,143.0553,0.0,-30067.26599999995,-3.0067801206861438,STOP_LOSS,3.0,8.0,917.0,0.26891,NEU,
7f8215a2672f3c37,2024-11-20 00:05:00+00:00,2024-11-21 14:30:00+00:00,GOOGL,S02,5617,178.01,172.6597,0.0,-30052.635100000025,-3.0056176619291075,STOP_LOSS,3.0,8.0,2305.0,0.41033,NEU,
dffb5e43b38e3752,2024-11-20 00:22:00+00:00,2024-11-21 21:04:00+00:00,INTU,S02,1552,644.01,624.6797,0.0,-30000.62559999995,-3.001552770919701,STOP_LOSS,3.0,8.0,2682.0,0.2856,NEU,
21d170d623161726,2024-11-20 00:02:00+00:00,2024-11-20 16:00:00,ORCL,S02,5286,189.16,191.09,0.0,10201.980000000036,0.07287128571428597,SENTIMENT_EOD_SELL,3.0,8.0,1258.0,0.28353333333333336,NEU,
b03335f5199b92e6,2024-11-18 09:00:00+00:00,2024-11-20 22:59:00+00:00,AAPL,S02,4424,226.01,228.54000000000002,0.0,11192.72000000013,0.07994800000000093,BACKTEST_END,3.0,8.0,3719.0,0.23441,NEU,
267df193f51278a7,2024-11-19 00:01:00+00:00,2024-11-20 22:59:00+00:00,MSFT,S02,2407,415.37,416.35,0.0,2358.860000000044,0.01684900000000031,BACKTEST_END,3.0,8.0,2818.0,0.49087,NEU,
ad8a2c6fcc458c92,2024-11-19 00:01:00+00:00,2024-11-20 22:59:00+00:00,AMZN,S02,4960,201.57999999999998,202.74,0.0,5753.600000000124,0.04109714285714375,BACKTEST_END,3.0,8.0,2818.0,0.49631,NEU,
7597d170a6c9259f,2024-11-19 00:06:00+00:00,2024-11-20 22:45:00+00:00,CSCO,S02,17494,57.160199999999996,57.49,0.0,5769.521200000103,0.04121086571428645,BACKTEST_END,3.0,8.0,2799.0,0.54891,NEU,
a2a5639538f7e06b,2024-11-20 00:03:00+00:00,2024-11-20 22:57:00+00:00,META,S02,1784,560.33,567.94,0.0,13576.240000000023,0.09697314285714302,BACKTEST_END,3.0,8.0,1374.0,0.44279999999999997,NEU,
92a3f88361dc7f38,2024-11-20 00:11:00+00:00,2024-11-21 00:00:00+00:00,AVGO,S02,6043,165.45999999999998,163.3891,0.0,-12514.448699999795,-0.08938891928571283,BACKTEST_END,3.0,8.0,1429.0,0.26258,NEU,
454d8eeeb009788e,2024-11-20 00:00:00+00:00,2024-11-21 00:00:00+00:00,TSLA,S02,2901,344.61,342.5799,0.0,-5889.320100000013,-0.042066572142857236,BACKTEST_END,3.0,8.0,1440.0,0.24416,NEU,
b1fe7cc823942e19,2024-11-07 00:00:00+00:00,2024-11-07 14:27:00+00:00,QCOM,S03,5385,185.7,180.119,0.0,-30053.68499999994,-3.005385029617657,STOP_LOSS,3.0,12.0,867.0,0.42179,NEU,
e13153e0ef75611f,2024-11-07 13:00:00+00:00,2024-11-07 16:00:00,ADBE,S03,1970,507.55,500.91,0.0,-13080.799999999974,-0.09343428571428553,SENTIMENT_EOD_SELL,3.0,12.0,480.0,0.25406666666666666,NEU,
1a2a0aaf9fe9525b,2024-11-07 00:00:00+00:00,2024-11-13 16:06:00+00:00,TSM,S03,5189,192.6814,186.890958,0.0,-30046.60353799992,-0.2227252154999994,STOP_LOSS,3.0,12.0,9606.0,0.36328,NEU,
e3da2bef97d70a4c,2024-11-08 00:02:00+00:00,2024-11-11 14:54:00+00:00,AVGO,S03,5446,183.60999999999999,178.0917,0.0,-30052.661799999903,-3.0054463264527977,STOP_LOSS,3.0,12.0,5212.0,0.469525,NEU,
59f888a02bc5758a,2024-11-08 00:00:00+00:00,2024-11-11 09:00:00+00:00,TSLA,S03,3364,297.23,332.8876000000001,0.0,119952.1664000002,11.996635602059031,TAKE_PROFIT,3.0,12.0,4860.0,0.39228999999999997,NEU,
2cfc9d5874fd3d0d,2024-11-08 00:00:00+00:00,2024-11-11 14:54:00+00:00,QCOM,S03,5795,172.54,167.3538,0.0,-30054.028999999915,-3.0057957575054974,STOP_LOSS,3.0,12.0,5214.0,0.31224285714285716,NEU,
c8b60247ed9a7a4e,2024-11-08 09:05:00+00:00,2024-11-08 16:00:00,CSCO,S03,17223,58.059999999999995,57.97,0.0,-1550.0699999999363,-0.011071928571428117,SENTIMENT_EOD_SELL,3.0,12.0,715.0,0.36834,NEU,
bfb7d1a2e4307ec1,2024-11-07 00:00:00+00:00,2024-11-15 17:03:00+00:00,NVDA,S03,6864,145.67,141.2899,0.0,-30065.00639999999,-0.1813048535714285,STOP_LOSS,3.0,12.0,12543.0,0.27030000000000004,NEU,
17f558c7e66d259d,2024-11-07 00:00:00+00:00,2024-11-15 18:45:00+00:00,AMZN,S03,4851,206.12,199.9264,0.0,-30045.153600000016,-0.30366336000000016,STOP_LOSS,3.0,12.0,12645.0,0.41911,NEU,
7d64cf7d6de7d2d4,2024-11-11 09:01:00+00:00,2024-11-15 14:19:00+00:00,META,S03,1697,589.01,571.3297,0.0,-30003.46909999998,-3.001697764044751,STOP_LOSS,3.0,12.0,6078.0,0.29430999999999996,NEU,
ca6b4e39331912c2,2024-11-11 09:00:00+00:00,2024-11-11 14:45:00+00:00,AVGO,S03,5440,183.82,178.2954,0.0,-30053.823999999957,-3.005440104450001,STOP_LOSS,3.0,12.0,345.0,0.3082333333333333,NEU,
7800b1450b67c01d,2024-11-11 09:00:00+00:00,2024-11-11 14:44:00+00:00,TSM,S03,4986,200.56,194.5332,0.0,-30049.62480000004,-3.0049860390905505,STOP_LOSS,3.0,12.0,344.0,0.34712,NEU,
d2623c94bf19551f,2024-11-11 09:00:00+00:00,2024-11-11 17:19:00+00:00,QCOM,S03,5824,171.67999999999998,166.5196,0.0,-30054.169599999892,-3.0058247903075386,STOP_LOSS,3.0,12.0,499.0,0.425975,NEU,
7762e2a7c46efc1a,2024-11-07 14:30:00+00:00,2024-11-12 09:30:00,INTU,S03,1534,651.75,694.99,0.0,66330.16000000002,0.4737868571428573,SENTIMENT_MORNING_SELL,3.0,12.0,7200.0,0.4144,NEU,
be13f130a722b32f,2024-11-12 00:00:00+00:00,2024-11-15 18:47:00+00:00,NVDA,S03,6895,145.01999999999998,140.65939999999998,0.0,-30066.337000000036,-3.006895600606817,STOP_LOSS,3.0,12.0,5447.0,0.20787999999999998,NEU,
34cd5d6133c850a4,2024-11-12 00:08:00+00:00,2024-11-15 18:20:00+00:00,AMZN,S03,4840,206.5984,200.390448,0.0,-30046.487680000027,-3.0048403085406306,STOP_LOSS,3.0,12.0,5412.0,0.43173000000000006,NEU,
4db9bb5d86c59a12,2024-11-12 00:00:00+00:00,2024-11-15 15:07:00+00:00,META,S03,1716,582.43,564.9471,0.0,-30000.656399999953,-3.001716944525518,STOP_LOSS,3.0,12.0,5227.0,0.24077,NEU,
7813b185ee012393,2024-11-12 00:00:00+00:00,2024-11-12 10:01:00+00:00,TSLA,S03,2814,355.28999999999996,344.62129999999996,0.0,-30021.721800000003,-3.002814602155986,STOP_LOSS,3.0,12.0,601.0,0.37039,NEU,
208b12ab02d412b8,2024-11-12 00:52:00+00:00,2024-11-15 19:04:00+00:00,ORCL,S03,5296,188.81,183.1357,0.0,-30051.092799999937,-3.0052963296435506,STOP_LOSS,3.0,12.0,5412.0,0.41104,NEU,
6de6c48af0f870b5,2024-11-12 00:13:00+00:00,2024-11-14 09:14:00+00:00,CSCO,S03,17056,58.629999999999995,56.86109999999999,0.0,-30170.358400000037,-3.017056114617094,STOP_LOSS,3.0,12.0,3421.0,0.5686666666666667,NEU,
ce35a15190f3b0f4,2024-11-12 00:30:00+00:00,2024-11-12 17:42:00+00:00,QCOM,S03,5951,168.03,162.97910000000002,0.0,-30057.905899999907,-3.005951318216976,STOP_LOSS,3.0,12.0,1032.0,0.2963,NEU,
f1f46fce283a87de,2024-11-12 14:30:00+00:00,2024-11-12 16:00:00,INTU,S03,1438,695.01,699.46,0.0,6399.100000000066,0.04570785714285761,SENTIMENT_EOD_SELL,3.0,12.0,390.0,0.3396333333333333,NEU,
6345e8bb62c6c920,2024-11-13 00:00:00+00:00,2024-11-15 14:34:00+00:00,NVDA,S03,6732,148.53,144.0641,0.0,-30064.438800000033,-3.0067326466033832,STOP_LOSS,3.0,12.0,3754.0,0.34659,NEU,
28bf7735bf69cc01,2024-11-13 00:00:00+00:00,2024-11-15 16:51:00+00:00,AMZN,S03,4774,209.42999999999998,203.13709999999998,0.0,-30042.304600000014,-3.004774865110062,STOP_LOSS,3.0,12.0,3891.0,0.31747000000000003,NEU,
02ba594d2892d002,2024-11-13 00:12:00+00:00,2024-11-14 17:31:00+00:00,AVGO,S03,5677,176.13,170.8361,0.0,-30053.470300000045,-3.005677624481921,STOP_LOSS,3.0,12.0,2479.0,0.2548,NEU,
2334f251ae90236f,2024-11-13 00:00:00+00:00,2024-11-14 18:45:00+00:00,TSLA,S03,3089,323.7005,313.97948499999995,0.0,-30028.21533500007,-3.0030892754259026,STOP_LOSS,3.0,12.0,2565.0,0.37142,NEU,
7bfb958c54769263,2024-11-13 00:14:00+00:00,2024-11-15 15:16:00+00:00,ORCL,S03,5287,189.10999999999999,183.42669999999998,0.0,-30047.607100000016,-3.005287927661151,STOP_LOSS,3.0,12.0,3782.0,0.3806555555555555,NEU,
e27d51fa2b1dbc53,2024-11-13 00:01:00+00:00,2024-11-14 09:13:00+00:00,CSCO,S03,17035,58.699999999999996,56.928999999999995,0.0,-30168.985000000015,-3.0170357751277703,STOP_LOSS,3.0,12.0,1992.0,0.26436000000000004,NEU,
8f568308beefcd97,2024-11-12 12:25:00+00:00,2024-11-14 09:30:00,ADBE,S03,1980,504.90999999999997,532.99,0.0,55598.40000000008,0.3971314285714292,SENTIMENT_MORNING_SELL,3.0,12.0,3005.0,0.5858000000000001,NEU,
451dcc7b1fe57f0c,2024-11-14 00:00:00+00:00,2024-11-15 15:22:00+00:00,NVDA,S03,6822,146.57,142.1629,0.0,-30065.2361999999,-3.0068226785836023,STOP_LOSS,3.0,12.0,2362.0,0.38283,NEU,
96dc25db087196aa,2024-11-14 00:01:00+00:00,2024-11-15 14:25:00+00:00,AMZN,S03,4664,214.39,207.9483,0.0,-30044.088799999987,-3.004664396660291,STOP_LOSS,3.0,12.0,2304.0,0.46923000000000004,NEU,
fff6f3590cda93d7,2024-11-14 00:18:00+00:00,2024-11-15 13:24:00+00:00,AVGO,S03,5760,173.59,168.3723,0.0,-30053.952000000045,-3.005760700501185,STOP_LOSS,3.0,12.0,2226.0,0.3423857142857143,NEU,
08d218e5c55ccf15,2024-11-14 00:00:00+00:00,2024-11-15 15:12:00+00:00,ORCL,S03,5282,189.31,183.6207,0.0,-30050.882600000015,-3.005282341133592,STOP_LOSS,3.0,12.0,2352.0,0.23835,NEU,
d846b663df890fcc,2024-11-14 00:50:00+00:00,2024-11-15 14:36:00+00:00,ADBE,S03,1876,533.01,517.0097,0.0,-30016.562800000072,-3.001876137408311,STOP_LOSS,3.0,12.0,2266.0,0.2997,NEU,
acd9095c07e0cd54,2024-11-14 00:00:00+00:00,2024-11-14 09:45:00+00:00,CSCO,S03,17358,57.61,55.8717,0.0,-30173.41140000004,-3.0173580975525125,STOP_LOSS,3.0,12.0,585.0,0.25867999999999997,NEU,
ab8cc5d600df0d52,2024-11-14 14:30:00+00:00,2024-11-15 15:46:00+00:00,INTU,S03,1425,701.59,680.5323000000001,0.0,-30007.222499999934,-3.001425333884456,STOP_LOSS,3.0,12.0,1516.0,0.5341333333333332,NEU,
4df978422d88fa6f,2024-11-14 00:20:00+00:00,2024-11-20 15:06:00+00:00,QCOM,S03,6230,160.51,155.6847,0.0,-30061.61899999999,-0.21472584999999994,STOP_LOSS,3.0,12.0,9526.0,0.435,NEU,
73d8b98b99694e9a,2024-11-15 00:00:00+00:00,2024-11-15 15:22:00+00:00,NVDA,S03,6827,146.45999999999998,142.0562,0.0,-30064.74259999993,-3.006827802813048,STOP_LOSS,3.0,12.0,922.0,0.31007,NEU,
f06d616c73d127eb,2024-11-15 00:00:00+00:00,2024-11-15 15:10:00+00:00,AMZN,S03,4745,210.70999999999998,204.37869999999998,0.0,-30042.018499999995,-3.0047458592378145,STOP_LOSS,3.0,12.0,910.0,0.22976000000000002,NEU,
130c5a5ec4b3c0e2,2024-11-07 00:01:00+00:00,2024-11-18 09:30:00,MSFT,S03,2380,419.9955,416.69,0.0,-7867.089999999988,-0.05619349999999992,SENTIMENT_MORNING_SELL,3.0,12.0,16709.0,0.56637,NEU,
922e138023190652,2024-11-11 09:00:00+00:00,2024-11-18 09:30:00,AAPL,S03,4401,227.22,225.99,0.0,-5413.229999999955,-0.03866592857142825,SENTIMENT_MORNING_SELL,3.0,12.0,10410.0,0.41615,NEU,
f79451f3a8f604c1,2024-11-15 00:43:00+00:00,2024-11-18 09:30:00,ORCL,S03,5350,186.91,183.53,0.0,-18082.999999999975,-0.12916428571428554,SENTIMENT_MORNING_SELL,3.0,12.0,5147.0,0.5749666666666667,NEU,
9475d78675916d1a,2024-11-07 00:15:00+00:00,2024-11-21 14:32:00+00:00,GOOGL,S03,5670,176.35999999999999,171.0592,0.0,-30055.53599999989,-0.20256628571428498,STOP_LOSS,3.0,12.0,21017.0,0.45425000000000004,NEU,
c895616c2459f25f,2024-11-18 09:00:00+00:00,2024-11-18 09:39:00+00:00,NVDA,S03,7002,142.81,138.5157,0.0,-30068.68859999995,-3.0070023107625463,STOP_LOSS,3.0,12.0,39.0,0.36107999999999996,NEU,
0427bf04943f9a74,2024-11-18 09:00:00+00:00,2024-11-21 15:39:00+00:00,AMZN,S03,4894,204.31,198.1707,0.0,-30045.73419999996,-3.0048945230287267,STOP_LOSS,3.0,12.0,4719.0,0.25051,NEU,
bad0bab12f66b41b,2024-11-18 09:00:00+00:00,2024-11-18 14:34:00+00:00,AVGO,S03,5945,168.19,163.1343,0.0,-30056.13650000001,-3.005945656697784,STOP_LOSS,3.0,12.0,334.0,0.35391666666666666,NEU,
cde989d28c93dbd3,2024-11-18 09:00:00+00:00,2024-11-19 13:25:00+00:00,INTU,S03,1451,689.01,668.3297,0.0,-30007.115299999983,-3.001451357745169,STOP_LOSS,3.0,12.0,1705.0,0.49499999999999994,NEU,
433b523c0acba118,2024-11-18 09:00:00+00:00,2024-11-20 14:50:00+00:00,QCOM,S03,6152,162.53,157.6441,0.0,-30058.056799999955,-3.0061527102688688,STOP_LOSS,3.0,12.0,3230.0,0.37035,NEU,
7035f93df7260c9e,2024-11-18 09:00:00+00:00,2024-11-18 16:00:00,TSLA,S03,2964,337.36,338.76,0.0,4149.599999999933,0.02963999999999952,SENTIMENT_EOD_SELL,3.0,12.0,720.0,0.36792,NEU,
1ade4eb817111726,2024-11-18 13:00:00+00:00,2024-11-18 16:00:00,ADBE,S03,1973,506.68,498.52,0.0,-16099.68000000005,-0.11499771428571465,SENTIMENT_EOD_SELL,3.0,12.0,480.0,0.218475,NEU,
bbf3164c4eb0ff17,2024-11-18 09:30:00+00:00,2024-11-18 16:00:00,CSCO,S03,17379,57.54,57.14,0.0,-6951.599999999975,-0.04965428571428554,SENTIMENT_EOD_SELL,3.0,12.0,690.0,0.35455,NEU,
697f191ade984490,2024-11-14 00:04:00+00:00,2024-11-19 09:30:00,TSM,S03,5335,187.4222,187.43,0.0,41.61300000001674,0.00029723571428583385,SENTIMENT_MORNING_SELL,3.0,12.0,8066.0,0.34258571428571427,NEU,
901175d899dcfb23,2024-11-18 09:16:00+00:00,2024-11-19 09:30:00,ORCL,S03,5448,183.54999999999998,185.66,0.0,11495.280000000075,0.0821091428571434,SENTIMENT_MORNING_SELL,3.0,12.0,1754.0,0.2553,NEU,
a94af64eda463401,2024-11-19 00:00:00+00:00,2024-11-20 21:23:00+00:00,AVGO,S03,6033,165.73999999999998,160.75779999999997,0.0,-30057.612600000037,-3.0060335465186476,STOP_LOSS,3.0,12.0,2723.0,0.33023,NEU,
b94823a82ef13c82,2024-11-19 00:37:00+00:00,2024-11-20 14:37:00+00:00,QCOM,S03,6078,164.51,159.5647,0.0,-30057.53340000002,-3.0060786578323526,STOP_LOSS,3.0,12.0,2280.0,0.33782,NEU,
885a460271b406ab,2024-11-18 09:00:00+00:00,2024-11-19 16:00:00,META,S03,1792,557.91,560.13,0.0,3978.240000000049,0.02841600000000035,SENTIMENT_EOD_SELL,3.0,12.0,2160.0,0.23584,NEU,
8c5dbb0d810699ca,2024-11-19 00:19:00+00:00,2024-11-20 09:30:00,ORCL,S03,5385,185.67999999999998,189.14000000000001,0.0,18632.100000000195,0.13308642857142997,SENTIMENT_MORNING_SELL,3.0,12.0,2291.0,0.55918,NEU,
55a0fdf06f5d2680,2024-11-20 00:00:00+00:00,2024-11-20 15:17:00+00:00,NVDA,S03,6780,147.48999999999998,143.0553,0.0,-30067.26599999995,-3.0067801206861438,STOP_LOSS,3.0,12.0,917.0,0.26891,NEU,
ebbdcc7152a44e67,2024-11-20 00:05:00+00:00,2024-11-21 14:30:00+00:00,GOOGL,S03,5617,178.01,172.6597,0.0,-30052.635100000025,-3.0056176619291075,STOP_LOSS,3.0,12.0,2305.0,0.41033,NEU,
0ab6e56aa4d54e3b,2024-11-20 00:22:00+00:00,2024-11-21 21:04:00+00:00,INTU,S03,1552,644.01,624.6797,0.0,-30000.62559999995,-3.001552770919701,STOP_LOSS,3.0,12.0,2682.0,0.2856,NEU,
f45296580e015357,2024-11-20 00:02:00+00:00,2024-11-20 16:00:00,ORCL,S03,5286,189.16,191.09,0.0,10201.980000000036,0.07287128571428597,SENTIMENT_EOD_SELL,3.0,12.0,1258.0,0.28353333333333336,NEU,
f8df121be015962b,2024-11-18 09:00:00+00:00,2024-11-20 22:59:00+00:00,AAPL,S03,4424,226.01,228.54000000000002,0.0,11192.72000000013,0.07994800000000093,BACKTEST_END,3.0,12.0,3719.0,0.23441,NEU,
22ef376acfbab4be,2024-11-19 00:01:00+00:00,2024-11-20 22:59:00+00:00,MSFT,S03,2407,415.37,416.35,0.0,2358.860000000044,0.01684900000000031,BACKTEST_END,3.0,12.0,2818.0,0.49087,NEU,
1959c35174bb5886,2024-11-19 00:01:00+00:00,2024-11-20 22:59:00+00:00,AMZN,S03,4960,201.57999999999998,202.74,0.0,5753.600000000124,0.04109714285714375,BACKTEST_END,3.0,12.0,2818.0,0.49631,NEU,
f460f85e044db8ee,2024-11-19 00:06:00+00:00,2024-11-20 22:45:00+00:00,CSCO,S03,17494,57.160199999999996,57.49,0.0,5769.521200000103,0.04121086571428645,BACKTEST_END,3.0,12.0,2799.0,0.54891,NEU,
d6ad09bbaea8e339,2024-11-20 00:03:00+00:00,2024-11-20 22:57:00+00:00,META,S03,1784,560.33,567.94,0.0,13576.240000000023,0.09697314285714302,BACKTEST_END,3.0,12.0,1374.0,0.44279999999999997,NEU,
1fbb03f2dc825aa3,2024-11-20 00:11:00+00:00,2024-11-21 00:00:00+00:00,AVGO,S03,6043,165.45999999999998,163.3891,0.0,-12514.448699999795,-0.08938891928571283,BACKTEST_END,3.0,12.0,1429.0,0.26258,NEU,
88eb097e73a32a7d,2024-11-20 00:00:00+00:00,2024-11-21 00:00:00+00:00,TSLA,S03,2901,344.61,342.5799,0.0,-5889.320100000013,-0.042066572142857236,BACKTEST_END,3.0,12.0,1440.0,0.24416,NEU,
50a17826e1f79af3,2024-11-07 00:00:00+00:00,2024-11-07 14:27:00+00:00,QCOM,S04,5385,185.7,180.119,0.0,-30053.68499999994,-3.005385029617657,STOP_LOSS,3.0,20.0,867.0,0.42179,NEU,
02510894b3b539ec,2024-11-07 13:00:00+00:00,2024-11-07 16:00:00,ADBE,S04,1970,507.55,500.91,0.0,-13080.799999999974,-0.09343428571428553,SENTIMENT_EOD_SELL,3.0,20.0,480.0,0.25406666666666666,NEU,
26e9142eedbd1359,2024-11-07 00:00:00+00:00,2024-11-13 16:06:00+00:00,TSM,S04,5189,192.6814,186.890958,0.0,-30046.60353799992,-0.2227252154999994,STOP_LOSS,3.0,20.0,9606.0,0.36328,NEU,
569c65d65f16a4c1,2024-11-08 00:02:00+00:00,2024-11-11 14:54:00+00:00,AVGO,S04,5446,183.60999999999999,178.0917,0.0,-30052.661799999903,-3.0054463264527977,STOP_LOSS,3.0,20.0,5212.0,0.469525,NEU,
29e1864e0e044ce6,2024-11-08 00:00:00+00:00,2024-11-11 16:22:00+00:00,TSLA,S04,3364,297.23,356.666,0.0,199942.70399999994,19.996635602059005,TAKE_PROFIT,3.0,20.0,5302.0,0.39228999999999997,NEU,
1a283c6efbb729ca,2024-11-08 00:00:00+00:00,2024-11-11 14:54:00+00:00,QCOM,S04,5795,172.54,167.3538,0.0,-30054.028999999915,-3.0057957575054974,STOP_LOSS,3.0,20.0,5214.0,0.31224285714285716,NEU,
bd3648dd7842d8eb,2024-11-08 09:05:00+00:00,2024-11-08 16:00:00,CSCO,S04,17223,58.059999999999995,57.97,0.0,-1550.0699999999363,-0.011071928571428117,SENTIMENT_EOD_SELL,3.0,20.0,715.0,0.36834,NEU,
e8a23cd288a706ac,2024-11-07 00:00:00+00:00,2024-11-15 17:03:00+00:00,NVDA,S04,6864,145.67,141.2899,0.0,-30065.00639999999,-0.1813048535714285,STOP_LOSS,3.0,20.0,12543.0,0.27030000000000004,NEU,
8bdb521c24db2359,2024-11-07 00:00:00+00:00,2024-11-15 18:45:00+00:00,AMZN,S04,4851,206.12,199.9264,0.0,-30045.153600000016,-0.30366336000000016,STOP_LOSS,3.0,20.0,12645.0,0.41911,NEU,
172a57d509c038f0,2024-11-11 09:01:00+00:00,2024-11-15 14:19:00+00:00,META,S04,1697,589.01,571.3297,0.0,-30003.46909999998,-3.001697764044751,STOP_LOSS,3.0,20.0,6078.0,0.29430999999999996,NEU,
9d6b022d212f89fc,2024-11-11 09:00:00+00:00,2024-11-11 14:45:00+00:00,AVGO,S04,5440,183.82,178.2954,0.0,-30053.823999999957,-3.005440104450001,STOP_LOSS,3.0,20.0,345.0,0.3082333333333333,NEU,
4cd9d50122d3462d,2024-11-11 09:00:00+00:00,2024-11-11 14:44:00+00:00,TSM,S04,4986,200.56,194.5332,0.0,-30049.62480000004,-3.0049860390905505,STOP_LOSS,3.0,20.0,344.0,0.34712,NEU,
3e2d4e879f975dc6,2024-11-11 09:00:00+00:00,2024-11-11 17:19:00+00:00,QCOM,S04,5824,171.67999999999998,166.5196,0.0,-30054.169599999892,-3.0058247903075386,STOP_LOSS,3.0,20.0,499.0,0.425975,NEU,
f6717b84d64d79e3,2024-11-07 14:30:00+00:00,2024-11-12 09:30:00,INTU,S04,1534,651.75,694.99,0.0,66330.16000000002,0.4737868571428573,SENTIMENT_MORNING_SELL,3.0,20.0,7200.0,0.4144,NEU,
09b1566aa525abab,2024-11-12 00:00:00+00:00,2024-11-15 18:47:00+00:00,NVDA,S04,6895,145.01999999999998,140.65939999999998,0.0,-30066.337000000036,-3.006895600606817,STOP_LOSS,3.0,20.0,5447.0,0.20787999999999998,NEU,
18bec91a20b2e916,2024-11-12 00:08:00+00:00,2024-11-15 18:20:00+00:00,AMZN,S04,4840,206.5984,200.390448,0.0,-30046.487680000027,-3.0048403085406306,STOP_LOSS,3.0,20.0,5412.0,0.43173000000000006,NEU,
9ca0a1b4d95a7409,2024-11-12 00:00:00+00:00,2024-11-15 15:07:00+00:00,META,S04,1716,582.43,564.9471,0.0,-30000.656399999953,-3.001716944525518,STOP_LOSS,3.0,20.0,5227.0,0.24077,NEU,
582816de9308d281,2024-11-12 00:00:00+00:00,2024-11-12 10:01:00+00:00,TSLA,S04,2814,355.28999999999996,344.62129999999996,0.0,-30021.721800000003,-3.002814602155986,STOP_LOSS,3.0,20.0,601.0,0.37039,NEU,
1e9fb3b177d53559,2024-11-12 00:52:00+00:00,2024-11-15 19:04:00+00:00,ORCL,S04,5296,188.81,183.1357,0.0,-30051.092799999937,-3.0052963296435506,STOP_LOSS,3.0,20.0,5412.0,0.41104,NEU,
a6a9e0db113d30d7,2024-11-12 00:13:00+00:00,2024-11-14 09:14:00+00:00,CSCO,S04,17056,58.629999999999995,56.86109999999999,0.0,-30170.358400000037,-3.017056114617094,STOP_LOSS,3.0,20.0,3421.0,0.5686666666666667,NEU,
d94c6b53158794fe,2024-11-12 00:30:00+00:00,2024-11-12 17:42:00+00:00,QCOM,S04,5951,168.03,162.97910000000002,0.0,-30057.905899999907,-3.005951318216976,STOP_LOSS,3.0,20.0,1032.0,0.2963,NEU,
ed5959ab2bc1ca87,2024-11-12 14:30:00+00:00,2024-11-12 16:00:00,INTU,S04,1438,695.01,699.46,0.0,6399.100000000066,0.04570785714285761,SENTIMENT_EOD_SELL,3.0,20.0,390.0,0.3396333333333333,NEU,
21c6cfb13987aad1,2024-11-13 00:00:00+00:00,2024-11-15 14:34:00+00:00,NVDA,S04,6732,148.53,144.0641,0.0,-30064.438800000033,-3.0067326466033832,STOP_LOSS,3.0,20.0,3754.0,0.34659,NEU,
40a9102ba8fc495e,2024-11-13 00:00:00+00:00,2024-11-15 16:51:00+00:00,AMZN,S04,4774,209.42999999999998,203.13709999999998,0.0,-30042.304600000014,-3.004774865110062,STOP_LOSS,3.0,20.0,3891.0,0.31747000000000003,NEU,
930142f70dea6c8d,2024-11-13 00:12:00+00:00,2024-11-14 17:31:00+00:00,AVGO,S04,5677,176.13,170.8361,0.0,-30053.470300000045,-3.005677624481921,STOP_LOSS,3.0,20.0,2479.0,0.2548,NEU,
40e6ed20a8550bfa,2024-11-13 00:00:00+00:00,2024-11-14 18:45:00+00:00,TSLA,S04,3089,323.7005,313.97948499999995,0.0,-30028.21533500007,-3.0030892754259026,STOP_LOSS,3.0,20.0,2565.0,0.37142,NEU,
1b233816b07ece74,2024-11-13 00:14:00+00:00,2024-11-15 15:16:00+00:00,ORCL,S04,5287,189.10999999999999,183.42669999999998,0.0,-30047.607100000016,-3.005287927661151,STOP_LOSS,3.0,20.0,3782.0,0.3806555555555555,NEU,
36d07830f21e9e8c,2024-11-13 00:01:00+00:00,2024-11-14 09:13:00+00:00,CSCO,S04,17035,58.699999999999996,56.928999999999995,0.0,-30168.985000000015,-3.0170357751277703,STOP_LOSS,3.0,20.0,1992.0,0.26436000000000004,NEU,
e192fd83b9b06c46,2024-11-12 12:25:00+00:00,2024-11-14 09:30:00,ADBE,S04,1980,504.90999999999997,532.99,0.0,55598.40000000008,0.3971314285714292,SENTIMENT_MORNING_SELL,3.0,20.0,3005.0,0.5858000000000001,NEU,
c896fce8b5a04f12,2024-11-14 00:00:00+00:00,2024-11-15 15:22:00+00:00,NVDA,S04,6822,146.57,142.1629,0.0,-30065.2361999999,-3.0068226785836023,STOP_LOSS,3.0,20.0,2362.0,0.38283,NEU,
5f14747b8551c66c,2024-11-14 00:01:00+00:00,2024-11-15 14:25:00+00:00,AMZN,S04,4664,214.39,207.9483,0.0,-30044.088799999987,-3.004664396660291,STOP_LOSS,3.0,20.0,2304.0,0.46923000000000004,NEU,
40cebf84743fbc1f,2024-11-14 00:18:00+00:00,2024-11-15 13:24:00+00:00,AVGO,S04,5760,173.59,168.3723,0.0,-30053.952000000045,-3.005760700501185,STOP_LOSS,3.0,20.0,2226.0,0.3423857142857143,NEU,
805b2e2859d31680,2024-11-14 00:00:00+00:00,2024-11-15 15:12:00+00:00,ORCL,S04,5282,189.31,183.6207,0.0,-30050.882600000015,-3.005282341133592,STOP_LOSS,3.0,20.0,2352.0,0.23835,NEU,
9ac4962e53d3b993,2024-11-14 00:50:00+00:00,2024-11-15 14:36:00+00:00,ADBE,S04,1876,533.01,517.0097,0.0,-30016.562800000072,-3.001876137408311,STOP_LOSS,3.0,20.0,2266.0,0.2997,NEU,
f55b64af5aaede4a,2024-11-14 00:00:00+00:00,2024-11-14 09:45:00+00:00,CSCO,S04,17358,57.61,55.8717,0.0,-30173.41140000004,-3.0173580975525125,STOP_LOSS,3.0,20.0,585.0,0.25867999999999997,NEU,
7e0ec4e11dfd1894,2024-11-14 14:30:00+00:00,2024-11-15 15:46:00+00:00,INTU,S04,1425,701.59,680.5323000000001,0.0,-30007.222499999934,-3.001425333884456,STOP_LOSS,3.0,20.0,1516.0,0.5341333333333332,NEU,
8e95ff1aaecd9b8c,2024-11-14 00:20:00+00:00,2024-11-20 15:06:00+00:00,QCOM,S04,6230,160.51,155.6847,0.0,-30061.61899999999,-0.21472584999999994,STOP_LOSS,3.0,20.0,9526.0,0.435,NEU,
16b078e55edbdf46,2024-11-15 00:00:00+00:00,2024-11-15 15:22:00+00:00,NVDA,S04,6827,146.45999999999998,142.0562,0.0,-30064.74259999993,-3.006827802813048,STOP_LOSS,3.0,20.0,922.0,0.31007,NEU,
20da1ffc2c527a9f,2024-11-15 00:00:00+00:00,2024-11-15 15:10:00+00:00,AMZN,S04,4745,210.70999999999998,204.37869999999998,0.0,-30042.018499999995,-3.0047458592378145,STOP_LOSS,3.0,20.0,910.0,0.22976000000000002,NEU,
abfcd3b081514e8b,2024-11-07 00:01:00+00:00,2024-11-18 09:30:00,MSFT,S04,2380,419.9955,416.69,0.0,-7867.089999999988,-0.05619349999999992,SENTIMENT_MORNING_SELL,3.0,20.0,16709.0,0.56637,NEU,
a0de144ef8cd930c,2024-11-11 09:00:00+00:00,2024-11-18 09:30:00,AAPL,S04,4401,227.22,225.99,0.0,-5413.229999999955,-0.03866592857142825,SENTIMENT_MORNING_SELL,3.0,20.0,10410.0,0.41615,NEU,
cedbdfbbde0e2482,2024-11-15 00:43:00+00:00,2024-11-18 09:30:00,ORCL,S04,5350,186.91,183.53,0.0,-18082.999999999975,-0.12916428571428554,SENTIMENT_MORNING_SELL,3.0,20.0,5147.0,0.5749666666666667,NEU,
cc6c5b8d6e6efcef,2024-11-07 00:15:00+00:00,2024-11-21 14:32:00+00:00,GOOGL,S04,5670,176.35999999999999,171.0592,0.0,-30055.53599999989,-0.20256628571428498,STOP_LOSS,3.0,20.0,21017.0,0.45425000000000004,NEU,
08358e358f5c8534,2024-11-18 09:00:00+00:00,2024-11-18 09:39:00+00:00,NVDA,S04,7002,142.81,138.5157,0.0,-30068.68859999995,-3.0070023107625463,STOP_LOSS,3.0,20.0,39.0,0.36107999999999996,NEU,
0343c3673d2d477f,2024-11-18 09:00:00+00:00,2024-11-21 15:39:00+00:00,AMZN,S04,4894,204.31,198.1707,0.0,-30045.73419999996,-3.0048945230287267,STOP_LOSS,3.0,20.0,4719.0,0.25051,NEU,
60509933573c5414,2024-11-18 09:00:00+00:00,2024-11-18 14:34:00+00:00,AVGO,S04,5945,168.19,163.1343,0.0,-30056.13650000001,-3.005945656697784,STOP_LOSS,3.0,20.0,334.0,0.35391666666666666,NEU,
e8814f4823549700,2024-11-18 09:00:00+00:00,2024-11-19 13:25:00+00:00,INTU,S04,1451,689.01,668.3297,0.0,-30007.115299999983,-3.001451357745169,STOP_LOSS,3.0,20.0,1705.0,0.49499999999999994,NEU,
bae12aa2477270fa,2024-11-18 09:00:00+00:00,2024-11-20 14:50:00+00:00,QCOM,S04,6152,162.53,157.6441,0.0,-30058.056799999955,-3.0061527102688688,STOP_LOSS,3.0,20.0,3230.0,0.37035,NEU,
c8f91c6cd306be82,2024-11-18 09:00:00+00:00,2024-11-18 16:00:00,TSLA,S04,2964,337.36,338.76,0.0,4149.599999999933,0.02963999999999952,SENTIMENT_EOD_SELL,3.0,20.0,720.0,0.36792,NEU,
4346e52bbaca1f95,2024-11-18 13:00:00+00:00,2024-11-18 16:00:00,ADBE,S04,1973,506.68,498.52,0.0,-16099.68000000005,-0.11499771428571465,SENTIMENT_EOD_SELL,3.0,20.0,480.0,0.218475,NEU,
3a7f313b48b2c4aa,2024-11-18 09:30:00+00:00,2024-11-18 16:00:00,CSCO,S04,17379,57.54,57.14,0.0,-6951.599999999975,-0.04965428571428554,SENTIMENT_EOD_SELL,3.0,20.0,690.0,0.35455,NEU,
ca555a948271625d,2024-11-14 00:04:00+00:00,2024-11-19 09:30:00,TSM,S04,5335,187.4222,187.43,0.0,41.61300000001674,0.00029723571428583385,SENTIMENT_MORNING_SELL,3.0,20.0,8066.0,0.34258571428571427,NEU,
af9a34efdb61f224,2024-11-18 09:16:00+00:00,2024-11-19 09:30:00,ORCL,S04,5448,183.54999999999998,185.66,0.0,11495.280000000075,0.0821091428571434,SENTIMENT_MORNING_SELL,3.0,20.0,1754.0,0.2553,NEU,
e0018265f27f6886,2024-11-19 00:00:00+00:00,2024-11-20 21:23:00+00:00,AVGO,S04,6033,165.73999999999998,160.75779999999997,0.0,-30057.612600000037,-3.0060335465186476,STOP_LOSS,3.0,20.0,2723.0,0.33023,NEU,
7938f1cc0348dd90,2024-11-19 00:37:00+00:00,2024-11-20 14:37:00+00:00,QCOM,S04,6078,164.51,159.5647,0.0,-30057.53340000002,-3.0060786578323526,STOP_LOSS,3.0,20.0,2280.0,0.33782,NEU,
e23990eb2324ae33,2024-11-18 09:00:00+00:00,2024-11-19 16:00:00,META,S04,1792,557.91,560.13,0.0,3978.240000000049,0.02841600000000035,SENTIMENT_EOD_SELL,3.0,20.0,2160.0,0.23584,NEU,
b2733efd91fcc408,2024-11-19 00:19:00+00:00,2024-11-20 09:30:00,ORCL,S04,5385,185.67999999999998,189.14000000000001,0.0,18632.100000000195,0.13308642857142997,SENTIMENT_MORNING_SELL,3.0,20.0,2291.0,0.55918,NEU,
19ea48953957905b,2024-11-20 00:00:00+00:00,2024-11-20 15:17:00+00:00,NVDA,S04,6780,147.48999999999998,143.0553,0.0,-30067.26599999995,-3.0067801206861438,STOP_LOSS,3.0,20.0,917.0,0.26891,NEU,
4abcd09093645dfd,2024-11-20 00:05:00+00:00,2024-11-21 14:30:00+00:00,GOOGL,S04,5617,178.01,172.6597,0.0,-30052.635100000025,-3.0056176619291075,STOP_LOSS,3.0,20.0,2305.0,0.41033,NEU,
c838b35319ad879e,2024-11-20 00:22:00+00:00,2024-11-21 21:04:00+00:00,INTU,S04,1552,644.01,624.6797,0.0,-30000.62559999995,-3.001552770919701,STOP_LOSS,3.0,20.0,2682.0,0.2856,NEU,
7fba132f3a6736b7,2024-11-20 00:02:00+00:00,2024-11-20 16:00:00,ORCL,S04,5286,189.16,191.09,0.0,10201.980000000036,0.07287128571428597,SENTIMENT_EOD_SELL,3.0,20.0,1258.0,0.28353333333333336,NEU,
8d69210a7546de39,2024-11-18 09:00:00+00:00,2024-11-20 22:59:00+00:00,AAPL,S04,4424,226.01,228.54000000000002,0.0,11192.72000000013,0.07994800000000093,BACKTEST_END,3.0,20.0,3719.0,0.23441,NEU,
9a5edf5275f2aa47,2024-11-19 00:01:00+00:00,2024-11-20 22:59:00+00:00,MSFT,S04,2407,415.37,416.35,0.0,2358.860000000044,0.01684900000000031,BACKTEST_END,3.0,20.0,2818.0,0.49087,NEU,
fa4ea78134dd3551,2024-11-19 00:01:00+00:00,2024-11-20 22:59:00+00:00,AMZN,S04,4960,201.57999999999998,202.74,0.0,5753.600000000124,0.04109714285714375,BACKTEST_END,3.0,20.0,2818.0,0.49631,NEU,
991fb8440576f993,2024-11-19 00:06:00+00:00,2024-11-20 22:45:00+00:00,CSCO,S04,17494,57.160199999999996,57.49,0.0,5769.521200000103,0.04121086571428645,BACKTEST_END,3.0,20.0,2799.0,0.54891,NEU,
6ab1394e6747a9dc,2024-11-20 00:03:00+00:00,2024-11-20 22:57:00+00:00,META,S04,1784,560.33,567.94,0.0,13576.240000000023,0.09697314285714302,BACKTEST_END,3.0,20.0,1374.0,0.44279999999999997,NEU,
f1eea173deac4b85,2024-11-20 00:11:00+00:00,2024-11-21 00:00:00+00:00,AVGO,S04,6043,165.45999999999998,163.3891,0.0,-12514.448699999795,-0.08938891928571283,BACKTEST_END,3.0,20.0,1429.0,0.26258,NEU,
6ce6afab3d625a74,2024-11-20 00:00:00+00:00,2024-11-21 00:00:00+00:00,TSLA,S04,2901,344.61,342.5799,0.0,-5889.320100000013,-0.042066572142857236,BACKTEST_END,3.0,20.0,1440.0,0.24416,NEU,
8eb6a3b6d888b35d,2024-11-07 00:00:00+00:00,2024-11-08 09:00:00+00:00,TSM,S05,5189,192.6814,202.30547,0.0,49939.29923000009,4.994810085457142,TAKE_PROFIT,5.0,5.0,1980.0,0.36328,NEU,
b14317c0a226d540,2024-11-07 14:30:00+00:00,2024-11-08 16:31:00+00:00,INTU,S05,1534,651.75,684.3275,0.0,49973.88499999998,4.998465669351743,TAKE_PROFIT,5.0,5.0,1561.0,0.4144,NEU,
8858020fc5537609,2024-11-07 00:00:00+00:00,2024-11-07 14:38:00+00:00,QCOM,S05,5385,185.7,176.405,0.0,-50053.57499999993,-5.005385029617656,STOP_LOSS,5.0,5.0,878.0,0.42179,NEU,
640f4ad981ebdac2,2024-11-07 13:00:00+00:00,2024-11-07 16:00:00,ADBE,S05,1970,507.55,500.91,0.0,-13080.799999999974,-0.09343428571428553,SENTIMENT_EOD_SELL,5.0,5.0,480.0,0.25406666666666666,NEU,
8ccd4b3b72fdfbc3,2024-11-08 00:02:00+00:00,2024-11-12 17:51:00+00:00,AVGO,S05,5446,183.60999999999999,174.4195,0.0,-50051.46299999992,-5.0054463264528,STOP_LOSS,5.0,5.0,6829.0,0.469525,NEU,
d9680f1f805f3297,2024-11-08 00:02:00+00:00,2024-11-12 09:07:00+00:00,TSM,S05,4962,201.5,191.415,0.0,-50041.77000000004,-5.004962779156331,STOP_LOSS,5.0,5.0,6305.0,0.4997,NEU,
b403e719a2d12768,2024-11-08 00:00:00+00:00,2024-11-08 15:19:00+00:00,TSLA,S05,3364,297.23,312.08150000000006,0.0,49960.44600000015,4.996635602059026,TAKE_PROFIT,5.0,5.0,919.0,0.39228999999999997,NEU,
d32c926e2eaf21e8,2024-11-08 09:05:00+00:00,2024-11-13 21:05:00+00:00,CSCO,S05,17223,58.059999999999995,60.953,0.0,49826.139000000134,4.982776438167427,TAKE_PROFIT,5.0,5.0,7920.0,0.36834,NEU,
b38a40516a9dea89,2024-11-08 00:00:00+00:00,2024-11-12 16:39:00+00:00,QCOM,S05,5795,172.54,163.903,0.0,-50051.415,-5.005795757505506,STOP_LOSS,5.0,5.0,6759.0,0.31224285714285716,NEU,
efb0bc3a8e52af87,2024-11-11 09:01:00+00:00,2024-11-15 16:59:00+00:00,META,S05,1697,589.01,559.5495,0.0,-49994.46850000004,-5.001697764044757,STOP_LOSS,5.0,5.0,6238.0,0.29430999999999996,NEU,
6e36d1b0f3a179c7,2024-11-11 09:00:00+00:00,2024-11-12 17:45:00+00:00,AVGO,S05,5440,183.82,174.619,0.0,-50053.439999999966,-5.0054401044500025,STOP_LOSS,5.0,5.0,1965.0,0.3082333333333333,NEU,
4efde8a5f4262642,2024-11-11 09:00:00+00:00,2024-11-12 09:46:00+00:00,TSM,S05,4986,200.56,190.522,0.0,-50049.46800000005,-5.004986039090552,STOP_LOSS,5.0,5.0,1486.0,0.34712,NEU,
698ae811f30aa955,2024-11-11 09:00:00+00:00,2024-11-12 17:41:00+00:00,QCOM,S05,5824,171.67999999999998,163.08599999999998,0.0,-50051.45599999996,-5.005824790307546,STOP_LOSS,5.0,5.0,1961.0,0.425975,NEU,
4f81bb00eb7aad33,2024-11-12 00:00:00+00:00,2024-11-15 18:41:00+00:00,META,S05,1716,582.43,553.2985,0.0,-49989.65399999993,-5.001716944525516,STOP_LOSS,5.0,5.0,5441.0,0.24077,NEU,
7a8358867bb5d875,2024-11-12 00:00:00+00:00,2024-11-12 10:03:00+00:00,TSLA,S05,2814,355.28999999999996,337.5155,0.0,-50017.44299999997,-5.002814602155983,STOP_LOSS,5.0,5.0,603.0,0.37039,NEU,
35b3b027c81de1a6,2024-11-12 12:25:00+00:00,2024-11-13 15:33:00+00:00,ADBE,S05,1980,504.90999999999997,530.1455,0.0,49966.29,4.998019449010716,TAKE_PROFIT,5.0,5.0,1628.0,0.5858000000000001,NEU,
217363f064e662a3,2024-11-12 00:13:00+00:00,2024-11-13 21:05:00+00:00,CSCO,S05,17056,58.629999999999995,61.5515,0.0,49829.10400000003,4.982943885382913,TAKE_PROFIT,5.0,5.0,2692.0,0.5686666666666667,NEU,
80df60dfd20475e0,2024-11-12 00:30:00+00:00,2024-11-15 20:51:00+00:00,QCOM,S05,5951,168.03,159.6185,0.0,-50056.83649999994,-5.005951318216979,STOP_LOSS,5.0,5.0,5541.0,0.2963,NEU,
34138a394215f9c4,2024-11-12 14:30:00+00:00,2024-11-12 16:00:00,INTU,S05,1438,695.01,699.46,0.0,6399.100000000066,0.04570785714285761,SENTIMENT_EOD_SELL,5.0,5.0,390.0,0.3396333333333333,NEU,
683b80b149ea4387,2024-11-07 00:00:00+00:00,2024-11-18 09:39:00+00:00,NVDA,S05,6864,145.67,138.3765,0.0,-50062.58399999996,-0.31002584642857123,STOP_LOSS,5.0,5.0,16419.0,0.27030000000000004,NEU,
49aaf2d9555e880a,2024-11-13 00:12:00+00:00,2024-11-15 14:25:00+00:00,AVGO,S05,5677,176.13,167.3135,0.0,-50051.27049999995,-5.005677624481911,STOP_LOSS,5.0,5.0,3733.0,0.2548,NEU,
bc8b5c2a2531f7e7,2024-11-13 00:00:00+00:00,2024-11-13 14:31:00+00:00,TSLA,S05,3089,323.7005,339.875525,0.0,49964.65222500001,4.996910724574106,TAKE_PROFIT,5.0,5.0,871.0,0.37142,NEU,
40d17c209c6a4ea4,2024-11-13 00:46:00+00:00,2024-11-15 15:52:00+00:00,ADBE,S05,1899,526.54,500.203,0.0,-50013.96299999998,-5.0018991909446555,STOP_LOSS,5.0,5.0,3786.0,0.5181857142857142,NEU,
fc99f55bb7027b5a,2024-11-13 00:01:00+00:00,2024-11-13 21:05:00+00:00,CSCO,S05,17035,58.699999999999996,61.625,0.0,49827.37500000007,4.98296422487224,TAKE_PROFIT,5.0,5.0,1264.0,0.26436000000000004,NEU,
8ef894176fd6a618,2024-11-14 00:00:00+00:00,2024-11-18 09:20:00+00:00,NVDA,S05,6822,146.57,139.23149999999998,0.0,-50063.24700000007,-5.006822678583619,STOP_LOSS,5.0,5.0,6320.0,0.38283,NEU,
52ab9d6d95e0a4cc,2024-11-14 00:18:00+00:00,2024-11-15 16:41:00+00:00,AVGO,S05,5760,173.59,164.9005,0.0,-50051.520000000055,-5.005760700501186,STOP_LOSS,5.0,5.0,2423.0,0.3423857142857143,NEU,
837de0784a2ae81e,2024-11-14 00:50:00+00:00,2024-11-15 14:54:00+00:00,ADBE,S05,1876,533.01,506.3495,0.0,-50015.09800000003,-5.001876137408306,STOP_LOSS,5.0,5.0,2284.0,0.2997,NEU,
4d602603e19e975d,2024-11-14 14:30:00+00:00,2024-11-19 13:25:00+00:00,INTU,S05,1425,701.59,666.5005,0.0,-50002.537500000064,-5.001425333884469,STOP_LOSS,5.0,5.0,7135.0,0.5341333333333332,NEU,
9332c091d2431220,2024-11-15 00:00:00+00:00,2024-11-18 09:28:00+00:00,NVDA,S05,6827,146.45999999999998,139.12699999999998,0.0,-50062.39099999999,-5.006827802813055,STOP_LOSS,5.0,5.0,4888.0,0.31007,NEU,
6bdca8385733458e,2024-11-07 00:01:00+00:00,2024-11-18 09:30:00,MSFT,S05,2380,419.9955,416.69,0.0,-7867.089999999988,-0.05619349999999992,SENTIMENT_MORNING_SELL,5.0,5.0,16709.0,0.56637,NEU,
99854bdf14fc3987,2024-11-11 09:00:00+00:00,2024-11-18 09:30:00,AAPL,S05,4401,227.22,225.99,0.0,-5413.229999999955,-0.03866592857142825,SENTIMENT_MORNING_SELL,5.0,5.0,10410.0,0.41615,NEU,
4a556cc581a0e671,2024-11-12 00:52:00+00:00,2024-11-18 09:30:00,ORCL,S05,5296,188.81,183.53,0.0,-27962.880000000005,-0.1997348571428572,SENTIMENT_MORNING_SELL,5.0,5.0,9458.0,0.41104,NEU,
5d291c0f7d88b164,2024-11-14 00:00:00+00:00,2024-11-18 09:30:00,CSCO,S05,17358,57.61,57.52,0.0,-1562.219999999936,-0.011158714285713828,SENTIMENT_MORNING_SELL,5.0,5.0,6630.0,0.25867999999999997,NEU,
81fb3585f9c741b8,2024-11-07 00:00:00+00:00,2024-11-21 16:48:00+00:00,AMZN,S05,4851,206.12,195.804,0.0,-50042.91600000001,-0.5030523714285716,STOP_LOSS,5.0,5.0,21168.0,0.41911,NEU,
c0332235bc389f33,2024-11-07 00:15:00+00:00,2024-11-21 14:45:00+00:00,GOOGL,S05,5670,176.35999999999999,167.53199999999998,0.0,-50054.76000000002,-0.3058902000000001,STOP_LOSS,5.0,5.0,21030.0,0.45425000000000004,NEU,
8a39c86814f89285,2024-11-14 00:20:00+00:00,2024-11-21 09:11:00+00:00,QCOM,S05,6230,160.51,152.4745,0.0,-50061.164999999906,-0.32543774999999936,STOP_LOSS,5.0,5.0,10611.0,0.435,NEU,
56904a31223116a4,2024-11-18 09:00:00+00:00,2024-11-21 14:30:00+00:00,NVDA,S05,7002,142.81,149.94050000000001,0.0,49927.761000000086,4.992997689237457,TAKE_PROFIT,5.0,5.0,4650.0,0.36107999999999996,NEU,
2b6b5d388934ae3e,2024-11-18 09:00:00+00:00,2024-11-22 15:56:00+00:00,TSLA,S05,2964,337.36,354.218,0.0,49967.112000000016,4.997035807446053,TAKE_PROFIT,5.0,5.0,6176.0,0.36792,NEU,
28341964cb3f02af,2024-11-18 09:16:00+00:00,2024-11-21 13:37:00+00:00,ORCL,S05,5448,183.54999999999998,192.7175,0.0,49944.540000000095,4.994551893217117,TAKE_PROFIT,5.0,5.0,4581.0,0.2553,NEU,
0e690d8c5ff917d7,2024-11-18 09:00:00+00:00,2024-11-19 14:03:00+00:00,INTU,S05,1451,689.01,654.5495,0.0,-50002.185500000036,-5.001451357745174,STOP_LOSS,5.0,5.0,1743.0,0.49499999999999994,NEU,
d54507d73d212ac2,2024-11-18 09:00:00+00:00,2024-11-18 16:00:00,AVGO,S05,5945,168.19,165.72,0.0,-14684.149999999992,-0.10488678571428567,SENTIMENT_EOD_SELL,5.0,5.0,720.0,0.35391666666666666,NEU,
668ddd79f989a4c8,2024-11-18 13:00:00+00:00,2024-11-18 16:00:00,ADBE,S05,1973,506.68,498.52,0.0,-16099.68000000005,-0.11499771428571465,SENTIMENT_EOD_SELL,5.0,5.0,480.0,0.218475,NEU,
727c3cb2c4dc8d95,2024-11-18 09:30:00+00:00,2024-11-18 16:00:00,CSCO,S05,17379,57.54,57.14,0.0,-6951.599999999975,-0.04965428571428554,SENTIMENT_EOD_SELL,5.0,5.0,690.0,0.35455,NEU,
c3741d5810fa6379,2024-11-14 00:04:00+00:00,2024-11-19 09:30:00,TSM,S05,5335,187.4222,187.43,0.0,41.61300000001674,0.00029723571428583385,SENTIMENT_MORNING_SELL,5.0,5.0,8066.0,0.34258571428571427,NEU,
bf9b4203aaadcef8,2024-11-19 00:19:00+00:00,2024-11-21 15:56:00+00:00,ORCL,S05,5385,185.67999999999998,194.954,0.0,49940.49000000016,4.994614390349004,TAKE_PROFIT,5.0,5.0,3817.0,0.55918,NEU,
2a460e3a47faaa00,2024-11-19 00:37:00+00:00,2024-11-20 15:02:00+00:00,QCOM,S05,6078,164.51,156.2745,0.0,-50055.36900000001,-5.006078657832353,STOP_LOSS,5.0,5.0,2305.0,0.33782,NEU,
eb9738b117dcda4e,2024-11-18 09:00:00+00:00,2024-11-19 16:00:00,META,S05,1792,557.91,560.13,0.0,3978.240000000049,0.02841600000000035,SENTIMENT_EOD_SELL,5.0,5.0,2160.0,0.23584,NEU,
a3744e7364b63851,2024-11-20 00:00:00+00:00,2024-11-20 21:20:00+00:00,NVDA,S05,6780,147.48999999999998,140.10549999999998,0.0,-50066.91000000002,-5.006780120686151,STOP_LOSS,5.0,5.0,1280.0,0.26891,NEU,
c62d9131e3837edc,2024-11-20 00:05:00+00:00,2024-11-21 14:36:00+00:00,GOOGL,S05,5617,178.01,169.0995,0.0,-50050.27849999991,-5.005617661929096,STOP_LOSS,5.0,5.0,2311.0,0.41033,NEU,
920b52e5c4cb26d4,2024-11-20 00:00:00+00:00,2024-11-25 14:05:00+00:00,TSLA,S05,2901,344.61,361.83050000000003,0.0,49956.670500000044,4.997098168944609,TAKE_PROFIT,5.0,5.0,8045.0,0.24416,NEU,
ab2acd1a869250e8,2024-11-20 00:22:00+00:00,2024-11-21 16:29:00+00:00,INTU,S05,1552,644.01,676.2005,0.0,49959.65600000007,4.9984472290803,TAKE_PROFIT,5.0,5.0,2407.0,0.2856,NEU,
3f8dc9342cc299ee,2024-11-20 00:02:00+00:00,2024-11-20 16:00:00,ORCL,S05,5286,189.16,191.09,0.0,10201.980000000036,0.07287128571428597,SENTIMENT_EOD_SELL,5.0,5.0,1258.0,0.28353333333333336,NEU,
4b22ac7d7751843c,2024-11-18 09:00:00+00:00,2024-11-20 22:59:00+00:00,AAPL,S05,4424,226.01,228.54000000000002,0.0,11192.72000000013,0.07994800000000093,BACKTEST_END,5.0,5.0,3719.0,0.23441,NEU,
09d927ace7171491,2024-11-19 00:01:00+00:00,2024-11-20 22:59:00+00:00,MSFT,S05,2407,415.37,416.35,0.0,2358.860000000044,0.01684900000000031,BACKTEST_END,5.0,5.0,2818.0,0.49087,NEU,
96fe32a65d31c33c,2024-11-19 00:01:00+00:00,2024-11-20 22:59:00+00:00,AMZN,S05,4960,201.57999999999998,202.74,0.0,5753.600000000124,0.04109714285714375,BACKTEST_END,5.0,5.0,2818.0,0.49631,NEU,
4f9156370416881f,2024-11-19 00:00:00+00:00,2024-11-21 00:00:00+00:00,AVGO,S05,6033,165.73999999999998,163.3891,0.0,-14182.979699999803,-0.10130699785714145,BACKTEST_END,5.0,5.0,2880.0,0.33023,NEU,
491556747997febb,2024-11-19 00:06:00+00:00,2024-11-20 22:45:00+00:00,CSCO,S05,17494,57.160199999999996,57.49,0.0,5769.521200000103,0.04121086571428645,BACKTEST_END,5.0,5.0,2799.0,0.54891,NEU,
f8757aadc216ef94,2024-11-20 00:03:00+00:00,2024-11-20 22:57:00+00:00,META,S05,1784,560.33,567.94,0.0,13576.240000000023,0.09697314285714302,BACKTEST_END,5.0,5.0,1374.0,0.44279999999999997,NEU,
7ca3232dadadd6f3,2024-11-07 00:00:00+00:00,2024-11-07 14:38:00+00:00,QCOM,S06,5385,185.7,176.405,0.0,-50053.57499999993,-5.005385029617656,STOP_LOSS,5.0,8.0,878.0,0.42179,NEU,
ab794fb308488f36,2024-11-07 13:00:00+00:00,2024-11-07 16:00:00,ADBE,S06,1970,507.55,500.91,0.0,-13080.799999999974,-0.09343428571428553,SENTIMENT_EOD_SELL,5.0,8.0,480.0,0.25406666666666666,NEU,
1cd9de2f387d88dc,2024-11-07 14:30:00+00:00,2024-11-13 14:42:00+00:00,INTU,S06,1534,651.75,703.8800000000001,0.0,79967.42000000017,2.0051432142857184,TAKE_PROFIT,5.0,8.0,8652.0,0.4144,NEU,
26e8e45990b3ef59,2024-11-08 00:02:00+00:00,2024-11-12 17:51:00+00:00,AVGO,S06,5446,183.60999999999999,174.4195,0.0,-50051.46299999992,-5.0054463264528,STOP_LOSS,5.0,8.0,6829.0,0.469525,NEU,
ec5962bd4f59c65a,2024-11-08 00:00:00+00:00,2024-11-08 18:10:00+00:00,TSLA,S06,3364,297.23,320.99840000000006,0.0,79956.89760000014,7.996635602059025,TAKE_PROFIT,5.0,8.0,1090.0,0.39228999999999997,NEU,
e28e424d933a149e,2024-11-08 00:00:00+00:00,2024-11-12 16:39:00+00:00,QCOM,S06,5795,172.54,163.903,0.0,-50051.415,-5.005795757505506,STOP_LOSS,5.0,8.0,6759.0,0.31224285714285716,NEU,
f96df641750e880b,2024-11-08 09:05:00+00:00,2024-11-08 16:00:00,CSCO,S06,17223,58.059999999999995,57.97,0.0,-1550.0699999999363,-0.011071928571428117,SENTIMENT_EOD_SELL,5.0,8.0,715.0,0.36834,NEU,
d8b68f293d9f56e7,2024-11-11 09:01:00+00:00,2024-11-15 16:59:00+00:00,META,S06,1697,589.01,559.5495,0.0,-49994.46850000004,-5.001697764044757,STOP_LOSS,5.0,8.0,6238.0,0.29430999999999996,NEU,
966f6eb41104551e,2024-11-11 09:00:00+00:00,2024-11-12 17:45:00+00:00,AVGO,S06,5440,183.82,174.619,0.0,-50053.439999999966,-5.0054401044500025,STOP_LOSS,5.0,8.0,1965.0,0.3082333333333333,NEU,
3a2cce0b04f3eefc,2024-11-11 09:00:00+00:00,2024-11-12 17:41:00+00:00,QCOM,S06,5824,171.67999999999998,163.08599999999998,0.0,-50051.45599999996,-5.005824790307546,STOP_LOSS,5.0,8.0,1961.0,0.425975,NEU,
82621a8ffb3eca28,2024-11-12 00:00:00+00:00,2024-11-15 18:41:00+00:00,META,S06,1716,582.43,553.2985,0.0,-49989.65399999993,-5.001716944525516,STOP_LOSS,5.0,8.0,5441.0,0.24077,NEU,
a4d52fb5dc9d18ad,2024-11-12 00:00:00+00:00,2024-11-12 10:03:00+00:00,TSLA,S06,2814,355.28999999999996,337.5155,0.0,-50017.44299999997,-5.002814602155983,STOP_LOSS,5.0,8.0,603.0,0.37039,NEU,
59afa3d4b708348a,2024-11-12 00:30:00+00:00,2024-11-15 20:51:00+00:00,QCOM,S06,5951,168.03,159.6185,0.0,-50056.83649999994,-5.005951318216979,STOP_LOSS,5.0,8.0,5541.0,0.2963,NEU,
d68bc23010ab9e60,2024-11-12 14:30:00+00:00,2024-11-12 16:00:00,INTU,S06,1438,695.01,699.46,0.0,6399.100000000066,0.04570785714285761,SENTIMENT_EOD_SELL,5.0,8.0,390.0,0.3396333333333333,NEU,
ac4f8ea1b83feaa7,2024-11-07 00:00:00+00:00,2024-11-13 09:30:00,TSM,S06,5189,192.6814,191.47,0.0,-6285.954599999987,-0.044899675714285624,SENTIMENT_MORNING_SELL,5.0,8.0,9510.0,0.36328,NEU,
cb6349248dc29d5d,2024-11-12 00:13:00+00:00,2024-11-13 09:30:00,CSCO,S06,17056,58.629999999999995,58.68,0.0,852.8000000000727,0.006091428571429091,SENTIMENT_MORNING_SELL,5.0,8.0,2297.0,0.5686666666666667,NEU,
9d2a0cc6fa9dca22,2024-11-07 00:00:00+00:00,2024-11-18 09:39:00+00:00,NVDA,S06,6864,145.67,138.3765,0.0,-50062.58399999996,-0.31002584642857123,STOP_LOSS,5.0,8.0,16419.0,0.27030000000000004,NEU,
9f29a51705a0e647,2024-11-13 00:12:00+00:00,2024-11-15 14:25:00+00:00,AVGO,S06,5677,176.13,167.3135,0.0,-50051.27049999995,-5.005677624481911,STOP_LOSS,5.0,8.0,3733.0,0.2548,NEU,
e431eeab4d151ce3,2024-11-13 00:00:00+00:00,2024-11-14 22:22:00+00:00,TSLA,S06,3089,323.7005,307.505475,0.0,-50026.43222499996,-5.003089275425892,STOP_LOSS,5.0,8.0,2782.0,0.37142,NEU,
20d643f789e687c0,2024-11-12 12:25:00+00:00,2024-11-14 09:30:00,ADBE,S06,1980,504.90999999999997,532.99,0.0,55598.40000000008,0.3971314285714292,SENTIMENT_MORNING_SELL,5.0,8.0,3005.0,0.5858000000000001,NEU,
bb1840e018d30815,2024-11-14 00:00:00+00:00,2024-11-18 09:20:00+00:00,NVDA,S06,6822,146.57,139.23149999999998,0.0,-50063.24700000007,-5.006822678583619,STOP_LOSS,5.0,8.0,6320.0,0.38283,NEU,
d06aa4f268e1df62,2024-11-14 00:18:00+00:00,2024-11-15 16:41:00+00:00,AVGO,S06,5760,173.59,164.9005,0.0,-50051.520000000055,-5.005760700501186,STOP_LOSS,5.0,8.0,2423.0,0.3423857142857143,NEU,
8210fe9ccdc706bd,2024-11-14 00:50:00+00:00,2024-11-15 14:54:00+00:00,ADBE,S06,1876,533.01,506.3495,0.0,-50015.09800000003,-5.001876137408306,STOP_LOSS,5.0,8.0,2284.0,0.2997,NEU,
52a6b5c7dfdd1ff2,2024-11-14 14:30:00+00:00,2024-11-19 13:25:00+00:00,INTU,S06,1425,701.59,666.5005,0.0,-50002.537500000064,-5.001425333884469,STOP_LOSS,5.0,8.0,7135.0,0.5341333333333332,NEU,
b595a418f14580f8,2024-11-15 00:00:00+00:00,2024-11-18 09:28:00+00:00,NVDA,S06,6827,146.45999999999998,139.12699999999998,0.0,-50062.39099999999,-5.006827802813055,STOP_LOSS,5.0,8.0,4888.0,0.31007,NEU,
b2af795b9371abbd,2024-11-07 00:01:00+00:00,2024-11-18 09:30:00,MSFT,S06,2380,419.9955,416.69,0.0,-7867.089999999988,-0.05619349999999992,SENTIMENT_MORNING_SELL,5.0,8.0,16709.0,0.56637,NEU,
3b91e1e73fe12699,2024-11-11 09:00:00+00:00,2024-11-18 09:30:00,AAPL,S06,4401,227.22,225.99,0.0,-5413.229999999955,-0.03866592857142825,SENTIMENT_MORNING_SELL,5.0,8.0,10410.0,0.41615,NEU,
83c86aabb4bab79f,2024-11-12 00:52:00+00:00,2024-11-18 09:30:00,ORCL,S06,5296,188.81,183.53,0.0,-27962.880000000005,-0.1997348571428572,SENTIMENT_MORNING_SELL,5.0,8.0,9458.0,0.41104,NEU,
b971b84cb881e081,2024-11-13 00:01:00+00:00,2024-11-18 09:30:00,CSCO,S06,17035,58.699999999999996,57.52,0.0,-20101.299999999876,-0.1435807142857134,SENTIMENT_MORNING_SELL,5.0,8.0,8069.0,0.26436000000000004,NEU,
dd6299a152c7eea7,2024-11-07 00:00:00+00:00,2024-11-21 16:48:00+00:00,AMZN,S06,4851,206.12,195.804,0.0,-50042.91600000001,-0.5030523714285716,STOP_LOSS,5.0,8.0,21168.0,0.41911,NEU,
57580281aecd0419,2024-11-07 00:15:00+00:00,2024-11-21 14:45:00+00:00,GOOGL,S06,5670,176.35999999999999,167.53199999999998,0.0,-50054.76000000002,-0.3058902000000001,STOP_LOSS,5.0,8.0,21030.0,0.45425000000000004,NEU,
73850487173d56d7,2024-11-14 00:20:00+00:00,2024-11-21 09:11:00+00:00,QCOM,S06,6230,160.51,152.4745,0.0,-50061.164999999906,-0.32543774999999936,STOP_LOSS,5.0,8.0,10611.0,0.435,NEU,
82b665fc91225285,2024-11-18 09:00:00+00:00,2024-11-19 14:03:00+00:00,INTU,S06,1451,689.01,654.5495,0.0,-50002.185500000036,-5.001451357745174,STOP_LOSS,5.0,8.0,1743.0,0.49499999999999994,NEU,
83b52eaae31000c5,2024-11-18 09:00:00+00:00,2024-11-18 16:00:00,NVDA,S06,7002,142.81,140.47,0.0,-16384.680000000022,-0.11703342857142873,SENTIMENT_EOD_SELL,5.0,8.0,720.0,0.36107999999999996,NEU,
4dccd797286c60d6,2024-11-18 09:00:00+00:00,2024-11-18 16:00:00,AVGO,S06,5945,168.19,165.72,0.0,-14684.149999999992,-0.10488678571428567,SENTIMENT_EOD_SELL,5.0,8.0,720.0,0.35391666666666666,NEU,
b8ef5f02252f882b,2024-11-18 09:00:00+00:00,2024-11-18 16:00:00,TSLA,S06,2964,337.36,338.76,0.0,4149.599999999933,0.02963999999999952,SENTIMENT_EOD_SELL,5.0,8.0,720.0,0.36792,NEU,
c52b437c8200f0af,2024-11-18 13:00:00+00:00,2024-11-18 16:00:00,ADBE,S06,1973,506.68,498.52,0.0,-16099.68000000005,-0.11499771428571465,SENTIMENT_EOD_SELL,5.0,8.0,480.0,0.218475,NEU,
f6438c56921ca03b,2024-11-18 09:30:00+00:00,2024-11-18 16:00:00,CSCO,S06,17379,57.54,57.14,0.0,-6951.599999999975,-0.04965428571428554,SENTIMENT_EOD_SELL,5.0,8.0,690.0,0.35455,NEU,
c631801b0668e527,2024-11-14 00:04:00+00:00,2024-11-19 09:30:00,TSM,S06,5335,187.4222,187.43,0.0,41.61300000001674,0.00029723571428583385,SENTIMENT_MORNING_SELL,5.0,8.0,8066.0,0.34258571428571427,NEU,
93afebeb961099d2,2024-11-18 09:16:00+00:00,2024-11-19 09:30:00,ORCL,S06,5448,183.54999999999998,185.66,0.0,11495.280000000075,0.0821091428571434,SENTIMENT_MORNING_SELL,5.0,8.0,1754.0,0.2553,NEU,
06552eb133e6d104,2024-11-19 00:37:00+00:00,2024-11-20 15:02:00+00:00,QCOM,S06,6078,164.51,156.2745,0.0,-50055.36900000001,-5.006078657832353,STOP_LOSS,5.0,8.0,2305.0,0.33782,NEU,
499557fd689e4179,2024-11-18 09:00:00+00:00,2024-11-19 16:00:00,META,S06,1792,557.91,560.13,0.0,3978.240000000049,0.02841600000000035,SENTIMENT_EOD_SELL,5.0,8.0,2160.0,0.23584,NEU,
1f8fad113230588d,2024-11-19 00:19:00+00:00,2024-11-20 09:30:00,ORCL,S06,5385,185.67999999999998,189.14000000000001,0.0,18632.100000000195,0.13308642857142997,SENTIMENT_MORNING_SELL,5.0,8.0,2291.0,0.55918,NEU,
c5f3250733ce2867,2024-11-20 00:00:00+00:00,2024-11-20 21:20:00+00:00,NVDA,S06,6780,147.48999999999998,140.10549999999998,0.0,-50066.91000000002,-5.006780120686151,STOP_LOSS,5.0,8.0,1280.0,0.26891,NEU,
3f6662a521ea57c0,2024-11-20 00:05:00+00:00,2024-11-21 14:36:00+00:00,GOOGL,S06,5617,178.01,169.0995,0.0,-50050.27849999991,-5.005617661929096,STOP_LOSS,5.0,8.0,2311.0,0.41033,NEU,
f8d9fe732de47ec4,2024-11-20 00:22:00+00:00,2024-11-21 21:05:00+00:00,INTU,S06,1552,644.01,611.7995,0.0,-49990.69600000004,-5.0015527709197105,STOP_LOSS,5.0,8.0,2683.0,0.2856,NEU,
65d5911dcad468e3,2024-11-20 00:02:00+00:00,2024-11-20 16:00:00,ORCL,S06,5286,189.16,191.09,0.0,10201.980000000036,0.07287128571428597,SENTIMENT_EOD_SELL,5.0,8.0,1258.0,0.28353333333333336,NEU,
5fffbef560d4bd01,2024-11-18 09:00:00+00:00,2024-11-20 22:59:00+00:00,AAPL,S06,4424,226.01,228.54000000000002,0.0,11192.72000000013,0.07994800000000093,BACKTEST_END,5.0,8.0,3719.0,0.23441,NEU,
837c929258374066,2024-11-19 00:01:00+00:00,2024-11-20 22:59:00+00:00,MSFT,S06,2407,415.37,416.35,0.0,2358.860000000044,0.01684900000000031,BACKTEST_END,5.0,8.0,2818.0,0.49087,NEU,
af3135825ece96f1,2024-11-19 00:01:00+00:00,2024-11-20 22:59:00+00:00,AMZN,S06,4960,201.57999999999998,202.74,0.0,5753.600000000124,0.04109714285714375,BACKTEST_END,5.0,8.0,2818.0,0.49631,NEU,
498ed4745bd31735,2024-11-19 00:00:00+00:00,2024-11-21 00:00:00+00:00,AVGO,S06,6033,165.73999999999998,163.3891,0.0,-14182.979699999803,-0.10130699785714145,BACKTEST_END,5.0,8.0,2880.0,0.33023,NEU,
0a2e3d9aa5d1f944,2024-11-19 00:06:00+00:00,2024-11-20 22:45:00+00:00,CSCO,S06,17494,57.160199999999996,57.49,0.0,5769.521200000103,0.04121086571428645,BACKTEST_END,5.0,8.0,2799.0,0.54891,NEU,
19f0b745b976f6f3,2024-11-20 00:03:00+00:00,2024-11-20 22:57:00+00:00,META,S06,1784,560.33,567.94,0.0,13576.240000000023,0.09697314285714302,BACKTEST_END,5.0,8.0,1374.0,0.44279999999999997,NEU,
5ded34aea6de83e2,2024-11-20 00:00:00+00:00,2024-11-21 00:00:00+00:00,TSLA,S06,2901,344.61,342.5799,0.0,-5889.320100000013,-0.042066572142857236,BACKTEST_END,5.0,8.0,1440.0,0.24416,NEU,
76d2e2e0dfdd4aa9,2024-11-07 00:00:00+00:00,2024-11-07 14:38:00+00:00,QCOM,S07,5385,185.7,176.405,0.0,-50053.57499999993,-5.005385029617656,STOP_LOSS,5.0,12.0,878.0,0.42179,NEU,
116ef56019ef87bc,2024-11-07 13:00:00+00:00,2024-11-07 16:00:00,ADBE,S07,1970,507.55,500.91,0.0,-13080.799999999974,-0.09343428571428553,SENTIMENT_EOD_SELL,5.0,12.0,480.0,0.25406666666666666,NEU,
b87277e336284155,2024-11-08 00:02:00+00:00,2024-11-12 17:51:00+00:00,AVGO,S07,5446,183.60999999999999,174.4195,0.0,-50051.46299999992,-5.0054463264528,STOP_LOSS,5.0,12.0,6829.0,0.469525,NEU,
fd11d1aa5da7fa2f,2024-11-08 00:00:00+00:00,2024-11-11 09:00:00+00:00,TSLA,S07,3364,297.23,332.8876000000001,0.0,119952.1664000002,11.996635602059031,TAKE_PROFIT,5.0,12.0,4860.0,0.39228999999999997,NEU,
13ddd7f14ed512d0,2024-11-08 00:00:00+00:00,2024-11-12 16:39:00+00:00,QCOM,S07,5795,172.54,163.903,0.0,-50051.415,-5.005795757505506,STOP_LOSS,5.0,12.0,6759.0,0.31224285714285716,NEU,
f5e5a0afa511b162,2024-11-08 09:05:00+00:00,2024-11-08 16:00:00,CSCO,S07,17223,58.059999999999995,57.97,0.0,-1550.0699999999363,-0.011071928571428117,SENTIMENT_EOD_SELL,5.0,12.0,715.0,0.36834,NEU,
3648ef159905af83,2024-11-11 09:01:00+00:00,2024-11-15 16:59:00+00:00,META,S07,1697,589.01,559.5495,0.0,-49994.46850000004,-5.001697764044757,STOP_LOSS,5.0,12.0,6238.0,0.29430999999999996,NEU,
8665c6a87f0ea453,2024-11-11 09:00:00+00:00,2024-11-12 17:45:00+00:00,AVGO,S07,5440,183.82,174.619,0.0,-50053.439999999966,-5.0054401044500025,STOP_LOSS,5.0,12.0,1965.0,0.3082333333333333,NEU,
a754a57a4a04df6e,2024-11-11 09:00:00+00:00,2024-11-12 17:41:00+00:00,QCOM,S07,5824,171.67999999999998,163.08599999999998,0.0,-50051.45599999996,-5.005824790307546,STOP_LOSS,5.0,12.0,1961.0,0.425975,NEU,
d80582887ab62d52,2024-11-07 14:30:00+00:00,2024-11-12 09:30:00,INTU,S07,1534,651.75,694.99,0.0,66330.16000000002,0.4737868571428573,SENTIMENT_MORNING_SELL,5.0,12.0,7200.0,0.4144,NEU,
bd9f557754392515,2024-11-12 00:00:00+00:00,2024-11-15 18:41:00+00:00,META,S07,1716,582.43,553.2985,0.0,-49989.65399999993,-5.001716944525516,STOP_LOSS,5.0,12.0,5441.0,0.24077,NEU,
d493bb17d96d08f3,2024-11-12 00:00:00+00:00,2024-11-12 10:03:00+00:00,TSLA,S07,2814,355.28999999999996,337.5155,0.0,-50017.44299999997,-5.002814602155983,STOP_LOSS,5.0,12.0,603.0,0.37039,NEU,
6e8bd54336b10554,2024-11-12 00:30:00+00:00,2024-11-15 20:51:00+00:00,QCOM,S07,5951,168.03,159.6185,0.0,-50056.83649999994,-5.005951318216979,STOP_LOSS,5.0,12.0,5541.0,0.2963,NEU,
bd610cc1a0f52961,2024-11-12 14:30:00+00:00,2024-11-12 16:00:00,INTU,S07,1438,695.01,699.46,0.0,6399.100000000066,0.04570785714285761,SENTIMENT_EOD_SELL,5.0,12.0,390.0,0.3396333333333333,NEU,
c84560f956ebbf9f,2024-11-07 00:00:00+00:00,2024-11-13 09:30:00,TSM,S07,5189,192.6814,191.47,0.0,-6285.954599999987,-0.044899675714285624,SENTIMENT_MORNING_SELL,5.0,12.0,9510.0,0.36328,NEU,
6713717ec079ee58,2024-11-12 00:13:00+00:00,2024-11-13 09:30:00,CSCO,S07,17056,58.629999999999995,58.68,0.0,852.8000000000727,0.006091428571429091,SENTIMENT_MORNING_SELL,5.0,12.0,2297.0,0.5686666666666667,NEU,
53bf8b81b88806fd,2024-11-07 00:00:00+00:00,2024-11-18 09:39:00+00:00,NVDA,S07,6864,145.67,138.3765,0.0,-50062.58399999996,-0.31002584642857123,STOP_LOSS,5.0,12.0,16419.0,0.27030000000000004,NEU,
fc8bc4ef06d17256,2024-11-13 00:12:00+00:00,2024-11-15 14:25:00+00:00,AVGO,S07,5677,176.13,167.3135,0.0,-50051.27049999995,-5.005677624481911,STOP_LOSS,5.0,12.0,3733.0,0.2548,NEU,
635eed74602ad6dc,2024-11-13 00:00:00+00:00,2024-11-14 22:22:00+00:00,TSLA,S07,3089,323.7005,307.505475,0.0,-50026.43222499996,-5.003089275425892,STOP_LOSS,5.0,12.0,2782.0,0.37142,NEU,
08dcd53f81088c4f,2024-11-12 12:25:00+00:00,2024-11-14 09:30:00,ADBE,S07,1980,504.90999999999997,532.99,0.0,55598.40000000008,0.3971314285714292,SENTIMENT_MORNING_SELL,5.0,12.0,3005.0,0.5858000000000001,NEU,
10913a4e75de057f,2024-11-14 00:00:00+00:00,2024-11-18 09:20:00+00:00,NVDA,S07,6822,146.57,139.23149999999998,0.0,-50063.24700000007,-5.006822678583619,STOP_LOSS,5.0,12.0,6320.0,0.38283,NEU,
23ef4c8644279a16,2024-11-14 00:18:00+00:00,2024-11-15 16:41:00+00:00,AVGO,S07,5760,173.59,164.9005,0.0,-50051.520000000055,-5.005760700501186,STOP_LOSS,5.0,12.0,2423.0,0.3423857142857143,NEU,
fd16e5d2719876ad,2024-11-14 00:50:00+00:00,2024-11-15 14:54:00+00:00,ADBE,S07,1876,533.01,506.3495,0.0,-50015.09800000003,-5.001876137408306,STOP_LOSS,5.0,12.0,2284.0,0.2997,NEU,
90618f5bbc2d32a4,2024-11-14 14:30:00+00:00,2024-11-19 13:25:00+00:00,INTU,S07,1425,701.59,666.5005,0.0,-50002.537500000064,-5.001425333884469,STOP_LOSS,5.0,12.0,7135.0,0.5341333333333332,NEU,
8b9b73157f549edd,2024-11-15 00:00:00+00:00,2024-11-18 09:28:00+00:00,NVDA,S07,6827,146.45999999999998,139.12699999999998,0.0,-50062.39099999999,-5.006827802813055,STOP_LOSS,5.0,12.0,4888.0,0.31007,NEU,
f42340d315912f41,2024-11-07 00:01:00+00:00,2024-11-18 09:30:00,MSFT,S07,2380,419.9955,416.69,0.0,-7867.089999999988,-0.05619349999999992,SENTIMENT_MORNING_SELL,5.0,12.0,16709.0,0.56637,NEU,
8706ff016c86cd16,2024-11-11 09:00:00+00:00,2024-11-18 09:30:00,AAPL,S07,4401,227.22,225.99,0.0,-5413.229999999955,-0.03866592857142825,SENTIMENT_MORNING_SELL,5.0,12.0,10410.0,0.41615,NEU,
510fd20ec23d80db,2024-11-12 00:52:00+00:00,2024-11-18 09:30:00,ORCL,S07,5296,188.81,183.53,0.0,-27962.880000000005,-0.1997348571428572,SENTIMENT_MORNING_SELL,5.0,12.0,9458.0,0.41104,NEU,
5df9ddd7bb6cfcce,2024-11-13 00:01:00+00:00,2024-11-18 09:30:00,CSCO,S07,17035,58.699999999999996,57.52,0.0,-20101.299999999876,-0.1435807142857134,SENTIMENT_MORNING_SELL,5.0,12.0,8069.0,0.26436000000000004,NEU,
15f99246306c1ec3,2024-11-07 00:00:00+00:00,2024-11-21 16:48:00+00:00,AMZN,S07,4851,206.12,195.804,0.0,-50042.91600000001,-0.5030523714285716,STOP_LOSS,5.0,12.0,21168.0,0.41911,NEU,
d8bc152ee7fd4c1d,2024-11-07 00:15:00+00:00,2024-11-21 14:45:00+00:00,GOOGL,S07,5670,176.35999999999999,167.53199999999998,0.0,-50054.76000000002,-0.3058902000000001,STOP_LOSS,5.0,12.0,21030.0,0.45425000000000004,NEU,
764252ecb2760b60,2024-11-14 00:20:00+00:00,2024-11-21 09:11:00+00:00,QCOM,S07,6230,160.51,152.4745,0.0,-50061.164999999906,-0.32543774999999936,STOP_LOSS,5.0,12.0,10611.0,0.435,NEU,
750ce61fbdd7c37d,2024-11-18 09:00:00+00:00,2024-11-19 14:03:00+00:00,INTU,S07,1451,689.01,654.5495,0.0,-50002.185500000036,-5.001451357745174,STOP_LOSS,5.0,12.0,1743.0,0.49499999999999994,NEU,
23d881e00a9ca730,2024-11-18 09:00:00+00:00,2024-11-18 16:00:00,NVDA,S07,7002,142.81,140.47,0.0,-16384.680000000022,-0.11703342857142873,SENTIMENT_EOD_SELL,5.0,12.0,720.0,0.36107999999999996,NEU,
08752707664d6419,2024-11-18 09:00:00+00:00,2024-11-18 16:00:00,AVGO,S07,5945,168.19,165.72,0.0,-14684.149999999992,-0.10488678571428567,SENTIMENT_EOD_SELL,5.0,12.0,720.0,0.35391666666666666,NEU,
ad54bcb4e6df2654,2024-11-18 09:00:00+00:00,2024-11-18 16:00:00,TSLA,S07,2964,337.36,338.76,0.0,4149.599999999933,0.02963999999999952,SENTIMENT_EOD_SELL,5.0,12.0,720.0,0.36792,NEU,
0d22265cf8b23f9f,2024-11-18 13:00:00+00:00,2024-11-18 16:00:00,ADBE,S07,1973,506.68,498.52,0.0,-16099.68000000005,-0.11499771428571465,SENTIMENT_EOD_SELL,5.0,12.0,480.0,0.218475,NEU,
7604bf7add4ec732,2024-11-18 09:30:00+00:00,2024-11-18 16:00:00,CSCO,S07,17379,57.54,57.14,0.0,-6951.599999999975,-0.04965428571428554,SENTIMENT_EOD_SELL,5.0,12.0,690.0,0.35455,NEU,
a7d5d40b683be9cf,2024-11-14 00:04:00+00:00,2024-11-19 09:30:00,TSM,S07,5335,187.4222,187.43,0.0,41.61300000001674,0.00029723571428583385,SENTIMENT_MORNING_SELL,5.0,12.0,8066.0,0.34258571428571427,NEU,
e9b7f3bd59f6e37e,2024-11-18 09:16:00+00:00,2024-11-19 09:30:00,ORCL,S07,5448,183.54999999999998,185.66,0.0,11495.280000000075,0.0821091428571434,SENTIMENT_MORNING_SELL,5.0,12.0,1754.0,0.2553,NEU,
a3e712ce115dcf99,2024-11-19 00:37:00+00:00,2024-11-20 15:02:00+00:00,QCOM,S07,6078,164.51,156.2745,0.0,-50055.36900000001,-5.006078657832353,STOP_LOSS,5.0,12.0,2305.0,0.33782,NEU,
51495a41d580faf1,2024-11-18 09:00:00+00:00,2024-11-19 16:00:00,META,S07,1792,557.91,560.13,0.0,3978.240000000049,0.02841600000000035,SENTIMENT_EOD_SELL,5.0,12.0,2160.0,0.23584,NEU,
cc3ca68a114fe38b,2024-11-19 00:19:00+00:00,2024-11-20 09:30:00,ORCL,S07,5385,185.67999999999998,189.14000000000001,0.0,18632.100000000195,0.13308642857142997,SENTIMENT_MORNING_SELL,5.0,12.0,2291.0,0.55918,NEU,
b30ca9d402befb5a,2024-11-20 00:00:00+00:00,2024-11-20 21:20:00+00:00,NVDA,S07,6780,147.48999999999998,140.10549999999998,0.0,-50066.91000000002,-5.006780120686151,STOP_LOSS,5.0,12.0,1280.0,0.26891,NEU,
06095301e131fe76,2024-11-20 00:05:00+00:00,2024-11-21 14:36:00+00:00,GOOGL,S07,5617,178.01,169.0995,0.0,-50050.27849999991,-5.005617661929096,STOP_LOSS,5.0,12.0,2311.0,0.41033,NEU,
697dadecf6e215f8,2024-11-20 00:22:00+00:00,2024-11-21 21:05:00+00:00,INTU,S07,1552,644.01,611.7995,0.0,-49990.69600000004,-5.0015527709197105,STOP_LOSS,5.0,12.0,2683.0,0.2856,NEU,
7e9967806574baf0,2024-11-20 00:02:00+00:00,2024-11-20 16:00:00,ORCL,S07,5286,189.16,191.09,0.0,10201.980000000036,0.07287128571428597,SENTIMENT_EOD_SELL,5.0,12.0,1258.0,0.28353333333333336,NEU,
33125f5664fc74b0,2024-11-18 09:00:00+00:00,2024-11-20 22:59:00+00:00,AAPL,S07,4424,226.01,228.54000000000002,0.0,11192.72000000013,0.07994800000000093,BACKTEST_END,5.0,12.0,3719.0,0.23441,NEU,
848c652ea3e7a4c0,2024-11-19 00:01:00+00:00,2024-11-20 22:59:00+00:00,MSFT,S07,2407,415.37,416.35,0.0,2358.860000000044,0.01684900000000031,BACKTEST_END,5.0,12.0,2818.0,0.49087,NEU,
7b434ac3c7152555,2024-11-19 00:01:00+00:00,2024-11-20 22:59:00+00:00,AMZN,S07,4960,201.57999999999998,202.74,0.0,5753.600000000124,0.04109714285714375,BACKTEST_END,5.0,12.0,2818.0,0.49631,NEU,
e820cfa497e39e10,2024-11-19 00:00:00+00:00,2024-11-21 00:00:00+00:00,AVGO,S07,6033,165.73999999999998,163.3891,0.0,-14182.979699999803,-0.10130699785714145,BACKTEST_END,5.0,12.0,2880.0,0.33023,NEU,
1592044677e1eae8,2024-11-19 00:06:00+00:00,2024-11-20 22:45:00+00:00,CSCO,S07,17494,57.160199999999996,57.49,0.0,5769.521200000103,0.04121086571428645,BACKTEST_END,5.0,12.0,2799.0,0.54891,NEU,
b0fb7c3cbe79e4e1,2024-11-20 00:03:00+00:00,2024-11-20 22:57:00+00:00,META,S07,1784,560.33,567.94,0.0,13576.240000000023,0.09697314285714302,BACKTEST_END,5.0,12.0,1374.0,0.44279999999999997,NEU,
3be0e6fc62e5209a,2024-11-20 00:00:00+00:00,2024-11-21 00:00:00+00:00,TSLA,S07,2901,344.61,342.5799,0.0,-5889.320100000013,-0.042066572142857236,BACKTEST_END,5.0,12.0,1440.0,0.24416,NEU,
3d312be2e4f6eb8e,2024-11-07 00:00:00+00:00,2024-11-07 14:38:00+00:00,QCOM,S08,5385,185.7,176.405,0.0,-50053.57499999993,-5.005385029617656,STOP_LOSS,5.0,20.0,878.0,0.42179,NEU,
aed4828c2330e7f6,2024-11-07 13:00:00+00:00,2024-11-07 16:00:00,ADBE,S08,1970,507.55,500.91,0.0,-13080.799999999974,-0.09343428571428553,SENTIMENT_EOD_SELL,5.0,20.0,480.0,0.25406666666666666,NEU,
721657bd1f728019,2024-11-08 00:02:00+00:00,2024-11-12 17:51:00+00:00,AVGO,S08,5446,183.60999999999999,174.4195,0.0,-50051.46299999992,-5.0054463264528,STOP_LOSS,5.0,20.0,6829.0,0.469525,NEU,
ba41aa230d742882,2024-11-08 00:00:00+00:00,2024-11-11 16:22:00+00:00,TSLA,S08,3364,297.23,356.666,0.0,199942.70399999994,19.996635602059005,TAKE_PROFIT,5.0,20.0,5302.0,0.39228999999999997,NEU,
af08ba1191199855,2024-11-08 00:00:00+00:00,2024-11-12 16:39:00+00:00,QCOM,S08,5795,172.54,163.903,0.0,-50051.415,-5.005795757505506,STOP_LOSS,5.0,20.0,6759.0,0.31224285714285716,NEU,
697972dcb98a1ca6,2024-11-08 09:05:00+00:00,2024-11-08 16:00:00,CSCO,S08,17223,58.059999999999995,57.97,0.0,-1550.0699999999363,-0.011071928571428117,SENTIMENT_EOD_SELL,5.0,20.0,715.0,0.36834,NEU,
cd085a31fae71d57,2024-11-11 09:01:00+00:00,2024-11-15 16:59:00+00:00,META,S08,1697,589.01,559.5495,0.0,-49994.46850000004,-5.001697764044757,STOP_LOSS,5.0,20.0,6238.0,0.29430999999999996,NEU,
de9df8a158d5636c,2024-11-11 09:00:00+00:00,2024-11-12 17:45:00+00:00,AVGO,S08,5440,183.82,174.619,0.0,-50053.439999999966,-5.0054401044500025,STOP_LOSS,5.0,20.0,1965.0,0.3082333333333333,NEU,
996d707bf16fb867,2024-11-11 09:00:00+00:00,2024-11-12 17:41:00+00:00,QCOM,S08,5824,171.67999999999998,163.08599999999998,0.0,-50051.45599999996,-5.005824790307546,STOP_LOSS,5.0,20.0,1961.0,0.425975,NEU,
8dfe4e146b4ed94f,2024-11-07 14:30:00+00:00,2024-11-12 09:30:00,INTU,S08,1534,651.75,694.99,0.0,66330.16000000002,0.4737868571428573,SENTIMENT_MORNING_SELL,5.0,20.0,7200.0,0.4144,NEU,
b4dd18d264e088ff,2024-11-12 00:00:00+00:00,2024-11-15 18:41:00+00:00,META,S08,1716,582.43,553.2985,0.0,-49989.65399999993,-5.001716944525516,STOP_LOSS,5.0,20.0,5441.0,0.24077,NEU,
66c90a0493e215c3,2024-11-12 00:00:00+00:00,2024-11-12 10:03:00+00:00,TSLA,S08,2814,355.28999999999996,337.5155,0.0,-50017.44299999997,-5.002814602155983,STOP_LOSS,5.0,20.0,603.0,0.37039,NEU,
93ea46d3fac0eea8,2024-11-12 00:30:00+00:00,2024-11-15 20:51:00+00:00,QCOM,S08,5951,168.03,159.6185,0.0,-50056.83649999994,-5.005951318216979,STOP_LOSS,5.0,20.0,5541.0,0.2963,NEU,
f5f5006319fa9f49,2024-11-12 14:30:00+00:00,2024-11-12 16:00:00,INTU,S08,1438,695.01,699.46,0.0,6399.100000000066,0.04570785714285761,SENTIMENT_EOD_SELL,5.0,20.0,390.0,0.3396333333333333,NEU,
55c47f42ad30bc41,2024-11-07 00:00:00+00:00,2024-11-13 09:30:00,TSM,S08,5189,192.6814,191.47,0.0,-6285.954599999987,-0.044899675714285624,SENTIMENT_MORNING_SELL,5.0,20.0,9510.0,0.36328,NEU,
3a3dd4bcd78cab5f,2024-11-12 00:13:00+00:00,2024-11-13 09:30:00,CSCO,S08,17056,58.629999999999995,58.68,0.0,852.8000000000727,0.006091428571429091,SENTIMENT_MORNING_SELL,5.0,20.0,2297.0,0.5686666666666667,NEU,
2f23fab2d99f172c,2024-11-07 00:00:00+00:00,2024-11-18 09:39:00+00:00,NVDA,S08,6864,145.67,138.3765,0.0,-50062.58399999996,-0.31002584642857123,STOP_LOSS,5.0,20.0,16419.0,0.27030000000000004,NEU,
a031f6d045b1fd52,2024-11-13 00:12:00+00:00,2024-11-15 14:25:00+00:00,AVGO,S08,5677,176.13,167.3135,0.0,-50051.27049999995,-5.005677624481911,STOP_LOSS,5.0,20.0,3733.0,0.2548,NEU,
008bb456da60f395,2024-11-13 00:00:00+00:00,2024-11-14 22:22:00+00:00,TSLA,S08,3089,323.7005,307.505475,0.0,-50026.43222499996,-5.003089275425892,STOP_LOSS,5.0,20.0,2782.0,0.37142,NEU,
69279f0737630b56,2024-11-12 12:25:00+00:00,2024-11-14 09:30:00,ADBE,S08,1980,504.90999999999997,532.99,0.0,55598.40000000008,0.3971314285714292,SENTIMENT_MORNING_SELL,5.0,20.0,3005.0,0.5858000000000001,NEU,
cde41347de9b4255,2024-11-14 00:00:00+00:00,2024-11-18 09:20:00+00:00,NVDA,S08,6822,146.57,139.23149999999998,0.0,-50063.24700000007,-5.006822678583619,STOP_LOSS,5.0,20.0,6320.0,0.38283,NEU,
bb9d0f901a9ed9d1,2024-11-14 00:18:00+00:00,2024-11-15 16:41:00+00:00,AVGO,S08,5760,173.59,164.9005,0.0,-50051.520000000055,-5.005760700501186,STOP_LOSS,5.0,20.0,2423.0,0.3423857142857143,NEU,
404f217cabf49e68,2024-11-14 00:50:00+00:00,2024-11-15 14:54:00+00:00,ADBE,S08,1876,533.01,506.3495,0.0,-50015.09800000003,-5.001876137408306,STOP_LOSS,5.0,20.0,2284.0,0.2997,NEU,
6e6f8e2170158b58,2024-11-14 14:30:00+00:00,2024-11-19 13:25:00+00:00,INTU,S08,1425,701.59,666.5005,0.0,-50002.537500000064,-5.001425333884469,STOP_LOSS,5.0,20.0,7135.0,0.5341333333333332,NEU,
323a47c9358a8139,2024-11-15 00:00:00+00:00,2024-11-18 09:28:00+00:00,NVDA,S08,6827,146.45999999999998,139.12699999999998,0.0,-50062.39099999999,-5.006827802813055,STOP_LOSS,5.0,20.0,4888.0,0.31007,NEU,
fda63551ba0ea258,2024-11-07 00:01:00+00:00,2024-11-18 09:30:00,MSFT,S08,2380,419.9955,416.69,0.0,-7867.089999999988,-0.05619349999999992,SENTIMENT_MORNING_SELL,5.0,20.0,16709.0,0.56637,NEU,
27336e5f81efe4b6,2024-11-11 09:00:00+00:00,2024-11-18 09:30:00,AAPL,S08,4401,227.22,225.99,0.0,-5413.229999999955,-0.03866592857142825,SENTIMENT_MORNING_SELL,5.0,20.0,10410.0,0.41615,NEU,
c99fadc6aff09a86,2024-11-12 00:52:00+00:00,2024-11-18 09:30:00,ORCL,S08,5296,188.81,183.53,0.0,-27962.880000000005,-0.1997348571428572,SENTIMENT_MORNING_SELL,5.0,20.0,9458.0,0.41104,NEU,
4bd8e5a0d91d1651,2024-11-13 00:01:00+00:00,2024-11-18 09:30:00,CSCO,S08,17035,58.699999999999996,57.52,0.0,-20101.299999999876,-0.1435807142857134,SENTIMENT_MORNING_SELL,5.0,20.0,8069.0,0.26436000000000004,NEU,
050437b66ecbfdb7,2024-11-07 00:00:00+00:00,2024-11-21 16:48:00+00:00,AMZN,S08,4851,206.12,195.804,0.0,-50042.91600000001,-0.5030523714285716,STOP_LOSS,5.0,20.0,21168.0,0.41911,NEU,
0582cc6d13d0e171,2024-11-07 00:15:00+00:00,2024-11-21 14:45:00+00:00,GOOGL,S08,5670,176.35999999999999,167.53199999999998,0.0,-50054.76000000002,-0.3058902000000001,STOP_LOSS,5.0,20.0,21030.0,0.45425000000000004,NEU,
29783aed2cf12670,2024-11-14 00:20:00+00:00,2024-11-21 09:11:00+00:00,QCOM,S08,6230,160.51,152.4745,0.0,-50061.164999999906,-0.32543774999999936,STOP_LOSS,5.0,20.0,10611.0,0.435,NEU,
e447333aa936ae92,2024-11-18 09:00:00+00:00,2024-11-19 14:03:00+00:00,INTU,S08,1451,689.01,654.5495,0.0,-50002.185500000036,-5.001451357745174,STOP_LOSS,5.0,20.0,1743.0,0.49499999999999994,NEU,
4336aa86d09d1e91,2024-11-18 09:00:00+00:00,2024-11-18 16:00:00,NVDA,S08,7002,142.81,140.47,0.0,-16384.680000000022,-0.11703342857142873,SENTIMENT_EOD_SELL,5.0,20.0,720.0,0.36107999999999996,NEU,
115665122e832a69,2024-11-18 09:00:00+00:00,2024-11-18 16:00:00,AVGO,S08,5945,168.19,165.72,0.0,-14684.149999999992,-0.10488678571428567,SENTIMENT_EOD_SELL,5.0,20.0,720.0,0.35391666666666666,NEU,
db44a8046fbb2fd1,2024-11-18 09:00:00+00:00,2024-11-18 16:00:00,TSLA,S08,2964,337.36,338.76,0.0,4149.599999999933,0.02963999999999952,SENTIMENT_EOD_SELL,5.0,20.0,720.0,0.36792,NEU,
b77d4e292bc8fe3e,2024-11-18 13:00:00+00:00,2024-11-18 16:00:00,ADBE,S08,1973,506.68,498.52,0.0,-16099.68000000005,-0.11499771428571465,SENTIMENT_EOD_SELL,5.0,20.0,480.0,0.218475,NEU,
35e48c1e6c7b3ead,2024-11-18 09:30:00+00:00,2024-11-18 16:00:00,CSCO,S08,17379,57.54,57.14,0.0,-6951.599999999975,-0.04965428571428554,SENTIMENT_EOD_SELL,5.0,20.0,690.0,0.35455,NEU,
ccc9c791c3c0f76d,2024-11-14 00:04:00+00:00,2024-11-19 09:30:00,TSM,S08,5335,187.4222,187.43,0.0,41.61300000001674,0.00029723571428583385,SENTIMENT_MORNING_SELL,5.0,20.0,8066.0,0.34258571428571427,NEU,
848dcb0e1a12e2cf,2024-11-18 09:16:00+00:00,2024-11-19 09:30:00,ORCL,S08,5448,183.54999999999998,185.66,0.0,11495.280000000075,0.0821091428571434,SENTIMENT_MORNING_SELL,5.0,20.0,1754.0,0.2553,NEU,
a7e32946cae369e0,2024-11-19 00:37:00+00:00,2024-11-20 15:02:00+00:00,QCOM,S08,6078,164.51,156.2745,0.0,-50055.36900000001,-5.006078657832353,STOP_LOSS,5.0,20.0,2305.0,0.33782,NEU,
5c4ec55600b295bc,2024-11-18 09:00:00+00:00,2024-11-19 16:00:00,META,S08,1792,557.91,560.13,0.0,3978.240000000049,0.02841600000000035,SENTIMENT_EOD_SELL,5.0,20.0,2160.0,0.23584,NEU,
3dbefb6798705b7c,2024-11-19 00:19:00+00:00,2024-11-20 09:30:00,ORCL,S08,5385,185.67999999999998,189.14000000000001,0.0,18632.100000000195,0.13308642857142997,SENTIMENT_MORNING_SELL,5.0,20.0,2291.0,0.55918,NEU,
8c429735b79abe89,2024-11-20 00:00:00+00:00,2024-11-20 21:20:00+00:00,NVDA,S08,6780,147.48999999999998,140.10549999999998,0.0,-50066.91000000002,-5.006780120686151,STOP_LOSS,5.0,20.0,1280.0,0.26891,NEU,
1b765da7f014fd9c,2024-11-20 00:05:00+00:00,2024-11-21 14:36:00+00:00,GOOGL,S08,5617,178.01,169.0995,0.0,-50050.27849999991,-5.005617661929096,STOP_LOSS,5.0,20.0,2311.0,0.41033,NEU,
621128869cc22620,2024-11-20 00:22:00+00:00,2024-11-21 21:05:00+00:00,INTU,S08,1552,644.01,611.7995,0.0,-49990.69600000004,-5.0015527709197105,STOP_LOSS,5.0,20.0,2683.0,0.2856,NEU,
14ffb8b5185801c2,2024-11-20 00:02:00+00:00,2024-11-20 16:00:00,ORCL,S08,5286,189.16,191.09,0.0,10201.980000000036,0.07287128571428597,SENTIMENT_EOD_SELL,5.0,20.0,1258.0,0.28353333333333336,NEU,
24d776cff8ddf2e9,2024-11-18 09:00:00+00:00,2024-11-20 22:59:00+00:00,AAPL,S08,4424,226.01,228.54000000000002,0.0,11192.72000000013,0.07994800000000093,BACKTEST_END,5.0,20.0,3719.0,0.23441,NEU,
733e539e79755918,2024-11-19 00:01:00+00:00,2024-11-20 22:59:00+00:00,MSFT,S08,2407,415.37,416.35,0.0,2358.860000000044,0.01684900000000031,BACKTEST_END,5.0,20.0,2818.0,0.49087,NEU,
8e05199c7dc11cb9,2024-11-19 00:01:00+00:00,2024-11-20 22:59:00+00:00,AMZN,S08,4960,201.57999999999998,202.74,0.0,5753.600000000124,0.04109714285714375,BACKTEST_END,5.0,20.0,2818.0,0.49631,NEU,
46f5f0c0864e87d2,2024-11-19 00:00:00+00:00,2024-11-21 00:00:00+00:00,AVGO,S08,6033,165.73999999999998,163.3891,0.0,-14182.979699999803,-0.10130699785714145,BACKTEST_END,5.0,20.0,2880.0,0.33023,NEU,
06f7226a2c2d29dc,2024-11-19 00:06:00+00:00,2024-11-20 22:45:00+00:00,CSCO,S08,17494,57.160199999999996,57.49,0.0,5769.521200000103,0.04121086571428645,BACKTEST_END,5.0,20.0,2799.0,0.54891,NEU,
ed318fc731ccd170,2024-11-20 00:03:00+00:00,2024-11-20 22:57:00+00:00,META,S08,1784,560.33,567.94,0.0,13576.240000000023,0.09697314285714302,BACKTEST_END,5.0,20.0,1374.0,0.44279999999999997,NEU,
7a2a3d3d1363e6bc,2024-11-20 00:00:00+00:00,2024-11-21 00:00:00+00:00,TSLA,S08,2901,344.61,342.5799,0.0,-5889.320100000013,-0.042066572142857236,BACKTEST_END,5.0,20.0,1440.0,0.24416,NEU,
5f7e8de1e3173fad,2024-11-07 00:00:00+00:00,2024-11-08 09:00:00+00:00,TSM,S09,5189,192.6814,202.30547,0.0,49939.29923000009,4.994810085457142,TAKE_PROFIT,7.0,5.0,1980.0,0.36328,NEU,
dbc538818222b3bb,2024-11-07 14:30:00+00:00,2024-11-08 16:31:00+00:00,INTU,S09,1534,651.75,684.3275,0.0,49973.88499999998,4.998465669351743,TAKE_PROFIT,7.0,5.0,1561.0,0.4144,NEU,
019e7ef1ec7f11bf,2024-11-07 00:00:00+00:00,2024-11-07 15:39:00+00:00,QCOM,S09,5385,185.7,172.69099999999997,0.0,-70053.46500000008,-7.005385029617672,STOP_LOSS,7.0,5.0,939.0,0.42179,NEU,
aad5d37653de3488,2024-11-07 13:00:00+00:00,2024-11-07 16:00:00,ADBE,S09,1970,507.55,500.91,0.0,-13080.799999999974,-0.09343428571428553,SENTIMENT_EOD_SELL,7.0,5.0,480.0,0.25406666666666666,NEU,
ee348c4ef29b8194,2024-11-08 00:02:00+00:00,2024-11-13 15:40:00+00:00,TSM,S09,4962,201.5,187.385,0.0,-70038.63000000005,-7.004962779156331,STOP_LOSS,7.0,5.0,8138.0,0.4997,NEU,
b35c636227c94c1b,2024-11-08 00:00:00+00:00,2024-11-08 15:19:00+00:00,TSLA,S09,3364,297.23,312.08150000000006,0.0,49960.44600000015,4.996635602059026,TAKE_PROFIT,7.0,5.0,919.0,0.39228999999999997,NEU,
6c083a2c2bfb4420,2024-11-08 09:05:00+00:00,2024-11-13 21:05:00+00:00,CSCO,S09,17223,58.059999999999995,60.953,0.0,49826.139000000134,4.982776438167427,TAKE_PROFIT,7.0,5.0,7920.0,0.36834,NEU,
292c16381bf83439,2024-11-08 00:00:00+00:00,2024-11-13 15:06:00+00:00,QCOM,S09,5795,172.54,160.4522,0.0,-70048.80099999992,-7.005795757505498,STOP_LOSS,7.0,5.0,8106.0,0.31224285714285716,NEU,
38bbb9f34d726643,2024-11-08 00:02:00+00:00,2024-11-08 16:00:00,AVGO,S09,5446,183.60999999999999,183.68990000000002,0.0,435.1354000002048,0.0031081100000014627,SENTIMENT_EOD_SELL,7.0,5.0,1258.0,0.469525,NEU,
b54f607dea2d1071,2024-11-11 09:00:00+00:00,2024-11-14 17:31:00+00:00,AVGO,S09,5440,183.82,170.9426,0.0,-70053.05599999997,-7.005440104450003,STOP_LOSS,7.0,5.0,4831.0,0.3082333333333333,NEU,
7e6c2123ee748f54,2024-11-11 09:00:00+00:00,2024-11-13 20:55:00+00:00,TSM,S09,4986,200.56,186.5108,0.0,-70049.31120000007,-7.004986039090554,STOP_LOSS,7.0,5.0,3595.0,0.34712,NEU,
1d4df8aab6bee957,2024-11-11 09:00:00+00:00,2024-11-15 20:51:00+00:00,QCOM,S09,5824,171.67999999999998,159.65239999999997,0.0,-70048.74240000005,-7.005824790307555,STOP_LOSS,7.0,5.0,6471.0,0.425975,NEU,
3d2c512e7c9df11f,2024-11-12 00:00:00+00:00,2024-11-12 10:04:00+00:00,TSLA,S09,2814,355.28999999999996,330.40969999999993,0.0,-70013.1642000001,-7.002814602155996,STOP_LOSS,7.0,5.0,604.0,0.37039,NEU,
b9358fea50054c16,2024-11-12 12:25:00+00:00,2024-11-13 15:33:00+00:00,ADBE,S09,1980,504.90999999999997,530.1455,0.0,49966.29,4.998019449010716,TAKE_PROFIT,7.0,5.0,1628.0,0.5858000000000001,NEU,
fed85fd0a9289951,2024-11-12 00:13:00+00:00,2024-11-13 21:05:00+00:00,CSCO,S09,17056,58.629999999999995,61.5515,0.0,49829.10400000003,4.982943885382913,TAKE_PROFIT,7.0,5.0,2692.0,0.5686666666666667,NEU,
9972ffa543971f6e,2024-11-12 14:30:00+00:00,2024-11-12 16:00:00,INTU,S09,1438,695.01,699.46,0.0,6399.100000000066,0.04570785714285761,SENTIMENT_EOD_SELL,7.0,5.0,390.0,0.3396333333333333,NEU,
3772d76b6869ac9c,2024-11-12 00:30:00+00:00,2024-11-12 16:00:00,QCOM,S09,5951,168.03,163.18110000000001,0.0,-28855.80389999992,-0.2061128849999994,SENTIMENT_EOD_SELL,7.0,5.0,1230.0,0.2963,NEU,
1fc36676981825be,2024-11-13 00:12:00+00:00,2024-11-15 18:24:00+00:00,AVGO,S09,5677,176.13,163.7909,0.0,-70049.07070000001,-7.005677624481918,STOP_LOSS,7.0,5.0,3972.0,0.2548,NEU,
3e44b3a7e73d8a1e,2024-11-13 00:00:00+00:00,2024-11-13 14:31:00+00:00,TSLA,S09,3089,323.7005,339.875525,0.0,49964.65222500001,4.996910724574106,TAKE_PROFIT,7.0,5.0,871.0,0.37142,NEU,
72bc7b4a6cf266fc,2024-11-13 00:01:00+00:00,2024-11-13 21:05:00+00:00,CSCO,S09,17035,58.699999999999996,61.625,0.0,49827.37500000007,4.98296422487224,TAKE_PROFIT,7.0,5.0,1264.0,0.26436000000000004,NEU,
e579d1bdc520ad9b,2024-11-13 00:46:00+00:00,2024-11-14 09:30:00,ADBE,S09,1899,526.54,532.99,0.0,12248.550000000087,0.08748964285714347,SENTIMENT_MORNING_SELL,7.0,5.0,2264.0,0.5181857142857142,NEU,
f1331cd3f63e5ec6,2024-11-11 09:01:00+00:00,2024-11-19 14:01:00+00:00,META,S09,1697,589.01,547.7692999999999,0.0,-69985.4679000001,-5.018109460714292,STOP_LOSS,7.0,5.0,11820.0,0.29430999999999996,NEU,
8c0f2734749ff43e,2024-11-14 00:50:00+00:00,2024-11-19 14:04:00+00:00,ADBE,S09,1876,533.01,495.68929999999995,0.0,-70013.63320000008,-7.0018761374083125,STOP_LOSS,7.0,5.0,7994.0,0.2997,NEU,
f800d9e93355d711,2024-11-14 14:30:00+00:00,2024-11-19 14:03:00+00:00,INTU,S09,1425,701.59,652.4687,0.0,-69997.85250000002,-7.001425333884464,STOP_LOSS,7.0,5.0,7173.0,0.5341333333333332,NEU,
54fcc1b15bf6f5d2,2024-11-14 00:18:00+00:00,2024-11-20 15:20:00+00:00,AVGO,S09,5760,173.59,161.4287,0.0,-70049.08800000006,-0.5411778500000006,STOP_LOSS,7.0,5.0,9542.0,0.3423857142857143,NEU,
3e0551fe4484552c,2024-11-07 00:01:00+00:00,2024-11-18 09:30:00,MSFT,S09,2380,419.9955,416.69,0.0,-7867.089999999988,-0.05619349999999992,SENTIMENT_MORNING_SELL,7.0,5.0,16709.0,0.56637,NEU,
6d469960a39c9ac4,2024-11-11 09:00:00+00:00,2024-11-18 09:30:00,AAPL,S09,4401,227.22,225.99,0.0,-5413.229999999955,-0.03866592857142825,SENTIMENT_MORNING_SELL,7.0,5.0,10410.0,0.41615,NEU,
3e306b98c0bef8d0,2024-11-12 00:52:00+00:00,2024-11-18 09:30:00,ORCL,S09,5296,188.81,183.53,0.0,-27962.880000000005,-0.1997348571428572,SENTIMENT_MORNING_SELL,7.0,5.0,9458.0,0.41104,NEU,
139d835b00abdb4e,2024-11-14 00:00:00+00:00,2024-11-18 09:30:00,CSCO,S09,17358,57.61,57.52,0.0,-1562.219999999936,-0.011158714285713828,SENTIMENT_MORNING_SELL,7.0,5.0,6630.0,0.25867999999999997,NEU,
20fdc9a23ba76c3b,2024-11-07 00:15:00+00:00,2024-11-21 15:46:00+00:00,GOOGL,S09,5670,176.35999999999999,164.0048,0.0,-70053.98399999998,-0.5083282285714283,STOP_LOSS,7.0,5.0,21091.0,0.45425000000000004,NEU,
5081e71b1ee81e59,2024-11-18 09:00:00+00:00,2024-11-22 15:56:00+00:00,TSLA,S09,2964,337.36,354.218,0.0,49967.112000000016,4.997035807446053,TAKE_PROFIT,7.0,5.0,6176.0,0.36792,NEU,
5f54b0e0c9aa01d6,2024-11-18 09:16:00+00:00,2024-11-21 13:37:00+00:00,ORCL,S09,5448,183.54999999999998,192.7175,0.0,49944.540000000095,4.994551893217117,TAKE_PROFIT,7.0,5.0,4581.0,0.2553,NEU,
be5841e0b2363b97,2024-11-18 09:00:00+00:00,2024-11-19 14:27:00+00:00,INTU,S09,1451,689.01,640.7692999999999,0.0,-69997.25570000008,-7.001451357745178,STOP_LOSS,7.0,5.0,1767.0,0.49499999999999994,NEU,
629109d6191c2f45,2024-11-07 00:00:00+00:00,2024-11-18 16:00:00,NVDA,S09,6864,145.67,140.47,0.0,-35692.79999999992,-0.2549485714285709,SENTIMENT_EOD_SELL,7.0,5.0,17100.0,0.27030000000000004,NEU,
a5e4ec9b0a611227,2024-11-18 09:00:00+00:00,2024-11-18 16:00:00,AVGO,S09,5945,168.19,165.72,0.0,-14684.149999999992,-0.10488678571428567,SENTIMENT_EOD_SELL,7.0,5.0,720.0,0.35391666666666666,NEU,
347b28ebf6b5aa10,2024-11-18 13:00:00+00:00,2024-11-18 16:00:00,ADBE,S09,1973,506.68,498.52,0.0,-16099.68000000005,-0.11499771428571465,SENTIMENT_EOD_SELL,7.0,5.0,480.0,0.218475,NEU,
662c70efe34177c0,2024-11-18 09:30:00+00:00,2024-11-18 16:00:00,CSCO,S09,17379,57.54,57.14,0.0,-6951.599999999975,-0.04965428571428554,SENTIMENT_EOD_SELL,7.0,5.0,690.0,0.35455,NEU,
fed72f597fe2305e,2024-11-14 00:04:00+00:00,2024-11-19 09:30:00,TSM,S09,5335,187.4222,187.43,0.0,41.61300000001674,0.00029723571428583385,SENTIMENT_MORNING_SELL,7.0,5.0,8066.0,0.34258571428571427,NEU,
0546bd3ed7d7fb16,2024-11-19 00:19:00+00:00,2024-11-21 15:56:00+00:00,ORCL,S09,5385,185.67999999999998,194.954,0.0,49940.49000000016,4.994614390349004,TAKE_PROFIT,7.0,5.0,3817.0,0.55918,NEU,
2293782b71c0f460,2024-11-18 09:00:00+00:00,2024-11-19 16:00:00,META,S09,1792,557.91,560.13,0.0,3978.240000000049,0.02841600000000035,SENTIMENT_EOD_SELL,7.0,5.0,2160.0,0.23584,NEU,
c8f17ab9987bb191,2024-11-20 00:00:00+00:00,2024-11-25 14:53:00+00:00,NVDA,S09,6780,147.48999999999998,137.1557,0.0,-70066.5539999999,-7.00678012068614,STOP_LOSS,7.0,5.0,8093.0,0.26891,NEU,
c41fb3ebd971c163,2024-11-20 00:05:00+00:00,2024-11-21 15:36:00+00:00,GOOGL,S09,5617,178.01,165.5393,0.0,-70047.92189999996,-7.005617661929102,STOP_LOSS,7.0,5.0,2371.0,0.41033,NEU,
78c8f53106169921,2024-11-20 00:00:00+00:00,2024-11-25 14:05:00+00:00,TSLA,S09,2901,344.61,361.83050000000003,0.0,49956.670500000044,4.997098168944609,TAKE_PROFIT,7.0,5.0,8045.0,0.24416,NEU,
53a0807b1e495cfb,2024-11-20 00:22:00+00:00,2024-11-21 16:29:00+00:00,INTU,S09,1552,644.01,676.2005,0.0,49959.65600000007,4.9984472290803,TAKE_PROFIT,7.0,5.0,2407.0,0.2856,NEU,
6603dcae269cc452,2024-11-20 00:02:00+00:00,2024-11-20 16:00:00,ORCL,S09,5286,189.16,191.09,0.0,10201.980000000036,0.07287128571428597,SENTIMENT_EOD_SELL,7.0,5.0,1258.0,0.28353333333333336,NEU,
47632531d36b6934,2024-11-07 00:00:00+00:00,2024-11-20 22:59:00+00:00,AMZN,S09,4851,206.12,202.74,0.0,-16396.37999999998,-0.11711699999999985,BACKTEST_END,7.0,5.0,20099.0,0.41911,NEU,
e1b6b9cddae77649,2024-11-14 00:20:00+00:00,2024-11-20 22:53:00+00:00,QCOM,S09,6230,160.51,153.68800000000002,0.0,-42501.05999999984,-0.3035789999999988,BACKTEST_END,7.0,5.0,9993.0,0.435,NEU,
347c2e78846354ef,2024-11-18 09:00:00+00:00,2024-11-20 22:59:00+00:00,AAPL,S09,4424,226.01,228.54000000000002,0.0,11192.72000000013,0.07994800000000093,BACKTEST_END,7.0,5.0,3719.0,0.23441,NEU,
aa9b85e9f711c3f3,2024-11-19 00:01:00+00:00,2024-11-20 22:59:00+00:00,MSFT,S09,2407,415.37,416.35,0.0,2358.860000000044,0.01684900000000031,BACKTEST_END,7.0,5.0,2818.0,0.49087,NEU,
e3eb6ffcb8a8ee1b,2024-11-19 00:00:00+00:00,2024-11-21 00:00:00+00:00,AVGO,S09,6033,165.73999999999998,163.3891,0.0,-14182.979699999803,-0.10130699785714145,BACKTEST_END,7.0,5.0,2880.0,0.33023,NEU,
a582cad750022762,2024-11-19 00:06:00+00:00,2024-11-20 22:45:00+00:00,CSCO,S09,17494,57.160199999999996,57.49,0.0,5769.521200000103,0.04121086571428645,BACKTEST_END,7.0,5.0,2799.0,0.54891,NEU,
ed41c80de04f2a8f,2024-11-20 00:03:00+00:00,2024-11-20 22:57:00+00:00,META,S09,1784,560.33,567.94,0.0,13576.240000000023,0.09697314285714302,BACKTEST_END,7.0,5.0,1374.0,0.44279999999999997,NEU,
5ed25079075fa15f,2024-11-07 00:00:00+00:00,2024-11-07 15:39:00+00:00,QCOM,S10,5385,185.7,172.69099999999997,0.0,-70053.46500000008,-7.005385029617672,STOP_LOSS,7.0,8.0,939.0,0.42179,NEU,
9d1a7451682a09f0,2024-11-07 13:00:00+00:00,2024-11-07 16:00:00,ADBE,S10,1970,507.55,500.91,0.0,-13080.799999999974,-0.09343428571428553,SENTIMENT_EOD_SELL,7.0,8.0,480.0,0.25406666666666666,NEU,
4effd976a982fe7a,2024-11-07 14:30:00+00:00,2024-11-13 14:42:00+00:00,INTU,S10,1534,651.75,703.8800000000001,0.0,79967.42000000017,2.0051432142857184,TAKE_PROFIT,7.0,8.0,8652.0,0.4144,NEU,
ecdf5a5b73673392,2024-11-08 00:00:00+00:00,2024-11-08 18:10:00+00:00,TSLA,S10,3364,297.23,320.99840000000006,0.0,79956.89760000014,7.996635602059025,TAKE_PROFIT,7.0,8.0,1090.0,0.39228999999999997,NEU,
33005f67d6e22a7b,2024-11-08 00:00:00+00:00,2024-11-13 15:06:00+00:00,QCOM,S10,5795,172.54,160.4522,0.0,-70048.80099999992,-7.005795757505498,STOP_LOSS,7.0,8.0,8106.0,0.31224285714285716,NEU,
fc0e392a30885698,2024-11-08 00:02:00+00:00,2024-11-08 16:00:00,AVGO,S10,5446,183.60999999999999,183.68990000000002,0.0,435.1354000002048,0.0031081100000014627,SENTIMENT_EOD_SELL,7.0,8.0,1258.0,0.469525,NEU,
7d20bfcadabe0134,2024-11-08 09:05:00+00:00,2024-11-08 16:00:00,CSCO,S10,17223,58.059999999999995,57.97,0.0,-1550.0699999999363,-0.011071928571428117,SENTIMENT_EOD_SELL,7.0,8.0,715.0,0.36834,NEU,
b9b506d3f24ce44e,2024-11-11 09:00:00+00:00,2024-11-14 17:31:00+00:00,AVGO,S10,5440,183.82,170.9426,0.0,-70053.05599999997,-7.005440104450003,STOP_LOSS,7.0,8.0,4831.0,0.3082333333333333,NEU,
b392fae329c69c98,2024-11-11 09:00:00+00:00,2024-11-15 20:51:00+00:00,QCOM,S10,5824,171.67999999999998,159.65239999999997,0.0,-70048.74240000005,-7.005824790307555,STOP_LOSS,7.0,8.0,6471.0,0.425975,NEU,
6b0d125290c7a020,2024-11-12 00:00:00+00:00,2024-11-12 10:04:00+00:00,TSLA,S10,2814,355.28999999999996,330.40969999999993,0.0,-70013.1642000001,-7.002814602155996,STOP_LOSS,7.0,8.0,604.0,0.37039,NEU,
8213eab7baf51651,2024-11-12 14:30:00+00:00,2024-11-12 16:00:00,INTU,S10,1438,695.01,699.46,0.0,6399.100000000066,0.04570785714285761,SENTIMENT_EOD_SELL,7.0,8.0,390.0,0.3396333333333333,NEU,
0d6a2361ddd1fd49,2024-11-12 00:30:00+00:00,2024-11-12 16:00:00,QCOM,S10,5951,168.03,163.18110000000001,0.0,-28855.80389999992,-0.2061128849999994,SENTIMENT_EOD_SELL,7.0,8.0,1230.0,0.2963,NEU,
183095c3cc37b113,2024-11-07 00:00:00+00:00,2024-11-13 09:30:00,TSM,S10,5189,192.6814,191.47,0.0,-6285.954599999987,-0.044899675714285624,SENTIMENT_MORNING_SELL,7.0,8.0,9510.0,0.36328,NEU,
d4b9916def1eae06,2024-11-12 00:13:00+00:00,2024-11-13 09:30:00,CSCO,S10,17056,58.629999999999995,58.68,0.0,852.8000000000727,0.006091428571429091,SENTIMENT_MORNING_SELL,7.0,8.0,2297.0,0.5686666666666667,NEU,
f482c35a18fc285b,2024-11-13 00:12:00+00:00,2024-11-15 18:24:00+00:00,AVGO,S10,5677,176.13,163.7909,0.0,-70049.07070000001,-7.005677624481918,STOP_LOSS,7.0,8.0,3972.0,0.2548,NEU,
762695beecd9e15f,2024-11-12 12:25:00+00:00,2024-11-14 09:30:00,ADBE,S10,1980,504.90999999999997,532.99,0.0,55598.40000000008,0.3971314285714292,SENTIMENT_MORNING_SELL,7.0,8.0,3005.0,0.5858000000000001,NEU,
8bd339863b0cf15c,2024-11-11 09:01:00+00:00,2024-11-19 14:01:00+00:00,META,S10,1697,589.01,547.7692999999999,0.0,-69985.4679000001,-5.018109460714292,STOP_LOSS,7.0,8.0,11820.0,0.29430999999999996,NEU,
1b67857e68be7331,2024-11-14 00:50:00+00:00,2024-11-19 14:04:00+00:00,ADBE,S10,1876,533.01,495.68929999999995,0.0,-70013.63320000008,-7.0018761374083125,STOP_LOSS,7.0,8.0,7994.0,0.2997,NEU,
0c52fc4a078c9894,2024-11-14 14:30:00+00:00,2024-11-19 14:03:00+00:00,INTU,S10,1425,701.59,652.4687,0.0,-69997.85250000002,-7.001425333884464,STOP_LOSS,7.0,8.0,7173.0,0.5341333333333332,NEU,
a528370963b26983,2024-11-13 00:00:00+00:00,2024-11-15 09:30:00,TSLA,S10,3089,323.7005,307.09000000000003,0.0,-51309.83449999983,-0.36649881785714167,SENTIMENT_MORNING_SELL,7.0,8.0,3750.0,0.37142,NEU,
cbc76d4c7c65be37,2024-11-14 00:18:00+00:00,2024-11-20 15:20:00+00:00,AVGO,S10,5760,173.59,161.4287,0.0,-70049.08800000006,-0.5411778500000006,STOP_LOSS,7.0,8.0,9542.0,0.3423857142857143,NEU,
1f2e4e9ce4aa9d2d,2024-11-07 00:01:00+00:00,2024-11-18 09:30:00,MSFT,S10,2380,419.9955,416.69,0.0,-7867.089999999988,-0.05619349999999992,SENTIMENT_MORNING_SELL,7.0,8.0,16709.0,0.56637,NEU,
8fde4040e381cc89,2024-11-11 09:00:00+00:00,2024-11-18 09:30:00,AAPL,S10,4401,227.22,225.99,0.0,-5413.229999999955,-0.03866592857142825,SENTIMENT_MORNING_SELL,7.0,8.0,10410.0,0.41615,NEU,
e42a9a0880ea4f09,2024-11-12 00:52:00+00:00,2024-11-18 09:30:00,ORCL,S10,5296,188.81,183.53,0.0,-27962.880000000005,-0.1997348571428572,SENTIMENT_MORNING_SELL,7.0,8.0,9458.0,0.41104,NEU,
13c7ae905e024d7e,2024-11-13 00:01:00+00:00,2024-11-18 09:30:00,CSCO,S10,17035,58.699999999999996,57.52,0.0,-20101.299999999876,-0.1435807142857134,SENTIMENT_MORNING_SELL,7.0,8.0,8069.0,0.26436000000000004,NEU,
230312816a9d4991,2024-11-07 00:15:00+00:00,2024-11-21 15:46:00+00:00,GOOGL,S10,5670,176.35999999999999,164.0048,0.0,-70053.98399999998,-0.5083282285714283,STOP_LOSS,7.0,8.0,21091.0,0.45425000000000004,NEU,
04bf9be163d6ab35,2024-11-18 09:00:00+00:00,2024-11-19 14:27:00+00:00,INTU,S10,1451,689.01,640.7692999999999,0.0,-69997.25570000008,-7.001451357745178,STOP_LOSS,7.0,8.0,1767.0,0.49499999999999994,NEU,
de19bbdbf10377c0,2024-11-07 00:00:00+00:00,2024-11-18 16:00:00,NVDA,S10,6864,145.67,140.47,0.0,-35692.79999999992,-0.2549485714285709,SENTIMENT_EOD_SELL,7.0,8.0,17100.0,0.27030000000000004,NEU,
25df53976707c320,2024-11-18 09:00:00+00:00,2024-11-18 16:00:00,AVGO,S10,5945,168.19,165.72,0.0,-14684.149999999992,-0.10488678571428567,SENTIMENT_EOD_SELL,7.0,8.0,720.0,0.35391666666666666,NEU,
2bff0e74e5ada8c1,2024-11-18 09:00:00+00:00,2024-11-18 16:00:00,TSLA,S10,2964,337.36,338.76,0.0,4149.599999999933,0.02963999999999952,SENTIMENT_EOD_SELL,7.0,8.0,720.0,0.36792,NEU,
185d140aefb62f92,2024-11-18 13:00:00+00:00,2024-11-18 16:00:00,ADBE,S10,1973,506.68,498.52,0.0,-16099.68000000005,-0.11499771428571465,SENTIMENT_EOD_SELL,7.0,8.0,480.0,0.218475,NEU,
8d2810e13f93a532,2024-11-18 09:30:00+00:00,2024-11-18 16:00:00,CSCO,S10,17379,57.54,57.14,0.0,-6951.599999999975,-0.04965428571428554,SENTIMENT_EOD_SELL,7.0,8.0,690.0,0.35455,NEU,
0266b6f51e318ff1,2024-11-14 00:04:00+00:00,2024-11-19 09:30:00,TSM,S10,5335,187.4222,187.43,0.0,41.61300000001674,0.00029723571428583385,SENTIMENT_MORNING_SELL,7.0,8.0,8066.0,0.34258571428571427,NEU,
a1e0f23d7f447fb5,2024-11-18 09:16:00+00:00,2024-11-19 09:30:00,ORCL,S10,5448,183.54999999999998,185.66,0.0,11495.280000000075,0.0821091428571434,SENTIMENT_MORNING_SELL,7.0,8.0,1754.0,0.2553,NEU,
70b5d239081727e8,2024-11-18 09:00:00+00:00,2024-11-19 16:00:00,META,S10,1792,557.91,560.13,0.0,3978.240000000049,0.02841600000000035,SENTIMENT_EOD_SELL,7.0,8.0,2160.0,0.23584,NEU,
267cb20be0d61980,2024-11-19 00:19:00+00:00,2024-11-20 09:30:00,ORCL,S10,5385,185.67999999999998,189.14000000000001,0.0,18632.100000000195,0.13308642857142997,SENTIMENT_MORNING_SELL,7.0,8.0,2291.0,0.55918,NEU,
b222b77ec5fa0413,2024-11-20 00:00:00+00:00,2024-11-25 14:53:00+00:00,NVDA,S10,6780,147.48999999999998,137.1557,0.0,-70066.5539999999,-7.00678012068614,STOP_LOSS,7.0,8.0,8093.0,0.26891,NEU,
b98e62779c7f0980,2024-11-20 00:05:00+00:00,2024-11-21 15:36:00+00:00,GOOGL,S10,5617,178.01,165.5393,0.0,-70047.92189999996,-7.005617661929102,STOP_LOSS,7.0,8.0,2371.0,0.41033,NEU,
8eead35d693d8c62,2024-11-20 00:02:00+00:00,2024-11-20 16:00:00,ORCL,S10,5286,189.16,191.09,0.0,10201.980000000036,0.07287128571428597,SENTIMENT_EOD_SELL,7.0,8.0,1258.0,0.28353333333333336,NEU,
1e91bc219df4903b,2024-11-07 00:00:00+00:00,2024-11-20 22:59:00+00:00,AMZN,S10,4851,206.12,202.74,0.0,-16396.37999999998,-0.11711699999999985,BACKTEST_END,7.0,8.0,20099.0,0.41911,NEU,
8ee969d33f8c4e88,2024-11-14 00:20:00+00:00,2024-11-20 22:53:00+00:00,QCOM,S10,6230,160.51,153.68800000000002,0.0,-42501.05999999984,-0.3035789999999988,BACKTEST_END,7.0,8.0,9993.0,0.435,NEU,
3962baf05c8b132c,2024-11-18 09:00:00+00:00,2024-11-20 22:59:00+00:00,AAPL,S10,4424,226.01,228.54000000000002,0.0,11192.72000000013,0.07994800000000093,BACKTEST_END,7.0,8.0,3719.0,0.23441,NEU,
0e592fc52ba0d8cb,2024-11-19 00:01:00+00:00,2024-11-20 22:59:00+00:00,MSFT,S10,2407,415.37,416.35,0.0,2358.860000000044,0.01684900000000031,BACKTEST_END,7.0,8.0,2818.0,0.49087,NEU,
e33353ad1b3bcec2,2024-11-19 00:00:00+00:00,2024-11-21 00:00:00+00:00,AVGO,S10,6033,165.73999999999998,163.3891,0.0,-14182.979699999803,-0.10130699785714145,BACKTEST_END,7.0,8.0,2880.0,0.33023,NEU,
a8e5a32c5e0d2aa3,2024-11-19 00:06:00+00:00,2024-11-20 22:45:00+00:00,CSCO,S10,17494,57.160199999999996,57.49,0.0,5769.521200000103,0.04121086571428645,BACKTEST_END,7.0,8.0,2799.0,0.54891,NEU,
5e8e42c1a378c5a2,2024-11-20 00:03:00+00:00,2024-11-20 22:57:00+00:00,META,S10,1784,560.33,567.94,0.0,13576.240000000023,0.09697314285714302,BACKTEST_END,7.0,8.0,1374.0,0.44279999999999997,NEU,
d393f6b77fe5dab3,2024-11-20 00:00:00+00:00,2024-11-21 00:00:00+00:00,TSLA,S10,2901,344.61,342.5799,0.0,-5889.320100000013,-0.042066572142857236,BACKTEST_END,7.0,8.0,1440.0,0.24416,NEU,
89689592c19294a1,2024-11-20 00:22:00+00:00,2024-11-20 21:26:00+00:00,INTU,S10,1552,644.01,650.59,0.0,10212.160000000064,0.07294400000000045,BACKTEST_END,7.0,8.0,1264.0,0.2856,NEU,
4105f4665c3d48cc,2024-11-07 00:00:00+00:00,2024-11-07 15:39:00+00:00,QCOM,S11,5385,185.7,172.69099999999997,0.0,-70053.46500000008,-7.005385029617672,STOP_LOSS,7.0,12.0,939.0,0.42179,NEU,
8e9edc8a3e99d007,2024-11-07 13:00:00+00:00,2024-11-07 16:00:00,ADBE,S11,1970,507.55,500.91,0.0,-13080.799999999974,-0.09343428571428553,SENTIMENT_EOD_SELL,7.0,12.0,480.0,0.25406666666666666,NEU,
6617cec073a73bf7,2024-11-08 00:00:00+00:00,2024-11-11 09:00:00+00:00,TSLA,S11,3364,297.23,332.8876000000001,0.0,119952.1664000002,11.996635602059031,TAKE_PROFIT,7.0,12.0,4860.0,0.39228999999999997,NEU,
040b23099505ee26,2024-11-08 00:00:00+00:00,2024-11-13 15:06:00+00:00,QCOM,S11,5795,172.54,160.4522,0.0,-70048.80099999992,-7.005795757505498,STOP_LOSS,7.0,12.0,8106.0,0.31224285714285716,NEU,
d5850ac6811c2888,2024-11-08 00:02:00+00:00,2024-11-08 16:00:00,AVGO,S11,5446,183.60999999999999,183.68990000000002,0.0,435.1354000002048,0.0031081100000014627,SENTIMENT_EOD_SELL,7.0,12.0,1258.0,0.469525,NEU,
4b29f683bec0cded,2024-11-08 09:05:00+00:00,2024-11-08 16:00:00,CSCO,S11,17223,58.059999999999995,57.97,0.0,-1550.0699999999363,-0.011071928571428117,SENTIMENT_EOD_SELL,7.0,12.0,715.0,0.36834,NEU,
bfccad8dab725173,2024-11-11 09:00:00+00:00,2024-11-14 17:31:00+00:00,AVGO,S11,5440,183.82,170.9426,0.0,-70053.05599999997,-7.005440104450003,STOP_LOSS,7.0,12.0,4831.0,0.3082333333333333,NEU,
e631f0684a24ea5e,2024-11-11 09:00:00+00:00,2024-11-15 20:51:00+00:00,QCOM,S11,5824,171.67999999999998,159.65239999999997,0.0,-70048.74240000005,-7.005824790307555,STOP_LOSS,7.0,12.0,6471.0,0.425975,NEU,
19aa75dfa7cfbd10,2024-11-07 14:30:00+00:00,2024-11-12 09:30:00,INTU,S11,1534,651.75,694.99,0.0,66330.16000000002,0.4737868571428573,SENTIMENT_MORNING_SELL,7.0,12.0,7200.0,0.4144,NEU,
473c3a13e888904e,2024-11-12 00:00:00+00:00,2024-11-12 10:04:00+00:00,TSLA,S11,2814,355.28999999999996,330.40969999999993,0.0,-70013.1642000001,-7.002814602155996,STOP_LOSS,7.0,12.0,604.0,0.37039,NEU,
4bc6da2dc075992a,2024-11-12 14:30:00+00:00,2024-11-12 16:00:00,INTU,S11,1438,695.01,699.46,0.0,6399.100000000066,0.04570785714285761,SENTIMENT_EOD_SELL,7.0,12.0,390.0,0.3396333333333333,NEU,
7a872f951f7cc9e8,2024-11-12 00:30:00+00:00,2024-11-12 16:00:00,QCOM,S11,5951,168.03,163.18110000000001,0.0,-28855.80389999992,-0.2061128849999994,SENTIMENT_EOD_SELL,7.0,12.0,1230.0,0.2963,NEU,
ff669b7aac49cad1,2024-11-07 00:00:00+00:00,2024-11-13 09:30:00,TSM,S11,5189,192.6814,191.47,0.0,-6285.954599999987,-0.044899675714285624,SENTIMENT_MORNING_SELL,7.0,12.0,9510.0,0.36328,NEU,
dd83c2094d9ac25e,2024-11-12 00:13:00+00:00,2024-11-13 09:30:00,CSCO,S11,17056,58.629999999999995,58.68,0.0,852.8000000000727,0.006091428571429091,SENTIMENT_MORNING_SELL,7.0,12.0,2297.0,0.5686666666666667,NEU,
697fc79bed789bd0,2024-11-13 00:12:00+00:00,2024-11-15 18:24:00+00:00,AVGO,S11,5677,176.13,163.7909,0.0,-70049.07070000001,-7.005677624481918,STOP_LOSS,7.0,12.0,3972.0,0.2548,NEU,
10ed7f5611494d73,2024-11-12 12:25:00+00:00,2024-11-14 09:30:00,ADBE,S11,1980,504.90999999999997,532.99,0.0,55598.40000000008,0.3971314285714292,SENTIMENT_MORNING_SELL,7.0,12.0,3005.0,0.5858000000000001,NEU,
6388aaa250c796a6,2024-11-11 09:01:00+00:00,2024-11-19 14:01:00+00:00,META,S11,1697,589.01,547.7692999999999,0.0,-69985.4679000001,-5.018109460714292,STOP_LOSS,7.0,12.0,11820.0,0.29430999999999996,NEU,
3d10c9c6f41fd42d,2024-11-14 00:50:00+00:00,2024-11-19 14:04:00+00:00,ADBE,S11,1876,533.01,495.68929999999995,0.0,-70013.63320000008,-7.0018761374083125,STOP_LOSS,7.0,12.0,7994.0,0.2997,NEU,
9351e0eca5f137a3,2024-11-14 14:30:00+00:00,2024-11-19 14:03:00+00:00,INTU,S11,1425,701.59,652.4687,0.0,-69997.85250000002,-7.001425333884464,STOP_LOSS,7.0,12.0,7173.0,0.5341333333333332,NEU,
d048d010168da6dc,2024-11-13 00:00:00+00:00,2024-11-15 09:30:00,TSLA,S11,3089,323.7005,307.09000000000003,0.0,-51309.83449999983,-0.36649881785714167,SENTIMENT_MORNING_SELL,7.0,12.0,3750.0,0.37142,NEU,
9189737285462047,2024-11-14 00:18:00+00:00,2024-11-20 15:20:00+00:00,AVGO,S11,5760,173.59,161.4287,0.0,-70049.08800000006,-0.5411778500000006,STOP_LOSS,7.0,12.0,9542.0,0.3423857142857143,NEU,
5958a99bf0459120,2024-11-07 00:01:00+00:00,2024-11-18 09:30:00,MSFT,S11,2380,419.9955,416.69,0.0,-7867.089999999988,-0.05619349999999992,SENTIMENT_MORNING_SELL,7.0,12.0,16709.0,0.56637,NEU,
83654dc34b739000,2024-11-11 09:00:00+00:00,2024-11-18 09:30:00,AAPL,S11,4401,227.22,225.99,0.0,-5413.229999999955,-0.03866592857142825,SENTIMENT_MORNING_SELL,7.0,12.0,10410.0,0.41615,NEU,
5cc102622e350fc9,2024-11-12 00:52:00+00:00,2024-11-18 09:30:00,ORCL,S11,5296,188.81,183.53,0.0,-27962.880000000005,-0.1997348571428572,SENTIMENT_MORNING_SELL,7.0,12.0,9458.0,0.41104,NEU,
17a1a58fc028652c,2024-11-13 00:01:00+00:00,2024-11-18 09:30:00,CSCO,S11,17035,58.699999999999996,57.52,0.0,-20101.299999999876,-0.1435807142857134,SENTIMENT_MORNING_SELL,7.0,12.0,8069.0,0.26436000000000004,NEU,
5647bac7776213d4,2024-11-07 00:15:00+00:00,2024-11-21 15:46:00+00:00,GOOGL,S11,5670,176.35999999999999,164.0048,0.0,-70053.98399999998,-0.5083282285714283,STOP_LOSS,7.0,12.0,21091.0,0.45425000000000004,NEU,
220760d98cf29fb8,2024-11-18 09:00:00+00:00,2024-11-19 14:27:00+00:00,INTU,S11,1451,689.01,640.7692999999999,0.0,-69997.25570000008,-7.001451357745178,STOP_LOSS,7.0,12.0,1767.0,0.49499999999999994,NEU,
fa02bdf201ee0ade,2024-11-07 00:00:00+00:00,2024-11-18 16:00:00,NVDA,S11,6864,145.67,140.47,0.0,-35692.79999999992,-0.2549485714285709,SENTIMENT_EOD_SELL,7.0,12.0,17100.0,0.27030000000000004,NEU,
3bccf688e8123ad7,2024-11-18 09:00:00+00:00,2024-11-18 16:00:00,AVGO,S11,5945,168.19,165.72,0.0,-14684.149999999992,-0.10488678571428567,SENTIMENT_EOD_SELL,7.0,12.0,720.0,0.35391666666666666,NEU,
a49a2e8740420d57,2024-11-18 09:00:00+00:00,2024-11-18 16:00:00,TSLA,S11,2964,337.36,338.76,0.0,4149.599999999933,0.02963999999999952,SENTIMENT_EOD_SELL,7.0,12.0,720.0,0.36792,NEU,
1b9dcdbc18a6e802,2024-11-18 13:00:00+00:00,2024-11-18 16:00:00,ADBE,S11,1973,506.68,498.52,0.0,-16099.68000000005,-0.11499771428571465,SENTIMENT_EOD_SELL,7.0,12.0,480.0,0.218475,NEU,
c8b09bbdc80df50c,2024-11-18 09:30:00+00:00,2024-11-18 16:00:00,CSCO,S11,17379,57.54,57.14,0.0,-6951.599999999975,-0.04965428571428554,SENTIMENT_EOD_SELL,7.0,12.0,690.0,0.35455,NEU,
43380fadd056c007,2024-11-14 00:04:00+00:00,2024-11-19 09:30:00,TSM,S11,5335,187.4222,187.43,0.0,41.61300000001674,0.00029723571428583385,SENTIMENT_MORNING_SELL,7.0,12.0,8066.0,0.34258571428571427,NEU,
5170ccd106d268ac,2024-11-18 09:16:00+00:00,2024-11-19 09:30:00,ORCL,S11,5448,183.54999999999998,185.66,0.0,11495.280000000075,0.0821091428571434,SENTIMENT_MORNING_SELL,7.0,12.0,1754.0,0.2553,NEU,
c306710d150341e7,2024-11-18 09:00:00+00:00,2024-11-19 16:00:00,META,S11,1792,557.91,560.13,0.0,3978.240000000049,0.02841600000000035,SENTIMENT_EOD_SELL,7.0,12.0,2160.0,0.23584,NEU,
1769d00fdf337dc0,2024-11-19 00:19:00+00:00,2024-11-20 09:30:00,ORCL,S11,5385,185.67999999999998,189.14000000000001,0.0,18632.100000000195,0.13308642857142997,SENTIMENT_MORNING_SELL,7.0,12.0,2291.0,0.55918,NEU,
f8d0d72d5a2e2e83,2024-11-20 00:00:00+00:00,2024-11-25 14:53:00+00:00,NVDA,S11,6780,147.48999999999998,137.1557,0.0,-70066.5539999999,-7.00678012068614,STOP_LOSS,7.0,12.0,8093.0,0.26891,NEU,
a6ba8d3ddf004a1b,2024-11-20 00:05:00+00:00,2024-11-21 15:36:00+00:00,GOOGL,S11,5617,178.01,165.5393,0.0,-70047.92189999996,-7.005617661929102,STOP_LOSS,7.0,12.0,2371.0,0.41033,NEU,
05035589708bdaf3,2024-11-20 00:02:00+00:00,2024-11-20 16:00:00,ORCL,S11,5286,189.16,191.09,0.0,10201.980000000036,0.07287128571428597,SENTIMENT_EOD_SELL,7.0,12.0,1258.0,0.28353333333333336,NEU,
a0e3ed7e5d8ce804,2024-11-07 00:00:00+00:00,2024-11-20 22:59:00+00:00,AMZN,S11,4851,206.12,202.74,0.0,-16396.37999999998,-0.11711699999999985,BACKTEST_END,7.0,12.0,20099.0,0.41911,NEU,
6eebbd5eeff1e278,2024-11-14 00:20:00+00:00,2024-11-20 22:53:00+00:00,QCOM,S11,6230,160.51,153.68800000000002,0.0,-42501.05999999984,-0.3035789999999988,BACKTEST_END,7.0,12.0,9993.0,0.435,NEU,
1c8c04e28842dbc1,2024-11-18 09:00:00+00:00,2024-11-20 22:59:00+00:00,AAPL,S11,4424,226.01,228.54000000000002,0.0,11192.72000000013,0.07994800000000093,BACKTEST_END,7.0,12.0,3719.0,0.23441,NEU,
917420e5ef86b8db,2024-11-19 00:01:00+00:00,2024-11-20 22:59:00+00:00,MSFT,S11,2407,415.37,416.35,0.0,2358.860000000044,0.01684900000000031,BACKTEST_END,7.0,12.0,2818.0,0.49087,NEU,
6b82c0d3270c9aae,2024-11-19 00:00:00+00:00,2024-11-21 00:00:00+00:00,AVGO,S11,6033,165.73999999999998,163.3891,0.0,-14182.979699999803,-0.10130699785714145,BACKTEST_END,7.0,12.0,2880.0,0.33023,NEU,
329902d8b8a7ee8e,2024-11-19 00:06:00+00:00,2024-11-20 22:45:00+00:00,CSCO,S11,17494,57.160199999999996,57.49,0.0,5769.521200000103,0.04121086571428645,BACKTEST_END,7.0,12.0,2799.0,0.54891,NEU,
ba57f1c2494bc2f0,2024-11-20 00:03:00+00:00,2024-11-20 22:57:00+00:00,META,S11,1784,560.33,567.94,0.0,13576.240000000023,0.09697314285714302,BACKTEST_END,7.0,12.0,1374.0,0.44279999999999997,NEU,
50ddc955933ebd94,2024-11-20 00:00:00+00:00,2024-11-21 00:00:00+00:00,TSLA,S11,2901,344.61,342.5799,0.0,-5889.320100000013,-0.042066572142857236,BACKTEST_END,7.0,12.0,1440.0,0.24416,NEU,
c8a5012ad64283e2,2024-11-20 00:22:00+00:00,2024-11-20 21:26:00+00:00,INTU,S11,1552,644.01,650.59,0.0,10212.160000000064,0.07294400000000045,BACKTEST_END,7.0,12.0,1264.0,0.2856,NEU,
0b7dee6f125d144b,2024-11-07 00:00:00+00:00,2024-11-07 15:39:00+00:00,QCOM,S12,5385,185.7,172.69099999999997,0.0,-70053.46500000008,-7.005385029617672,STOP_LOSS,7.0,20.0,939.0,0.42179,NEU,
5d81110a703f592a,2024-11-07 13:00:00+00:00,2024-11-07 16:00:00,ADBE,S12,1970,507.55,500.91,0.0,-13080.799999999974,-0.09343428571428553,SENTIMENT_EOD_SELL,7.0,20.0,480.0,0.25406666666666666,NEU,
eeb512d01fde800a,2024-11-08 00:00:00+00:00,2024-11-11 16:22:00+00:00,TSLA,S12,3364,297.23,356.666,0.0,199942.70399999994,19.996635602059005,TAKE_PROFIT,7.0,20.0,5302.0,0.39228999999999997,NEU,
b0d81ce6764feba6,2024-11-08 00:00:00+00:00,2024-11-13 15:06:00+00:00,QCOM,S12,5795,172.54,160.4522,0.0,-70048.80099999992,-7.005795757505498,STOP_LOSS,7.0,20.0,8106.0,0.31224285714285716,NEU,
ea1b53e3179d5c72,2024-11-08 00:02:00+00:00,2024-11-08 16:00:00,AVGO,S12,5446,183.60999999999999,183.68990000000002,0.0,435.1354000002048,0.0031081100000014627,SENTIMENT_EOD_SELL,7.0,20.0,1258.0,0.469525,NEU,
4f4db1ecc6d7c81b,2024-11-08 09:05:00+00:00,2024-11-08 16:00:00,CSCO,S12,17223,58.059999999999995,57.97,0.0,-1550.0699999999363,-0.011071928571428117,SENTIMENT_EOD_SELL,7.0,20.0,715.0,0.36834,NEU,
4fc006a94c4b37c4,2024-11-11 09:00:00+00:00,2024-11-14 17:31:00+00:00,AVGO,S12,5440,183.82,170.9426,0.0,-70053.05599999997,-7.005440104450003,STOP_LOSS,7.0,20.0,4831.0,0.3082333333333333,NEU,
c8d51b3062542849,2024-11-11 09:00:00+00:00,2024-11-15 20:51:00+00:00,QCOM,S12,5824,171.67999999999998,159.65239999999997,0.0,-70048.74240000005,-7.005824790307555,STOP_LOSS,7.0,20.0,6471.0,0.425975,NEU,
a5f079b129ffdede,2024-11-07 14:30:00+00:00,2024-11-12 09:30:00,INTU,S12,1534,651.75,694.99,0.0,66330.16000000002,0.4737868571428573,SENTIMENT_MORNING_SELL,7.0,20.0,7200.0,0.4144,NEU,
6e4019b2cace641d,2024-11-12 00:00:00+00:00,2024-11-12 10:04:00+00:00,TSLA,S12,2814,355.28999999999996,330.40969999999993,0.0,-70013.1642000001,-7.002814602155996,STOP_LOSS,7.0,20.0,604.0,0.37039,NEU,
cf4ec3d70d98074a,2024-11-12 14:30:00+00:00,2024-11-12 16:00:00,INTU,S12,1438,695.01,699.46,0.0,6399.100000000066,0.04570785714285761,SENTIMENT_EOD_SELL,7.0,20.0,390.0,0.3396333333333333,NEU,
e3ea6fec3429920a,2024-11-12 00:30:00+00:00,2024-11-12 16:00:00,QCOM,S12,5951,168.03,163.18110000000001,0.0,-28855.80389999992,-0.2061128849999994,SENTIMENT_EOD_SELL,7.0,20.0,1230.0,0.2963,NEU,
fe2de8fc5e1f965e,2024-11-07 00:00:00+00:00,2024-11-13 09:30:00,TSM,S12,5189,192.6814,191.47,0.0,-6285.954599999987,-0.044899675714285624,SENTIMENT_MORNING_SELL,7.0,20.0,9510.0,0.36328,NEU,
8464d8912ad3a4b4,2024-11-12 00:13:00+00:00,2024-11-13 09:30:00,CSCO,S12,17056,58.629999999999995,58.68,0.0,852.8000000000727,0.006091428571429091,SENTIMENT_MORNING_SELL,7.0,20.0,2297.0,0.5686666666666667,NEU,
2f64bbf7b2f0c244,2024-11-13 00:12:00+00:00,2024-11-15 18:24:00+00:00,AVGO,S12,5677,176.13,163.7909,0.0,-70049.07070000001,-7.005677624481918,STOP_LOSS,7.0,20.0,3972.0,0.2548,NEU,
3cafafd8fa40f2ac,2024-11-12 12:25:00+00:00,2024-11-14 09:30:00,ADBE,S12,1980,504.90999999999997,532.99,0.0,55598.40000000008,0.3971314285714292,SENTIMENT_MORNING_SELL,7.0,20.0,3005.0,0.5858000000000001,NEU,
18b4db450279f1b3,2024-11-11 09:01:00+00:00,2024-11-19 14:01:00+00:00,META,S12,1697,589.01,547.7692999999999,0.0,-69985.4679000001,-5.018109460714292,STOP_LOSS,7.0,20.0,11820.0,0.29430999999999996,NEU,
fda8d0d7170c4ce8,2024-11-14 00:50:00+00:00,2024-11-19 14:04:00+00:00,ADBE,S12,1876,533.01,495.68929999999995,0.0,-70013.63320000008,-7.0018761374083125,STOP_LOSS,7.0,20.0,7994.0,0.2997,NEU,
7d0b29a295d0578b,2024-11-14 14:30:00+00:00,2024-11-19 14:03:00+00:00,INTU,S12,1425,701.59,652.4687,0.0,-69997.85250000002,-7.001425333884464,STOP_LOSS,7.0,20.0,7173.0,0.5341333333333332,NEU,
515f65457097ad1a,2024-11-13 00:00:00+00:00,2024-11-15 09:30:00,TSLA,S12,3089,323.7005,307.09000000000003,0.0,-51309.83449999983,-0.36649881785714167,SENTIMENT_MORNING_SELL,7.0,20.0,3750.0,0.37142,NEU,
25fbd84ab882ccd0,2024-11-14 00:18:00+00:00,2024-11-20 15:20:00+00:00,AVGO,S12,5760,173.59,161.4287,0.0,-70049.08800000006,-0.5411778500000006,STOP_LOSS,7.0,20.0,9542.0,0.3423857142857143,NEU,
2661ffb91101477a,2024-11-07 00:01:00+00:00,2024-11-18 09:30:00,MSFT,S12,2380,419.9955,416.69,0.0,-7867.089999999988,-0.05619349999999992,SENTIMENT_MORNING_SELL,7.0,20.0,16709.0,0.56637,NEU,
78ff1efa3449480a,2024-11-11 09:00:00+00:00,2024-11-18 09:30:00,AAPL,S12,4401,227.22,225.99,0.0,-5413.229999999955,-0.03866592857142825,SENTIMENT_MORNING_SELL,7.0,20.0,10410.0,0.41615,NEU,
aad3514fd271449e,2024-11-12 00:52:00+00:00,2024-11-18 09:30:00,ORCL,S12,5296,188.81,183.53,0.0,-27962.880000000005,-0.1997348571428572,SENTIMENT_MORNING_SELL,7.0,20.0,9458.0,0.41104,NEU,
d50547ce18265ca4,2024-11-13 00:01:00+00:00,2024-11-18 09:30:00,CSCO,S12,17035,58.699999999999996,57.52,0.0,-20101.299999999876,-0.1435807142857134,SENTIMENT_MORNING_SELL,7.0,20.0,8069.0,0.26436000000000004,NEU,
d3b5fd163cb7d39e,2024-11-07 00:15:00+00:00,2024-11-21 15:46:00+00:00,GOOGL,S12,5670,176.35999999999999,164.0048,0.0,-70053.98399999998,-0.5083282285714283,STOP_LOSS,7.0,20.0,21091.0,0.45425000000000004,NEU,
06972dae1ffee4b2,2024-11-18 09:00:00+00:00,2024-11-19 14:27:00+00:00,INTU,S12,1451,689.01,640.7692999999999,0.0,-69997.25570000008,-7.001451357745178,STOP_LOSS,7.0,20.0,1767.0,0.49499999999999994,NEU,
f1097b75d5922216,2024-11-07 00:00:00+00:00,2024-11-18 16:00:00,NVDA,S12,6864,145.67,140.47,0.0,-35692.79999999992,-0.2549485714285709,SENTIMENT_EOD_SELL,7.0,20.0,17100.0,0.27030000000000004,NEU,
9acb8faad7c55f47,2024-11-18 09:00:00+00:00,2024-11-18 16:00:00,AVGO,S12,5945,168.19,165.72,0.0,-14684.149999999992,-0.10488678571428567,SENTIMENT_EOD_SELL,7.0,20.0,720.0,0.35391666666666666,NEU,
e9d45881192692ef,2024-11-18 09:00:00+00:00,2024-11-18 16:00:00,TSLA,S12,2964,337.36,338.76,0.0,4149.599999999933,0.02963999999999952,SENTIMENT_EOD_SELL,7.0,20.0,720.0,0.36792,NEU,
865103a4490d6d0d,2024-11-18 13:00:00+00:00,2024-11-18 16:00:00,ADBE,S12,1973,506.68,498.52,0.0,-16099.68000000005,-0.11499771428571465,SENTIMENT_EOD_SELL,7.0,20.0,480.0,0.218475,NEU,
f6f4e760dd6dcb07,2024-11-18 09:30:00+00:00,2024-11-18 16:00:00,CSCO,S12,17379,57.54,57.14,0.0,-6951.599999999975,-0.04965428571428554,SENTIMENT_EOD_SELL,7.0,20.0,690.0,0.35455,NEU,
6105353302a0873c,2024-11-14 00:04:00+00:00,2024-11-19 09:30:00,TSM,S12,5335,187.4222,187.43,0.0,41.61300000001674,0.00029723571428583385,SENTIMENT_MORNING_SELL,7.0,20.0,8066.0,0.34258571428571427,NEU,
1e5136f4e74812c1,2024-11-18 09:16:00+00:00,2024-11-19 09:30:00,ORCL,S12,5448,183.54999999999998,185.66,0.0,11495.280000000075,0.0821091428571434,SENTIMENT_MORNING_SELL,7.0,20.0,1754.0,0.2553,NEU,
de12a2ab59cd4cf5,2024-11-18 09:00:00+00:00,2024-11-19 16:00:00,META,S12,1792,557.91,560.13,0.0,3978.240000000049,0.02841600000000035,SENTIMENT_EOD_SELL,7.0,20.0,2160.0,0.23584,NEU,
29cb09b385ff81cc,2024-11-20 00:00:00+00:00,2024-11-25 14:53:00+00:00,NVDA,S12,6780,147.48999999999998,137.1557,0.0,-70066.5539999999,-7.00678012068614,STOP_LOSS,7.0,20.0,8093.0,0.26891,NEU,
52eb2e36b8888b17,2024-11-20 00:05:00+00:00,2024-11-21 15:36:00+00:00,GOOGL,S12,5617,178.01,165.5393,0.0,-70047.92189999996,-7.005617661929102,STOP_LOSS,7.0,20.0,2371.0,0.41033,NEU,
6cef9f567b66b4bb,2024-11-19 00:19:00+00:00,2024-11-20 16:00:00,ORCL,S12,5385,185.67999999999998,191.09,0.0,29132.850000000133,0.20809178571428666,SENTIMENT_EOD_SELL,7.0,20.0,2681.0,0.55918,NEU,
ae0f30e7f3b76cc8,2024-11-07 00:00:00+00:00,2024-11-20 22:59:00+00:00,AMZN,S12,4851,206.12,202.74,0.0,-16396.37999999998,-0.11711699999999985,BACKTEST_END,7.0,20.0,20099.0,0.41911,NEU,
1eaa3bdb10204280,2024-11-14 00:20:00+00:00,2024-11-20 22:53:00+00:00,QCOM,S12,6230,160.51,153.68800000000002,0.0,-42501.05999999984,-0.3035789999999988,BACKTEST_END,7.0,20.0,9993.0,0.435,NEU,
92add81689b71a91,2024-11-18 09:00:00+00:00,2024-11-20 22:59:00+00:00,AAPL,S12,4424,226.01,228.54000000000002,0.0,11192.72000000013,0.07994800000000093,BACKTEST_END,7.0,20.0,3719.0,0.23441,NEU,
cf24d1f0876470a8,2024-11-19 00:01:00+00:00,2024-11-20 22:59:00+00:00,MSFT,S12,2407,415.37,416.35,0.0,2358.860000000044,0.01684900000000031,BACKTEST_END,7.0,20.0,2818.0,0.49087,NEU,
ae35643f7eeeffad,2024-11-19 00:00:00+00:00,2024-11-21 00:00:00+00:00,AVGO,S12,6033,165.73999999999998,163.3891,0.0,-14182.979699999803,-0.10130699785714145,BACKTEST_END,7.0,20.0,2880.0,0.33023,NEU,
1aaba668a960f8f0,2024-11-19 00:06:00+00:00,2024-11-20 22:45:00+00:00,CSCO,S12,17494,57.160199999999996,57.49,0.0,5769.521200000103,0.04121086571428645,BACKTEST_END,7.0,20.0,2799.0,0.54891,NEU,
cbd0e8ba9afdefb3,2024-11-20 00:03:00+00:00,2024-11-20 22:57:00+00:00,META,S12,1784,560.33,567.94,0.0,13576.240000000023,0.09697314285714302,BACKTEST_END,7.0,20.0,1374.0,0.44279999999999997,NEU,
56511deb7b5db3cd,2024-11-20 00:00:00+00:00,2024-11-21 00:00:00+00:00,TSLA,S12,2901,344.61,342.5799,0.0,-5889.320100000013,-0.042066572142857236,BACKTEST_END,7.0,20.0,1440.0,0.24416,NEU,
080f59d5969597b3,2024-11-20 00:22:00+00:00,2024-11-20 21:26:00+00:00,INTU,S12,1552,644.01,650.59,0.0,10212.160000000064,0.07294400000000045,BACKTEST_END,7.0,20.0,1264.0,0.2856,NEU,
2eb5909542bede6b,2024-11-07 00:00:00+00:00,2024-11-08 09:00:00+00:00,TSM,S13,5189,192.6814,202.30547,0.0,49939.29923000009,4.994810085457142,TAKE_PROFIT,10.0,5.0,1980.0,0.36328,NEU,
05837f0333ebd8ec,2024-11-07 14:30:00+00:00,2024-11-08 16:31:00+00:00,INTU,S13,1534,651.75,684.3275,0.0,49973.88499999998,4.998465669351743,TAKE_PROFIT,10.0,5.0,1561.0,0.4144,NEU,
2d02a1f6db8b7647,2024-11-07 00:00:00+00:00,2024-11-11 14:57:00+00:00,QCOM,S13,5385,185.7,167.12,0.0,-100053.29999999992,-10.005385029617656,STOP_LOSS,10.0,5.0,6657.0,0.42179,NEU,
1699c57a437dad98,2024-11-07 13:00:00+00:00,2024-11-07 16:00:00,ADBE,S13,1970,507.55,500.91,0.0,-13080.799999999974,-0.09343428571428553,SENTIMENT_EOD_SELL,10.0,5.0,480.0,0.25406666666666666,NEU,
b35bf24aae7d282c,2024-11-08 00:00:00+00:00,2024-11-08 15:19:00+00:00,TSLA,S13,3364,297.23,312.08150000000006,0.0,49960.44600000015,4.996635602059026,TAKE_PROFIT,10.0,5.0,919.0,0.39228999999999997,NEU,
2074ba396269c94b,2024-11-08 09:05:00+00:00,2024-11-13 21:05:00+00:00,CSCO,S13,17223,58.059999999999995,60.953,0.0,49826.139000000134,4.982776438167427,TAKE_PROFIT,10.0,5.0,7920.0,0.36834,NEU,
85c7fb21f4d6fd79,2024-11-08 00:02:00+00:00,2024-11-08 16:00:00,AVGO,S13,5446,183.60999999999999,183.68990000000002,0.0,435.1354000002048,0.0031081100000014627,SENTIMENT_EOD_SELL,10.0,5.0,1258.0,0.469525,NEU,
02f10d7de3688320,2024-11-08 00:00:00+00:00,2024-11-11 09:30:00,QCOM,S13,5795,172.54,171.66,0.0,-5099.599999999974,-0.036425714285714096,SENTIMENT_MORNING_SELL,10.0,5.0,5190.0,0.31224285714285716,NEU,
b23c1b8e319f7490,2024-11-11 09:00:00+00:00,2024-11-15 16:38:00+00:00,AVGO,S13,5440,183.82,165.428,0.0,-100052.47999999998,-10.005440104450004,STOP_LOSS,10.0,5.0,6218.0,0.3082333333333333,NEU,
9b1c5756b25a9a78,2024-11-11 09:00:00+00:00,2024-11-11 16:00:00,QCOM,S13,5824,171.67999999999998,168.31,0.0,-19626.87999999986,-0.14019199999999898,SENTIMENT_EOD_SELL,10.0,5.0,720.0,0.425975,NEU,
ccf31f1d32c7cffb,2024-11-12 00:00:00+00:00,2024-11-14 15:12:00+00:00,TSLA,S13,2814,355.28999999999996,319.751,0.0,-100006.74599999997,-10.002814602155983,STOP_LOSS,10.0,5.0,3792.0,0.37039,NEU,
47a54b7211b9ea43,2024-11-12 12:25:00+00:00,2024-11-13 15:33:00+00:00,ADBE,S13,1980,504.90999999999997,530.1455,0.0,49966.29,4.998019449010716,TAKE_PROFIT,10.0,5.0,1628.0,0.5858000000000001,NEU,
05522ff5da78c7e8,2024-11-12 00:13:00+00:00,2024-11-13 21:05:00+00:00,CSCO,S13,17056,58.629999999999995,61.5515,0.0,49829.10400000003,4.982943885382913,TAKE_PROFIT,10.0,5.0,2692.0,0.5686666666666667,NEU,
ab9131902be37f73,2024-11-12 14:30:00+00:00,2024-11-12 16:00:00,INTU,S13,1438,695.01,699.46,0.0,6399.100000000066,0.04570785714285761,SENTIMENT_EOD_SELL,10.0,5.0,390.0,0.3396333333333333,NEU,
ece3c914754ef1dc,2024-11-12 00:30:00+00:00,2024-11-12 16:00:00,QCOM,S13,5951,168.03,163.18110000000001,0.0,-28855.80389999992,-0.2061128849999994,SENTIMENT_EOD_SELL,10.0,5.0,1230.0,0.2963,NEU,
5e60ffbc9cd14acd,2024-11-08 00:02:00+00:00,2024-11-13 09:30:00,TSM,S13,4962,201.5,191.47,0.0,-49768.86000000001,-0.3554918571428572,SENTIMENT_MORNING_SELL,10.0,5.0,8068.0,0.4997,NEU,
88778f89716727d8,2024-11-13 00:00:00+00:00,2024-11-13 14:31:00+00:00,TSLA,S13,3089,323.7005,339.875525,0.0,49964.65222500001,4.996910724574106,TAKE_PROFIT,10.0,5.0,871.0,0.37142,NEU,
1e7382057d866808,2024-11-13 00:01:00+00:00,2024-11-13 21:05:00+00:00,CSCO,S13,17035,58.699999999999996,61.625,0.0,49827.37500000007,4.98296422487224,TAKE_PROFIT,10.0,5.0,1264.0,0.26436000000000004,NEU,
f920cb9f7e9266b6,2024-11-13 00:46:00+00:00,2024-11-14 09:30:00,ADBE,S13,1899,526.54,532.99,0.0,12248.550000000087,0.08748964285714347,SENTIMENT_MORNING_SELL,10.0,5.0,2264.0,0.5181857142857142,NEU,
36952e00df41e78f,2024-11-14 00:50:00+00:00,2024-11-14 16:00:00,ADBE,S13,1876,533.01,529.84,0.0,-5946.919999999924,-0.042477999999999454,SENTIMENT_EOD_SELL,10.0,5.0,1210.0,0.2997,NEU,
81be45ba0c90d392,2024-11-14 14:30:00+00:00,2024-11-14 16:00:00,INTU,S13,1425,701.59,700.75,0.0,-1197.0000000000455,-0.008550000000000325,SENTIMENT_EOD_SELL,10.0,5.0,390.0,0.5341333333333332,NEU,
1dd01d1491e39fcc,2024-11-11 09:01:00+00:00,2024-11-15 09:30:00,META,S13,1697,589.01,576.25,0.0,-21653.719999999983,-0.15466942857142843,SENTIMENT_MORNING_SELL,10.0,5.0,6089.0,0.29430999999999996,NEU,
cc325da6b01917cd,2024-11-07 00:01:00+00:00,2024-11-18 09:30:00,MSFT,S13,2380,419.9955,416.69,0.0,-7867.089999999988,-0.05619349999999992,SENTIMENT_MORNING_SELL,10.0,5.0,16709.0,0.56637,NEU,
106b6e2bcad59a11,2024-11-11 09:00:00+00:00,2024-11-18 09:30:00,AAPL,S13,4401,227.22,225.99,0.0,-5413.229999999955,-0.03866592857142825,SENTIMENT_MORNING_SELL,10.0,5.0,10410.0,0.41615,NEU,
60df45c391560263,2024-11-12 00:52:00+00:00,2024-11-18 09:30:00,ORCL,S13,5296,188.81,183.53,0.0,-27962.880000000005,-0.1997348571428572,SENTIMENT_MORNING_SELL,10.0,5.0,9458.0,0.41104,NEU,
57cb50cfca713798,2024-11-14 00:00:00+00:00,2024-11-18 09:30:00,CSCO,S13,17358,57.61,57.52,0.0,-1562.219999999936,-0.011158714285713828,SENTIMENT_MORNING_SELL,10.0,5.0,6630.0,0.25867999999999997,NEU,
7312746d826efc20,2024-11-18 09:00:00+00:00,2024-11-22 15:56:00+00:00,TSLA,S13,2964,337.36,354.218,0.0,49967.112000000016,4.997035807446053,TAKE_PROFIT,10.0,5.0,6176.0,0.36792,NEU,
c764e578fe9605fc,2024-11-18 09:16:00+00:00,2024-11-21 13:37:00+00:00,ORCL,S13,5448,183.54999999999998,192.7175,0.0,49944.540000000095,4.994551893217117,TAKE_PROFIT,10.0,5.0,4581.0,0.2553,NEU,
81fbfb914afe62ec,2024-11-18 09:00:00+00:00,2024-11-21 21:05:00+00:00,INTU,S13,1451,689.01,620.099,0.0,-99989.86099999992,-10.001451357745163,STOP_LOSS,10.0,5.0,5045.0,0.49499999999999994,NEU,
9319091ac9836970,2024-11-07 00:00:00+00:00,2024-11-18 16:00:00,NVDA,S13,6864,145.67,140.47,0.0,-35692.79999999992,-0.2549485714285709,SENTIMENT_EOD_SELL,10.0,5.0,17100.0,0.27030000000000004,NEU,
3658c0d5e7ba2a89,2024-11-13 00:12:00+00:00,2024-11-18 16:00:00,AVGO,S13,5677,176.13,165.72,0.0,-59097.56999999998,-0.4221254999999998,SENTIMENT_EOD_SELL,10.0,5.0,8448.0,0.2548,NEU,
e83dbf0aa4d10bc3,2024-11-18 13:00:00+00:00,2024-11-18 16:00:00,ADBE,S13,1973,506.68,498.52,0.0,-16099.68000000005,-0.11499771428571465,SENTIMENT_EOD_SELL,10.0,5.0,480.0,0.218475,NEU,
ecf34a9449e26a51,2024-11-18 09:30:00+00:00,2024-11-18 16:00:00,CSCO,S13,17379,57.54,57.14,0.0,-6951.599999999975,-0.04965428571428554,SENTIMENT_EOD_SELL,10.0,5.0,690.0,0.35455,NEU,
1c274e12bb9dc4bd,2024-11-14 00:04:00+00:00,2024-11-19 09:30:00,TSM,S13,5335,187.4222,187.43,0.0,41.61300000001674,0.00029723571428583385,SENTIMENT_MORNING_SELL,10.0,5.0,8066.0,0.34258571428571427,NEU,
7810bb97b9eeb9d9,2024-11-19 00:19:00+00:00,2024-11-21 15:56:00+00:00,ORCL,S13,5385,185.67999999999998,194.954,0.0,49940.49000000016,4.994614390349004,TAKE_PROFIT,10.0,5.0,3817.0,0.55918,NEU,
0a4dd90dd958b803,2024-11-18 09:00:00+00:00,2024-11-19 16:00:00,META,S13,1792,557.91,560.13,0.0,3978.240000000049,0.02841600000000035,SENTIMENT_EOD_SELL,10.0,5.0,2160.0,0.23584,NEU,
99cd034ccbfc5025,2024-11-20 00:00:00+00:00,2024-11-25 14:05:00+00:00,TSLA,S13,2901,344.61,361.83050000000003,0.0,49956.670500000044,4.997098168944609,TAKE_PROFIT,10.0,5.0,8045.0,0.24416,NEU,
62ab1bd3bdc39353,2024-11-20 00:22:00+00:00,2024-11-21 16:29:00+00:00,INTU,S13,1552,644.01,676.2005,0.0,49959.65600000007,4.9984472290803,TAKE_PROFIT,10.0,5.0,2407.0,0.2856,NEU,
8829f7a74dcd591f,2024-11-20 00:02:00+00:00,2024-11-20 16:00:00,ORCL,S13,5286,189.16,191.09,0.0,10201.980000000036,0.07287128571428597,SENTIMENT_EOD_SELL,10.0,5.0,1258.0,0.28353333333333336,NEU,
a28a26d1b7aa69f5,2024-11-07 00:00:00+00:00,2024-11-20 22:59:00+00:00,AMZN,S13,4851,206.12,202.74,0.0,-16396.37999999998,-0.11711699999999985,BACKTEST_END,10.0,5.0,20099.0,0.41911,NEU,
5d786b9f1b56ca2a,2024-11-07 00:15:00+00:00,2024-11-21 00:00:00+00:00,GOOGL,S13,5670,176.35999999999999,176.29000000000002,0.0,-396.8999999998002,-0.0028349999999985726,BACKTEST_END,10.0,5.0,20145.0,0.45425000000000004,NEU,
6e38f9bf9fb5c230,2024-11-14 00:20:00+00:00,2024-11-20 22:53:00+00:00,QCOM,S13,6230,160.51,153.68800000000002,0.0,-42501.05999999984,-0.3035789999999988,BACKTEST_END,10.0,5.0,9993.0,0.435,NEU,
418daf40f040ba12,2024-11-18 09:00:00+00:00,2024-11-20 22:59:00+00:00,AAPL,S13,4424,226.01,228.54000000000002,0.0,11192.72000000013,0.07994800000000093,BACKTEST_END,10.0,5.0,3719.0,0.23441,NEU,
2298e90f8e7d105e,2024-11-19 00:01:00+00:00,2024-11-20 22:59:00+00:00,MSFT,S13,2407,415.37,416.35,0.0,2358.860000000044,0.01684900000000031,BACKTEST_END,10.0,5.0,2818.0,0.49087,NEU,
e217104b8fa64c8c,2024-11-19 00:00:00+00:00,2024-11-21 00:00:00+00:00,AVGO,S13,6033,165.73999999999998,163.3891,0.0,-14182.979699999803,-0.10130699785714145,BACKTEST_END,10.0,5.0,2880.0,0.33023,NEU,
ada4befafc8bc552,2024-11-19 00:06:00+00:00,2024-11-20 22:45:00+00:00,CSCO,S13,17494,57.160199999999996,57.49,0.0,5769.521200000103,0.04121086571428645,BACKTEST_END,10.0,5.0,2799.0,0.54891,NEU,
2a221447d58ea154,2024-11-20 00:00:00+00:00,2024-11-21 00:00:00+00:00,NVDA,S13,6780,147.48999999999998,143.52100000000002,0.0,-26909.819999999767,-0.19221299999999833,BACKTEST_END,10.0,5.0,1440.0,0.26891,NEU,
074bbd2c089ae956,2024-11-20 00:03:00+00:00,2024-11-20 22:57:00+00:00,META,S13,1784,560.33,567.94,0.0,13576.240000000023,0.09697314285714302,BACKTEST_END,10.0,5.0,1374.0,0.44279999999999997,NEU,
c8db9e92384784ee,2024-11-07 00:00:00+00:00,2024-11-11 14:57:00+00:00,QCOM,S14,5385,185.7,167.12,0.0,-100053.29999999992,-10.005385029617656,STOP_LOSS,10.0,8.0,6657.0,0.42179,NEU,
4d20d1d3d26317d2,2024-11-07 13:00:00+00:00,2024-11-07 16:00:00,ADBE,S14,1970,507.55,500.91,0.0,-13080.799999999974,-0.09343428571428553,SENTIMENT_EOD_SELL,10.0,8.0,480.0,0.25406666666666666,NEU,
f00189a3add504e4,2024-11-07 14:30:00+00:00,2024-11-13 14:42:00+00:00,INTU,S14,1534,651.75,703.8800000000001,0.0,79967.42000000017,2.0051432142857184,TAKE_PROFIT,10.0,8.0,8652.0,0.4144,NEU,
d0b4614c20562dec,2024-11-08 00:00:00+00:00,2024-11-08 18:10:00+00:00,TSLA,S14,3364,297.23,320.99840000000006,0.0,79956.89760000014,7.996635602059025,TAKE_PROFIT,10.0,8.0,1090.0,0.39228999999999997,NEU,
fde6de68e6768bf3,2024-11-08 00:02:00+00:00,2024-11-08 16:00:00,AVGO,S14,5446,183.60999999999999,183.68990000000002,0.0,435.1354000002048,0.0031081100000014627,SENTIMENT_EOD_SELL,10.0,8.0,1258.0,0.469525,NEU,
6bba3b787a9eb6e6,2024-11-08 09:05:00+00:00,2024-11-08 16:00:00,CSCO,S14,17223,58.059999999999995,57.97,0.0,-1550.0699999999363,-0.011071928571428117,SENTIMENT_EOD_SELL,10.0,8.0,715.0,0.36834,NEU,
3b6ff3c5d1cbc48b,2024-11-08 00:00:00+00:00,2024-11-11 09:30:00,QCOM,S14,5795,172.54,171.66,0.0,-5099.599999999974,-0.036425714285714096,SENTIMENT_MORNING_SELL,10.0,8.0,5190.0,0.31224285714285716,NEU,
e063d2e13540cfa6,2024-11-11 09:00:00+00:00,2024-11-15 16:38:00+00:00,AVGO,S14,5440,183.82,165.428,0.0,-100052.47999999998,-10.005440104450004,STOP_LOSS,10.0,8.0,6218.0,0.3082333333333333,NEU,
b2cedf65850cf14e,2024-11-11 09:00:00+00:00,2024-11-11 16:00:00,QCOM,S14,5824,171.67999999999998,168.31,0.0,-19626.87999999986,-0.14019199999999898,SENTIMENT_EOD_SELL,10.0,8.0,720.0,0.425975,NEU,
497cfc2c3939eaa5,2024-11-12 00:00:00+00:00,2024-11-14 15:12:00+00:00,TSLA,S14,2814,355.28999999999996,319.751,0.0,-100006.74599999997,-10.002814602155983,STOP_LOSS,10.0,8.0,3792.0,0.37039,NEU,
a4da4dd3649b814f,2024-11-12 14:30:00+00:00,2024-11-12 16:00:00,INTU,S14,1438,695.01,699.46,0.0,6399.100000000066,0.04570785714285761,SENTIMENT_EOD_SELL,10.0,8.0,390.0,0.3396333333333333,NEU,
a7abb7a1abde39a4,2024-11-12 00:30:00+00:00,2024-11-12 16:00:00,QCOM,S14,5951,168.03,163.18110000000001,0.0,-28855.80389999992,-0.2061128849999994,SENTIMENT_EOD_SELL,10.0,8.0,1230.0,0.2963,NEU,
44b1959a67283cfe,2024-11-07 00:00:00+00:00,2024-11-13 09:30:00,TSM,S14,5189,192.6814,191.47,0.0,-6285.954599999987,-0.044899675714285624,SENTIMENT_MORNING_SELL,10.0,8.0,9510.0,0.36328,NEU,
36f4694b97d26dd9,2024-11-12 00:13:00+00:00,2024-11-13 09:30:00,CSCO,S14,17056,58.629999999999995,58.68,0.0,852.8000000000727,0.006091428571429091,SENTIMENT_MORNING_SELL,10.0,8.0,2297.0,0.5686666666666667,NEU,
83843cc3e970a211,2024-11-12 12:25:00+00:00,2024-11-14 09:30:00,ADBE,S14,1980,504.90999999999997,532.99,0.0,55598.40000000008,0.3971314285714292,SENTIMENT_MORNING_SELL,10.0,8.0,3005.0,0.5858000000000001,NEU,
9b47c2d43aa005a4,2024-11-14 00:50:00+00:00,2024-11-14 16:00:00,ADBE,S14,1876,533.01,529.84,0.0,-5946.919999999924,-0.042477999999999454,SENTIMENT_EOD_SELL,10.0,8.0,1210.0,0.2997,NEU,
b99a3ac8c511ad32,2024-11-14 14:30:00+00:00,2024-11-14 16:00:00,INTU,S14,1425,701.59,700.75,0.0,-1197.0000000000455,-0.008550000000000325,SENTIMENT_EOD_SELL,10.0,8.0,390.0,0.5341333333333332,NEU,
78d5984483c65336,2024-11-11 09:01:00+00:00,2024-11-15 09:30:00,META,S14,1697,589.01,576.25,0.0,-21653.719999999983,-0.15466942857142843,SENTIMENT_MORNING_SELL,10.0,8.0,6089.0,0.29430999999999996,NEU,
cbc93f9267f1c97d,2024-11-13 00:00:00+00:00,2024-11-15 09:30:00,TSLA,S14,3089,323.7005,307.09000000000003,0.0,-51309.83449999983,-0.36649881785714167,SENTIMENT_MORNING_SELL,10.0,8.0,3750.0,0.37142,NEU,
1249ba90131c58ee,2024-11-07 00:01:00+00:00,2024-11-18 09:30:00,MSFT,S14,2380,419.9955,416.69,0.0,-7867.089999999988,-0.05619349999999992,SENTIMENT_MORNING_SELL,10.0,8.0,16709.0,0.56637,NEU,
aee46b28d2a0120e,2024-11-11 09:00:00+00:00,2024-11-18 09:30:00,AAPL,S14,4401,227.22,225.99,0.0,-5413.229999999955,-0.03866592857142825,SENTIMENT_MORNING_SELL,10.0,8.0,10410.0,0.41615,NEU,
cb10039f028c3f7e,2024-11-12 00:52:00+00:00,2024-11-18 09:30:00,ORCL,S14,5296,188.81,183.53,0.0,-27962.880000000005,-0.1997348571428572,SENTIMENT_MORNING_SELL,10.0,8.0,9458.0,0.41104,NEU,
0e054a1cb91d3d87,2024-11-13 00:01:00+00:00,2024-11-18 09:30:00,CSCO,S14,17035,58.699999999999996,57.52,0.0,-20101.299999999876,-0.1435807142857134,SENTIMENT_MORNING_SELL,10.0,8.0,8069.0,0.26436000000000004,NEU,
c69e6985db65affa,2024-11-18 09:00:00+00:00,2024-11-21 21:05:00+00:00,INTU,S14,1451,689.01,620.099,0.0,-99989.86099999992,-10.001451357745163,STOP_LOSS,10.0,8.0,5045.0,0.49499999999999994,NEU,
ccf29875f576ab99,2024-11-07 00:00:00+00:00,2024-11-18 16:00:00,NVDA,S14,6864,145.67,140.47,0.0,-35692.79999999992,-0.2549485714285709,SENTIMENT_EOD_SELL,10.0,8.0,17100.0,0.27030000000000004,NEU,
5fe9a1db46ebf61c,2024-11-13 00:12:00+00:00,2024-11-18 16:00:00,AVGO,S14,5677,176.13,165.72,0.0,-59097.56999999998,-0.4221254999999998,SENTIMENT_EOD_SELL,10.0,8.0,8448.0,0.2548,NEU,
936c5929ae3ceec4,2024-11-18 09:00:00+00:00,2024-11-18 16:00:00,TSLA,S14,2964,337.36,338.76,0.0,4149.599999999933,0.02963999999999952,SENTIMENT_EOD_SELL,10.0,8.0,720.0,0.36792,NEU,
3b9d04f3d109f305,2024-11-18 13:00:00+00:00,2024-11-18 16:00:00,ADBE,S14,1973,506.68,498.52,0.0,-16099.68000000005,-0.11499771428571465,SENTIMENT_EOD_SELL,10.0,8.0,480.0,0.218475,NEU,
076620cab0474beb,2024-11-18 09:30:00+00:00,2024-11-18 16:00:00,CSCO,S14,17379,57.54,57.14,0.0,-6951.599999999975,-0.04965428571428554,SENTIMENT_EOD_SELL,10.0,8.0,690.0,0.35455,NEU,
ba852aba1bc18d14,2024-11-14 00:04:00+00:00,2024-11-19 09:30:00,TSM,S14,5335,187.4222,187.43,0.0,41.61300000001674,0.00029723571428583385,SENTIMENT_MORNING_SELL,10.0,8.0,8066.0,0.34258571428571427,NEU,
d505d9ffbb5c6b46,2024-11-18 09:16:00+00:00,2024-11-19 09:30:00,ORCL,S14,5448,183.54999999999998,185.66,0.0,11495.280000000075,0.0821091428571434,SENTIMENT_MORNING_SELL,10.0,8.0,1754.0,0.2553,NEU,
839ec93e2a4db069,2024-11-18 09:00:00+00:00,2024-11-19 16:00:00,META,S14,1792,557.91,560.13,0.0,3978.240000000049,0.02841600000000035,SENTIMENT_EOD_SELL,10.0,8.0,2160.0,0.23584,NEU,
01aa862f15d500f8,2024-11-19 00:19:00+00:00,2024-11-20 09:30:00,ORCL,S14,5385,185.67999999999998,189.14000000000001,0.0,18632.100000000195,0.13308642857142997,SENTIMENT_MORNING_SELL,10.0,8.0,2291.0,0.55918,NEU,
ca2cc07996ac6de9,2024-11-20 00:02:00+00:00,2024-11-20 16:00:00,ORCL,S14,5286,189.16,191.09,0.0,10201.980000000036,0.07287128571428597,SENTIMENT_EOD_SELL,10.0,8.0,1258.0,0.28353333333333336,NEU,
e5930c441a96ec4a,2024-11-07 00:00:00+00:00,2024-11-20 22:59:00+00:00,AMZN,S14,4851,206.12,202.74,0.0,-16396.37999999998,-0.11711699999999985,BACKTEST_END,10.0,8.0,20099.0,0.41911,NEU,
0ab2934d302e24ae,2024-11-07 00:15:00+00:00,2024-11-21 00:00:00+00:00,GOOGL,S14,5670,176.35999999999999,176.29000000000002,0.0,-396.8999999998002,-0.0028349999999985726,BACKTEST_END,10.0,8.0,20145.0,0.45425000000000004,NEU,
c19da7835e188e60,2024-11-14 00:20:00+00:00,2024-11-20 22:53:00+00:00,QCOM,S14,6230,160.51,153.68800000000002,0.0,-42501.05999999984,-0.3035789999999988,BACKTEST_END,10.0,8.0,9993.0,0.435,NEU,
ce63468f2ad0c519,2024-11-18 09:00:00+00:00,2024-11-20 22:59:00+00:00,AAPL,S14,4424,226.01,228.54000000000002,0.0,11192.72000000013,0.07994800000000093,BACKTEST_END,10.0,8.0,3719.0,0.23441,NEU,
d60ae8629e2df168,2024-11-19 00:01:00+00:00,2024-11-20 22:59:00+00:00,MSFT,S14,2407,415.37,416.35,0.0,2358.860000000044,0.01684900000000031,BACKTEST_END,10.0,8.0,2818.0,0.49087,NEU,
3d29f7fbdd760b0c,2024-11-19 00:00:00+00:00,2024-11-21 00:00:00+00:00,AVGO,S14,6033,165.73999999999998,163.3891,0.0,-14182.979699999803,-0.10130699785714145,BACKTEST_END,10.0,8.0,2880.0,0.33023,NEU,
b39d01af55f36891,2024-11-19 00:06:00+00:00,2024-11-20 22:45:00+00:00,CSCO,S14,17494,57.160199999999996,57.49,0.0,5769.521200000103,0.04121086571428645,BACKTEST_END,10.0,8.0,2799.0,0.54891,NEU,
7620096113fb365c,2024-11-20 00:00:00+00:00,2024-11-21 00:00:00+00:00,NVDA,S14,6780,147.48999999999998,143.52100000000002,0.0,-26909.819999999767,-0.19221299999999833,BACKTEST_END,10.0,8.0,1440.0,0.26891,NEU,
d45219754156c297,2024-11-20 00:03:00+00:00,2024-11-20 22:57:00+00:00,META,S14,1784,560.33,567.94,0.0,13576.240000000023,0.09697314285714302,BACKTEST_END,10.0,8.0,1374.0,0.44279999999999997,NEU,
9768b823be530d5d,2024-11-20 00:00:00+00:00,2024-11-21 00:00:00+00:00,TSLA,S14,2901,344.61,342.5799,0.0,-5889.320100000013,-0.042066572142857236,BACKTEST_END,10.0,8.0,1440.0,0.24416,NEU,
2869a1e31d19934a,2024-11-20 00:22:00+00:00,2024-11-20 21:26:00+00:00,INTU,S14,1552,644.01,650.59,0.0,10212.160000000064,0.07294400000000045,BACKTEST_END,10.0,8.0,1264.0,0.2856,NEU,
7571231cca66ddc8,2024-11-07 00:00:00+00:00,2024-11-11 14:57:00+00:00,QCOM,S15,5385,185.7,167.12,0.0,-100053.29999999992,-10.005385029617656,STOP_LOSS,10.0,12.0,6657.0,0.42179,NEU,
f12a6b31ea5a1816,2024-11-07 13:00:00+00:00,2024-11-07 16:00:00,ADBE,S15,1970,507.55,500.91,0.0,-13080.799999999974,-0.09343428571428553,SENTIMENT_EOD_SELL,10.0,12.0,480.0,0.25406666666666666,NEU,
93ed25885ad83812,2024-11-08 00:00:00+00:00,2024-11-11 09:00:00+00:00,TSLA,S15,3364,297.23,332.8876000000001,0.0,119952.1664000002,11.996635602059031,TAKE_PROFIT,10.0,12.0,4860.0,0.39228999999999997,NEU,
250fbf6736d3c247,2024-11-08 00:02:00+00:00,2024-11-08 16:00:00,AVGO,S15,5446,183.60999999999999,183.68990000000002,0.0,435.1354000002048,0.0031081100000014627,SENTIMENT_EOD_SELL,10.0,12.0,1258.0,0.469525,NEU,
52d631b3397fd9b8,2024-11-08 09:05:00+00:00,2024-11-08 16:00:00,CSCO,S15,17223,58.059999999999995,57.97,0.0,-1550.0699999999363,-0.011071928571428117,SENTIMENT_EOD_SELL,10.0,12.0,715.0,0.36834,NEU,
306fd43c8a1d7fcd,2024-11-08 00:00:00+00:00,2024-11-11 09:30:00,QCOM,S15,5795,172.54,171.66,0.0,-5099.599999999974,-0.036425714285714096,SENTIMENT_MORNING_SELL,10.0,12.0,5190.0,0.31224285714285716,NEU,
b4ed4b6d586aecd7,2024-11-11 09:00:00+00:00,2024-11-15 16:38:00+00:00,AVGO,S15,5440,183.82,165.428,0.0,-100052.47999999998,-10.005440104450004,STOP_LOSS,10.0,12.0,6218.0,0.3082333333333333,NEU,
fa4396b55d3a37b4,2024-11-11 09:00:00+00:00,2024-11-11 16:00:00,QCOM,S15,5824,171.67999999999998,168.31,0.0,-19626.87999999986,-0.14019199999999898,SENTIMENT_EOD_SELL,10.0,12.0,720.0,0.425975,NEU,
ae70d2097f9b7327,2024-11-07 14:30:00+00:00,2024-11-12 09:30:00,INTU,S15,1534,651.75,694.99,0.0,66330.16000000002,0.4737868571428573,SENTIMENT_MORNING_SELL,10.0,12.0,7200.0,0.4144,NEU,
bcf8112f68d85e8f,2024-11-12 00:00:00+00:00,2024-11-14 15:12:00+00:00,TSLA,S15,2814,355.28999999999996,319.751,0.0,-100006.74599999997,-10.002814602155983,STOP_LOSS,10.0,12.0,3792.0,0.37039,NEU,
3f21278cafcca15b,2024-11-12 14:30:00+00:00,2024-11-12 16:00:00,INTU,S15,1438,695.01,699.46,0.0,6399.100000000066,0.04570785714285761,SENTIMENT_EOD_SELL,10.0,12.0,390.0,0.3396333333333333,NEU,
29b96f281241c576,2024-11-12 00:30:00+00:00,2024-11-12 16:00:00,QCOM,S15,5951,168.03,163.18110000000001,0.0,-28855.80389999992,-0.2061128849999994,SENTIMENT_EOD_SELL,10.0,12.0,1230.0,0.2963,NEU,
3711ff16ab3a39d3,2024-11-07 00:00:00+00:00,2024-11-13 09:30:00,TSM,S15,5189,192.6814,191.47,0.0,-6285.954599999987,-0.044899675714285624,SENTIMENT_MORNING_SELL,10.0,12.0,9510.0,0.36328,NEU,
6cb0000a0d606c5a,2024-11-12 00:13:00+00:00,2024-11-13 09:30:00,CSCO,S15,17056,58.629999999999995,58.68,0.0,852.8000000000727,0.006091428571429091,SENTIMENT_MORNING_SELL,10.0,12.0,2297.0,0.5686666666666667,NEU,
3ce9c59b5ecdfe97,2024-11-12 12:25:00+00:00,2024-11-14 09:30:00,ADBE,S15,1980,504.90999999999997,532.99,0.0,55598.40000000008,0.3971314285714292,SENTIMENT_MORNING_SELL,10.0,12.0,3005.0,0.5858000000000001,NEU,
38ca60c87cb67384,2024-11-14 00:50:00+00:00,2024-11-14 16:00:00,ADBE,S15,1876,533.01,529.84,0.0,-5946.919999999924,-0.042477999999999454,SENTIMENT_EOD_SELL,10.0,12.0,1210.0,0.2997,NEU,
a748056158367949,2024-11-14 14:30:00+00:00,2024-11-14 16:00:00,INTU,S15,1425,701.59,700.75,0.0,-1197.0000000000455,-0.008550000000000325,SENTIMENT_EOD_SELL,10.0,12.0,390.0,0.5341333333333332,NEU,
3269087a738b88f3,2024-11-11 09:01:00+00:00,2024-11-15 09:30:00,META,S15,1697,589.01,576.25,0.0,-21653.719999999983,-0.15466942857142843,SENTIMENT_MORNING_SELL,10.0,12.0,6089.0,0.29430999999999996,NEU,
fd679a98c9a23c6b,2024-11-13 00:00:00+00:00,2024-11-15 09:30:00,TSLA,S15,3089,323.7005,307.09000000000003,0.0,-51309.83449999983,-0.36649881785714167,SENTIMENT_MORNING_SELL,10.0,12.0,3750.0,0.37142,NEU,
58fb1518bb1e8184,2024-11-07 00:01:00+00:00,2024-11-18 09:30:00,MSFT,S15,2380,419.9955,416.69,0.0,-7867.089999999988,-0.05619349999999992,SENTIMENT_MORNING_SELL,10.0,12.0,16709.0,0.56637,NEU,
cebba84f4741d6d6,2024-11-11 09:00:00+00:00,2024-11-18 09:30:00,AAPL,S15,4401,227.22,225.99,0.0,-5413.229999999955,-0.03866592857142825,SENTIMENT_MORNING_SELL,10.0,12.0,10410.0,0.41615,NEU,
41c03de9f1fc6957,2024-11-12 00:52:00+00:00,2024-11-18 09:30:00,ORCL,S15,5296,188.81,183.53,0.0,-27962.880000000005,-0.1997348571428572,SENTIMENT_MORNING_SELL,10.0,12.0,9458.0,0.41104,NEU,
5c876413bc00578f,2024-11-13 00:01:00+00:00,2024-11-18 09:30:00,CSCO,S15,17035,58.699999999999996,57.52,0.0,-20101.299999999876,-0.1435807142857134,SENTIMENT_MORNING_SELL,10.0,12.0,8069.0,0.26436000000000004,NEU,
5484d8eceb4f7a29,2024-11-18 09:00:00+00:00,2024-11-21 21:05:00+00:00,INTU,S15,1451,689.01,620.099,0.0,-99989.86099999992,-10.001451357745163,STOP_LOSS,10.0,12.0,5045.0,0.49499999999999994,NEU,
95642cae28299f3c,2024-11-07 00:00:00+00:00,2024-11-18 16:00:00,NVDA,S15,6864,145.67,140.47,0.0,-35692.79999999992,-0.2549485714285709,SENTIMENT_EOD_SELL,10.0,12.0,17100.0,0.27030000000000004,NEU,
cda43f19e10ebeb3,2024-11-13 00:12:00+00:00,2024-11-18 16:00:00,AVGO,S15,5677,176.13,165.72,0.0,-59097.56999999998,-0.4221254999999998,SENTIMENT_EOD_SELL,10.0,12.0,8448.0,0.2548,NEU,
f32140a47262b425,2024-11-18 09:00:00+00:00,2024-11-18 16:00:00,TSLA,S15,2964,337.36,338.76,0.0,4149.599999999933,0.02963999999999952,SENTIMENT_EOD_SELL,10.0,12.0,720.0,0.36792,NEU,
2cad1a5ab3faaf1b,2024-11-18 13:00:00+00:00,2024-11-18 16:00:00,ADBE,S15,1973,506.68,498.52,0.0,-16099.68000000005,-0.11499771428571465,SENTIMENT_EOD_SELL,10.0,12.0,480.0,0.218475,NEU,
cd93dfaadcbfb69c,2024-11-18 09:30:00+00:00,2024-11-18 16:00:00,CSCO,S15,17379,57.54,57.14,0.0,-6951.599999999975,-0.04965428571428554,SENTIMENT_EOD_SELL,10.0,12.0,690.0,0.35455,NEU,
05065ac26fc68e04,2024-11-14 00:04:00+00:00,2024-11-19 09:30:00,TSM,S15,5335,187.4222,187.43,0.0,41.61300000001674,0.00029723571428583385,SENTIMENT_MORNING_SELL,10.0,12.0,8066.0,0.34258571428571427,NEU,
fee2d35f4641f343,2024-11-18 09:16:00+00:00,2024-11-19 09:30:00,ORCL,S15,5448,183.54999999999998,185.66,0.0,11495.280000000075,0.0821091428571434,SENTIMENT_MORNING_SELL,10.0,12.0,1754.0,0.2553,NEU,
0f3b5ae4a124076d,2024-11-18 09:00:00+00:00,2024-11-19 16:00:00,META,S15,1792,557.91,560.13,0.0,3978.240000000049,0.02841600000000035,SENTIMENT_EOD_SELL,10.0,12.0,2160.0,0.23584,NEU,
d54a04e43e66660e,2024-11-19 00:19:00+00:00,2024-11-20 09:30:00,ORCL,S15,5385,185.67999999999998,189.14000000000001,0.0,18632.100000000195,0.13308642857142997,SENTIMENT_MORNING_SELL,10.0,12.0,2291.0,0.55918,NEU,
03472840d74bee67,2024-11-20 00:02:00+00:00,2024-11-20 16:00:00,ORCL,S15,5286,189.16,191.09,0.0,10201.980000000036,0.07287128571428597,SENTIMENT_EOD_SELL,10.0,12.0,1258.0,0.28353333333333336,NEU,
e5bf524ddc6990cc,2024-11-07 00:00:00+00:00,2024-11-20 22:59:00+00:00,AMZN,S15,4851,206.12,202.74,0.0,-16396.37999999998,-0.11711699999999985,BACKTEST_END,10.0,12.0,20099.0,0.41911,NEU,
85f3a9d433a22acc,2024-11-07 00:15:00+00:00,2024-11-21 00:00:00+00:00,GOOGL,S15,5670,176.35999999999999,176.29000000000002,0.0,-396.8999999998002,-0.0028349999999985726,BACKTEST_END,10.0,12.0,20145.0,0.45425000000000004,NEU,
ece37ba04d2635b0,2024-11-14 00:20:00+00:00,2024-11-20 22:53:00+00:00,QCOM,S15,6230,160.51,153.68800000000002,0.0,-42501.05999999984,-0.3035789999999988,BACKTEST_END,10.0,12.0,9993.0,0.435,NEU,
c3bd89dd8e271391,2024-11-18 09:00:00+00:00,2024-11-20 22:59:00+00:00,AAPL,S15,4424,226.01,228.54000000000002,0.0,11192.72000000013,0.07994800000000093,BACKTEST_END,10.0,12.0,3719.0,0.23441,NEU,
e935c60026a50760,2024-11-19 00:01:00+00:00,2024-11-20 22:59:00+00:00,MSFT,S15,2407,415.37,416.35,0.0,2358.860000000044,0.01684900000000031,BACKTEST_END,10.0,12.0,2818.0,0.49087,NEU,
a93b929b51d6db4c,2024-11-19 00:00:00+00:00,2024-11-21 00:00:00+00:00,AVGO,S15,6033,165.73999999999998,163.3891,0.0,-14182.979699999803,-0.10130699785714145,BACKTEST_END,10.0,12.0,2880.0,0.33023,NEU,
a6e143541ef46989,2024-11-19 00:06:00+00:00,2024-11-20 22:45:00+00:00,CSCO,S15,17494,57.160199999999996,57.49,0.0,5769.521200000103,0.04121086571428645,BACKTEST_END,10.0,12.0,2799.0,0.54891,NEU,
7804707d6750c62c,2024-11-20 00:00:00+00:00,2024-11-21 00:00:00+00:00,NVDA,S15,6780,147.48999999999998,143.52100000000002,0.0,-26909.819999999767,-0.19221299999999833,BACKTEST_END,10.0,12.0,1440.0,0.26891,NEU,
fc044883c2a2d53b,2024-11-20 00:03:00+00:00,2024-11-20 22:57:00+00:00,META,S15,1784,560.33,567.94,0.0,13576.240000000023,0.09697314285714302,BACKTEST_END,10.0,12.0,1374.0,0.44279999999999997,NEU,
92aa08af0f2e77a1,2024-11-20 00:00:00+00:00,2024-11-21 00:00:00+00:00,TSLA,S15,2901,344.61,342.5799,0.0,-5889.320100000013,-0.042066572142857236,BACKTEST_END,10.0,12.0,1440.0,0.24416,NEU,
0253d0dd7308fdfd,2024-11-20 00:22:00+00:00,2024-11-20 21:26:00+00:00,INTU,S15,1552,644.01,650.59,0.0,10212.160000000064,0.07294400000000045,BACKTEST_END,10.0,12.0,1264.0,0.2856,NEU,
be93795401cca015,2024-11-07 00:00:00+00:00,2024-11-11 14:57:00+00:00,QCOM,S16,5385,185.7,167.12,0.0,-100053.29999999992,-10.005385029617656,STOP_LOSS,10.0,20.0,6657.0,0.42179,NEU,
e11becf64de0858a,2024-11-07 13:00:00+00:00,2024-11-07 16:00:00,ADBE,S16,1970,507.55,500.91,0.0,-13080.799999999974,-0.09343428571428553,SENTIMENT_EOD_SELL,10.0,20.0,480.0,0.25406666666666666,NEU,
d2b93396c77c4bf8,2024-11-08 00:00:00+00:00,2024-11-11 16:22:00+00:00,TSLA,S16,3364,297.23,356.666,0.0,199942.70399999994,19.996635602059005,TAKE_PROFIT,10.0,20.0,5302.0,0.39228999999999997,NEU,
e5aa44e1f843e3c4,2024-11-08 00:02:00+00:00,2024-11-08 16:00:00,AVGO,S16,5446,183.60999999999999,183.68990000000002,0.0,435.1354000002048,0.0031081100000014627,SENTIMENT_EOD_SELL,10.0,20.0,1258.0,0.469525,NEU,
38c4169064a2bf2c,2024-11-08 09:05:00+00:00,2024-11-08 16:00:00,CSCO,S16,17223,58.059999999999995,57.97,0.0,-1550.0699999999363,-0.011071928571428117,SENTIMENT_EOD_SELL,10.0,20.0,715.0,0.36834,NEU,
112a2202238be906,2024-11-08 00:00:00+00:00,2024-11-11 09:30:00,QCOM,S16,5795,172.54,171.66,0.0,-5099.599999999974,-0.036425714285714096,SENTIMENT_MORNING_SELL,10.0,20.0,5190.0,0.31224285714285716,NEU,
7f9038b77e119c43,2024-11-11 09:00:00+00:00,2024-11-15 16:38:00+00:00,AVGO,S16,5440,183.82,165.428,0.0,-100052.47999999998,-10.005440104450004,STOP_LOSS,10.0,20.0,6218.0,0.3082333333333333,NEU,
61cf39232befc974,2024-11-11 09:00:00+00:00,2024-11-11 16:00:00,QCOM,S16,5824,171.67999999999998,168.31,0.0,-19626.87999999986,-0.14019199999999898,SENTIMENT_EOD_SELL,10.0,20.0,720.0,0.425975,NEU,
df10d83be725a9d0,2024-11-07 14:30:00+00:00,2024-11-12 09:30:00,INTU,S16,1534,651.75,694.99,0.0,66330.16000000002,0.4737868571428573,SENTIMENT_MORNING_SELL,10.0,20.0,7200.0,0.4144,NEU,
d1ecccdbfc2d7f27,2024-11-12 00:00:00+00:00,2024-11-14 15:12:00+00:00,TSLA,S16,2814,355.28999999999996,319.751,0.0,-100006.74599999997,-10.002814602155983,STOP_LOSS,10.0,20.0,3792.0,0.37039,NEU,
e284ca2d27ed01c4,2024-11-12 14:30:00+00:00,2024-11-12 16:00:00,INTU,S16,1438,695.01,699.46,0.0,6399.100000000066,0.04570785714285761,SENTIMENT_EOD_SELL,10.0,20.0,390.0,0.3396333333333333,NEU,
35693116e2664ada,2024-11-12 00:30:00+00:00,2024-11-12 16:00:00,QCOM,S16,5951,168.03,163.18110000000001,0.0,-28855.80389999992,-0.2061128849999994,SENTIMENT_EOD_SELL,10.0,20.0,1230.0,0.2963,NEU,
d02ed46b441e0ecd,2024-11-07 00:00:00+00:00,2024-11-13 09:30:00,TSM,S16,5189,192.6814,191.47,0.0,-6285.954599999987,-0.044899675714285624,SENTIMENT_MORNING_SELL,10.0,20.0,9510.0,0.36328,NEU,
3f85424ac372e620,2024-11-12 00:13:00+00:00,2024-11-13 09:30:00,CSCO,S16,17056,58.629999999999995,58.68,0.0,852.8000000000727,0.006091428571429091,SENTIMENT_MORNING_SELL,10.0,20.0,2297.0,0.5686666666666667,NEU,
dd847134dacccb9e,2024-11-12 12:25:00+00:00,2024-11-14 09:30:00,ADBE,S16,1980,504.90999999999997,532.99,0.0,55598.40000000008,0.3971314285714292,SENTIMENT_MORNING_SELL,10.0,20.0,3005.0,0.5858000000000001,NEU,
73e417e09721508d,2024-11-14 00:50:00+00:00,2024-11-14 16:00:00,ADBE,S16,1876,533.01,529.84,0.0,-5946.919999999924,-0.042477999999999454,SENTIMENT_EOD_SELL,10.0,20.0,1210.0,0.2997,NEU,
aeb1b25d67197db4,2024-11-14 14:30:00+00:00,2024-11-14 16:00:00,INTU,S16,1425,701.59,700.75,0.0,-1197.0000000000455,-0.008550000000000325,SENTIMENT_EOD_SELL,10.0,20.0,390.0,0.5341333333333332,NEU,
b862f2b2d50288d5,2024-11-11 09:01:00+00:00,2024-11-15 09:30:00,META,S16,1697,589.01,576.25,0.0,-21653.719999999983,-0.15466942857142843,SENTIMENT_MORNING_SELL,10.0,20.0,6089.0,0.29430999999999996,NEU,
deb10ca4bddf38d2,2024-11-13 00:00:00+00:00,2024-11-15 09:30:00,TSLA,S16,3089,323.7005,307.09000000000003,0.0,-51309.83449999983,-0.36649881785714167,SENTIMENT_MORNING_SELL,10.0,20.0,3750.0,0.37142,NEU,
05a452c809100117,2024-11-07 00:01:00+00:00,2024-11-18 09:30:00,MSFT,S16,2380,419.9955,416.69,0.0,-7867.089999999988,-0.05619349999999992,SENTIMENT_MORNING_SELL,10.0,20.0,16709.0,0.56637,NEU,
385c3101e4fc38fe,2024-11-11 09:00:00+00:00,2024-11-18 09:30:00,AAPL,S16,4401,227.22,225.99,0.0,-5413.229999999955,-0.03866592857142825,SENTIMENT_MORNING_SELL,10.0,20.0,10410.0,0.41615,NEU,
484b415873cef6cc,2024-11-12 00:52:00+00:00,2024-11-18 09:30:00,ORCL,S16,5296,188.81,183.53,0.0,-27962.880000000005,-0.1997348571428572,SENTIMENT_MORNING_SELL,10.0,20.0,9458.0,0.41104,NEU,
7664be7e62089087,2024-11-13 00:01:00+00:00,2024-11-18 09:30:00,CSCO,S16,17035,58.699999999999996,57.52,0.0,-20101.299999999876,-0.1435807142857134,SENTIMENT_MORNING_SELL,10.0,20.0,8069.0,0.26436000000000004,NEU,
73e219b54daa305e,2024-11-18 09:00:00+00:00,2024-11-21 21:05:00+00:00,INTU,S16,1451,689.01,620.099,0.0,-99989.86099999992,-10.001451357745163,STOP_LOSS,10.0,20.0,5045.0,0.49499999999999994,NEU,
b699f4cc98b81c02,2024-11-07 00:00:00+00:00,2024-11-18 16:00:00,NVDA,S16,6864,145.67,140.47,0.0,-35692.79999999992,-0.2549485714285709,SENTIMENT_EOD_SELL,10.0,20.0,17100.0,0.27030000000000004,NEU,
9bc471db67785acd,2024-11-13 00:12:00+00:00,2024-11-18 16:00:00,AVGO,S16,5677,176.13,165.72,0.0,-59097.56999999998,-0.4221254999999998,SENTIMENT_EOD_SELL,10.0,20.0,8448.0,0.2548,NEU,
5a97dde2b9c9ef70,2024-11-18 09:00:00+00:00,2024-11-18 16:00:00,TSLA,S16,2964,337.36,338.76,0.0,4149.599999999933,0.02963999999999952,SENTIMENT_EOD_SELL,10.0,20.0,720.0,0.36792,NEU,
c377a92134ab0bed,2024-11-18 13:00:00+00:00,2024-11-18 16:00:00,ADBE,S16,1973,506.68,498.52,0.0,-16099.68000000005,-0.11499771428571465,SENTIMENT_EOD_SELL,10.0,20.0,480.0,0.218475,NEU,
688593a2d71727b8,2024-11-18 09:30:00+00:00,2024-11-18 16:00:00,CSCO,S16,17379,57.54,57.14,0.0,-6951.599999999975,-0.04965428571428554,SENTIMENT_EOD_SELL,10.0,20.0,690.0,0.35455,NEU,
029393b008bde78c,2024-11-14 00:04:00+00:00,2024-11-19 09:30:00,TSM,S16,5335,187.4222,187.43,0.0,41.61300000001674,0.00029723571428583385,SENTIMENT_MORNING_SELL,10.0,20.0,8066.0,0.34258571428571427,NEU,
482cf464fce1db28,2024-11-18 09:16:00+00:00,2024-11-19 09:30:00,ORCL,S16,5448,183.54999999999998,185.66,0.0,11495.280000000075,0.0821091428571434,SENTIMENT_MORNING_SELL,10.0,20.0,1754.0,0.2553,NEU,
ff9cfdf3a3a065a7,2024-11-18 09:00:00+00:00,2024-11-19 16:00:00,META,S16,1792,557.91,560.13,0.0,3978.240000000049,0.02841600000000035,SENTIMENT_EOD_SELL,10.0,20.0,2160.0,0.23584,NEU,
7fa50016e3c14e4d,2024-11-19 00:19:00+00:00,2024-11-20 09:30:00,ORCL,S16,5385,185.67999999999998,189.14000000000001,0.0,18632.100000000195,0.13308642857142997,SENTIMENT_MORNING_SELL,10.0,20.0,2291.0,0.55918,NEU,
98273c0e8d050b38,2024-11-20 00:02:00+00:00,2024-11-20 16:00:00,ORCL,S16,5286,189.16,191.09,0.0,10201.980000000036,0.07287128571428597,SENTIMENT_EOD_SELL,10.0,20.0,1258.0,0.28353333333333336,NEU,
f9c90197778e7b1d,2024-11-07 00:00:00+00:00,2024-11-20 22:59:00+00:00,AMZN,S16,4851,206.12,202.74,0.0,-16396.37999999998,-0.11711699999999985,BACKTEST_END,10.0,20.0,20099.0,0.41911,NEU,
b8482d70f50bc7a0,2024-11-07 00:15:00+00:00,2024-11-21 00:00:00+00:00,GOOGL,S16,5670,176.35999999999999,176.29000000000002,0.0,-396.8999999998002,-0.0028349999999985726,BACKTEST_END,10.0,20.0,20145.0,0.45425000000000004,NEU,
8030fa8af878ebed,2024-11-14 00:20:00+00:00,2024-11-20 22:53:00+00:00,QCOM,S16,6230,160.51,153.68800000000002,0.0,-42501.05999999984,-0.3035789999999988,BACKTEST_END,10.0,20.0,9993.0,0.435,NEU,
b8ab6bd9c3e01f71,2024-11-18 09:00:00+00:00,2024-11-20 22:59:00+00:00,AAPL,S16,4424,226.01,228.54000000000002,0.0,11192.72000000013,0.07994800000000093,BACKTEST_END,10.0,20.0,3719.0,0.23441,NEU,
9366575204ae0220,2024-11-19 00:01:00+00:00,2024-11-20 22:59:00+00:00,MSFT,S16,2407,415.37,416.35,0.0,2358.860000000044,0.01684900000000031,BACKTEST_END,10.0,20.0,2818.0,0.49087,NEU,
384c96042e46a4d0,2024-11-19 00:00:00+00:00,2024-11-21 00:00:00+00:00,AVGO,S16,6033,165.73999999999998,163.3891,0.0,-14182.979699999803,-0.10130699785714145,BACKTEST_END,10.0,20.0,2880.0,0.33023,NEU,
7b2466474725523f,2024-11-19 00:06:00+00:00,2024-11-20 22:45:00+00:00,CSCO,S16,17494,57.160199999999996,57.49,0.0,5769.521200000103,0.04121086571428645,BACKTEST_END,10.0,20.0,2799.0,0.54891,NEU,
604a10a97ae34f37,2024-11-20 00:00:00+00:00,2024-11-21 00:00:00+00:00,NVDA,S16,6780,147.48999999999998,143.52100000000002,0.0,-26909.819999999767,-0.19221299999999833,BACKTEST_END,10.0,20.0,1440.0,0.26891,NEU,
cfa202be6f7fd80b,2024-11-20 00:03:00+00:00,2024-11-20 22:57:00+00:00,META,S16,1784,560.33,567.94,0.0,13576.240000000023,0.09697314285714302,BACKTEST_END,10.0,20.0,1374.0,0.44279999999999997,NEU,
bb11cfad35bd72f7,2024-11-20 00:00:00+00:00,2024-11-21 00:00:00+00:00,TSLA,S16,2901,344.61,342.5799,0.0,-5889.320100000013,-0.042066572142857236,BACKTEST_END,10.0,20.0,1440.0,0.24416,NEU,
d799966a5415b71d,2024-11-20 00:22:00+00:00,2024-11-20 21:26:00+00:00,INTU,S16,1552,644.01,650.59,0.0,10212.160000000064,0.07294400000000045,BACKTEST_END,10.0,20.0,1264.0,0.2856,NEU,
fb3026810cb0392e,2024-11-07 00:00:00+00:00,2024-11-08 09:00:00+00:00,TSM,S17,5189,192.6814,204.23228400000002,0.0,59937.53707600013,5.9948100854571456,TAKE_PROFIT,4.0,6.0,1980.0,0.36328,NEU,
5792a71caf635a75,2024-11-07 14:30:00+00:00,2024-11-11 15:39:00+00:00,INTU,S17,1534,651.75,690.845,0.0,59971.73000000004,5.998465669351749,TAKE_PROFIT,4.0,6.0,5829.0,0.4144,NEU,
d79e3c0809018237,2024-11-07 00:00:00+00:00,2024-11-07 14:31:00+00:00,QCOM,S17,5385,185.7,178.262,0.0,-40053.62999999994,-4.005385029617657,STOP_LOSS,4.0,6.0,871.0,0.42179,NEU,
89a6ad4b5be281ea,2024-11-07 13:00:00+00:00,2024-11-07 16:00:00,ADBE,S17,1970,507.55,500.91,0.0,-13080.799999999974,-0.09343428571428553,SENTIMENT_EOD_SELL,4.0,6.0,480.0,0.25406666666666666,NEU,
363993ed80e90a5b,2024-11-08 00:02:00+00:00,2024-11-12 15:46:00+00:00,AVGO,S17,5446,183.60999999999999,176.2556,0.0,-40052.06239999999,-4.005446326452806,STOP_LOSS,4.0,6.0,6704.0,0.469525,NEU,
016b9bbd42c02074,2024-11-08 00:02:00+00:00,2024-11-11 14:57:00+00:00,TSM,S17,4962,201.5,193.43,0.0,-40043.33999999997,-4.004962779156324,STOP_LOSS,4.0,6.0,5215.0,0.4997,NEU,
8a442c7c5b835efc,2024-11-08 00:00:00+00:00,2024-11-08 15:31:00+00:00,TSLA,S17,3364,297.23,315.0538,0.0,59959.263200000016,5.996635602059013,TAKE_PROFIT,4.0,6.0,931.0,0.39228999999999997,NEU,
edb9ac99b7de5ac8,2024-11-08 09:05:00+00:00,2024-11-13 21:05:00+00:00,CSCO,S17,17223,58.059999999999995,61.5336,0.0,59825.81280000008,5.982776438167422,TAKE_PROFIT,4.0,6.0,7920.0,0.36834,NEU,
9d22f14d006c4e5f,2024-11-08 00:00:00+00:00,2024-11-12 14:47:00+00:00,QCOM,S17,5795,172.54,165.6284,0.0,-40052.72199999996,-4.005795757505502,STOP_LOSS,4.0,6.0,6647.0,0.31224285714285716,NEU,
f636806e33b3bc2d,2024-11-11 09:01:00+00:00,2024-11-15 15:03:00+00:00,META,S17,1697,589.01,565.4395999999999,0.0,-39998.968800000104,-4.0016977640447635,STOP_LOSS,4.0,6.0,6122.0,0.29430999999999996,NEU,
ff65f5d1565986d9,2024-11-11 09:00:00+00:00,2024-11-12 15:43:00+00:00,AVGO,S17,5440,183.82,176.4572,0.0,-40053.63199999996,-4.005440104450002,STOP_LOSS,4.0,6.0,1843.0,0.3082333333333333,NEU,
a24484065badecdd,2024-11-11 09:00:00+00:00,2024-11-11 15:04:00+00:00,TSM,S17,4986,200.56,192.5276,0.0,-40049.54639999998,-4.004986039090544,STOP_LOSS,4.0,6.0,364.0,0.34712,NEU,
fc1335767dfd3511,2024-11-11 09:00:00+00:00,2024-11-12 16:15:00+00:00,QCOM,S17,5824,171.67999999999998,164.8028,0.0,-40052.81279999993,-4.005824790307543,STOP_LOSS,4.0,6.0,1875.0,0.425975,NEU,
36641e52467bb767,2024-11-12 00:00:00+00:00,2024-11-15 17:03:00+00:00,META,S17,1716,582.43,559.1228,0.0,-39995.15519999994,-4.001716944525517,STOP_LOSS,4.0,6.0,5343.0,0.24077,NEU,
b8a530f004829001,2024-11-12 00:00:00+00:00,2024-11-12 10:02:00+00:00,TSLA,S17,2814,355.28999999999996,341.06839999999994,0.0,-40019.582400000065,-4.0028146021559925,STOP_LOSS,4.0,6.0,602.0,0.37039,NEU,
9a9a7c993b7218f4,2024-11-12 12:25:00+00:00,2024-11-13 16:26:00+00:00,ADBE,S17,1980,504.90999999999997,535.1946,0.0,59963.50800000013,5.998019449010728,TAKE_PROFIT,4.0,6.0,1681.0,0.5858000000000001,NEU,
eddf98195fb87259,2024-11-12 00:13:00+00:00,2024-11-14 09:42:00+00:00,CSCO,S17,17056,58.629999999999995,56.2748,0.0,-40170.29119999994,-4.017056114617085,STOP_LOSS,4.0,6.0,3449.0,0.5686666666666667,NEU,
659776a3b697fb42,2024-11-12 00:30:00+00:00,2024-11-13 14:59:00+00:00,QCOM,S17,5951,168.03,161.2988,0.0,-40057.37120000001,-4.005951318216986,STOP_LOSS,4.0,6.0,2309.0,0.2963,NEU,
8399b95672caade4,2024-11-12 14:30:00+00:00,2024-11-12 16:00:00,INTU,S17,1438,695.01,699.46,0.0,6399.100000000066,0.04570785714285761,SENTIMENT_EOD_SELL,4.0,6.0,390.0,0.3396333333333333,NEU,
d8080cd9e8d7df93,2024-11-07 00:00:00+00:00,2024-11-18 09:17:00+00:00,NVDA,S17,6864,145.67,139.8332,0.0,-40063.79519999988,-0.24810569142857067,STOP_LOSS,4.0,6.0,16397.0,0.27030000000000004,NEU,
42dc1945903990f3,2024-11-13 00:12:00+00:00,2024-11-15 09:14:00+00:00,AVGO,S17,5677,176.13,169.0748,0.0,-40052.37039999991,-4.0056776244819075,STOP_LOSS,4.0,6.0,3422.0,0.2548,NEU,
4f9b49bc19d1cac5,2024-11-13 00:00:00+00:00,2024-11-13 14:32:00+00:00,TSLA,S17,3089,323.7005,343.11253,0.0,59963.76067000005,5.99691072457411,TAKE_PROFIT,4.0,6.0,872.0,0.37142,NEU,
abab0ddb010b4079,2024-11-13 00:46:00+00:00,2024-11-15 15:35:00+00:00,ADBE,S17,1899,526.54,505.4684,0.0,-40014.96839999998,-4.001899190944656,STOP_LOSS,4.0,6.0,3769.0,0.5181857142857142,NEU,
8c2d4222d2b3525b,2024-11-13 00:01:00+00:00,2024-11-14 09:42:00+00:00,CSCO,S17,17035,58.699999999999996,56.342,0.0,-40168.52999999995,-4.017035775127764,STOP_LOSS,4.0,6.0,2021.0,0.26436000000000004,NEU,
dee078c7a1e76816,2024-11-14 00:00:00+00:00,2024-11-15 18:24:00+00:00,NVDA,S17,6822,146.57,140.6972,0.0,-40064.24159999989,-4.006822678583601,STOP_LOSS,4.0,6.0,2544.0,0.38283,NEU,
612c9d762b39059e,2024-11-14 00:18:00+00:00,2024-11-15 15:42:00+00:00,AVGO,S17,5760,173.59,166.6364,0.0,-40052.73599999997,-4.0057607005011775,STOP_LOSS,4.0,6.0,2364.0,0.3423857142857143,NEU,
84ed5394e0b927cb,2024-11-14 00:50:00+00:00,2024-11-15 14:43:00+00:00,ADBE,S17,1876,533.01,511.6796,0.0,-40015.83039999999,-4.001876137408303,STOP_LOSS,4.0,6.0,2273.0,0.2997,NEU,
2dcdfe0733db3ea3,2024-11-14 14:30:00+00:00,2024-11-19 11:03:00+00:00,INTU,S17,1425,701.59,673.5164,0.0,-40004.88000000008,-4.0014253338844705,STOP_LOSS,4.0,6.0,6993.0,0.5341333333333332,NEU,
b86f3a8b40c3c19c,2024-11-14 00:20:00+00:00,2024-11-20 15:30:00+00:00,QCOM,S17,6230,160.51,154.0796,0.0,-40061.39199999995,-0.28615279999999965,STOP_LOSS,4.0,6.0,9550.0,0.435,NEU,
39914dc50a14ddc1,2024-11-15 00:00:00+00:00,2024-11-15 18:47:00+00:00,NVDA,S17,6827,146.45999999999998,140.59159999999997,0.0,-40063.56680000006,-4.006827802813062,STOP_LOSS,4.0,6.0,1127.0,0.31007,NEU,
630db68d5c53aff1,2024-11-07 00:01:00+00:00,2024-11-18 09:30:00,MSFT,S17,2380,419.9955,416.69,0.0,-7867.089999999988,-0.05619349999999992,SENTIMENT_MORNING_SELL,4.0,6.0,16709.0,0.56637,NEU,
4bea1cd54dbfd785,2024-11-11 09:00:00+00:00,2024-11-18 09:30:00,AAPL,S17,4401,227.22,225.99,0.0,-5413.229999999955,-0.03866592857142825,SENTIMENT_MORNING_SELL,4.0,6.0,10410.0,0.41615,NEU,
e32b3e562f118c18,2024-11-12 00:52:00+00:00,2024-11-18 09:30:00,ORCL,S17,5296,188.81,183.53,0.0,-27962.880000000005,-0.1997348571428572,SENTIMENT_MORNING_SELL,4.0,6.0,9458.0,0.41104,NEU,
2aa1dffcdd379c8b,2024-11-14 00:00:00+00:00,2024-11-18 09:30:00,CSCO,S17,17358,57.61,57.52,0.0,-1562.219999999936,-0.011158714285713828,SENTIMENT_MORNING_SELL,4.0,6.0,6630.0,0.25867999999999997,NEU,
00cfe7b9b00d0287,2024-11-07 00:00:00+00:00,2024-11-21 16:09:00+00:00,AMZN,S17,4851,206.12,197.86520000000002,0.0,-40044.03479999994,-0.4025394257142852,STOP_LOSS,4.0,6.0,21129.0,0.41911,NEU,
974d8d4e9bbf4d7d,2024-11-07 00:15:00+00:00,2024-11-21 14:36:00+00:00,GOOGL,S17,5670,176.35999999999999,169.29559999999998,0.0,-40055.14800000004,-0.2447814600000002,STOP_LOSS,4.0,6.0,21021.0,0.45425000000000004,NEU,
4db503e127f2b0a1,2024-11-18 09:00:00+00:00,2024-11-21 14:31:00+00:00,NVDA,S17,7002,142.81,151.36860000000001,0.0,59927.317200000085,5.992997689237456,TAKE_PROFIT,4.0,6.0,4651.0,0.36107999999999996,NEU,
1ceb2879a4e2f437,2024-11-18 09:00:00+00:00,2024-11-20 15:20:00+00:00,AVGO,S17,5945,168.19,161.4524,0.0,-40055.03199999992,-4.005945656697774,STOP_LOSS,4.0,6.0,3260.0,0.35391666666666666,NEU,
deb15796e659b49e,2024-11-18 09:00:00+00:00,2024-11-22 16:14:00+00:00,TSLA,S17,2964,337.36,357.5916,0.0,59966.46240000004,5.997035807446056,TAKE_PROFIT,4.0,6.0,6194.0,0.36792,NEU,
bbe58d7da73b29d1,2024-11-18 09:16:00+00:00,2024-11-21 15:51:00+00:00,ORCL,S17,5448,183.54999999999998,194.553,0.0,59944.34400000008,5.994551893217116,TAKE_PROFIT,4.0,6.0,4715.0,0.2553,NEU,
9223b24d8897d54f,2024-11-18 09:00:00+00:00,2024-11-19 13:40:00+00:00,INTU,S17,1451,689.01,661.4395999999999,0.0,-40004.65040000009,-4.00145135774518,STOP_LOSS,4.0,6.0,1720.0,0.49499999999999994,NEU,
45abc3cfc7ed3411,2024-11-18 09:00:00+00:00,2024-11-20 15:05:00+00:00,QCOM,S17,6152,162.53,156.0188,0.0,-40056.90240000001,-4.006152710268875,STOP_LOSS,4.0,6.0,3245.0,0.37035,NEU,
2d9a7fc29ba9bc45,2024-11-18 13:00:00+00:00,2024-11-18 16:00:00,ADBE,S17,1973,506.68,498.52,0.0,-16099.68000000005,-0.11499771428571465,SENTIMENT_EOD_SELL,4.0,6.0,480.0,0.218475,NEU,
3ef25c08623edfa7,2024-11-18 09:30:00+00:00,2024-11-18 16:00:00,CSCO,S17,17379,57.54,57.14,0.0,-6951.599999999975,-0.04965428571428554,SENTIMENT_EOD_SELL,4.0,6.0,690.0,0.35455,NEU,
583bc8a3030a3a2a,2024-11-14 00:04:00+00:00,2024-11-19 09:30:00,TSM,S17,5335,187.4222,187.43,0.0,41.61300000001674,0.00029723571428583385,SENTIMENT_MORNING_SELL,4.0,6.0,8066.0,0.34258571428571427,NEU,
00e8b10ec0945f0d,2024-11-19 00:37:00+00:00,2024-11-20 14:50:00+00:00,QCOM,S17,6078,164.51,157.9196,0.0,-40056.45119999993,-4.006078657832344,STOP_LOSS,4.0,6.0,2293.0,0.33782,NEU,
dc8d73b4be919081,2024-11-18 09:00:00+00:00,2024-11-19 16:00:00,META,S17,1792,557.91,560.13,0.0,3978.240000000049,0.02841600000000035,SENTIMENT_EOD_SELL,4.0,6.0,2160.0,0.23584,NEU,
076ffb8f0f3c8c11,2024-11-19 00:19:00+00:00,2024-11-20 09:30:00,ORCL,S17,5385,185.67999999999998,189.14000000000001,0.0,18632.100000000195,0.13308642857142997,SENTIMENT_MORNING_SELL,4.0,6.0,2291.0,0.55918,NEU,
5269325a74fd222b,2024-11-20 00:00:00+00:00,2024-11-20 21:20:00+00:00,NVDA,S17,6780,147.48999999999998,141.5804,0.0,-40067.08799999989,-4.0067801206861375,STOP_LOSS,4.0,6.0,1280.0,0.26891,NEU,
a7e927bd26a3450f,2024-11-20 00:05:00+00:00,2024-11-21 14:33:00+00:00,GOOGL,S17,5617,178.01,170.87959999999998,0.0,-40051.45680000005,-4.005617661929111,STOP_LOSS,4.0,6.0,2308.0,0.41033,NEU,
77a968a4974d490a,2024-11-20 00:22:00+00:00,2024-11-21 21:05:00+00:00,INTU,S17,1552,644.01,618.2396,0.0,-39995.66079999999,-4.001552770919705,STOP_LOSS,4.0,6.0,2683.0,0.2856,NEU,
ed36b0d9945c3437,2024-11-20 00:02:00+00:00,2024-11-20 16:00:00,ORCL,S17,5286,189.16,191.09,0.0,10201.980000000036,0.07287128571428597,SENTIMENT_EOD_SELL,4.0,6.0,1258.0,0.28353333333333336,NEU,
34e305756ab854c8,2024-11-18 09:00:00+00:00,2024-11-20 22:59:00+00:00,AAPL,S17,4424,226.01,228.54000000000002,0.0,11192.72000000013,0.07994800000000093,BACKTEST_END,4.0,6.0,3719.0,0.23441,NEU,
c1c20ab3d1b5b19e,2024-11-19 00:01:00+00:00,2024-11-20 22:59:00+00:00,MSFT,S17,2407,415.37,416.35,0.0,2358.860000000044,0.01684900000000031,BACKTEST_END,4.0,6.0,2818.0,0.49087,NEU,
d3f5980b8a048588,2024-11-19 00:01:00+00:00,2024-11-20 22:59:00+00:00,AMZN,S17,4960,201.57999999999998,202.74,0.0,5753.600000000124,0.04109714285714375,BACKTEST_END,4.0,6.0,2818.0,0.49631,NEU,
be7d471cf1d662d3,2024-11-19 00:00:00+00:00,2024-11-21 00:00:00+00:00,AVGO,S17,6033,165.73999999999998,163.3891,0.0,-14182.979699999803,-0.10130699785714145,BACKTEST_END,4.0,6.0,2880.0,0.33023,NEU,
2b32e17abebbbf29,2024-11-19 00:06:00+00:00,2024-11-20 22:45:00+00:00,CSCO,S17,17494,57.160199999999996,57.49,0.0,5769.521200000103,0.04121086571428645,BACKTEST_END,4.0,6.0,2799.0,0.54891,NEU,
b601ef7577f07fa6,2024-11-20 00:03:00+00:00,2024-11-20 22:57:00+00:00,META,S17,1784,560.33,567.94,0.0,13576.240000000023,0.09697314285714302,BACKTEST_END,4.0,6.0,1374.0,0.44279999999999997,NEU,
0a1b36ce1d115e49,2024-11-20 00:00:00+00:00,2024-11-21 00:00:00+00:00,TSLA,S17,2901,344.61,342.5799,0.0,-5889.320100000013,-0.042066572142857236,BACKTEST_END,4.0,6.0,1440.0,0.24416,NEU,
ec8f9a85c9600087,2024-11-07 00:00:00+00:00,2024-11-07 15:22:00+00:00,QCOM,S18,5385,185.7,174.548,0.0,-60053.51999999993,-6.005385029617657,STOP_LOSS,6.0,9.0,922.0,0.42179,NEU,
cfc16f0e7868298b,2024-11-07 13:00:00+00:00,2024-11-07 16:00:00,ADBE,S18,1970,507.55,500.91,0.0,-13080.799999999974,-0.09343428571428553,SENTIMENT_EOD_SELL,6.0,9.0,480.0,0.25406666666666666,NEU,
99d99e823d25e873,2024-11-07 14:30:00+00:00,2024-11-13 15:29:00+00:00,INTU,S18,1534,651.75,710.3975,0.0,89965.26500000006,2.255834196428573,TAKE_PROFIT,6.0,9.0,8699.0,0.4144,NEU,
5cfb801b997b86db,2024-11-08 00:00:00+00:00,2024-11-08 18:38:00+00:00,TSLA,S18,3364,297.23,323.9707000000001,0.0,89955.7148000002,8.996635602059031,TAKE_PROFIT,6.0,9.0,1118.0,0.39228999999999997,NEU,
89777b50d41e85cc,2024-11-08 00:00:00+00:00,2024-11-12 17:58:00+00:00,QCOM,S18,5795,172.54,162.17759999999998,0.0,-60050.108000000044,-6.005795757505511,STOP_LOSS,6.0,9.0,6838.0,0.31224285714285716,NEU,
db9762f22380b662,2024-11-08 00:02:00+00:00,2024-11-08 16:00:00,AVGO,S18,5446,183.60999999999999,183.68990000000002,0.0,435.1354000002048,0.0031081100000014627,SENTIMENT_EOD_SELL,6.0,9.0,1258.0,0.469525,NEU,
643ffb039fafa15f,2024-11-08 09:05:00+00:00,2024-11-08 16:00:00,CSCO,S18,17223,58.059999999999995,57.97,0.0,-1550.0699999999363,-0.011071928571428117,SENTIMENT_EOD_SELL,6.0,9.0,715.0,0.36834,NEU,
8c5e5ba417d01264,2024-11-11 09:01:00+00:00,2024-11-15 18:33:00+00:00,META,S18,1697,589.01,553.6594,0.0,-59989.968199999974,-6.001697764044751,STOP_LOSS,6.0,9.0,6332.0,0.29430999999999996,NEU,
58cb2d0ea9049072,2024-11-11 09:00:00+00:00,2024-11-13 16:05:00+00:00,AVGO,S18,5440,183.82,172.7808,0.0,-60053.24799999996,-6.0054401044500025,STOP_LOSS,6.0,9.0,3305.0,0.3082333333333333,NEU,
17a8ad772b1a6e61,2024-11-11 09:00:00+00:00,2024-11-13 14:53:00+00:00,QCOM,S18,5824,171.67999999999998,161.36919999999998,0.0,-60050.099200000004,-6.005824790307551,STOP_LOSS,6.0,9.0,3233.0,0.425975,NEU,
7c1593c17e680ced,2024-11-12 00:00:00+00:00,2024-11-12 10:03:00+00:00,TSLA,S18,2814,355.28999999999996,333.96259999999995,0.0,-60015.303600000036,-6.002814602155989,STOP_LOSS,6.0,9.0,603.0,0.37039,NEU,
2b894e66d8a77ce3,2024-11-12 14:30:00+00:00,2024-11-12 16:00:00,INTU,S18,1438,695.01,699.46,0.0,6399.100000000066,0.04570785714285761,SENTIMENT_EOD_SELL,6.0,9.0,390.0,0.3396333333333333,NEU,
8d30b7fd2efe6436,2024-11-12 00:30:00+00:00,2024-11-12 16:00:00,QCOM,S18,5951,168.03,163.18110000000001,0.0,-28855.80389999992,-0.2061128849999994,SENTIMENT_EOD_SELL,6.0,9.0,1230.0,0.2963,NEU,
66c160b91ad71909,2024-11-07 00:00:00+00:00,2024-11-13 09:30:00,TSM,S18,5189,192.6814,191.47,0.0,-6285.954599999987,-0.044899675714285624,SENTIMENT_MORNING_SELL,6.0,9.0,9510.0,0.36328,NEU,
8244a916c8e00a08,2024-11-12 00:13:00+00:00,2024-11-13 09:30:00,CSCO,S18,17056,58.629999999999995,58.68,0.0,852.8000000000727,0.006091428571429091,SENTIMENT_MORNING_SELL,6.0,9.0,2297.0,0.5686666666666667,NEU,
e77987aba54ae454,2024-11-13 00:12:00+00:00,2024-11-15 16:37:00+00:00,AVGO,S18,5677,176.13,165.5522,0.0,-60050.170599999976,-6.005677624481915,STOP_LOSS,6.0,9.0,3865.0,0.2548,NEU,
bb582a3dbe323984,2024-11-13 00:00:00+00:00,2024-11-15 09:02:00+00:00,TSLA,S18,3089,323.7005,304.26847,0.0,-60025.540669999995,-6.0030892754258955,STOP_LOSS,6.0,9.0,3422.0,0.37142,NEU,
cbc80f46fa0bebfa,2024-11-12 12:25:00+00:00,2024-11-14 09:30:00,ADBE,S18,1980,504.90999999999997,532.99,0.0,55598.40000000008,0.3971314285714292,SENTIMENT_MORNING_SELL,6.0,9.0,3005.0,0.5858000000000001,NEU,
14c6965ea4eb2ea0,2024-11-14 00:18:00+00:00,2024-11-18 14:33:00+00:00,AVGO,S18,5760,173.59,163.1646,0.0,-60050.303999999975,-6.005760700501178,STOP_LOSS,6.0,9.0,6615.0,0.3423857142857143,NEU,
4d331376a0751675,2024-11-14 00:50:00+00:00,2024-11-15 15:49:00+00:00,ADBE,S18,1876,533.01,501.01939999999996,0.0,-60014.365600000056,-6.00187613740831,STOP_LOSS,6.0,9.0,2339.0,0.2997,NEU,
aee27515a749c47b,2024-11-14 14:30:00+00:00,2024-11-19 13:58:00+00:00,INTU,S18,1425,701.59,659.4846,0.0,-60000.19500000004,-6.001425333884467,STOP_LOSS,6.0,9.0,7168.0,0.5341333333333332,NEU,
430f909856fa729c,2024-11-12 00:00:00+00:00,2024-11-15 09:30:00,META,S18,1716,582.43,576.25,0.0,-10604.879999999914,-0.07574914285714224,SENTIMENT_MORNING_SELL,6.0,9.0,5190.0,0.24077,NEU,
239865224d5130d5,2024-11-07 00:01:00+00:00,2024-11-18 09:30:00,MSFT,S18,2380,419.9955,416.69,0.0,-7867.089999999988,-0.05619349999999992,SENTIMENT_MORNING_SELL,6.0,9.0,16709.0,0.56637,NEU,
388ef1107451097e,2024-11-11 09:00:00+00:00,2024-11-18 09:30:00,AAPL,S18,4401,227.22,225.99,0.0,-5413.229999999955,-0.03866592857142825,SENTIMENT_MORNING_SELL,6.0,9.0,10410.0,0.41615,NEU,
d6b7300ca68919cc,2024-11-12 00:52:00+00:00,2024-11-18 09:30:00,ORCL,S18,5296,188.81,183.53,0.0,-27962.880000000005,-0.1997348571428572,SENTIMENT_MORNING_SELL,6.0,9.0,9458.0,0.41104,NEU,
24901e44a730aeee,2024-11-13 00:01:00+00:00,2024-11-18 09:30:00,CSCO,S18,17035,58.699999999999996,57.52,0.0,-20101.299999999876,-0.1435807142857134,SENTIMENT_MORNING_SELL,6.0,9.0,8069.0,0.26436000000000004,NEU,
0dfbe38d9780b848,2024-11-07 00:15:00+00:00,2024-11-21 15:29:00+00:00,GOOGL,S18,5670,176.35999999999999,165.76839999999999,0.0,-60054.371999999996,-0.47132620000000003,STOP_LOSS,6.0,9.0,21074.0,0.45425000000000004,NEU,
bc83e849a8b249ff,2024-11-18 09:00:00+00:00,2024-11-19 14:25:00+00:00,INTU,S18,1451,689.01,647.6594,0.0,-59999.72059999998,-6.001451357745168,STOP_LOSS,6.0,9.0,1765.0,0.49499999999999994,NEU,
730f150b0c868f63,2024-11-07 00:00:00+00:00,2024-11-18 16:00:00,NVDA,S18,6864,145.67,140.47,0.0,-35692.79999999992,-0.2549485714285709,SENTIMENT_EOD_SELL,6.0,9.0,17100.0,0.27030000000000004,NEU,
d7761205b8af72c3,2024-11-18 09:00:00+00:00,2024-11-18 16:00:00,AVGO,S18,5945,168.19,165.72,0.0,-14684.149999999992,-0.10488678571428567,SENTIMENT_EOD_SELL,6.0,9.0,720.0,0.35391666666666666,NEU,
fabefcdeaf415fc5,2024-11-18 09:00:00+00:00,2024-11-18 16:00:00,TSLA,S18,2964,337.36,338.76,0.0,4149.599999999933,0.02963999999999952,SENTIMENT_EOD_SELL,6.0,9.0,720.0,0.36792,NEU,
f303b2032aa46861,2024-11-18 13:00:00+00:00,2024-11-18 16:00:00,ADBE,S18,1973,506.68,498.52,0.0,-16099.68000000005,-0.11499771428571465,SENTIMENT_EOD_SELL,6.0,9.0,480.0,0.218475,NEU,
9a1b6766e31048a4,2024-11-18 09:30:00+00:00,2024-11-18 16:00:00,CSCO,S18,17379,57.54,57.14,0.0,-6951.599999999975,-0.04965428571428554,SENTIMENT_EOD_SELL,6.0,9.0,690.0,0.35455,NEU,
705e21c1d1e73ec0,2024-11-14 00:04:00+00:00,2024-11-19 09:30:00,TSM,S18,5335,187.4222,187.43,0.0,41.61300000001674,0.00029723571428583385,SENTIMENT_MORNING_SELL,6.0,9.0,8066.0,0.34258571428571427,NEU,
441d0473b9c91a51,2024-11-18 09:16:00+00:00,2024-11-19 09:30:00,ORCL,S18,5448,183.54999999999998,185.66,0.0,11495.280000000075,0.0821091428571434,SENTIMENT_MORNING_SELL,6.0,9.0,1754.0,0.2553,NEU,
ec408c4036eaabf3,2024-11-18 09:00:00+00:00,2024-11-19 16:00:00,META,S18,1792,557.91,560.13,0.0,3978.240000000049,0.02841600000000035,SENTIMENT_EOD_SELL,6.0,9.0,2160.0,0.23584,NEU,
ef5653707a202d03,2024-11-19 00:19:00+00:00,2024-11-20 09:30:00,ORCL,S18,5385,185.67999999999998,189.14000000000001,0.0,18632.100000000195,0.13308642857142997,SENTIMENT_MORNING_SELL,6.0,9.0,2291.0,0.55918,NEU,
4d64d0c6487deaa7,2024-11-20 00:00:00+00:00,2024-11-20 21:20:00+00:00,NVDA,S18,6780,147.48999999999998,138.6306,0.0,-60066.73199999996,-6.006780120686145,STOP_LOSS,6.0,9.0,1280.0,0.26891,NEU,
fe4b3135ea37ec22,2024-11-20 00:05:00+00:00,2024-11-21 14:46:00+00:00,GOOGL,S18,5617,178.01,167.3194,0.0,-60049.10019999994,-6.0056176619291,STOP_LOSS,6.0,9.0,2321.0,0.41033,NEU,
a0542eb1e9cf73db,2024-11-20 00:22:00+00:00,2024-11-21 21:05:00+00:00,INTU,S18,1552,644.01,605.3593999999999,0.0,-59985.73120000008,-6.001552770919714,STOP_LOSS,6.0,9.0,2683.0,0.2856,NEU,
7b91e066563d88e3,2024-11-20 00:02:00+00:00,2024-11-20 16:00:00,ORCL,S18,5286,189.16,191.09,0.0,10201.980000000036,0.07287128571428597,SENTIMENT_EOD_SELL,6.0,9.0,1258.0,0.28353333333333336,NEU,
0caa56d575482bdb,2024-11-07 00:00:00+00:00,2024-11-20 22:59:00+00:00,AMZN,S18,4851,206.12,202.74,0.0,-16396.37999999998,-0.11711699999999985,BACKTEST_END,6.0,9.0,20099.0,0.41911,NEU,
a7f171ba87857af9,2024-11-14 00:20:00+00:00,2024-11-20 22:53:00+00:00,QCOM,S18,6230,160.51,153.68800000000002,0.0,-42501.05999999984,-0.3035789999999988,BACKTEST_END,6.0,9.0,9993.0,0.435,NEU,
b4f8b809410f5ca7,2024-11-18 09:00:00+00:00,2024-11-20 22:59:00+00:00,AAPL,S18,4424,226.01,228.54000000000002,0.0,11192.72000000013,0.07994800000000093,BACKTEST_END,6.0,9.0,3719.0,0.23441,NEU,
e1db59ce4d3ad17f,2024-11-19 00:01:00+00:00,2024-11-20 22:59:00+00:00,MSFT,S18,2407,415.37,416.35,0.0,2358.860000000044,0.01684900000000031,BACKTEST_END,6.0,9.0,2818.0,0.49087,NEU,
3ce329814d1377cb,2024-11-19 00:00:00+00:00,2024-11-21 00:00:00+00:00,AVGO,S18,6033,165.73999999999998,163.3891,0.0,-14182.979699999803,-0.10130699785714145,BACKTEST_END,6.0,9.0,2880.0,0.33023,NEU,
d460b4135e0daa03,2024-11-19 00:06:00+00:00,2024-11-20 22:45:00+00:00,CSCO,S18,17494,57.160199999999996,57.49,0.0,5769.521200000103,0.04121086571428645,BACKTEST_END,6.0,9.0,2799.0,0.54891,NEU,
d8244df3cb3d58ff,2024-11-20 00:03:00+00:00,2024-11-20 22:57:00+00:00,META,S18,1784,560.33,567.94,0.0,13576.240000000023,0.09697314285714302,BACKTEST_END,6.0,9.0,1374.0,0.44279999999999997,NEU,
ea9308309714df03,2024-11-20 00:00:00+00:00,2024-11-21 00:00:00+00:00,TSLA,S18,2901,344.61,342.5799,0.0,-5889.320100000013,-0.042066572142857236,BACKTEST_END,6.0,9.0,1440.0,0.24416,NEU,
7139be893199c1e1,2024-11-07 00:00:00+00:00,2024-11-08 14:34:00+00:00,QCOM,S19,5385,185.7,170.834,0.0,-80053.40999999992,-8.005385029617655,STOP_LOSS,8.0,15.0,2314.0,0.42179,NEU,
728e28e09a1c7357,2024-11-07 13:00:00+00:00,2024-11-07 16:00:00,ADBE,S19,1970,507.55,500.91,0.0,-13080.799999999974,-0.09343428571428553,SENTIMENT_EOD_SELL,8.0,15.0,480.0,0.25406666666666666,NEU,
690198f46ef66c5e,2024-11-08 00:00:00+00:00,2024-11-11 09:52:00+00:00,TSLA,S19,3364,297.23,341.8045,0.0,149948.618,14.996635602059008,TAKE_PROFIT,8.0,15.0,4912.0,0.39228999999999997,NEU,
137fc283c246dcc5,2024-11-08 00:02:00+00:00,2024-11-08 16:00:00,AVGO,S19,5446,183.60999999999999,183.68990000000002,0.0,435.1354000002048,0.0031081100000014627,SENTIMENT_EOD_SELL,8.0,15.0,1258.0,0.469525,NEU,
2c0f01a64743aed9,2024-11-08 09:05:00+00:00,2024-11-08 16:00:00,CSCO,S19,17223,58.059999999999995,57.97,0.0,-1550.0699999999363,-0.011071928571428117,SENTIMENT_EOD_SELL,8.0,15.0,715.0,0.36834,NEU,
18eb42ed092ac79e,2024-11-08 00:00:00+00:00,2024-11-11 09:30:00,QCOM,S19,5795,172.54,171.66,0.0,-5099.599999999974,-0.036425714285714096,SENTIMENT_MORNING_SELL,8.0,15.0,5190.0,0.31224285714285716,NEU,
0218b7aecaaa351f,2024-11-11 09:00:00+00:00,2024-11-15 09:14:00+00:00,AVGO,S19,5440,183.82,169.1044,0.0,-80052.86399999997,-8.005440104450003,STOP_LOSS,8.0,15.0,5774.0,0.3082333333333333,NEU,
dd0629e2e5afee35,2024-11-11 09:00:00+00:00,2024-11-11 16:00:00,QCOM,S19,5824,171.67999999999998,168.31,0.0,-19626.87999999986,-0.14019199999999898,SENTIMENT_EOD_SELL,8.0,15.0,720.0,0.425975,NEU,
6f25a5c94222bb1f,2024-11-07 14:30:00+00:00,2024-11-12 09:30:00,INTU,S19,1534,651.75,694.99,0.0,66330.16000000002,0.4737868571428573,SENTIMENT_MORNING_SELL,8.0,15.0,7200.0,0.4144,NEU,
3d7f54431850c7c3,2024-11-12 00:00:00+00:00,2024-11-12 18:01:00+00:00,TSLA,S19,2814,355.28999999999996,326.85679999999996,0.0,-80011.0248,-8.002814602155986,STOP_LOSS,8.0,15.0,1081.0,0.37039,NEU,
b7572461a40ae8fc,2024-11-12 14:30:00+00:00,2024-11-12 16:00:00,INTU,S19,1438,695.01,699.46,0.0,6399.100000000066,0.04570785714285761,SENTIMENT_EOD_SELL,8.0,15.0,390.0,0.3396333333333333,NEU,
df1b0e2aa05c0dff,2024-11-12 00:30:00+00:00,2024-11-12 16:00:00,QCOM,S19,5951,168.03,163.18110000000001,0.0,-28855.80389999992,-0.2061128849999994,SENTIMENT_EOD_SELL,8.0,15.0,1230.0,0.2963,NEU,
610de37f8fdba243,2024-11-07 00:00:00+00:00,2024-11-13 09:30:00,TSM,S19,5189,192.6814,191.47,0.0,-6285.954599999987,-0.044899675714285624,SENTIMENT_MORNING_SELL,8.0,15.0,9510.0,0.36328,NEU,
1fbce076b43e44d8,2024-11-12 00:13:00+00:00,2024-11-13 09:30:00,CSCO,S19,17056,58.629999999999995,58.68,0.0,852.8000000000727,0.006091428571429091,SENTIMENT_MORNING_SELL,8.0,15.0,2297.0,0.5686666666666667,NEU,
42245d399c542c26,2024-11-12 12:25:00+00:00,2024-11-14 09:30:00,ADBE,S19,1980,504.90999999999997,532.99,0.0,55598.40000000008,0.3971314285714292,SENTIMENT_MORNING_SELL,8.0,15.0,3005.0,0.5858000000000001,NEU,
0238e5dbac7cd138,2024-11-14 14:30:00+00:00,2024-11-19 14:25:00+00:00,INTU,S19,1425,701.59,645.4528,0.0,-79995.51000000001,-8.001425333884464,STOP_LOSS,8.0,15.0,7195.0,0.5341333333333332,NEU,
ac8a573fccc1acf8,2024-11-14 00:50:00+00:00,2024-11-14 16:00:00,ADBE,S19,1876,533.01,529.84,0.0,-5946.919999999924,-0.042477999999999454,SENTIMENT_EOD_SELL,8.0,15.0,1210.0,0.2997,NEU,
f8ed605ef8d813fc,2024-11-11 09:01:00+00:00,2024-11-15 09:30:00,META,S19,1697,589.01,576.25,0.0,-21653.719999999983,-0.15466942857142843,SENTIMENT_MORNING_SELL,8.0,15.0,6089.0,0.29430999999999996,NEU,
b9713ecaa98fa20b,2024-11-13 00:00:00+00:00,2024-11-15 09:30:00,TSLA,S19,3089,323.7005,307.09000000000003,0.0,-51309.83449999983,-0.36649881785714167,SENTIMENT_MORNING_SELL,8.0,15.0,3750.0,0.37142,NEU,
979ded68b19b03ef,2024-11-13 00:12:00+00:00,2024-11-20 15:17:00+00:00,AVGO,S19,5677,176.13,162.02960000000002,0.0,-80047.97079999988,-0.627467799999999,STOP_LOSS,8.0,15.0,10985.0,0.2548,NEU,
1a9e39d97116c347,2024-11-07 00:01:00+00:00,2024-11-18 09:30:00,MSFT,S19,2380,419.9955,416.69,0.0,-7867.089999999988,-0.05619349999999992,SENTIMENT_MORNING_SELL,8.0,15.0,16709.0,0.56637,NEU,
f0d78e524064c1d9,2024-11-11 09:00:00+00:00,2024-11-18 09:30:00,AAPL,S19,4401,227.22,225.99,0.0,-5413.229999999955,-0.03866592857142825,SENTIMENT_MORNING_SELL,8.0,15.0,10410.0,0.41615,NEU,
76973c3be8b1f747,2024-11-12 00:52:00+00:00,2024-11-18 09:30:00,ORCL,S19,5296,188.81,183.53,0.0,-27962.880000000005,-0.1997348571428572,SENTIMENT_MORNING_SELL,8.0,15.0,9458.0,0.41104,NEU,
9103e0a40764c9d0,2024-11-13 00:01:00+00:00,2024-11-18 09:30:00,CSCO,S19,17035,58.699999999999996,57.52,0.0,-20101.299999999876,-0.1435807142857134,SENTIMENT_MORNING_SELL,8.0,15.0,8069.0,0.26436000000000004,NEU,
30365b9d2571722d,2024-11-18 09:00:00+00:00,2024-11-19 14:28:00+00:00,INTU,S19,1451,689.01,633.8792000000001,0.0,-79994.79079999987,-8.001451357745157,STOP_LOSS,8.0,15.0,1768.0,0.49499999999999994,NEU,
6a41f5847d6cb063,2024-11-07 00:00:00+00:00,2024-11-18 16:00:00,NVDA,S19,6864,145.67,140.47,0.0,-35692.79999999992,-0.2549485714285709,SENTIMENT_EOD_SELL,8.0,15.0,17100.0,0.27030000000000004,NEU,
00e8c8dc3798dce5,2024-11-18 09:00:00+00:00,2024-11-18 16:00:00,AVGO,S19,5945,168.19,165.72,0.0,-14684.149999999992,-0.10488678571428567,SENTIMENT_EOD_SELL,8.0,15.0,720.0,0.35391666666666666,NEU,
9cd99316b4eceb79,2024-11-18 09:00:00+00:00,2024-11-18 16:00:00,TSLA,S19,2964,337.36,338.76,0.0,4149.599999999933,0.02963999999999952,SENTIMENT_EOD_SELL,8.0,15.0,720.0,0.36792,NEU,
9a7a9ef45375ed41,2024-11-18 13:00:00+00:00,2024-11-18 16:00:00,ADBE,S19,1973,506.68,498.52,0.0,-16099.68000000005,-0.11499771428571465,SENTIMENT_EOD_SELL,8.0,15.0,480.0,0.218475,NEU,
87a6c0fe6b646685,2024-11-18 09:30:00+00:00,2024-11-18 16:00:00,CSCO,S19,17379,57.54,57.14,0.0,-6951.599999999975,-0.04965428571428554,SENTIMENT_EOD_SELL,8.0,15.0,690.0,0.35455,NEU,
29fe4292657dfcd9,2024-11-14 00:04:00+00:00,2024-11-19 09:30:00,TSM,S19,5335,187.4222,187.43,0.0,41.61300000001674,0.00029723571428583385,SENTIMENT_MORNING_SELL,8.0,15.0,8066.0,0.34258571428571427,NEU,
d1f2d1a8a74b10dd,2024-11-18 09:16:00+00:00,2024-11-19 09:30:00,ORCL,S19,5448,183.54999999999998,185.66,0.0,11495.280000000075,0.0821091428571434,SENTIMENT_MORNING_SELL,8.0,15.0,1754.0,0.2553,NEU,
2aaa72d8b408cb1d,2024-11-18 09:00:00+00:00,2024-11-19 16:00:00,META,S19,1792,557.91,560.13,0.0,3978.240000000049,0.02841600000000035,SENTIMENT_EOD_SELL,8.0,15.0,2160.0,0.23584,NEU,
352dedfc54d26519,2024-11-19 00:19:00+00:00,2024-11-20 09:30:00,ORCL,S19,5385,185.67999999999998,189.14000000000001,0.0,18632.100000000195,0.13308642857142997,SENTIMENT_MORNING_SELL,8.0,15.0,2291.0,0.55918,NEU,
ed5d5eeb5c5c8865,2024-11-20 00:00:00+00:00,2024-11-25 21:00:00+00:00,NVDA,S19,6780,147.48999999999998,135.6808,0.0,-80066.37599999983,-8.006780120686132,STOP_LOSS,8.0,15.0,8460.0,0.26891,NEU,
3e6eece1a6cf64d8,2024-11-20 00:02:00+00:00,2024-11-20 16:00:00,ORCL,S19,5286,189.16,191.09,0.0,10201.980000000036,0.07287128571428597,SENTIMENT_EOD_SELL,8.0,15.0,1258.0,0.28353333333333336,NEU,
1f54e136deedfc9e,2024-11-07 00:00:00+00:00,2024-11-20 22:59:00+00:00,AMZN,S19,4851,206.12,202.74,0.0,-16396.37999999998,-0.11711699999999985,BACKTEST_END,8.0,15.0,20099.0,0.41911,NEU,
7b4db7b77aed216f,2024-11-07 00:15:00+00:00,2024-11-21 00:00:00+00:00,GOOGL,S19,5670,176.35999999999999,176.29000000000002,0.0,-396.8999999998002,-0.0028349999999985726,BACKTEST_END,8.0,15.0,20145.0,0.45425000000000004,NEU,
b68f2553fd114dc4,2024-11-14 00:20:00+00:00,2024-11-20 22:53:00+00:00,QCOM,S19,6230,160.51,153.68800000000002,0.0,-42501.05999999984,-0.3035789999999988,BACKTEST_END,8.0,15.0,9993.0,0.435,NEU,
c5ffd67c9032ee3d,2024-11-18 09:00:00+00:00,2024-11-20 22:59:00+00:00,AAPL,S19,4424,226.01,228.54000000000002,0.0,11192.72000000013,0.07994800000000093,BACKTEST_END,8.0,15.0,3719.0,0.23441,NEU,
0dd0d6e52477e370,2024-11-19 00:01:00+00:00,2024-11-20 22:59:00+00:00,MSFT,S19,2407,415.37,416.35,0.0,2358.860000000044,0.01684900000000031,BACKTEST_END,8.0,15.0,2818.0,0.49087,NEU,
cc707863ad65e290,2024-11-19 00:00:00+00:00,2024-11-21 00:00:00+00:00,AVGO,S19,6033,165.73999999999998,163.3891,0.0,-14182.979699999803,-0.10130699785714145,BACKTEST_END,8.0,15.0,2880.0,0.33023,NEU,
d67df779ae49dfcb,2024-11-19 00:06:00+00:00,2024-11-20 22:45:00+00:00,CSCO,S19,17494,57.160199999999996,57.49,0.0,5769.521200000103,0.04121086571428645,BACKTEST_END,8.0,15.0,2799.0,0.54891,NEU,
aa62e161e6207961,2024-11-20 00:03:00+00:00,2024-11-20 22:57:00+00:00,META,S19,1784,560.33,567.94,0.0,13576.240000000023,0.09697314285714302,BACKTEST_END,8.0,15.0,1374.0,0.44279999999999997,NEU,
e7310f2172b5f2fd,2024-11-20 00:00:00+00:00,2024-11-21 00:00:00+00:00,TSLA,S19,2901,344.61,342.5799,0.0,-5889.320100000013,-0.042066572142857236,BACKTEST_END,8.0,15.0,1440.0,0.24416,NEU,
f177f0b0b895b1bc,2024-11-20 00:22:00+00:00,2024-11-20 21:26:00+00:00,INTU,S19,1552,644.01,650.59,0.0,10212.160000000064,0.07294400000000045,BACKTEST_END,8.0,15.0,1264.0,0.2856,NEU,
dfc1e2ec55b3531c,2024-11-07 00:00:00+00:00,2024-11-12 16:58:00+00:00,QCOM,S20,5385,185.7,163.406,0.0,-120053.1899999999,-12.005385029617655,STOP_LOSS,12.0,20.0,8218.0,0.42179,NEU,
ae644103860c731e,2024-11-07 13:00:00+00:00,2024-11-07 16:00:00,ADBE,S20,1970,507.55,500.91,0.0,-13080.799999999974,-0.09343428571428553,SENTIMENT_EOD_SELL,12.0,20.0,480.0,0.25406666666666666,NEU,
10673f4d04324829,2024-11-08 00:00:00+00:00,2024-11-11 16:22:00+00:00,TSLA,S20,3364,297.23,356.666,0.0,199942.70399999994,19.996635602059005,TAKE_PROFIT,12.0,20.0,5302.0,0.39228999999999997,NEU,
38277476fdfad832,2024-11-08 00:02:00+00:00,2024-11-08 16:00:00,AVGO,S20,5446,183.60999999999999,183.68990000000002,0.0,435.1354000002048,0.0031081100000014627,SENTIMENT_EOD_SELL,12.0,20.0,1258.0,0.469525,NEU,
4c3df017c035d521,2024-11-08 09:05:00+00:00,2024-11-08 16:00:00,CSCO,S20,17223,58.059999999999995,57.97,0.0,-1550.0699999999363,-0.011071928571428117,SENTIMENT_EOD_SELL,12.0,20.0,715.0,0.36834,NEU,
2f672a939899d65c,2024-11-08 00:00:00+00:00,2024-11-11 09:30:00,QCOM,S20,5795,172.54,171.66,0.0,-5099.599999999974,-0.036425714285714096,SENTIMENT_MORNING_SELL,12.0,20.0,5190.0,0.31224285714285716,NEU,
c5a7e83a50050102,2024-11-11 09:00:00+00:00,2024-11-11 16:00:00,AVGO,S20,5440,183.82,179.04000000000002,0.0,-26003.19999999985,-0.1857371428571418,SENTIMENT_EOD_SELL,12.0,20.0,720.0,0.3082333333333333,NEU,
c47cb79e26143f67,2024-11-11 09:00:00+00:00,2024-11-11 16:00:00,QCOM,S20,5824,171.67999999999998,168.31,0.0,-19626.87999999986,-0.14019199999999898,SENTIMENT_EOD_SELL,12.0,20.0,720.0,0.425975,NEU,
9375bc234498eca8,2024-11-07 14:30:00+00:00,2024-11-12 09:30:00,INTU,S20,1534,651.75,694.99,0.0,66330.16000000002,0.4737868571428573,SENTIMENT_MORNING_SELL,12.0,20.0,7200.0,0.4144,NEU,
796ca37d2e9f8e25,2024-11-12 00:00:00+00:00,2024-11-14 18:52:00+00:00,TSLA,S20,2814,355.28999999999996,312.6452,0.0,-120002.46719999993,-12.00281460215598,STOP_LOSS,12.0,20.0,4012.0,0.37039,NEU,
dd89619e97ed5d27,2024-11-12 14:30:00+00:00,2024-11-12 16:00:00,INTU,S20,1438,695.01,699.46,0.0,6399.100000000066,0.04570785714285761,SENTIMENT_EOD_SELL,12.0,20.0,390.0,0.3396333333333333,NEU,
4c9aba63fe33dc72,2024-11-12 00:30:00+00:00,2024-11-12 16:00:00,QCOM,S20,5951,168.03,163.18110000000001,0.0,-28855.80389999992,-0.2061128849999994,SENTIMENT_EOD_SELL,12.0,20.0,1230.0,0.2963,NEU,
62c8d5f7ab8c9d13,2024-11-07 00:00:00+00:00,2024-11-13 09:30:00,TSM,S20,5189,192.6814,191.47,0.0,-6285.954599999987,-0.044899675714285624,SENTIMENT_MORNING_SELL,12.0,20.0,9510.0,0.36328,NEU,
38e2f8244e9921ec,2024-11-12 00:13:00+00:00,2024-11-13 09:30:00,CSCO,S20,17056,58.629999999999995,58.68,0.0,852.8000000000727,0.006091428571429091,SENTIMENT_MORNING_SELL,12.0,20.0,2297.0,0.5686666666666667,NEU,
292a989acd7e1079,2024-11-12 12:25:00+00:00,2024-11-14 09:30:00,ADBE,S20,1980,504.90999999999997,532.99,0.0,55598.40000000008,0.3971314285714292,SENTIMENT_MORNING_SELL,12.0,20.0,3005.0,0.5858000000000001,NEU,
496f88cf76053f90,2024-11-14 00:50:00+00:00,2024-11-14 16:00:00,ADBE,S20,1876,533.01,529.84,0.0,-5946.919999999924,-0.042477999999999454,SENTIMENT_EOD_SELL,12.0,20.0,1210.0,0.2997,NEU,
47c8246db9adb2ab,2024-11-14 14:30:00+00:00,2024-11-14 16:00:00,INTU,S20,1425,701.59,700.75,0.0,-1197.0000000000455,-0.008550000000000325,SENTIMENT_EOD_SELL,12.0,20.0,390.0,0.5341333333333332,NEU,
63c135a5f1505eae,2024-11-11 09:01:00+00:00,2024-11-15 09:30:00,META,S20,1697,589.01,576.25,0.0,-21653.719999999983,-0.15466942857142843,SENTIMENT_MORNING_SELL,12.0,20.0,6089.0,0.29430999999999996,NEU,
41a2af8cf4511b37,2024-11-13 00:00:00+00:00,2024-11-15 09:30:00,TSLA,S20,3089,323.7005,307.09000000000003,0.0,-51309.83449999983,-0.36649881785714167,SENTIMENT_MORNING_SELL,12.0,20.0,3750.0,0.37142,NEU,
d9d774bca41045b2,2024-11-07 00:01:00+00:00,2024-11-18 09:30:00,MSFT,S20,2380,419.9955,416.69,0.0,-7867.089999999988,-0.05619349999999992,SENTIMENT_MORNING_SELL,12.0,20.0,16709.0,0.56637,NEU,
7f6e5827d47d0911,2024-11-11 09:00:00+00:00,2024-11-18 09:30:00,AAPL,S20,4401,227.22,225.99,0.0,-5413.229999999955,-0.03866592857142825,SENTIMENT_MORNING_SELL,12.0,20.0,10410.0,0.41615,NEU,
5a9fadcf80559970,2024-11-12 00:52:00+00:00,2024-11-18 09:30:00,ORCL,S20,5296,188.81,183.53,0.0,-27962.880000000005,-0.1997348571428572,SENTIMENT_MORNING_SELL,12.0,20.0,9458.0,0.41104,NEU,
3600332ee68a80a6,2024-11-13 00:01:00+00:00,2024-11-18 09:30:00,CSCO,S20,17035,58.699999999999996,57.52,0.0,-20101.299999999876,-0.1435807142857134,SENTIMENT_MORNING_SELL,12.0,20.0,8069.0,0.26436000000000004,NEU,
23afbc210b8d60f4,2024-11-18 09:00:00+00:00,2024-11-21 21:05:00+00:00,INTU,S20,1451,689.01,606.3188,0.0,-119984.93119999998,-12.001451357745168,STOP_LOSS,12.0,20.0,5045.0,0.49499999999999994,NEU,
6e0b0e8e5133397a,2024-11-07 00:00:00+00:00,2024-11-18 16:00:00,NVDA,S20,6864,145.67,140.47,0.0,-35692.79999999992,-0.2549485714285709,SENTIMENT_EOD_SELL,12.0,20.0,17100.0,0.27030000000000004,NEU,
3c9bcf9e32e6b7fa,2024-11-13 00:12:00+00:00,2024-11-18 16:00:00,AVGO,S20,5677,176.13,165.72,0.0,-59097.56999999998,-0.4221254999999998,SENTIMENT_EOD_SELL,12.0,20.0,8448.0,0.2548,NEU,
9e1a50a6926ed105,2024-11-18 09:00:00+00:00,2024-11-18 16:00:00,TSLA,S20,2964,337.36,338.76,0.0,4149.599999999933,0.02963999999999952,SENTIMENT_EOD_SELL,12.0,20.0,720.0,0.36792,NEU,
65fd4393beefd8ae,2024-11-18 13:00:00+00:00,2024-11-18 16:00:00,ADBE,S20,1973,506.68,498.52,0.0,-16099.68000000005,-0.11499771428571465,SENTIMENT_EOD_SELL,12.0,20.0,480.0,0.218475,NEU,
73c96edf4f567a5b,2024-11-18 09:30:00+00:00,2024-11-18 16:00:00,CSCO,S20,17379,57.54,57.14,0.0,-6951.599999999975,-0.04965428571428554,SENTIMENT_EOD_SELL,12.0,20.0,690.0,0.35455,NEU,
e315cc9bcf0bef26,2024-11-14 00:04:00+00:00,2024-11-19 09:30:00,TSM,S20,5335,187.4222,187.43,0.0,41.61300000001674,0.00029723571428583385,SENTIMENT_MORNING_SELL,12.0,20.0,8066.0,0.34258571428571427,NEU,
39fba9d23ce1d938,2024-11-18 09:16:00+00:00,2024-11-19 09:30:00,ORCL,S20,5448,183.54999999999998,185.66,0.0,11495.280000000075,0.0821091428571434,SENTIMENT_MORNING_SELL,12.0,20.0,1754.0,0.2553,NEU,
48a19b3089a73a7c,2024-11-18 09:00:00+00:00,2024-11-19 16:00:00,META,S20,1792,557.91,560.13,0.0,3978.240000000049,0.02841600000000035,SENTIMENT_EOD_SELL,12.0,20.0,2160.0,0.23584,NEU,
f89b194ae383cdae,2024-11-19 00:19:00+00:00,2024-11-20 09:30:00,ORCL,S20,5385,185.67999999999998,189.14000000000001,0.0,18632.100000000195,0.13308642857142997,SENTIMENT_MORNING_SELL,12.0,20.0,2291.0,0.55918,NEU,
e39855ffa34041bf,2024-11-20 00:02:00+00:00,2024-11-20 16:00:00,ORCL,S20,5286,189.16,191.09,0.0,10201.980000000036,0.07287128571428597,SENTIMENT_EOD_SELL,12.0,20.0,1258.0,0.28353333333333336,NEU,
2517a4cb20e5ea34,2024-11-07 00:00:00+00:00,2024-11-20 22:59:00+00:00,AMZN,S20,4851,206.12,202.74,0.0,-16396.37999999998,-0.11711699999999985,BACKTEST_END,12.0,20.0,20099.0,0.41911,NEU,
a9f69bde33af5c43,2024-11-07 00:15:00+00:00,2024-11-21 00:00:00+00:00,GOOGL,S20,5670,176.35999999999999,176.29000000000002,0.0,-396.8999999998002,-0.0028349999999985726,BACKTEST_END,12.0,20.0,20145.0,0.45425000000000004,NEU,
42ce55ef918cd5fa,2024-11-14 00:20:00+00:00,2024-11-20 22:53:00+00:00,QCOM,S20,6230,160.51,153.68800000000002,0.0,-42501.05999999984,-0.3035789999999988,BACKTEST_END,12.0,20.0,9993.0,0.435,NEU,
6c6f9eab56253e74,2024-11-18 09:00:00+00:00,2024-11-20 22:59:00+00:00,AAPL,S20,4424,226.01,228.54000000000002,0.0,11192.72000000013,0.07994800000000093,BACKTEST_END,12.0,20.0,3719.0,0.23441,NEU,
7154fa674b0869e4,2024-11-19 00:01:00+00:00,2024-11-20 22:59:00+00:00,MSFT,S20,2407,415.37,416.35,0.0,2358.860000000044,0.01684900000000031,BACKTEST_END,12.0,20.0,2818.0,0.49087,NEU,
68e3fce767c07000,2024-11-19 00:00:00+00:00,2024-11-21 00:00:00+00:00,AVGO,S20,6033,165.73999999999998,163.3891,0.0,-14182.979699999803,-0.10130699785714145,BACKTEST_END,12.0,20.0,2880.0,0.33023,NEU,
dd59dfac557ac706,2024-11-19 00:06:00+00:00,2024-11-20 22:45:00+00:00,CSCO,S20,17494,57.160199999999996,57.49,0.0,5769.521200000103,0.04121086571428645,BACKTEST_END,12.0,20.0,2799.0,0.54891,NEU,
004b38020469f91b,2024-11-20 00:00:00+00:00,2024-11-21 00:00:00+00:00,NVDA,S20,6780,147.48999999999998,143.52100000000002,0.0,-26909.819999999767,-0.19221299999999833,BACKTEST_END,12.0,20.0,1440.0,0.26891,NEU,
d2e70d319f8a84c1,2024-11-20 00:03:00+00:00,2024-11-20 22:57:00+00:00,META,S20,1784,560.33,567.94,0.0,13576.240000000023,0.09697314285714302,BACKTEST_END,12.0,20.0,1374.0,0.44279999999999997,NEU,
67f1407245a1e5c3,2024-11-20 00:00:00+00:00,2024-11-21 00:00:00+00:00,TSLA,S20,2901,344.61,342.5799,0.0,-5889.320100000013,-0.042066572142857236,BACKTEST_END,12.0,20.0,1440.0,0.24416,NEU,
ce2f2879b4ce9ee0,2024-11-20 00:22:00+00:00,2024-11-20 21:26:00+00:00,INTU,S20,1552,644.01,650.59,0.0,10212.160000000064,0.07294400000000045,BACKTEST_END,12.0,20.0,1264.0,0.2856,NEU,
