trade_id,open_time,close_time,symbol,strategy_id,qty,entry_price,exit_price,fees_usd,pnl_usd,pnl_pct,exit_reason,stop_pct,take_pct,holding_minutes,sentiment_score,sentiment_label,news_headline
860fda53c96ba6a7,2025-02-03 09:00:00+00:00,2025-02-05 14:27:00+00:00,NVDA,S01,8619,116.02,121.811,0.0,49912.62899999997,0.3565187785714284,TAKE_PROFIT,3.0,5.0,3207.0,0.17293,NEU,
d420a9668bf5ca2a,2025-02-03 09:00:00+00:00,2025-02-03 16:43:00+00:00,AAPL,S01,4295,232.8,225.806,0.0,-30039.23,-0.2145659285714286,STOP_LOSS,3.0,5.0,463.0,0.23779,NEU,
c4e692e3cc5f76d0,2025-02-03 09:00:00+00:00,2025-02-06 21:01:00+00:00,AMZN,S01,4277,233.78,226.7566,0.0,-30039.08180000004,-0.2145648700000003,STOP_LOSS,3.0,5.0,5041.0,0.28732,NEU,
ef7a57bc0389af17,2025-02-03 09:00:00+00:00,2025-02-04 21:02:00+00:00,GOOGL,S01,4999,200.02,194.0094,0.0,-30046.98939999991,-0.2146213528571422,STOP_LOSS,3.0,5.0,2162.0,0.14625,NEU,
7546e120ed843287,2025-02-03 09:00:00+00:00,2025-02-05 14:33:00+00:00,META,S01,1481,675.01,708.7505,0.0,49969.680499999995,0.3569262892857142,TAKE_PROFIT,3.0,5.0,3213.0,0.2333285714285714,NEU,
5eff8784a6908dba,2025-02-03 09:00:00+00:00,2025-02-04 21:03:00+00:00,AVGO,S01,4650,215.01,225.7505,0.0,49943.32500000012,0.3567380357142866,TAKE_PROFIT,3.0,5.0,2163.0,0.3835888888888889,NEU,
909ffdc295be70b9,2025-02-03 09:00:00+00:00,2025-02-06 21:47:00+00:00,TSM,S01,4966,201.36,211.418,0.0,49948.02800000011,0.3567716285714293,TAKE_PROFIT,3.0,5.0,5087.0,0.1806,NEU,
5a8274e748832473,2025-02-03 09:18:00+00:00,2025-02-10 15:01:00+00:00,ADBE,S01,2325,430.02,451.511,0.0,49966.5750000001,0.3569041071428578,TAKE_PROFIT,3.0,5.0,10423.0,0.1414,NEU,
b61bebd37e844247,2025-02-03 09:00:00+00:00,2025-02-05 21:00:00+00:00,QCOM,S01,5927,168.7,177.125,0.0,49934.975000000064,0.3566783928571433,TAKE_PROFIT,3.0,5.0,3600.0,0.3005,NEU,
e248c09abe4bd937,2025-02-05 00:00:00+00:00,2025-02-05 16:42:00+00:00,NVDA,S01,8452,118.31,124.2155,0.0,49913.28600000003,0.3565234714285716,TAKE_PROFIT,3.0,5.0,1002.0,0.19383,NEU,
0721689319b42e28,2025-02-05 00:04:00+00:00,2025-02-05 13:00:00+00:00,AAPL,S01,4307,232.14,225.1658,0.0,-30037.879399999983,-0.2145562814285713,STOP_LOSS,3.0,5.0,776.0,0.22793,NEU,
639353b064e122df,2025-02-05 00:00:00+00:00,2025-02-06 21:01:00+00:00,AMZN,S01,4189,238.67,231.4999,0.0,-30035.54889999996,-0.2145396349999997,STOP_LOSS,3.0,5.0,2701.0,0.31008,NEU,
eb7de7494069a1d2,2025-02-05 00:00:00+00:00,2025-02-05 13:41:00+00:00,GOOGL,S01,5247,190.56,200.07800000000003,0.0,49940.94600000016,0.3567210428571439,TAKE_PROFIT,3.0,5.0,821.0,0.24517,NEU,
ff7220b223a2a70f,2025-02-05 00:00:00+00:00,2025-02-14 16:11:00+00:00,META,S01,1423,702.52,737.636,0.0,49970.06799999998,0.356929057142857,TAKE_PROFIT,3.0,5.0,13931.0,0.32633,NEU,
d9e133d3c42a2716,2025-02-05 00:04:00+00:00,2025-02-14 09:22:00+00:00,TSM,S01,4904,203.91,197.7827,0.0,-30048.279199999957,-0.2146305657142854,STOP_LOSS,3.0,5.0,13518.0,0.2462875,NEU,
ee47045a9c9e84d5,2025-02-05 00:01:00+00:00,2025-02-05 20:30:00+00:00,TSLA,S01,2569,389.16,377.4752,0.0,-30018.251199999988,-0.2144160799999999,STOP_LOSS,3.0,5.0,1229.0,0.18773,NEU,
85ac2c97e30d42b4,2025-02-05 00:12:00+00:00,2025-02-07 14:32:00+00:00,ORCL,S01,5969,167.51,175.87550000000002,0.0,49933.66950000016,0.356669067857144,TAKE_PROFIT,3.0,5.0,3740.0,0.54825,NEU,
b2854fd97b61eb35,2025-02-05 00:25:00+00:00,2025-02-12 14:00:00+00:00,ADBE,S01,2268,440.77,462.7985,0.0,49960.63800000002,0.3568617000000001,TAKE_PROFIT,3.0,5.0,10895.0,0.1995333333333333,NEU,
e38733e3a4c4e77f,2025-02-05 00:08:00+00:00,2025-02-12 21:06:00+00:00,CSCO,S01,16202,61.72,64.79599999999999,0.0,49837.35199999989,0.3559810857142849,TAKE_PROFIT,3.0,5.0,11338.0,0.5106,NEU,
ac017f5b5b19b458,2025-02-06 00:00:00+00:00,2025-02-10 09:00:00+00:00,NVDA,S01,8032,124.5,130.715,0.0,49918.88000000003,0.3565634285714287,TAKE_PROFIT,3.0,5.0,6300.0,0.2409799999999999,NEU,
ba145f76d647aaf6,2025-02-06 00:00:00+00:00,2025-02-06 21:01:00+00:00,AMZN,S01,4217,237.11,229.9867,0.0,-30038.956100000003,-0.2145639721428572,STOP_LOSS,3.0,5.0,1261.0,0.13045,NEU,
631c97967020b354,2025-02-06 00:00:00+00:00,2025-02-07 15:53:00+00:00,GOOGL,S01,5227,191.31,185.5607,0.0,-30051.591100000027,-0.2146542221428573,STOP_LOSS,3.0,5.0,2393.0,0.23852,NEU,
d573ba22e209e334,2025-02-06 00:02:00+00:00,2025-02-14 20:31:00+00:00,META,S01,1418,705.04,740.282,0.0,49973.156000000105,0.356951114285715,TAKE_PROFIT,3.0,5.0,12749.0,0.1024222222222222,NEU,
f973dfa17758b813,2025-02-06 00:01:00+00:00,2025-02-11 14:33:00+00:00,TSM,S01,4799,208.36,202.0992,0.0,-30045.57919999995,-0.2146112799999996,STOP_LOSS,3.0,5.0,8072.0,0.3600571428571428,NEU,
68e95e7fb9e2cb6e,2025-02-06 00:02:00+00:00,2025-02-12 21:06:00+00:00,CSCO,S01,15971,62.61,65.73049999999999,0.0,49837.50549999988,0.3559821821428563,TAKE_PROFIT,3.0,5.0,9904.0,0.3697625,NEU,
0964cbb65c70683b,2025-02-07 00:00:00+00:00,2025-02-07 23:07:00+00:00,TSLA,S01,2695,371.05,359.9085,0.0,-30026.34250000002,-0.2144738750000001,STOP_LOSS,3.0,5.0,1387.0,0.26808,NEU,
17ff6296e966f5c3,2025-02-07 00:09:00+00:00,2025-02-11 14:50:00+00:00,ADBE,S01,2295,435.6586,457.43153,0.0,49968.87435000007,0.356920531071429,TAKE_PROFIT,3.0,5.0,6641.0,0.44464,NEU,
104a1be6208ace60,2025-02-06 00:06:00+00:00,2025-02-18 16:26:00+00:00,ORCL,S01,5827,171.61,180.1805,0.0,49940.30350000006,0.1404949821428573,TAKE_PROFIT,3.0,5.0,18260.0,0.2292,NEU,
22fbfd066bb72eb7,2025-02-08 00:02:00+00:00,2025-02-13 14:32:00+00:00,TSM,S01,4868,205.42,199.2474,0.0,-30048.216799999944,-0.2146301199999996,STOP_LOSS,3.0,5.0,8070.0,0.29908,NEU,
2674c504adf46260,2025-02-08 00:33:00+00:00,2025-02-12 21:06:00+00:00,CSCO,S01,16059,62.27,65.37349999999999,0.0,49839.10649999995,0.3559936178571425,TAKE_PROFIT,3.0,5.0,6993.0,0.28878,NEU,
80161189ee09d5f6,2025-02-10 13:27:00+00:00,2025-02-13 16:00:00,INTU,S01,1722,580.51,583.83,0.0,5717.040000000086,0.0408360000000006,SENTIMENT_EOD_SELL,3.0,5.0,4473.0,0.5106,NEU,
7417178342dea55c,2025-02-10 09:00:00+00:00,2025-02-12 21:06:00+00:00,CSCO,S01,16059,62.27,65.37349999999999,0.0,49839.10649999995,0.3559936178571425,TAKE_PROFIT,3.0,5.0,3606.0,0.5106,NEU,
ecb6cf51a453404f,2025-02-05 00:00:00+00:00,2025-02-20 15:58:00+00:00,AVGO,S01,4336,230.61,223.6817,0.0,-30041.10880000003,-0.7947254978571436,STOP_LOSS,3.0,5.0,22558.0,0.36202,NEU,
b5ed6abf7b05f82d,2025-02-07 00:00:00+00:00,2025-02-20 15:03:00+00:00,AMZN,S01,4366,229.0397,222.158509,0.0,-30043.279906000003,-0.2131203155428571,STOP_LOSS,3.0,5.0,19623.0,0.19479,NEU,
54934c33ad56502b,2025-02-08 00:02:00+00:00,2025-02-20 21:15:00+00:00,META,S01,1399,714.51,693.0647,0.0,-30001.97469999997,-0.6687869985714279,STOP_LOSS,3.0,5.0,18553.0,0.11503,NEU,
4d7e613ecfc55082,2025-02-10 09:00:00+00:00,2025-02-21 18:57:00+00:00,ORCL,S01,5701,175.39999999999998,170.128,0.0,-30055.67199999995,-0.0526823428571427,STOP_LOSS,3.0,5.0,16437.0,0.2997,NEU,
76ccb7dffc951d10,2025-02-12 00:00:00+00:00,2025-02-12 14:30:00+00:00,NVDA,S01,7512,133.1061,129.102917,0.0,-30071.910696000057,-0.2147993621142861,STOP_LOSS,3.0,5.0,870.0,0.20023,NEU,
1066a2cc79323200,2025-02-12 00:00:00+00:00,2025-02-21 19:52:00+00:00,GOOGL,S01,5396,185.31,179.7407,0.0,-30051.94279999999,-0.2146567342857142,STOP_LOSS,3.0,5.0,14152.0,0.165275,NEU,
b8c12f1cb6913f83,2025-02-12 00:18:00+00:00,2025-02-13 13:26:00+00:00,TSM,S01,4780,209.1693,202.884221,0.0,-30042.67761999998,-0.2145905544285712,STOP_LOSS,3.0,5.0,2228.0,0.403,NEU,
354fc5a38cec7438,2025-02-12 00:07:00+00:00,2025-02-12 21:06:00+00:00,CSCO,S01,16010,62.46,65.573,0.0,49839.12999999988,0.3559937857142848,TAKE_PROFIT,3.0,5.0,1259.0,0.5023,NEU,
5d1355c2ba3c1616,2025-02-13 00:00:00+00:00,2025-02-14 14:38:00+00:00,NVDA,S01,7640,130.8894,137.42387000000002,0.0,49923.35080000021,0.3565953628571444,TAKE_PROFIT,3.0,5.0,2318.0,0.23418,NEU,
d154e0708113e014,2025-02-13 00:00:00+00:00,2025-02-20 15:02:00+00:00,AMZN,S01,4362,229.22,222.3334,0.0,-30039.349199999942,-0.2145667799999996,STOP_LOSS,3.0,5.0,10982.0,0.11755,NEU,
c076c2e22904fdcd,2025-02-13 00:03:00+00:00,2025-02-19 14:25:00+00:00,META,S01,1377,725.773,703.98981,0.0,-29995.452629999985,-0.2142532330714284,STOP_LOSS,3.0,5.0,9502.0,0.27372,NEU,
2af8a166e936a11b,2025-02-13 00:00:00+00:00,2025-02-14 09:00:00+00:00,TSLA,S01,2916,342.83,359.9615,0.0,49955.45400000005,0.3568246714285717,TAKE_PROFIT,3.0,5.0,1980.0,0.16565,NEU,
70d89472b0e3e6f8,2025-02-13 00:09:00+00:00,2025-02-18 16:34:00+00:00,ORCL,S01,5796,172.51,181.1255,0.0,49935.43800000015,0.3566817000000011,TAKE_PROFIT,3.0,5.0,8185.0,0.5106,NEU,
da0ded969416ee3e,2025-02-13 00:02:00+00:00,2025-02-21 14:32:00+00:00,ADBE,S01,2160,462.77,448.8769,0.0,-30009.09600000001,-0.2143506857142857,STOP_LOSS,3.0,5.0,12390.0,0.46645,NEU,
04458662ad560fd5,2025-02-13 00:00:00+00:00,2025-02-18 16:00:00,QCOM,S01,5881,170.03,173.67000000000002,0.0,21406.840000000087,0.1529060000000006,SENTIMENT_EOD_SELL,3.0,5.0,8160.0,0.1700333333333333,NEU,
65f1d0901e87c193,2025-02-13 00:01:00+00:00,2025-02-24 15:10:00+00:00,AAPL,S01,4220,236.96,248.798,0.0,49956.360000000095,0.497280557142858,TAKE_PROFIT,3.0,5.0,16749.0,0.25875,NEU,
a67f2887a5e3c246,2025-02-14 00:00:00+00:00,2025-02-18 13:49:00+00:00,NVDA,S01,7410,134.95,141.6875,0.0,49924.87500000009,0.3566062500000006,TAKE_PROFIT,3.0,5.0,6589.0,0.11412,NEU,
5a8abaf597db1771,2025-02-14 00:03:00+00:00,2025-02-20 14:53:00+00:00,AMZN,S01,4346,230.07,223.1579,0.0,-30039.98660000004,-0.2145713328571431,STOP_LOSS,3.0,5.0,9530.0,0.19144,NEU,
811df9988dcec99d,2025-02-14 00:00:00+00:00,2025-02-19 14:25:00+00:00,META,S01,1374,727.4,705.568,0.0,-29997.16799999999,-0.2142654857142856,STOP_LOSS,3.0,5.0,8065.0,0.23723,NEU,
55ce74a85d229f70,2025-02-14 00:00:00+00:00,2025-02-18 14:30:00+00:00,AVGO,S01,4255,235.01,227.9497,0.0,-30041.57649999993,-0.2145826892857138,STOP_LOSS,3.0,5.0,6630.0,0.257,NEU,
e79ec965ea2d3ca2,2025-02-14 00:00:00+00:00,2025-02-24 15:02:00+00:00,TSM,S01,4976,200.96,194.92119999999997,0.0,-30049.068800000045,-0.214636205714286,STOP_LOSS,3.0,5.0,15302.0,0.11858,NEU,
3d03900ad86066e3,2025-02-14 00:00:00+00:00,2025-02-21 15:44:00+00:00,TSLA,S01,2810,355.81,345.1257,0.0,-30022.88300000002,-0.2144491642857144,STOP_LOSS,3.0,5.0,11024.0,0.51506,NEU,
993bba0bc7c713d8,2025-02-14 09:00:00+00:00,2025-02-21 19:16:00+00:00,ORCL,S01,5720,174.82,169.5654,0.0,-30056.311999999896,-0.2146879428571421,STOP_LOSS,3.0,5.0,10696.0,0.188,NEU,
bedad96e21ae55e3,2025-02-14 00:45:00+00:00,2025-02-21 16:27:00+00:00,QCOM,S01,5811,172.07999999999998,166.9076,0.0,-30056.816399999894,-0.2146915457142849,STOP_LOSS,3.0,5.0,11022.0,0.12765,NEU,
01109c5eb3ed258a,2025-02-14 00:00:00+00:00,2025-02-19 16:00:00,CSCO,S01,15691,63.73,64.791,0.0,16648.150999999998,0.1189153642857142,SENTIMENT_EOD_SELL,3.0,5.0,8160.0,0.3314,NEU,
7c8e6fb54da962eb,2025-02-13 00:02:00+00:00,2025-02-25 09:00:00+00:00,GOOGL,S01,5440,183.82,178.2954,0.0,-30053.823999999957,-0.2293103614285711,STOP_LOSS,3.0,5.0,17818.0,0.1351899999999999,NEU,
1bafff2d1d42b2a1,2025-02-15 00:01:00+00:00,2025-02-20 16:37:00+00:00,AMZN,S01,4372,228.69,221.8193,0.0,-30038.7004,-0.2145621457142857,STOP_LOSS,3.0,5.0,8196.0,0.10844,NEU,
a2c4312ce5ccacb8,2025-02-15 00:03:00+00:00,2025-02-18 18:06:00+00:00,META,S01,1356,736.95,714.8315,0.0,-29992.686000000052,-0.2142334714285718,STOP_LOSS,3.0,5.0,5403.0,0.1381222222222222,NEU,
9591a1500eaf3902,2025-02-15 00:02:00+00:00,2025-02-18 14:47:00+00:00,AVGO,S01,4297,232.6695,225.679415,0.0,-30036.39524499997,-0.2145456803214283,STOP_LOSS,3.0,5.0,5205.0,0.210475,NEU,
a094b95bcf22b856,2025-02-18 11:31:00+00:00,2025-02-21 15:29:00+00:00,ADBE,S01,2163,462.11,448.2367,0.0,-30007.94790000006,-0.2143424850000004,STOP_LOSS,3.0,5.0,4558.0,0.34,NEU,
636645f4eca07b30,2025-02-15 00:03:00+00:00,2025-02-21 16:27:00+00:00,QCOM,S01,5809,172.13,166.9561,0.0,-30055.18510000002,-0.2146798935714287,STOP_LOSS,3.0,5.0,9624.0,0.36776,NEU,
e7cb7a5a10b59dd6,2025-02-03 09:00:00+00:00,2025-02-20 23:59:00+00:00,MSFT,S01,2450,408.01,416.25,0.0,20188.000000000025,0.1442000000000001,BACKTEST_END,3.0,5.0,25379.0,0.13399,NEU,
e5d54fdc951efbc7,2025-02-15 00:04:00+00:00,2025-02-21 00:00:00+00:00,AAPL,S01,4085,244.76,245.68,0.0,3758.200000000065,0.0268442857142861,BACKTEST_END,3.0,5.0,8636.0,0.15082,NEU,
45cec3d0b5c75f89,2025-02-03 09:00:00+00:00,2025-02-06 09:00:00+00:00,NVDA,S02,8619,116.02,125.29160000000002,0.0,79911.92040000006,0.5707994314285719,TAKE_PROFIT,3.0,8.0,4320.0,0.17293,NEU,
7886ae8492c9edf6,2025-02-03 09:00:00+00:00,2025-02-03 16:43:00+00:00,AAPL,S02,4295,232.8,225.806,0.0,-30039.23,-0.2145659285714286,STOP_LOSS,3.0,8.0,463.0,0.23779,NEU,
146ac98ad5497fe1,2025-02-03 09:00:00+00:00,2025-02-06 21:01:00+00:00,AMZN,S02,4277,233.78,226.7566,0.0,-30039.08180000004,-0.2145648700000003,STOP_LOSS,3.0,8.0,5041.0,0.28732,NEU,
a3c5a7a27f544f13,2025-02-03 09:00:00+00:00,2025-02-04 21:02:00+00:00,GOOGL,S02,4999,200.02,194.0094,0.0,-30046.98939999991,-0.2146213528571422,STOP_LOSS,3.0,8.0,2162.0,0.14625,NEU,
66b870482ddc1e27,2025-02-03 09:00:00+00:00,2025-02-04 21:05:00+00:00,AVGO,S02,4650,215.01,232.2008,0.0,79937.22000000012,0.5709801428571437,TAKE_PROFIT,3.0,8.0,2165.0,0.3835888888888889,NEU,
43f1f3063a3f1dcb,2025-02-03 09:00:00+00:00,2025-02-05 21:00:00+00:00,QCOM,S02,5927,168.7,182.186,0.0,79931.52200000011,0.5709394428571437,TAKE_PROFIT,3.0,8.0,3600.0,0.3005,NEU,
66b6f7f55b83015d,2025-02-03 09:00:00+00:00,2025-02-07 16:00:00,TSM,S02,4966,201.36,205.49,0.0,20509.58000000012,0.1464970000000008,SENTIMENT_EOD_SELL,3.0,8.0,6180.0,0.1806,NEU,
4a255549b1232ccb,2025-02-03 09:18:00+00:00,2025-02-07 16:00:00,ADBE,S02,2325,430.02,433.06,0.0,7068.000000000047,0.0504857142857146,SENTIMENT_EOD_SELL,3.0,8.0,6162.0,0.1414,NEU,
13e2a5e6c221c439,2025-02-03 09:00:00+00:00,2025-02-10 09:30:00,META,S02,1481,675.01,702.5,0.0,40712.69000000002,0.2908049285714287,SENTIMENT_MORNING_SELL,3.0,8.0,10110.0,0.2333285714285714,NEU,
68a9394bcf88d948,2025-02-05 00:00:00+00:00,2025-02-06 16:52:00+00:00,NVDA,S02,8452,118.31,127.7648,0.0,79911.96960000005,0.5707997828571432,TAKE_PROFIT,3.0,8.0,2452.0,0.19383,NEU,
3c02e825053f8ca5,2025-02-05 00:04:00+00:00,2025-02-05 13:00:00+00:00,AAPL,S02,4307,232.14,225.1658,0.0,-30037.879399999983,-0.2145562814285713,STOP_LOSS,3.0,8.0,776.0,0.22793,NEU,
fc5fb00e1980a903,2025-02-05 00:00:00+00:00,2025-02-06 21:01:00+00:00,AMZN,S02,4189,238.67,231.4999,0.0,-30035.54889999996,-0.2145396349999997,STOP_LOSS,3.0,8.0,2701.0,0.31008,NEU,
c1d85cbbbbeb0d32,2025-02-05 00:00:00+00:00,2025-02-05 13:41:00+00:00,GOOGL,S02,5247,190.56,205.79480000000004,0.0,79936.99560000018,0.5709785400000014,TAKE_PROFIT,3.0,8.0,821.0,0.24517,NEU,
80b9c6b4ee967dc7,2025-02-05 00:04:00+00:00,2025-02-14 09:22:00+00:00,TSM,S02,4904,203.91,197.7827,0.0,-30048.279199999957,-0.2146305657142854,STOP_LOSS,3.0,8.0,13518.0,0.2462875,NEU,
e05c39ddd6cbdcd3,2025-02-05 00:01:00+00:00,2025-02-05 20:30:00+00:00,TSLA,S02,2569,389.16,377.4752,0.0,-30018.251199999988,-0.2144160799999999,STOP_LOSS,3.0,8.0,1229.0,0.18773,NEU,
42c691be1600d3b7,2025-02-05 00:08:00+00:00,2025-02-12 21:07:00+00:00,CSCO,S02,16202,61.72,66.6476,0.0,79836.97519999997,0.5702641085714283,TAKE_PROFIT,3.0,8.0,11339.0,0.5106,NEU,
c9a07e914aae11db,2025-02-05 00:00:00+00:00,2025-02-10 16:00:00,META,S02,1423,702.52,715.79,0.0,18883.209999999977,0.1348800714285712,SENTIMENT_EOD_SELL,3.0,8.0,8160.0,0.32633,NEU,
dece97ac0dd51a7a,2025-02-05 00:25:00+00:00,2025-02-10 16:00:00,ADBE,S02,2268,440.77,450.7,0.0,22521.240000000016,0.1608660000000001,SENTIMENT_EOD_SELL,3.0,8.0,8135.0,0.1995333333333333,NEU,
ad166515e264da8a,2025-02-06 00:00:00+00:00,2025-02-10 14:47:00+00:00,NVDA,S02,8032,124.5,134.45000000000002,0.0,79918.40000000014,0.5708457142857153,TAKE_PROFIT,3.0,8.0,6647.0,0.2409799999999999,NEU,
d073693f5c89b76b,2025-02-06 00:00:00+00:00,2025-02-06 21:01:00+00:00,AMZN,S02,4217,237.11,229.9867,0.0,-30038.956100000003,-0.2145639721428572,STOP_LOSS,3.0,8.0,1261.0,0.13045,NEU,
87c552c0c9f99c03,2025-02-06 00:00:00+00:00,2025-02-07 15:53:00+00:00,GOOGL,S02,5227,191.31,185.5607,0.0,-30051.591100000027,-0.2146542221428573,STOP_LOSS,3.0,8.0,2393.0,0.23852,NEU,
f7b1535b9fc253d6,2025-02-06 00:01:00+00:00,2025-02-11 14:33:00+00:00,TSM,S02,4799,208.36,202.0992,0.0,-30045.57919999995,-0.2146112799999996,STOP_LOSS,3.0,8.0,8072.0,0.3600571428571428,NEU,
63e9acac2d9a2672,2025-02-07 00:00:00+00:00,2025-02-07 23:07:00+00:00,TSLA,S02,2695,371.05,359.9085,0.0,-30026.34250000002,-0.2144738750000001,STOP_LOSS,3.0,8.0,1387.0,0.26808,NEU,
444155ee6b3ec1c4,2025-02-05 00:12:00+00:00,2025-02-18 16:34:00+00:00,ORCL,S02,5969,167.51,180.9008,0.0,79929.68520000008,0.2195134714285716,TAKE_PROFIT,3.0,8.0,19702.0,0.54825,NEU,
449b5cbf79fbabd9,2025-02-08 00:02:00+00:00,2025-02-13 14:32:00+00:00,TSM,S02,4868,205.42,199.2474,0.0,-30048.216799999944,-0.2146301199999996,STOP_LOSS,3.0,8.0,8070.0,0.29908,NEU,
b2bd61913c3e11b0,2025-02-10 13:27:00+00:00,2025-02-13 16:00:00,INTU,S02,1722,580.51,583.83,0.0,5717.040000000086,0.0408360000000006,SENTIMENT_EOD_SELL,3.0,8.0,4473.0,0.5106,NEU,
61b33bcb1e356f57,2025-02-05 00:00:00+00:00,2025-02-20 15:58:00+00:00,AVGO,S02,4336,230.61,223.6817,0.0,-30041.10880000003,-0.2821302735714288,STOP_LOSS,3.0,8.0,22558.0,0.36202,NEU,
70e1c4b390fa25be,2025-02-06 00:02:00+00:00,2025-02-21 19:29:00+00:00,META,S02,1418,705.04,683.8788,0.0,-30006.581600000012,-0.6553925942857145,STOP_LOSS,3.0,8.0,22767.0,0.1024222222222222,NEU,
73e25a00d733203c,2025-02-07 00:00:00+00:00,2025-02-20 15:03:00+00:00,AMZN,S02,4366,229.0397,222.158509,0.0,-30043.279906000003,-0.0696966345571428,STOP_LOSS,3.0,8.0,19623.0,0.19479,NEU,
edf4ee1862d17cc4,2025-02-10 09:00:00+00:00,2025-02-21 18:57:00+00:00,ORCL,S02,5701,175.39999999999998,170.128,0.0,-30055.67199999995,-0.1644110857142854,STOP_LOSS,3.0,8.0,16437.0,0.2997,NEU,
2826f73a48677eb9,2025-02-12 00:00:00+00:00,2025-02-12 14:30:00+00:00,NVDA,S02,7512,133.1061,129.102917,0.0,-30071.910696000057,-0.2147993621142861,STOP_LOSS,3.0,8.0,870.0,0.20023,NEU,
8ac51ede0b77a508,2025-02-12 00:00:00+00:00,2025-02-21 19:52:00+00:00,GOOGL,S02,5396,185.31,179.7407,0.0,-30051.94279999999,-0.2146567342857142,STOP_LOSS,3.0,8.0,14152.0,0.165275,NEU,
4bf2d59df8eaca61,2025-02-12 00:18:00+00:00,2025-02-13 13:26:00+00:00,TSM,S02,4780,209.1693,202.884221,0.0,-30042.67761999998,-0.2145905544285712,STOP_LOSS,3.0,8.0,2228.0,0.403,NEU,
f2fd55763a1b3c74,2025-02-07 00:09:00+00:00,2025-02-17 16:00:00,ADBE,S02,2295,435.6586,460.59,0.0,57217.563000000126,0.4086968785714294,SENTIMENT_EOD_SELL,3.0,8.0,15351.0,0.44464,NEU,
d54be6cc4da2df38,2025-02-13 00:00:00+00:00,2025-02-18 12:53:00+00:00,NVDA,S02,7640,130.8894,141.35055200000002,0.0,79923.20128000021,0.5708800091428587,TAKE_PROFIT,3.0,8.0,7973.0,0.23418,NEU,
c80e43de248d6488,2025-02-13 00:00:00+00:00,2025-02-20 15:02:00+00:00,AMZN,S02,4362,229.22,222.3334,0.0,-30039.349199999942,-0.2145667799999996,STOP_LOSS,3.0,8.0,10982.0,0.11755,NEU,
5ea46040e42cbadc,2025-02-13 00:03:00+00:00,2025-02-19 14:25:00+00:00,META,S02,1377,725.773,703.98981,0.0,-29995.452629999985,-0.2142532330714284,STOP_LOSS,3.0,8.0,9502.0,0.27372,NEU,
6e7c53b4ff9e0d3c,2025-02-13 00:02:00+00:00,2025-02-21 14:32:00+00:00,ADBE,S02,2160,462.77,448.8769,0.0,-30009.09600000001,-0.2143506857142857,STOP_LOSS,3.0,8.0,12390.0,0.46645,NEU,
779f5bcc95fcc79a,2025-02-06 00:02:00+00:00,2025-02-18 16:00:00,CSCO,S02,15971,62.61,64.78999999999999,0.0,34816.77999999988,0.2486912857142849,SENTIMENT_EOD_SELL,3.0,8.0,18238.0,0.3697625,NEU,
926ed38d6fd46199,2025-02-13 00:09:00+00:00,2025-02-18 16:00:00,ORCL,S02,5796,172.51,179.65,0.0,41383.44000000008,0.2955960000000006,SENTIMENT_EOD_SELL,3.0,8.0,8151.0,0.5106,NEU,
6853509c9f249f95,2025-02-13 00:00:00+00:00,2025-02-18 16:00:00,QCOM,S02,5881,170.03,173.67000000000002,0.0,21406.840000000087,0.1529060000000006,SENTIMENT_EOD_SELL,3.0,8.0,8160.0,0.1700333333333333,NEU,
98f38f7e761ebf23,2025-02-13 00:00:00+00:00,2025-02-24 12:23:00+00:00,TSLA,S02,2916,342.83,332.5351,0.0,-30019.928399999953,-0.4324593349999993,STOP_LOSS,3.0,8.0,16583.0,0.16565,NEU,
5a01bfb43d3427aa,2025-02-14 00:00:00+00:00,2025-02-24 15:52:00+00:00,NVDA,S02,7410,134.95,130.8915,0.0,-30073.48499999986,-0.2148106071428561,STOP_LOSS,3.0,8.0,15352.0,0.11412,NEU,
7e21e99816218d87,2025-02-14 00:03:00+00:00,2025-02-20 14:53:00+00:00,AMZN,S02,4346,230.07,223.1579,0.0,-30039.98660000004,-0.2145713328571431,STOP_LOSS,3.0,8.0,9530.0,0.19144,NEU,
675ca6578a5cf1b7,2025-02-14 00:00:00+00:00,2025-02-19 14:25:00+00:00,META,S02,1374,727.4,705.568,0.0,-29997.16799999999,-0.2142654857142856,STOP_LOSS,3.0,8.0,8065.0,0.23723,NEU,
5a63bc5086fe74a6,2025-02-14 00:00:00+00:00,2025-02-18 14:30:00+00:00,AVGO,S02,4255,235.01,227.9497,0.0,-30041.57649999993,-0.2145826892857138,STOP_LOSS,3.0,8.0,6630.0,0.257,NEU,
df29f12b1d5720e1,2025-02-14 00:00:00+00:00,2025-02-24 15:02:00+00:00,TSM,S02,4976,200.96,194.92119999999997,0.0,-30049.068800000045,-0.214636205714286,STOP_LOSS,3.0,8.0,15302.0,0.11858,NEU,
d0034b1684c41eeb,2025-02-14 09:00:00+00:00,2025-02-21 19:16:00+00:00,ORCL,S02,5720,174.82,169.5654,0.0,-30056.311999999896,-0.2146879428571421,STOP_LOSS,3.0,8.0,10696.0,0.188,NEU,
09170205bd73ce26,2025-02-14 00:45:00+00:00,2025-02-21 16:27:00+00:00,QCOM,S02,5811,172.07999999999998,166.9076,0.0,-30056.816399999894,-0.2146915457142849,STOP_LOSS,3.0,8.0,11022.0,0.12765,NEU,
706ae65278ab1710,2025-02-14 00:00:00+00:00,2025-02-19 16:00:00,CSCO,S02,15691,63.73,64.791,0.0,16648.150999999998,0.1189153642857142,SENTIMENT_EOD_SELL,3.0,8.0,8160.0,0.3314,NEU,
1b053dbe21a39540,2025-02-13 00:02:00+00:00,2025-02-25 09:00:00+00:00,GOOGL,S02,5440,183.82,178.2954,0.0,-30053.823999999957,-0.2293103614285711,STOP_LOSS,3.0,8.0,17818.0,0.1351899999999999,NEU,
7baf5e131d98ff4d,2025-02-15 00:01:00+00:00,2025-02-20 16:37:00+00:00,AMZN,S02,4372,228.69,221.8193,0.0,-30038.7004,-0.2145621457142857,STOP_LOSS,3.0,8.0,8196.0,0.10844,NEU,
4721f9a48a47faf2,2025-02-15 00:03:00+00:00,2025-02-18 18:06:00+00:00,META,S02,1356,736.95,714.8315,0.0,-29992.686000000052,-0.2142334714285718,STOP_LOSS,3.0,8.0,5403.0,0.1381222222222222,NEU,
b8a80832b7cfa829,2025-02-15 00:02:00+00:00,2025-02-18 14:47:00+00:00,AVGO,S02,4297,232.6695,225.679415,0.0,-30036.39524499997,-0.2145456803214283,STOP_LOSS,3.0,8.0,5205.0,0.210475,NEU,
66e99743c8743ec8,2025-02-18 11:31:00+00:00,2025-02-21 15:29:00+00:00,ADBE,S02,2163,462.11,448.2367,0.0,-30007.94790000006,-0.2143424850000004,STOP_LOSS,3.0,8.0,4558.0,0.34,NEU,
06babe574e2ac967,2025-02-15 00:03:00+00:00,2025-02-21 16:27:00+00:00,QCOM,S02,5809,172.13,166.9561,0.0,-30055.18510000002,-0.2146798935714287,STOP_LOSS,3.0,8.0,9624.0,0.36776,NEU,
ae283267a0ac9cfe,2025-02-03 09:00:00+00:00,2025-02-20 23:59:00+00:00,MSFT,S02,2450,408.01,416.25,0.0,20188.000000000025,0.1442000000000001,BACKTEST_END,3.0,8.0,25379.0,0.13399,NEU,
ba4294693a0f9297,2025-02-13 00:01:00+00:00,2025-02-21 00:00:00+00:00,AAPL,S02,4220,236.96,245.68,0.0,36798.40000000012,0.2628457142857151,BACKTEST_END,3.0,8.0,11519.0,0.25875,NEU,
6231fd6043a3999d,2025-02-03 09:00:00+00:00,2025-02-03 16:43:00+00:00,AAPL,S03,4295,232.8,225.806,0.0,-30039.23,-0.2145659285714286,STOP_LOSS,3.0,12.0,463.0,0.23779,NEU,
2ccf8537052ceb40,2025-02-03 09:00:00+00:00,2025-02-06 21:01:00+00:00,AMZN,S03,4277,233.78,226.7566,0.0,-30039.08180000004,-0.2145648700000003,STOP_LOSS,3.0,12.0,5041.0,0.28732,NEU,
0f4d4e5fe9d17ab1,2025-02-03 09:03:00+00:00,2025-02-07 16:00:00,CSCO,S03,16630,60.129999999999995,62.24,0.0,35089.30000000011,0.2506378571428579,SENTIMENT_EOD_SELL,3.0,12.0,6177.0,0.6597,NEU,
1ee886d3e77c4590,2025-02-03 09:00:00+00:00,2025-02-10 09:30:00,AVGO,S03,4650,215.01,230.59,0.0,72447.00000000006,0.5174785714285719,SENTIMENT_MORNING_SELL,3.0,12.0,10110.0,0.3835888888888889,NEU,
a716436b31612f64,2025-02-05 00:04:00+00:00,2025-02-05 13:00:00+00:00,AAPL,S03,4307,232.14,225.1658,0.0,-30037.879399999983,-0.2145562814285713,STOP_LOSS,3.0,12.0,776.0,0.22793,NEU,
c039b301bf8d94aa,2025-02-05 00:00:00+00:00,2025-02-06 21:01:00+00:00,AMZN,S03,4189,238.67,231.4999,0.0,-30035.54889999996,-0.2145396349999997,STOP_LOSS,3.0,12.0,2701.0,0.31008,NEU,
8fe03655ab291db8,2025-02-05 00:00:00+00:00,2025-02-07 16:35:00+00:00,GOOGL,S03,5247,190.56,184.8332,0.0,-30048.519599999985,-0.2146322828571427,STOP_LOSS,3.0,12.0,3875.0,0.24517,NEU,
71e7dcd0453ae921,2025-02-05 00:04:00+00:00,2025-02-14 09:22:00+00:00,TSM,S03,4904,203.91,197.7827,0.0,-30048.279199999957,-0.2146305657142854,STOP_LOSS,3.0,12.0,13518.0,0.2462875,NEU,
d9f55cf8740cf361,2025-02-05 00:00:00+00:00,2025-02-10 16:00:00,AVGO,S03,4336,230.61,234.2,0.0,15566.240000000138,0.1111874285714295,SENTIMENT_EOD_SELL,3.0,12.0,8160.0,0.36202,NEU,
c31cff1efcb2d6a1,2025-02-03 09:00:00+00:00,2025-02-11 09:30:00,QCOM,S03,5927,168.7,167.41,0.0,-7645.829999999953,-0.054613071428571,SENTIMENT_MORNING_SELL,3.0,12.0,11550.0,0.3005,NEU,
e562396af547ea00,2025-02-06 00:00:00+00:00,2025-02-07 15:53:00+00:00,GOOGL,S03,5227,191.31,185.5607,0.0,-30051.591100000027,-0.2146542221428573,STOP_LOSS,3.0,12.0,2393.0,0.23852,NEU,
f842450c6a3bb9a9,2025-02-06 00:00:00+00:00,2025-02-07 15:53:00+00:00,AVGO,S03,4264,234.51,227.4647,0.0,-30041.159199999987,-0.2145797085714284,STOP_LOSS,3.0,12.0,2393.0,0.39472,NEU,
367d66a5b3661718,2025-02-06 00:01:00+00:00,2025-02-11 14:33:00+00:00,TSM,S03,4799,208.36,202.0992,0.0,-30045.57919999995,-0.2146112799999996,STOP_LOSS,3.0,12.0,8072.0,0.3600571428571428,NEU,
9037ee81dab39558,2025-02-03 09:00:00+00:00,2025-02-11 16:00:00,META,S03,1481,675.01,719.49,0.0,65874.88000000003,0.4705348571428573,SENTIMENT_EOD_SELL,3.0,12.0,11940.0,0.2333285714285714,NEU,
38586e6523f27d6b,2025-02-05 00:01:00+00:00,2025-02-11 16:00:00,MSFT,S03,2432,411.18,411.54,0.0,875.5200000000332,0.0062537142857145,SENTIMENT_EOD_SELL,3.0,12.0,9599.0,0.2003299999999999,NEU,
d64bb4f577cffc0a,2025-02-05 00:12:00+00:00,2025-02-12 09:30:00,ORCL,S03,5969,167.51,172.58,0.0,30262.83000000013,0.2161630714285723,SENTIMENT_MORNING_SELL,3.0,12.0,10638.0,0.54825,NEU,
32c0d513f37cb340,2025-02-07 00:00:00+00:00,2025-02-07 17:18:00+00:00,AVGO,S03,4307,232.16,225.1852,0.0,-30040.46359999995,-0.2145747399999996,STOP_LOSS,3.0,12.0,1038.0,0.429425,NEU,
3646dd107875ddad,2025-02-07 00:00:00+00:00,2025-02-07 23:07:00+00:00,TSLA,S03,2695,371.05,359.9085,0.0,-30026.34250000002,-0.2144738750000001,STOP_LOSS,3.0,12.0,1387.0,0.26808,NEU,
2024e25bfad637d7,2025-02-06 00:00:00+00:00,2025-02-18 09:00:00+00:00,NVDA,S03,8032,124.5,139.43000000000004,0.0,119917.76000000029,0.2447453571428577,TAKE_PROFIT,3.0,12.0,17820.0,0.2409799999999999,NEU,
8b4b87d55e256121,2025-02-08 00:02:00+00:00,2025-02-13 14:32:00+00:00,TSM,S03,4868,205.42,199.2474,0.0,-30048.216799999944,-0.2146301199999996,STOP_LOSS,3.0,12.0,8070.0,0.29908,NEU,
e972555ec6cbf835,2025-02-10 13:27:00+00:00,2025-02-13 16:00:00,INTU,S03,1722,580.51,583.83,0.0,5717.040000000086,0.0408360000000006,SENTIMENT_EOD_SELL,3.0,12.0,4473.0,0.5106,NEU,
69a7eeb46720be42,2025-02-10 09:00:00+00:00,2025-02-19 15:09:00+00:00,META,S03,1390,719.01,697.4297,0.0,-29996.61699999995,-0.2142615499999996,STOP_LOSS,3.0,12.0,13329.0,0.22307,NEU,
fd2bf6b2385a01f1,2025-02-08 00:00:00+00:00,2025-02-21 19:20:00+00:00,AVGO,S03,4459,224.26,217.5222,0.0,-30043.850199999968,-0.0668967285714285,STOP_LOSS,3.0,12.0,19880.0,0.220125,NEU,
0afd3548005106d4,2025-02-08 00:02:00+00:00,2025-02-21 19:23:00+00:00,ORCL,S03,5735,174.36,169.11919999999998,0.0,-30055.98800000004,-0.1669194800000002,STOP_LOSS,3.0,12.0,19881.0,0.42175,NEU,
b4c8cd109079dc75,2025-02-12 00:00:00+00:00,2025-02-12 14:30:00+00:00,NVDA,S03,7512,133.1061,129.102917,0.0,-30071.910696000057,-0.2147993621142861,STOP_LOSS,3.0,12.0,870.0,0.20023,NEU,
5e7aaf6831d01b85,2025-02-12 00:18:00+00:00,2025-02-13 13:26:00+00:00,TSM,S03,4780,209.1693,202.884221,0.0,-30042.67761999998,-0.2145905544285712,STOP_LOSS,3.0,12.0,2228.0,0.403,NEU,
015d5fe0cbca8eb2,2025-02-07 00:09:00+00:00,2025-02-17 16:00:00,ADBE,S03,2295,435.6586,460.59,0.0,57217.563000000126,0.4086968785714294,SENTIMENT_EOD_SELL,3.0,12.0,15351.0,0.44464,NEU,
d5c54fad2c291fda,2025-02-13 00:03:00+00:00,2025-02-19 14:25:00+00:00,META,S03,1377,725.773,703.98981,0.0,-29995.452629999985,-0.2142532330714284,STOP_LOSS,3.0,12.0,9502.0,0.27372,NEU,
27779566cb9bde14,2025-02-13 00:02:00+00:00,2025-02-21 14:32:00+00:00,ADBE,S03,2160,462.77,448.8769,0.0,-30009.09600000001,-0.2143506857142857,STOP_LOSS,3.0,12.0,12390.0,0.46645,NEU,
82a54870262f6bf4,2025-02-13 00:09:00+00:00,2025-02-18 16:00:00,ORCL,S03,5796,172.51,179.65,0.0,41383.44000000008,0.2955960000000006,SENTIMENT_EOD_SELL,3.0,12.0,8151.0,0.5106,NEU,
9fca13e6d2519370,2025-02-14 00:00:00+00:00,2025-02-19 14:25:00+00:00,META,S03,1374,727.4,705.568,0.0,-29997.16799999999,-0.2142654857142856,STOP_LOSS,3.0,12.0,8065.0,0.23723,NEU,
13248c840ee6cfb9,2025-02-14 00:00:00+00:00,2025-02-18 14:30:00+00:00,AVGO,S03,4255,235.01,227.9497,0.0,-30041.57649999993,-0.2145826892857138,STOP_LOSS,3.0,12.0,6630.0,0.257,NEU,
1eef901e91e1b10f,2025-02-14 00:00:00+00:00,2025-02-21 15:44:00+00:00,TSLA,S03,2810,355.81,345.1257,0.0,-30022.88300000002,-0.2144491642857144,STOP_LOSS,3.0,12.0,11024.0,0.51506,NEU,
14746319c1c0d178,2025-02-10 09:00:00+00:00,2025-02-25 15:18:00+00:00,MSFT,S03,2429,411.63,399.2711,0.0,-30019.768100000012,-0.2480607785714286,STOP_LOSS,3.0,12.0,21978.0,0.27876,NEU,
35cf9167e2b43ba5,2025-02-13 00:00:00+00:00,2025-02-25 14:51:00+00:00,NVDA,S03,7640,130.8894,126.952718,0.0,-30076.250480000035,-0.0683014327,STOP_LOSS,3.0,12.0,18171.0,0.23418,NEU,
1a2ca01f1515b7c1,2025-02-15 00:02:00+00:00,2025-02-18 14:47:00+00:00,AVGO,S03,4297,232.6695,225.679415,0.0,-30036.39524499997,-0.2145456803214283,STOP_LOSS,3.0,12.0,5205.0,0.210475,NEU,
e9c679cbf4e03ca4,2025-02-18 11:31:00+00:00,2025-02-21 15:29:00+00:00,ADBE,S03,2163,462.11,448.2367,0.0,-30007.94790000006,-0.2143424850000004,STOP_LOSS,3.0,12.0,4558.0,0.34,NEU,
54a5943092b1c942,2025-02-15 00:03:00+00:00,2025-02-21 16:27:00+00:00,QCOM,S03,5809,172.13,166.9561,0.0,-30055.18510000002,-0.2146798935714287,STOP_LOSS,3.0,12.0,9624.0,0.36776,NEU,
e185c6c87cbc7e94,2025-02-05 00:08:00+00:00,2025-02-20 16:00:00,CSCO,S03,16202,61.72,64.66,0.0,47633.87999999996,0.3402419999999997,SENTIMENT_EOD_SELL,3.0,12.0,22552.0,0.5106,NEU,
4a8b0ab056064339,2025-02-13 00:01:00+00:00,2025-02-21 00:00:00+00:00,AAPL,S03,4220,236.96,245.68,0.0,36798.40000000012,0.2628457142857151,BACKTEST_END,3.0,12.0,11519.0,0.25875,NEU,
5572ba10b0a6ea48,2025-02-03 09:00:00+00:00,2025-02-03 16:43:00+00:00,AAPL,S04,4295,232.8,225.806,0.0,-30039.23,-0.2145659285714286,STOP_LOSS,3.0,20.0,463.0,0.23779,NEU,
73255a7bb6688aa4,2025-02-03 09:00:00+00:00,2025-02-06 21:01:00+00:00,AMZN,S04,4277,233.78,226.7566,0.0,-30039.08180000004,-0.2145648700000003,STOP_LOSS,3.0,20.0,5041.0,0.28732,NEU,
a3812de8d5394bf8,2025-02-03 09:03:00+00:00,2025-02-07 16:00:00,CSCO,S04,16630,60.129999999999995,62.24,0.0,35089.30000000011,0.2506378571428579,SENTIMENT_EOD_SELL,3.0,20.0,6177.0,0.6597,NEU,
46dae1ed5eb444b7,2025-02-03 09:00:00+00:00,2025-02-10 09:30:00,AVGO,S04,4650,215.01,230.59,0.0,72447.00000000006,0.5174785714285719,SENTIMENT_MORNING_SELL,3.0,20.0,10110.0,0.3835888888888889,NEU,
176ae7fb35b2202f,2025-02-05 00:04:00+00:00,2025-02-05 13:00:00+00:00,AAPL,S04,4307,232.14,225.1658,0.0,-30037.879399999983,-0.2145562814285713,STOP_LOSS,3.0,20.0,776.0,0.22793,NEU,
f854c20b3015f2f3,2025-02-05 00:00:00+00:00,2025-02-06 21:01:00+00:00,AMZN,S04,4189,238.67,231.4999,0.0,-30035.54889999996,-0.2145396349999997,STOP_LOSS,3.0,20.0,2701.0,0.31008,NEU,
593ca8acf74263b1,2025-02-05 00:00:00+00:00,2025-02-07 16:35:00+00:00,GOOGL,S04,5247,190.56,184.8332,0.0,-30048.519599999985,-0.2146322828571427,STOP_LOSS,3.0,20.0,3875.0,0.24517,NEU,
a84ccc8d57cf0397,2025-02-05 00:04:00+00:00,2025-02-14 09:22:00+00:00,TSM,S04,4904,203.91,197.7827,0.0,-30048.279199999957,-0.2146305657142854,STOP_LOSS,3.0,20.0,13518.0,0.2462875,NEU,
149cddd6b742e582,2025-02-05 00:00:00+00:00,2025-02-10 16:00:00,AVGO,S04,4336,230.61,234.2,0.0,15566.240000000138,0.1111874285714295,SENTIMENT_EOD_SELL,3.0,20.0,8160.0,0.36202,NEU,
6a99be702d9ccf98,2025-02-03 09:00:00+00:00,2025-02-11 09:30:00,QCOM,S04,5927,168.7,167.41,0.0,-7645.829999999953,-0.054613071428571,SENTIMENT_MORNING_SELL,3.0,20.0,11550.0,0.3005,NEU,
9bea9d8e05c38f89,2025-02-06 00:00:00+00:00,2025-02-07 15:53:00+00:00,GOOGL,S04,5227,191.31,185.5607,0.0,-30051.591100000027,-0.2146542221428573,STOP_LOSS,3.0,20.0,2393.0,0.23852,NEU,
af0b48d8fbd247cb,2025-02-06 00:00:00+00:00,2025-02-07 15:53:00+00:00,AVGO,S04,4264,234.51,227.4647,0.0,-30041.159199999987,-0.2145797085714284,STOP_LOSS,3.0,20.0,2393.0,0.39472,NEU,
bb6b5e09acf871c3,2025-02-06 00:01:00+00:00,2025-02-11 14:33:00+00:00,TSM,S04,4799,208.36,202.0992,0.0,-30045.57919999995,-0.2146112799999996,STOP_LOSS,3.0,20.0,8072.0,0.3600571428571428,NEU,
43476b3c96f663bc,2025-02-03 09:00:00+00:00,2025-02-11 16:00:00,META,S04,1481,675.01,719.49,0.0,65874.88000000003,0.4705348571428573,SENTIMENT_EOD_SELL,3.0,20.0,11940.0,0.2333285714285714,NEU,
acb93597a25b1092,2025-02-05 00:01:00+00:00,2025-02-11 16:00:00,MSFT,S04,2432,411.18,411.54,0.0,875.5200000000332,0.0062537142857145,SENTIMENT_EOD_SELL,3.0,20.0,9599.0,0.2003299999999999,NEU,
174508d06907b61f,2025-02-05 00:12:00+00:00,2025-02-12 09:30:00,ORCL,S04,5969,167.51,172.58,0.0,30262.83000000013,0.2161630714285723,SENTIMENT_MORNING_SELL,3.0,20.0,10638.0,0.54825,NEU,
ef50c2dbbefc7171,2025-02-07 00:00:00+00:00,2025-02-07 17:18:00+00:00,AVGO,S04,4307,232.16,225.1852,0.0,-30040.46359999995,-0.2145747399999996,STOP_LOSS,3.0,20.0,1038.0,0.429425,NEU,
537c44ef71bc2e8d,2025-02-07 00:00:00+00:00,2025-02-07 23:07:00+00:00,TSLA,S04,2695,371.05,359.9085,0.0,-30026.34250000002,-0.2144738750000001,STOP_LOSS,3.0,20.0,1387.0,0.26808,NEU,
7aeea4b53248f4a9,2025-02-08 00:02:00+00:00,2025-02-13 14:32:00+00:00,TSM,S04,4868,205.42,199.2474,0.0,-30048.216799999944,-0.2146301199999996,STOP_LOSS,3.0,20.0,8070.0,0.29908,NEU,
709c882d2fd2deef,2025-02-10 13:27:00+00:00,2025-02-13 16:00:00,INTU,S04,1722,580.51,583.83,0.0,5717.040000000086,0.0408360000000006,SENTIMENT_EOD_SELL,3.0,20.0,4473.0,0.5106,NEU,
eb4ec187ad8bbfcf,2025-02-10 09:00:00+00:00,2025-02-19 15:09:00+00:00,META,S04,1390,719.01,697.4297,0.0,-29996.61699999995,-0.2142615499999996,STOP_LOSS,3.0,20.0,13329.0,0.22307,NEU,
58d05293a73110b3,2025-02-08 00:00:00+00:00,2025-02-21 19:20:00+00:00,AVGO,S04,4459,224.26,217.5222,0.0,-30043.850199999968,-0.0668967285714285,STOP_LOSS,3.0,20.0,19880.0,0.220125,NEU,
de331f773e86c06b,2025-02-08 00:02:00+00:00,2025-02-21 19:23:00+00:00,ORCL,S04,5735,174.36,169.11919999999998,0.0,-30055.98800000004,-0.1669194800000002,STOP_LOSS,3.0,20.0,19881.0,0.42175,NEU,
5d0927aa5a8ed989,2025-02-12 00:18:00+00:00,2025-02-13 13:26:00+00:00,TSM,S04,4780,209.1693,202.884221,0.0,-30042.67761999998,-0.2145905544285712,STOP_LOSS,3.0,20.0,2228.0,0.403,NEU,
bbbba3cf3985e9fc,2025-02-07 00:09:00+00:00,2025-02-17 16:00:00,ADBE,S04,2295,435.6586,460.59,0.0,57217.563000000126,0.4086968785714294,SENTIMENT_EOD_SELL,3.0,20.0,15351.0,0.44464,NEU,
b274f418b2b9a501,2025-02-13 00:03:00+00:00,2025-02-19 14:25:00+00:00,META,S04,1377,725.773,703.98981,0.0,-29995.452629999985,-0.2142532330714284,STOP_LOSS,3.0,20.0,9502.0,0.27372,NEU,
4de23a811c219aa5,2025-02-13 00:02:00+00:00,2025-02-21 14:32:00+00:00,ADBE,S04,2160,462.77,448.8769,0.0,-30009.09600000001,-0.2143506857142857,STOP_LOSS,3.0,20.0,12390.0,0.46645,NEU,
2dfce269b18e96a0,2025-02-13 00:09:00+00:00,2025-02-18 16:00:00,ORCL,S04,5796,172.51,179.65,0.0,41383.44000000008,0.2955960000000006,SENTIMENT_EOD_SELL,3.0,20.0,8151.0,0.5106,NEU,
34496d9a5c04702b,2025-02-14 00:00:00+00:00,2025-02-19 14:25:00+00:00,META,S04,1374,727.4,705.568,0.0,-29997.16799999999,-0.2142654857142856,STOP_LOSS,3.0,20.0,8065.0,0.23723,NEU,
ac80386994cb1d34,2025-02-14 00:00:00+00:00,2025-02-18 14:30:00+00:00,AVGO,S04,4255,235.01,227.9497,0.0,-30041.57649999993,-0.2145826892857138,STOP_LOSS,3.0,20.0,6630.0,0.257,NEU,
7b6864d66379338a,2025-02-14 00:00:00+00:00,2025-02-21 15:44:00+00:00,TSLA,S04,2810,355.81,345.1257,0.0,-30022.88300000002,-0.2144491642857144,STOP_LOSS,3.0,20.0,11024.0,0.51506,NEU,
6ed2dc9896a62291,2025-02-10 09:00:00+00:00,2025-02-25 15:18:00+00:00,MSFT,S04,2429,411.63,399.2711,0.0,-30019.768100000012,-0.2480607785714286,STOP_LOSS,3.0,20.0,21978.0,0.27876,NEU,
9d9c7d726a2fc0fd,2025-02-15 00:02:00+00:00,2025-02-18 14:47:00+00:00,AVGO,S04,4297,232.6695,225.679415,0.0,-30036.39524499997,-0.2145456803214283,STOP_LOSS,3.0,20.0,5205.0,0.210475,NEU,
8f4705b2d85c97c2,2025-02-18 11:31:00+00:00,2025-02-21 15:29:00+00:00,ADBE,S04,2163,462.11,448.2367,0.0,-30007.94790000006,-0.2143424850000004,STOP_LOSS,3.0,20.0,4558.0,0.34,NEU,
5968760a4cea5e63,2025-02-15 00:03:00+00:00,2025-02-21 16:27:00+00:00,QCOM,S04,5809,172.13,166.9561,0.0,-30055.18510000002,-0.2146798935714287,STOP_LOSS,3.0,20.0,9624.0,0.36776,NEU,
5fa5a441889de36f,2025-02-05 00:08:00+00:00,2025-02-20 16:00:00,CSCO,S04,16202,61.72,64.66,0.0,47633.87999999996,0.3402419999999997,SENTIMENT_EOD_SELL,3.0,20.0,22552.0,0.5106,NEU,
c672b64056521e2b,2025-02-06 00:00:00+00:00,2025-02-21 00:00:00+00:00,NVDA,S04,8032,124.5,139.85000000000002,0.0,123291.2000000002,0.8806514285714299,BACKTEST_END,3.0,20.0,21600.0,0.2409799999999999,NEU,
9b42c6e6b744ea89,2025-02-13 00:01:00+00:00,2025-02-21 00:00:00+00:00,AAPL,S04,4220,236.96,245.68,0.0,36798.40000000012,0.2628457142857151,BACKTEST_END,3.0,20.0,11519.0,0.25875,NEU,
048ae68ffafc2f9b,2025-02-03 09:00:00+00:00,2025-02-05 14:27:00+00:00,NVDA,S05,8619,116.02,121.811,0.0,49912.62899999997,0.3565187785714284,TAKE_PROFIT,5.0,5.0,3207.0,0.17293,NEU,
c24b3c3a61ac7e3f,2025-02-03 09:00:00+00:00,2025-02-06 21:02:00+00:00,AMZN,S05,4277,233.78,222.081,0.0,-50036.62300000005,-0.3574044500000004,STOP_LOSS,5.0,5.0,5042.0,0.28732,NEU,
77afc099b401eacd,2025-02-03 09:00:00+00:00,2025-02-04 21:04:00+00:00,GOOGL,S05,4999,200.02,190.009,0.0,-50044.98899999998,-0.357464207142857,STOP_LOSS,5.0,5.0,2164.0,0.14625,NEU,
ef22457e18ded4c0,2025-02-03 09:00:00+00:00,2025-02-05 14:33:00+00:00,META,S05,1481,675.01,708.7505,0.0,49969.680499999995,0.3569262892857142,TAKE_PROFIT,5.0,5.0,3213.0,0.2333285714285714,NEU,
7f338a8337b0344c,2025-02-03 09:00:00+00:00,2025-02-04 21:03:00+00:00,AVGO,S05,4650,215.01,225.7505,0.0,49943.32500000012,0.3567380357142866,TAKE_PROFIT,5.0,5.0,2163.0,0.3835888888888889,NEU,
b5a8669424e18a3d,2025-02-03 09:00:00+00:00,2025-02-06 21:47:00+00:00,TSM,S05,4966,201.36,211.418,0.0,49948.02800000011,0.3567716285714293,TAKE_PROFIT,5.0,5.0,5087.0,0.1806,NEU,
588301a13ffc7ed3,2025-02-03 09:18:00+00:00,2025-02-10 15:01:00+00:00,ADBE,S05,2325,430.02,451.511,0.0,49966.5750000001,0.3569041071428578,TAKE_PROFIT,5.0,5.0,10423.0,0.1414,NEU,
b5716f38069151b3,2025-02-03 09:00:00+00:00,2025-02-05 21:00:00+00:00,QCOM,S05,5927,168.7,177.125,0.0,49934.975000000064,0.3566783928571433,TAKE_PROFIT,5.0,5.0,3600.0,0.3005,NEU,
806104feaf82ed02,2025-02-03 09:00:00+00:00,2025-02-14 15:00:00+00:00,AAPL,S05,4295,232.8,244.43,0.0,49950.8500000001,0.4923643571428581,TAKE_PROFIT,5.0,5.0,16200.0,0.23779,NEU,
ff601438794882b1,2025-02-05 00:00:00+00:00,2025-02-05 16:42:00+00:00,NVDA,S05,8452,118.31,124.2155,0.0,49913.28600000003,0.3565234714285716,TAKE_PROFIT,5.0,5.0,1002.0,0.19383,NEU,
f0d1991ee86a69ad,2025-02-05 00:00:00+00:00,2025-02-06 21:01:00+00:00,AMZN,S05,4189,238.67,226.7265,0.0,-50031.3215,-0.3573665821428571,STOP_LOSS,5.0,5.0,2701.0,0.31008,NEU,
599380dbc984523e,2025-02-05 00:00:00+00:00,2025-02-05 13:41:00+00:00,GOOGL,S05,5247,190.56,200.07800000000003,0.0,49940.94600000016,0.3567210428571439,TAKE_PROFIT,5.0,5.0,821.0,0.24517,NEU,
174b7b84a6c80703,2025-02-05 00:00:00+00:00,2025-02-14 16:11:00+00:00,META,S05,1423,702.52,737.636,0.0,49970.06799999998,0.356929057142857,TAKE_PROFIT,5.0,5.0,13931.0,0.32633,NEU,
06dcccd687979256,2025-02-05 00:01:00+00:00,2025-02-06 14:37:00+00:00,TSLA,S05,2569,389.16,369.6919999999999,0.0,-50013.292000000045,-0.3572378000000003,STOP_LOSS,5.0,5.0,2316.0,0.18773,NEU,
63374302627c03ec,2025-02-05 00:12:00+00:00,2025-02-07 14:32:00+00:00,ORCL,S05,5969,167.51,175.87550000000002,0.0,49933.66950000016,0.356669067857144,TAKE_PROFIT,5.0,5.0,3740.0,0.54825,NEU,
ac27469714e73b95,2025-02-05 00:25:00+00:00,2025-02-12 14:00:00+00:00,ADBE,S05,2268,440.77,462.7985,0.0,49960.63800000002,0.3568617000000001,TAKE_PROFIT,5.0,5.0,10895.0,0.1995333333333333,NEU,
041db04849d02a03,2025-02-05 00:08:00+00:00,2025-02-12 21:06:00+00:00,CSCO,S05,16202,61.72,64.79599999999999,0.0,49837.35199999989,0.3559810857142849,TAKE_PROFIT,5.0,5.0,11338.0,0.5106,NEU,
864aa22b82935df1,2025-02-06 00:00:00+00:00,2025-02-10 09:00:00+00:00,NVDA,S05,8032,124.5,130.715,0.0,49918.88000000003,0.3565634285714287,TAKE_PROFIT,5.0,5.0,6300.0,0.2409799999999999,NEU,
b58f75782369e9ad,2025-02-06 00:00:00+00:00,2025-02-06 21:01:00+00:00,AMZN,S05,4217,237.11,225.2445,0.0,-50036.81349999999,-0.3574058107142856,STOP_LOSS,5.0,5.0,1261.0,0.13045,NEU,
4e314123177792b7,2025-02-06 00:02:00+00:00,2025-02-14 20:31:00+00:00,META,S05,1418,705.04,740.282,0.0,49973.156000000105,0.356951114285715,TAKE_PROFIT,5.0,5.0,12749.0,0.1024222222222222,NEU,
11696b7edf8c2c35,2025-02-06 00:02:00+00:00,2025-02-12 21:06:00+00:00,CSCO,S05,15971,62.61,65.73049999999999,0.0,49837.50549999988,0.3559821821428563,TAKE_PROFIT,5.0,5.0,9904.0,0.3697625,NEU,
cee74806caeeea9f,2025-02-07 00:00:00+00:00,2025-02-10 14:36:00+00:00,TSLA,S05,2695,371.05,352.4875,0.0,-50025.9375,-0.357328125,STOP_LOSS,5.0,5.0,5196.0,0.26808,NEU,
0a1b43e4ef88747c,2025-02-07 00:09:00+00:00,2025-02-11 14:50:00+00:00,ADBE,S05,2295,435.6586,457.43153,0.0,49968.87435000007,0.356920531071429,TAKE_PROFIT,5.0,5.0,6641.0,0.44464,NEU,
fc09f37d46dbd285,2025-02-05 00:04:00+00:00,2025-02-13 09:30:00,TSM,S05,4904,203.91,205.4,0.0,7306.960000000045,0.0521925714285717,SENTIMENT_MORNING_SELL,5.0,5.0,12086.0,0.2462875,NEU,
9b55cc891113ccb1,2025-02-06 00:00:00+00:00,2025-02-13 09:30:00,GOOGL,S05,5227,191.31,185.0099,0.0,-32930.62269999993,-0.235218733571428,SENTIMENT_MORNING_SELL,5.0,5.0,10650.0,0.23852,NEU,
8cba71f309984db3,2025-02-06 00:06:00+00:00,2025-02-18 16:26:00+00:00,ORCL,S05,5827,171.61,180.1805,0.0,49940.30350000006,0.1404949821428573,TAKE_PROFIT,5.0,5.0,18260.0,0.2292,NEU,
d18e18008fcb104c,2025-02-08 00:33:00+00:00,2025-02-12 21:06:00+00:00,CSCO,S05,16059,62.27,65.37349999999999,0.0,49839.10649999995,0.3559936178571425,TAKE_PROFIT,5.0,5.0,6993.0,0.28878,NEU,
5bfc62f1ee702b01,2025-02-10 13:27:00+00:00,2025-02-13 16:00:00,INTU,S05,1722,580.51,583.83,0.0,5717.040000000086,0.0408360000000006,SENTIMENT_EOD_SELL,5.0,5.0,4473.0,0.5106,NEU,
dd51cb7936028bbd,2025-02-10 09:00:00+00:00,2025-02-12 21:06:00+00:00,CSCO,S05,16059,62.27,65.37349999999999,0.0,49839.10649999995,0.3559936178571425,TAKE_PROFIT,5.0,5.0,3606.0,0.5106,NEU,
3ee475e987f16d69,2025-02-05 00:00:00+00:00,2025-02-21 18:04:00+00:00,AVGO,S05,4336,230.61,219.0695,0.0,-50039.60800000004,-1.323777782142858,STOP_LOSS,5.0,5.0,24124.0,0.36202,NEU,
61ab523f765daf08,2025-02-07 00:00:00+00:00,2025-02-21 17:19:00+00:00,AMZN,S05,4366,229.0397,217.577715,0.0,-50043.02651,-0.3549940497142857,STOP_LOSS,5.0,5.0,21199.0,0.19479,NEU,
5d64d3738c4f429b,2025-02-12 00:00:00+00:00,2025-02-18 09:00:00+00:00,NVDA,S05,7512,133.1061,139.751405,0.0,49919.53116000006,0.3565680797142861,TAKE_PROFIT,5.0,5.0,9180.0,0.20023,NEU,
5c0d14952aff121f,2025-02-12 00:07:00+00:00,2025-02-12 21:06:00+00:00,CSCO,S05,16010,62.46,65.573,0.0,49839.12999999988,0.3559937857142848,TAKE_PROFIT,5.0,5.0,1259.0,0.5023,NEU,
be8eec8904c51ea2,2025-02-13 00:00:00+00:00,2025-02-14 14:38:00+00:00,NVDA,S05,7640,130.8894,137.42387000000002,0.0,49923.35080000021,0.3565953628571444,TAKE_PROFIT,5.0,5.0,2318.0,0.23418,NEU,
a34e01f25a88f662,2025-02-13 00:00:00+00:00,2025-02-21 17:13:00+00:00,AMZN,S05,4362,229.22,217.749,0.0,-50036.502000000015,-0.3574035857142858,STOP_LOSS,5.0,5.0,12553.0,0.11755,NEU,
04a86c5aad12e4c3,2025-02-13 00:00:00+00:00,2025-02-14 09:00:00+00:00,TSLA,S05,2916,342.83,359.9615,0.0,49955.45400000005,0.3568246714285717,TAKE_PROFIT,5.0,5.0,1980.0,0.16565,NEU,
751a801bb031d0e2,2025-02-08 00:02:00+00:00,2025-02-18 16:00:00,TSM,S05,4868,205.42,202.34,0.0,-14993.439999999922,-0.1070959999999994,SENTIMENT_EOD_SELL,5.0,5.0,15358.0,0.29908,NEU,
b57b5109d58937c7,2025-02-10 09:00:00+00:00,2025-02-18 16:00:00,ORCL,S05,5701,175.39999999999998,179.65,0.0,24229.250000000164,0.1730660714285726,SENTIMENT_EOD_SELL,5.0,5.0,11940.0,0.2997,NEU,
cbcea7c9fd2ff704,2025-02-13 00:02:00+00:00,2025-02-18 16:00:00,ADBE,S05,2160,462.77,463.72,0.0,2052.000000000098,0.0146571428571435,SENTIMENT_EOD_SELL,5.0,5.0,8158.0,0.46645,NEU,
e6d11934e08d65cc,2025-02-13 00:00:00+00:00,2025-02-18 16:00:00,QCOM,S05,5881,170.03,173.67000000000002,0.0,21406.840000000087,0.1529060000000006,SENTIMENT_EOD_SELL,5.0,5.0,8160.0,0.1700333333333333,NEU,
2c915faee0520488,2025-02-08 00:02:00+00:00,2025-02-24 14:49:00+00:00,META,S05,1399,714.51,678.7745,0.0,-49993.9645,-1.5011462535714286,STOP_LOSS,5.0,5.0,23927.0,0.11503,NEU,
b30e399a5ee96430,2025-02-13 00:01:00+00:00,2025-02-24 15:10:00+00:00,AAPL,S05,4220,236.96,248.798,0.0,49956.360000000095,0.118295442857143,TAKE_PROFIT,5.0,5.0,16749.0,0.25875,NEU,
76d73a1a310df46b,2025-02-14 00:00:00+00:00,2025-02-18 13:49:00+00:00,NVDA,S05,7410,134.95,141.6875,0.0,49924.87500000009,0.3566062500000006,TAKE_PROFIT,5.0,5.0,6589.0,0.11412,NEU,
f67bcdde84431172,2025-02-14 00:03:00+00:00,2025-02-21 15:44:00+00:00,AMZN,S05,4346,230.07,218.5565,0.0,-50037.67099999997,-0.3574119357142855,STOP_LOSS,5.0,5.0,11021.0,0.19144,NEU,
0c0ac8cd48842816,2025-02-14 00:00:00+00:00,2025-02-20 15:59:00+00:00,AVGO,S05,4255,235.01,223.2495,0.0,-50040.927500000034,-0.3574351964285717,STOP_LOSS,5.0,5.0,9599.0,0.257,NEU,
3ce2e9717d969eee,2025-02-14 00:00:00+00:00,2025-02-21 18:03:00+00:00,TSLA,S05,2810,355.81,338.0095,0.0,-50019.405,-0.3572814642857143,STOP_LOSS,5.0,5.0,11163.0,0.51506,NEU,
ae7f059b88369425,2025-02-14 09:00:00+00:00,2025-02-24 15:03:00+00:00,ORCL,S05,5720,174.82,166.069,0.0,-50055.72000000003,-0.3575408571428574,STOP_LOSS,5.0,5.0,14763.0,0.188,NEU,
cc04889b9654b1d4,2025-02-14 00:45:00+00:00,2025-02-24 15:03:00+00:00,QCOM,S05,5811,172.07999999999998,163.46599999999998,0.0,-50055.95400000003,-0.3575425285714287,STOP_LOSS,5.0,5.0,15258.0,0.12765,NEU,
00e565efb64e9e73,2025-02-14 00:00:00+00:00,2025-02-19 16:00:00,CSCO,S05,15691,63.73,64.791,0.0,16648.150999999998,0.1189153642857142,SENTIMENT_EOD_SELL,5.0,5.0,8160.0,0.3314,NEU,
5d44a70992c57e68,2025-02-14 00:00:00+00:00,2025-02-20 09:30:00,TSM,S05,4976,200.96,203.8585,0.0,14422.936000000203,0.1030209714285728,SENTIMENT_MORNING_SELL,5.0,5.0,9210.0,0.11858,NEU,
dbe7f32d37d7e492,2025-02-12 00:00:00+00:00,2025-02-25 15:19:00+00:00,GOOGL,S05,5396,185.31,176.0345,0.0,-50050.59799999997,-0.3849995035714283,STOP_LOSS,5.0,5.0,19639.0,0.165275,NEU,
0b9fd3a436555c19,2025-02-15 00:01:00+00:00,2025-02-21 17:33:00+00:00,AMZN,S05,4372,228.69,217.2455,0.0,-50035.35400000002,-0.3573953857142858,STOP_LOSS,5.0,5.0,9692.0,0.10844,NEU,
f10789f0ba0a5dbe,2025-02-15 00:03:00+00:00,2025-02-19 14:39:00+00:00,META,S05,1356,736.95,700.0925,0.0,-49978.7700000001,-0.356991214285715,STOP_LOSS,5.0,5.0,6636.0,0.1381222222222222,NEU,
4ad23703d86db931,2025-02-15 00:02:00+00:00,2025-02-21 17:16:00+00:00,AVGO,S05,4297,232.6695,221.026025,0.0,-50032.01207499998,-0.3573715148214284,STOP_LOSS,5.0,5.0,9674.0,0.210475,NEU,
9e5c843b7a95f3c3,2025-02-15 00:03:00+00:00,2025-02-24 15:03:00+00:00,QCOM,S05,5809,172.13,163.5135,0.0,-50053.24850000001,-0.3575232035714286,STOP_LOSS,5.0,5.0,13860.0,0.36776,NEU,
e114128183b51a6b,2025-02-03 09:00:00+00:00,2025-02-20 23:59:00+00:00,MSFT,S05,2450,408.01,416.25,0.0,20188.000000000025,0.1442000000000001,BACKTEST_END,5.0,5.0,25379.0,0.13399,NEU,
8e1faa7abf271600,2025-02-15 00:04:00+00:00,2025-02-21 00:00:00+00:00,AAPL,S05,4085,244.76,245.68,0.0,3758.200000000065,0.0268442857142861,BACKTEST_END,5.0,5.0,8636.0,0.15082,NEU,
013a669b4bfd8b10,2025-02-18 11:31:00+00:00,2025-02-20 23:38:00+00:00,ADBE,S05,2163,462.11,454.64,0.0,-16157.61000000006,-0.1154115000000004,BACKTEST_END,5.0,5.0,3607.0,0.34,NEU,
86c89bd9e590ccb8,2025-02-03 09:00:00+00:00,2025-02-06 21:02:00+00:00,AMZN,S06,4277,233.78,222.081,0.0,-50036.62300000005,-0.3574044500000004,STOP_LOSS,5.0,8.0,5042.0,0.28732,NEU,
1fd9f0cf57c7263f,2025-02-03 09:00:00+00:00,2025-02-04 21:05:00+00:00,AVGO,S06,4650,215.01,232.2008,0.0,79937.22000000012,0.5709801428571437,TAKE_PROFIT,5.0,8.0,2165.0,0.3835888888888889,NEU,
c802cdc9ed36d4ba,2025-02-03 09:03:00+00:00,2025-02-12 21:06:00+00:00,CSCO,S06,16630,60.129999999999995,64.93039999999999,0.0,79830.65199999994,0.5702189428571425,TAKE_PROFIT,5.0,8.0,13683.0,0.6597,NEU,
1b59b25ba8242101,2025-02-03 09:00:00+00:00,2025-02-05 21:00:00+00:00,QCOM,S06,5927,168.7,182.186,0.0,79931.52200000011,0.5709394428571437,TAKE_PROFIT,5.0,8.0,3600.0,0.3005,NEU,
336f4cfab766ee42,2025-02-03 09:00:00+00:00,2025-02-10 09:30:00,AAPL,S06,4295,232.8,232.12,0.0,-2920.599999999907,-0.0208614285714279,SENTIMENT_MORNING_SELL,5.0,8.0,10110.0,0.23779,NEU,
0c59cbafb8ff19be,2025-02-03 09:00:00+00:00,2025-02-14 13:00:00+00:00,META,S06,1481,675.01,729.0008,0.0,79960.37480000005,2.2857390828571447,TAKE_PROFIT,5.0,8.0,16080.0,0.2333285714285714,NEU,
ddad7c3122fab039,2025-02-05 00:00:00+00:00,2025-02-06 21:01:00+00:00,AMZN,S06,4189,238.67,226.7265,0.0,-50031.3215,-0.3573665821428571,STOP_LOSS,5.0,8.0,2701.0,0.31008,NEU,
8f25abee6a16af60,2025-02-05 00:00:00+00:00,2025-02-05 13:41:00+00:00,GOOGL,S06,5247,190.56,205.79480000000004,0.0,79936.99560000018,0.5709785400000014,TAKE_PROFIT,5.0,8.0,821.0,0.24517,NEU,
1a81c38ed09fa660,2025-02-05 00:08:00+00:00,2025-02-12 21:07:00+00:00,CSCO,S06,16202,61.72,66.6476,0.0,79836.97519999997,0.5702641085714283,TAKE_PROFIT,5.0,8.0,11339.0,0.5106,NEU,
200880625af384b7,2025-02-05 00:00:00+00:00,2025-02-10 16:00:00,AVGO,S06,4336,230.61,234.2,0.0,15566.240000000138,0.1111874285714295,SENTIMENT_EOD_SELL,5.0,8.0,8160.0,0.36202,NEU,
4179219d986b2f37,2025-02-05 00:04:00+00:00,2025-02-10 16:00:00,TSM,S06,4904,203.91,207.4,0.0,17114.960000000043,0.1222497142857146,SENTIMENT_EOD_SELL,5.0,8.0,8156.0,0.2462875,NEU,
88afdb89928cae6f,2025-02-06 00:00:00+00:00,2025-02-10 14:47:00+00:00,NVDA,S06,8032,124.5,134.45000000000002,0.0,79918.40000000014,0.5708457142857153,TAKE_PROFIT,5.0,8.0,6647.0,0.2409799999999999,NEU,
48e3e0a000d03372,2025-02-06 00:01:00+00:00,2025-02-14 09:21:00+00:00,TSM,S06,4799,208.36,197.932,0.0,-50043.97199999999,-0.3574569428571427,STOP_LOSS,5.0,8.0,12080.0,0.3600571428571428,NEU,
43f728714575f7e1,2025-02-05 00:01:00+00:00,2025-02-11 16:00:00,MSFT,S06,2432,411.18,411.54,0.0,875.5200000000332,0.0062537142857145,SENTIMENT_EOD_SELL,5.0,8.0,9599.0,0.2003299999999999,NEU,
8313d222af02a0ee,2025-02-05 00:12:00+00:00,2025-02-12 09:30:00,ORCL,S06,5969,167.51,172.58,0.0,30262.83000000013,0.2161630714285723,SENTIMENT_MORNING_SELL,5.0,8.0,10638.0,0.54825,NEU,
e00ff6b9464d7d73,2025-02-07 00:00:00+00:00,2025-02-10 14:36:00+00:00,TSLA,S06,2695,371.05,352.4875,0.0,-50025.9375,-0.357328125,STOP_LOSS,5.0,8.0,5196.0,0.26808,NEU,
9536b746d20d2193,2025-02-06 00:00:00+00:00,2025-02-13 09:30:00,GOOGL,S06,5227,191.31,185.0099,0.0,-32930.62269999993,-0.235218733571428,SENTIMENT_MORNING_SELL,5.0,8.0,10650.0,0.23852,NEU,
703ee97a2e97d549,2025-02-05 00:04:00+00:00,2025-02-13 16:00:00,AAPL,S06,4307,232.14,241.39,0.0,39839.75000000013,0.2845696428571437,SENTIMENT_EOD_SELL,5.0,8.0,12476.0,0.22793,NEU,
3d185e3402835eb7,2025-02-10 13:27:00+00:00,2025-02-13 16:00:00,INTU,S06,1722,580.51,583.83,0.0,5717.040000000086,0.0408360000000006,SENTIMENT_EOD_SELL,5.0,8.0,4473.0,0.5106,NEU,
9fb7aa26e0909bfb,2025-02-06 00:00:00+00:00,2025-02-20 15:59:00+00:00,AVGO,S06,4264,234.51,222.7745,0.0,-50040.172000000006,-0.11651675,STOP_LOSS,5.0,8.0,21119.0,0.39472,NEU,
a70cd94543acc7c7,2025-02-10 09:00:00+00:00,2025-02-21 19:29:00+00:00,META,S06,1390,719.01,683.0495,0.0,-49985.09500000004,-1.0952540857142865,STOP_LOSS,5.0,8.0,16469.0,0.22307,NEU,
0c447091f769c749,2025-02-07 00:09:00+00:00,2025-02-17 16:00:00,ADBE,S06,2295,435.6586,460.59,0.0,57217.563000000126,0.4086968785714294,SENTIMENT_EOD_SELL,5.0,8.0,15351.0,0.44464,NEU,
036223918bc59f66,2025-02-08 00:02:00+00:00,2025-02-18 09:30:00,ORCL,S06,5735,174.36,172.49,0.0,-10724.449999999862,-0.0766032142857133,SENTIMENT_MORNING_SELL,5.0,8.0,14968.0,0.42175,NEU,
8967cfb9f1532abb,2025-02-13 00:03:00+00:00,2025-02-21 17:18:00+00:00,META,S06,1377,725.773,689.47435,0.0,-49983.24105000009,-0.3570231503571435,STOP_LOSS,5.0,8.0,12555.0,0.27372,NEU,
80d00ba3707938df,2025-02-08 00:02:00+00:00,2025-02-18 16:00:00,TSM,S06,4868,205.42,202.34,0.0,-14993.439999999922,-0.1070959999999994,SENTIMENT_EOD_SELL,5.0,8.0,15358.0,0.29908,NEU,
1ab00fefc234d61d,2025-02-13 00:09:00+00:00,2025-02-18 16:00:00,ORCL,S06,5796,172.51,179.65,0.0,41383.44000000008,0.2955960000000006,SENTIMENT_EOD_SELL,5.0,8.0,8151.0,0.5106,NEU,
95600b5b15b1a4c9,2025-02-13 00:02:00+00:00,2025-02-18 16:00:00,ADBE,S06,2160,462.77,463.72,0.0,2052.000000000098,0.0146571428571435,SENTIMENT_EOD_SELL,5.0,8.0,8158.0,0.46645,NEU,
992727e1dd68333f,2025-02-14 00:00:00+00:00,2025-02-21 16:52:00+00:00,META,S06,1374,727.4,691.02,0.0,-49986.119999999995,-0.3570437142857142,STOP_LOSS,5.0,8.0,11092.0,0.23723,NEU,
4b6faf13789da315,2025-02-14 00:00:00+00:00,2025-02-20 15:59:00+00:00,AVGO,S06,4255,235.01,223.2495,0.0,-50040.927500000034,-0.3574351964285717,STOP_LOSS,5.0,8.0,9599.0,0.257,NEU,
e6f29b035183e5ad,2025-02-14 00:00:00+00:00,2025-02-21 18:03:00+00:00,TSLA,S06,2810,355.81,338.0095,0.0,-50019.405,-0.3572814642857143,STOP_LOSS,5.0,8.0,11163.0,0.51506,NEU,
01fbb6a6da00b7a0,2025-02-12 00:00:00+00:00,2025-02-25 14:51:00+00:00,NVDA,S06,7512,133.1061,126.44079499999998,0.0,-50069.771160000135,-0.133782193214286,STOP_LOSS,5.0,8.0,19611.0,0.20023,NEU,
c62dacdba56b8af7,2025-02-15 00:02:00+00:00,2025-02-21 17:16:00+00:00,AVGO,S06,4297,232.6695,221.026025,0.0,-50032.01207499998,-0.3573715148214284,STOP_LOSS,5.0,8.0,9674.0,0.210475,NEU,
46cc56a642d76a9b,2025-02-15 00:03:00+00:00,2025-02-24 15:03:00+00:00,QCOM,S06,5809,172.13,163.5135,0.0,-50053.24850000001,-0.3575232035714286,STOP_LOSS,5.0,8.0,13860.0,0.36776,NEU,
0901c32a16e15977,2025-02-06 00:02:00+00:00,2025-02-20 16:00:00,CSCO,S06,15971,62.61,64.66,0.0,32740.549999999956,0.2338610714285711,SENTIMENT_EOD_SELL,5.0,8.0,21118.0,0.3697625,NEU,
b63ce9c78d3ea36a,2025-02-18 11:31:00+00:00,2025-02-20 16:00:00,ADBE,S06,2163,462.11,454.64,0.0,-16157.61000000006,-0.1154115000000004,SENTIMENT_EOD_SELL,5.0,8.0,3149.0,0.34,NEU,
e3547fb00e25786c,2025-02-10 09:00:00+00:00,2025-02-20 23:59:00+00:00,MSFT,S06,2429,411.63,416.25,0.0,11221.98000000001,0.080157,BACKTEST_END,5.0,8.0,15299.0,0.27876,NEU,
8950fae2d956c933,2025-02-13 00:01:00+00:00,2025-02-21 00:00:00+00:00,AAPL,S06,4220,236.96,245.68,0.0,36798.40000000012,0.2628457142857151,BACKTEST_END,5.0,8.0,11519.0,0.25875,NEU,
2aa19b112900990a,2025-02-03 09:00:00+00:00,2025-02-06 21:02:00+00:00,AMZN,S07,4277,233.78,222.081,0.0,-50036.62300000005,-0.3574044500000004,STOP_LOSS,5.0,12.0,5042.0,0.28732,NEU,
a0b61ef7fb37449a,2025-02-03 09:03:00+00:00,2025-02-07 16:00:00,CSCO,S07,16630,60.129999999999995,62.24,0.0,35089.30000000011,0.2506378571428579,SENTIMENT_EOD_SELL,5.0,12.0,6177.0,0.6597,NEU,
23bcc2749b56cded,2025-02-03 09:00:00+00:00,2025-02-10 09:30:00,AAPL,S07,4295,232.8,232.12,0.0,-2920.599999999907,-0.0208614285714279,SENTIMENT_MORNING_SELL,5.0,12.0,10110.0,0.23779,NEU,
222c920abe9bca54,2025-02-03 09:00:00+00:00,2025-02-10 09:30:00,AVGO,S07,4650,215.01,230.59,0.0,72447.00000000006,0.5174785714285719,SENTIMENT_MORNING_SELL,5.0,12.0,10110.0,0.3835888888888889,NEU,
0284b53ceb82dc93,2025-02-05 00:00:00+00:00,2025-02-06 21:01:00+00:00,AMZN,S07,4189,238.67,226.7265,0.0,-50031.3215,-0.3573665821428571,STOP_LOSS,5.0,12.0,2701.0,0.31008,NEU,
60eb8c2b0d0c2f4e,2025-02-05 00:00:00+00:00,2025-02-10 16:00:00,AVGO,S07,4336,230.61,234.2,0.0,15566.240000000138,0.1111874285714295,SENTIMENT_EOD_SELL,5.0,12.0,8160.0,0.36202,NEU,
016eb2adf2a3e347,2025-02-05 00:04:00+00:00,2025-02-10 16:00:00,TSM,S07,4904,203.91,207.4,0.0,17114.960000000043,0.1222497142857146,SENTIMENT_EOD_SELL,5.0,12.0,8156.0,0.2462875,NEU,
e5eff00e6790a69f,2025-02-03 09:00:00+00:00,2025-02-11 09:30:00,QCOM,S07,5927,168.7,167.41,0.0,-7645.829999999953,-0.054613071428571,SENTIMENT_MORNING_SELL,5.0,12.0,11550.0,0.3005,NEU,
cba88289ba606cbf,2025-02-06 00:01:00+00:00,2025-02-14 09:21:00+00:00,TSM,S07,4799,208.36,197.932,0.0,-50043.97199999999,-0.3574569428571427,STOP_LOSS,5.0,12.0,12080.0,0.3600571428571428,NEU,
5aa0d31133364932,2025-02-03 09:00:00+00:00,2025-02-11 16:00:00,META,S07,1481,675.01,719.49,0.0,65874.88000000003,0.4705348571428573,SENTIMENT_EOD_SELL,5.0,12.0,11940.0,0.2333285714285714,NEU,
0441b13403cd0ce9,2025-02-05 00:01:00+00:00,2025-02-11 16:00:00,MSFT,S07,2432,411.18,411.54,0.0,875.5200000000332,0.0062537142857145,SENTIMENT_EOD_SELL,5.0,12.0,9599.0,0.2003299999999999,NEU,
1069c62bfe4f2b81,2025-02-05 00:12:00+00:00,2025-02-12 09:30:00,ORCL,S07,5969,167.51,172.58,0.0,30262.83000000013,0.2161630714285723,SENTIMENT_MORNING_SELL,5.0,12.0,10638.0,0.54825,NEU,
7f407166ec64fbc7,2025-02-07 00:00:00+00:00,2025-02-10 14:36:00+00:00,TSLA,S07,2695,371.05,352.4875,0.0,-50025.9375,-0.357328125,STOP_LOSS,5.0,12.0,5196.0,0.26808,NEU,
1cb592563e474ca9,2025-02-05 00:00:00+00:00,2025-02-13 09:30:00,GOOGL,S07,5247,190.56,185.0099,0.0,-29121.374699999928,-0.2080098192857137,SENTIMENT_MORNING_SELL,5.0,12.0,12090.0,0.24517,NEU,
9ef3cb636792bc72,2025-02-06 00:00:00+00:00,2025-02-18 09:00:00+00:00,NVDA,S07,8032,124.5,139.43000000000004,0.0,119917.76000000029,0.2447453571428577,TAKE_PROFIT,5.0,12.0,17820.0,0.2409799999999999,NEU,
6703d04a373c2cce,2025-02-05 00:04:00+00:00,2025-02-13 16:00:00,AAPL,S07,4307,232.14,241.39,0.0,39839.75000000013,0.2845696428571437,SENTIMENT_EOD_SELL,5.0,12.0,12476.0,0.22793,NEU,
4f1c697d481e1542,2025-02-10 13:27:00+00:00,2025-02-13 16:00:00,INTU,S07,1722,580.51,583.83,0.0,5717.040000000086,0.0408360000000006,SENTIMENT_EOD_SELL,5.0,12.0,4473.0,0.5106,NEU,
b485bedb77b02860,2025-02-06 00:00:00+00:00,2025-02-20 15:59:00+00:00,AVGO,S07,4264,234.51,222.7745,0.0,-50040.172000000006,-0.11651675,STOP_LOSS,5.0,12.0,21119.0,0.39472,NEU,
02aabed36fa0ea34,2025-02-10 09:00:00+00:00,2025-02-21 19:29:00+00:00,META,S07,1390,719.01,683.0495,0.0,-49985.09500000004,-1.0952540857142865,STOP_LOSS,5.0,12.0,16469.0,0.22307,NEU,
aed5b329d51ea622,2025-02-07 00:09:00+00:00,2025-02-17 16:00:00,ADBE,S07,2295,435.6586,460.59,0.0,57217.563000000126,0.4086968785714294,SENTIMENT_EOD_SELL,5.0,12.0,15351.0,0.44464,NEU,
9c501ba441f0d121,2025-02-08 00:02:00+00:00,2025-02-18 09:30:00,ORCL,S07,5735,174.36,172.49,0.0,-10724.449999999862,-0.0766032142857133,SENTIMENT_MORNING_SELL,5.0,12.0,14968.0,0.42175,NEU,
18880b0427d07aa5,2025-02-13 00:03:00+00:00,2025-02-21 17:18:00+00:00,META,S07,1377,725.773,689.47435,0.0,-49983.24105000009,-0.3570231503571435,STOP_LOSS,5.0,12.0,12555.0,0.27372,NEU,
2b1780b527408160,2025-02-08 00:02:00+00:00,2025-02-18 16:00:00,TSM,S07,4868,205.42,202.34,0.0,-14993.439999999922,-0.1070959999999994,SENTIMENT_EOD_SELL,5.0,12.0,15358.0,0.29908,NEU,
d4b497bf5e513879,2025-02-13 00:09:00+00:00,2025-02-18 16:00:00,ORCL,S07,5796,172.51,179.65,0.0,41383.44000000008,0.2955960000000006,SENTIMENT_EOD_SELL,5.0,12.0,8151.0,0.5106,NEU,
580238b3c6c101d0,2025-02-13 00:02:00+00:00,2025-02-18 16:00:00,ADBE,S07,2160,462.77,463.72,0.0,2052.000000000098,0.0146571428571435,SENTIMENT_EOD_SELL,5.0,12.0,8158.0,0.46645,NEU,
93d915776fe4845b,2025-02-14 00:00:00+00:00,2025-02-21 16:52:00+00:00,META,S07,1374,727.4,691.02,0.0,-49986.119999999995,-0.3570437142857142,STOP_LOSS,5.0,12.0,11092.0,0.23723,NEU,
eedf64ebacfd7748,2025-02-14 00:00:00+00:00,2025-02-20 15:59:00+00:00,AVGO,S07,4255,235.01,223.2495,0.0,-50040.927500000034,-0.3574351964285717,STOP_LOSS,5.0,12.0,9599.0,0.257,NEU,
153b5e87c1268daa,2025-02-14 00:00:00+00:00,2025-02-21 18:03:00+00:00,TSLA,S07,2810,355.81,338.0095,0.0,-50019.405,-0.3572814642857143,STOP_LOSS,5.0,12.0,11163.0,0.51506,NEU,
0de7c94a05506c14,2025-02-12 00:00:00+00:00,2025-02-25 14:51:00+00:00,NVDA,S07,7512,133.1061,126.44079499999998,0.0,-50069.771160000135,-0.133782193214286,STOP_LOSS,5.0,12.0,19611.0,0.20023,NEU,
96a4e7b2eb3e57bf,2025-02-15 00:02:00+00:00,2025-02-21 17:16:00+00:00,AVGO,S07,4297,232.6695,221.026025,0.0,-50032.01207499998,-0.3573715148214284,STOP_LOSS,5.0,12.0,9674.0,0.210475,NEU,
1b0120ea5996fd9f,2025-02-15 00:03:00+00:00,2025-02-24 15:03:00+00:00,QCOM,S07,5809,172.13,163.5135,0.0,-50053.24850000001,-0.3575232035714286,STOP_LOSS,5.0,12.0,13860.0,0.36776,NEU,
5d256ccb648524dc,2025-02-05 00:08:00+00:00,2025-02-20 16:00:00,CSCO,S07,16202,61.72,64.66,0.0,47633.87999999996,0.3402419999999997,SENTIMENT_EOD_SELL,5.0,12.0,22552.0,0.5106,NEU,
fbb51b1856511590,2025-02-18 11:31:00+00:00,2025-02-20 16:00:00,ADBE,S07,2163,462.11,454.64,0.0,-16157.61000000006,-0.1154115000000004,SENTIMENT_EOD_SELL,5.0,12.0,3149.0,0.34,NEU,
5c4276e0a046195e,2025-02-10 09:00:00+00:00,2025-02-20 23:59:00+00:00,MSFT,S07,2429,411.63,416.25,0.0,11221.98000000001,0.080157,BACKTEST_END,5.0,12.0,15299.0,0.27876,NEU,
e80169f8624ac33c,2025-02-13 00:01:00+00:00,2025-02-21 00:00:00+00:00,AAPL,S07,4220,236.96,245.68,0.0,36798.40000000012,0.2628457142857151,BACKTEST_END,5.0,12.0,11519.0,0.25875,NEU,
7adf7ac24644a595,2025-02-03 09:03:00+00:00,2025-02-07 16:00:00,CSCO,S08,16630,60.129999999999995,62.24,0.0,35089.30000000011,0.2506378571428579,SENTIMENT_EOD_SELL,5.0,20.0,6177.0,0.6597,NEU,
a5c6891882c9e056,2025-02-03 09:00:00+00:00,2025-02-10 09:30:00,AVGO,S08,4650,215.01,230.59,0.0,72447.00000000006,0.5174785714285719,SENTIMENT_MORNING_SELL,5.0,20.0,10110.0,0.3835888888888889,NEU,
f74146c5a065db50,2025-02-05 00:00:00+00:00,2025-02-06 21:01:00+00:00,AMZN,S08,4189,238.67,226.7265,0.0,-50031.3215,-0.3573665821428571,STOP_LOSS,5.0,20.0,2701.0,0.31008,NEU,
a797a3ac625dcf66,2025-02-05 00:00:00+00:00,2025-02-10 16:00:00,AVGO,S08,4336,230.61,234.2,0.0,15566.240000000138,0.1111874285714295,SENTIMENT_EOD_SELL,5.0,20.0,8160.0,0.36202,NEU,
4a324da3f943056a,2025-02-03 09:00:00+00:00,2025-02-11 09:30:00,QCOM,S08,5927,168.7,167.41,0.0,-7645.829999999953,-0.054613071428571,SENTIMENT_MORNING_SELL,5.0,20.0,11550.0,0.3005,NEU,
09e70141305eeeba,2025-02-05 00:08:00+00:00,2025-02-11 09:30:00,CSCO,S08,16202,61.72,62.59,0.0,14095.740000000074,0.1006838571428576,SENTIMENT_MORNING_SELL,5.0,20.0,9202.0,0.5106,NEU,
0de0dae0d02236f7,2025-02-06 00:01:00+00:00,2025-02-14 09:21:00+00:00,TSM,S08,4799,208.36,197.932,0.0,-50043.97199999999,-0.3574569428571427,STOP_LOSS,5.0,20.0,12080.0,0.3600571428571428,NEU,
ef683d69b7fc3f48,2025-02-05 00:00:00+00:00,2025-02-11 16:00:00,META,S08,1423,702.52,719.49,0.0,24148.31000000004,0.1724879285714288,SENTIMENT_EOD_SELL,5.0,20.0,9600.0,0.32633,NEU,
311d3fc8dcb3cd0c,2025-02-05 00:12:00+00:00,2025-02-11 16:00:00,ORCL,S08,5969,167.51,177.39,0.0,58973.72000000014,0.4212408571428581,SENTIMENT_EOD_SELL,5.0,20.0,9588.0,0.54825,NEU,
74b0b6957fdcddd9,2025-02-06 00:02:00+00:00,2025-02-11 16:00:00,CSCO,S08,15971,62.61,62.42,0.0,-3034.489999999964,-0.0216749285714283,SENTIMENT_EOD_SELL,5.0,20.0,8158.0,0.3697625,NEU,
5ae89af7d49d128f,2025-02-07 00:52:00+00:00,2025-02-13 09:30:00,CSCO,S08,16002,62.489999999999995,62.25,0.0,-3840.479999999918,-0.0274319999999994,SENTIMENT_MORNING_SELL,5.0,20.0,9158.0,0.62225,NEU,
1bebb5b265c63cd1,2025-02-08 00:02:00+00:00,2025-02-13 16:00:00,ORCL,S08,5735,174.36,173.16,0.0,-6881.9999999999345,-0.0491571428571423,SENTIMENT_EOD_SELL,5.0,20.0,8158.0,0.42175,NEU,
5259d81455c1bbb2,2025-02-10 13:27:00+00:00,2025-02-13 16:00:00,INTU,S08,1722,580.51,583.83,0.0,5717.040000000086,0.0408360000000006,SENTIMENT_EOD_SELL,5.0,20.0,4473.0,0.5106,NEU,
05d9e7d17342fa8c,2025-02-10 09:00:00+00:00,2025-02-14 16:00:00,QCOM,S08,5941,168.31,172.14,0.0,22754.030000000075,0.1625287857142862,SENTIMENT_EOD_SELL,5.0,20.0,6180.0,0.7096,NEU,
48057a7241aa6fb9,2025-02-06 00:00:00+00:00,2025-02-20 15:59:00+00:00,AVGO,S08,4264,234.51,222.7745,0.0,-50040.172000000006,-0.4980043250000001,STOP_LOSS,5.0,20.0,21119.0,0.39472,NEU,
86ea85d1c1959052,2025-02-12 00:18:00+00:00,2025-02-14 09:05:00+00:00,TSM,S08,4780,209.1693,198.700835,0.0,-50039.26270000004,-0.3574233050000003,STOP_LOSS,5.0,20.0,3407.0,0.403,NEU,
f535776d76d0b391,2025-02-07 00:09:00+00:00,2025-02-17 16:00:00,ADBE,S08,2295,435.6586,460.59,0.0,57217.563000000126,0.4086968785714294,SENTIMENT_EOD_SELL,5.0,20.0,15351.0,0.44464,NEU,
866a0808d58e15c0,2025-02-12 14:30:00+00:00,2025-02-18 09:30:00,INTU,S08,1729,578.08,575.96,0.0,-3665.480000000008,-0.026182,SENTIMENT_MORNING_SELL,5.0,20.0,8340.0,0.7444,NEU,
fa7e2953088fbf9b,2025-02-13 00:09:00+00:00,2025-02-18 16:00:00,ORCL,S08,5796,172.51,179.65,0.0,41383.44000000008,0.2955960000000006,SENTIMENT_EOD_SELL,5.0,20.0,8151.0,0.5106,NEU,
ab01b877905bf736,2025-02-14 00:00:00+00:00,2025-02-21 18:03:00+00:00,TSLA,S08,2810,355.81,338.0095,0.0,-50019.405,-0.3572814642857143,STOP_LOSS,5.0,20.0,11163.0,0.51506,NEU,
4c147d855d0daf06,2025-02-13 00:02:00+00:00,2025-02-19 16:00:00,ADBE,S08,2160,462.77,456.98,0.0,-12506.39999999992,-0.089331428571428,SENTIMENT_EOD_SELL,5.0,20.0,9598.0,0.46645,NEU,
f5ceaed06dca5539,2025-02-15 00:03:00+00:00,2025-02-24 15:03:00+00:00,QCOM,S08,5809,172.13,163.5135,0.0,-50053.24850000001,-0.3575232035714286,STOP_LOSS,5.0,20.0,13860.0,0.36776,NEU,
e145518529b68314,2025-02-10 09:00:00+00:00,2025-02-20 16:00:00,CSCO,S08,16059,62.27,64.66,0.0,38381.01000000001,0.2741500714285715,SENTIMENT_EOD_SELL,5.0,20.0,14820.0,0.5106,NEU,
3aa79f4a53333f67,2025-02-18 11:31:00+00:00,2025-02-20 16:00:00,ADBE,S08,2163,462.11,454.64,0.0,-16157.61000000006,-0.1154115000000004,SENTIMENT_EOD_SELL,5.0,20.0,3149.0,0.34,NEU,
6436f60e7de24f1c,2025-02-03 09:00:00+00:00,2025-02-05 14:27:00+00:00,NVDA,S09,8619,116.02,121.811,0.0,49912.62899999997,0.3565187785714284,TAKE_PROFIT,7.0,5.0,3207.0,0.17293,NEU,
faaeeef08d2c2b79,2025-02-03 09:00:00+00:00,2025-02-07 15:32:00+00:00,GOOGL,S09,4999,200.02,186.00859999999997,0.0,-70042.98860000004,-0.5003070614285717,STOP_LOSS,7.0,5.0,6152.0,0.14625,NEU,
5bd10308efa829fd,2025-02-03 09:00:00+00:00,2025-02-05 14:33:00+00:00,META,S09,1481,675.01,708.7505,0.0,49969.680499999995,0.3569262892857142,TAKE_PROFIT,7.0,5.0,3213.0,0.2333285714285714,NEU,
88d111ce5bb4d863,2025-02-03 09:00:00+00:00,2025-02-04 21:03:00+00:00,AVGO,S09,4650,215.01,225.7505,0.0,49943.32500000012,0.3567380357142866,TAKE_PROFIT,7.0,5.0,2163.0,0.3835888888888889,NEU,
a830d6b33b795f85,2025-02-03 09:00:00+00:00,2025-02-06 21:47:00+00:00,TSM,S09,4966,201.36,211.418,0.0,49948.02800000011,0.3567716285714293,TAKE_PROFIT,7.0,5.0,5087.0,0.1806,NEU,
100874f0b4e5a664,2025-02-03 09:18:00+00:00,2025-02-10 15:01:00+00:00,ADBE,S09,2325,430.02,451.511,0.0,49966.5750000001,0.3569041071428578,TAKE_PROFIT,7.0,5.0,10423.0,0.1414,NEU,
5acea7c8eb1ab689,2025-02-03 09:00:00+00:00,2025-02-05 21:00:00+00:00,QCOM,S09,5927,168.7,177.125,0.0,49934.975000000064,0.3566783928571433,TAKE_PROFIT,7.0,5.0,3600.0,0.3005,NEU,
79e98f2a1772c70c,2025-02-03 09:00:00+00:00,2025-02-10 09:30:00,AMZN,S09,4277,233.78,238.65,0.0,20828.99000000002,0.1487785000000001,SENTIMENT_MORNING_SELL,7.0,5.0,10110.0,0.28732,NEU,
429a808b3fa386ba,2025-02-03 09:00:00+00:00,2025-02-14 15:00:00+00:00,AAPL,S09,4295,232.8,244.43,0.0,49950.8500000001,0.4923643571428581,TAKE_PROFIT,7.0,5.0,16200.0,0.23779,NEU,
fd04d00098f5602b,2025-02-05 00:00:00+00:00,2025-02-05 16:42:00+00:00,NVDA,S09,8452,118.31,124.2155,0.0,49913.28600000003,0.3565234714285716,TAKE_PROFIT,7.0,5.0,1002.0,0.19383,NEU,
eacfbe58e745a62c,2025-02-05 00:00:00+00:00,2025-02-06 21:02:00+00:00,AMZN,S09,4189,238.67,221.9531,0.0,-70027.09410000005,-0.5001935292857146,STOP_LOSS,7.0,5.0,2702.0,0.31008,NEU,
1e1ac7b36ab4b755,2025-02-05 00:00:00+00:00,2025-02-05 13:41:00+00:00,GOOGL,S09,5247,190.56,200.07800000000003,0.0,49940.94600000016,0.3567210428571439,TAKE_PROFIT,7.0,5.0,821.0,0.24517,NEU,
f5fe63ddc53a757a,2025-02-05 00:00:00+00:00,2025-02-14 16:11:00+00:00,META,S09,1423,702.52,737.636,0.0,49970.06799999998,0.356929057142857,TAKE_PROFIT,7.0,5.0,13931.0,0.32633,NEU,
92b54b2c7f8788e7,2025-02-05 00:01:00+00:00,2025-02-07 20:11:00+00:00,TSLA,S09,2569,389.16,361.9087999999999,0.0,-70008.3328000001,-0.5000595200000008,STOP_LOSS,7.0,5.0,4090.0,0.18773,NEU,
826733ab07a1bf00,2025-02-05 00:12:00+00:00,2025-02-07 14:32:00+00:00,ORCL,S09,5969,167.51,175.87550000000002,0.0,49933.66950000016,0.356669067857144,TAKE_PROFIT,7.0,5.0,3740.0,0.54825,NEU,
cc795770fed2c8ef,2025-02-05 00:25:00+00:00,2025-02-12 14:00:00+00:00,ADBE,S09,2268,440.77,462.7985,0.0,49960.63800000002,0.3568617000000001,TAKE_PROFIT,7.0,5.0,10895.0,0.1995333333333333,NEU,
a559e3a8504c4899,2025-02-05 00:08:00+00:00,2025-02-12 21:06:00+00:00,CSCO,S09,16202,61.72,64.79599999999999,0.0,49837.35199999989,0.3559810857142849,TAKE_PROFIT,7.0,5.0,11338.0,0.5106,NEU,
b3ffb036e922583b,2025-02-06 00:00:00+00:00,2025-02-10 09:00:00+00:00,NVDA,S09,8032,124.5,130.715,0.0,49918.88000000003,0.3565634285714287,TAKE_PROFIT,7.0,5.0,6300.0,0.2409799999999999,NEU,
44083e3c684c33dd,2025-02-06 00:02:00+00:00,2025-02-14 20:31:00+00:00,META,S09,1418,705.04,740.282,0.0,49973.156000000105,0.356951114285715,TAKE_PROFIT,7.0,5.0,12749.0,0.1024222222222222,NEU,
51150a0401518324,2025-02-06 00:02:00+00:00,2025-02-12 21:06:00+00:00,CSCO,S09,15971,62.61,65.73049999999999,0.0,49837.50549999988,0.3559821821428563,TAKE_PROFIT,7.0,5.0,9904.0,0.3697625,NEU,
0429ca244c74a1b8,2025-02-07 00:00:00+00:00,2025-02-11 14:30:00+00:00,TSLA,S09,2695,371.05,345.0665,0.0,-70025.53249999997,-0.5001823749999997,STOP_LOSS,7.0,5.0,6630.0,0.26808,NEU,
a7a66220649775ea,2025-02-07 00:09:00+00:00,2025-02-11 14:50:00+00:00,ADBE,S09,2295,435.6586,457.43153,0.0,49968.87435000007,0.356920531071429,TAKE_PROFIT,7.0,5.0,6641.0,0.44464,NEU,
2d95a17a17e330bc,2025-02-05 00:04:00+00:00,2025-02-13 09:30:00,TSM,S09,4904,203.91,205.4,0.0,7306.960000000045,0.0521925714285717,SENTIMENT_MORNING_SELL,7.0,5.0,12086.0,0.2462875,NEU,
7b6a14922e12306e,2025-02-06 00:00:00+00:00,2025-02-13 09:30:00,GOOGL,S09,5227,191.31,185.0099,0.0,-32930.62269999993,-0.235218733571428,SENTIMENT_MORNING_SELL,7.0,5.0,10650.0,0.23852,NEU,
0ad2bbc86e95904a,2025-02-06 00:06:00+00:00,2025-02-18 16:26:00+00:00,ORCL,S09,5827,171.61,180.1805,0.0,49940.30350000006,0.1404949821428573,TAKE_PROFIT,7.0,5.0,18260.0,0.2292,NEU,
0455f6ca75088285,2025-02-08 00:33:00+00:00,2025-02-12 21:06:00+00:00,CSCO,S09,16059,62.27,65.37349999999999,0.0,49839.10649999995,0.3559936178571425,TAKE_PROFIT,7.0,5.0,6993.0,0.28878,NEU,
b2f6d7926496c840,2025-02-10 13:27:00+00:00,2025-02-13 16:00:00,INTU,S09,1722,580.51,583.83,0.0,5717.040000000086,0.0408360000000006,SENTIMENT_EOD_SELL,7.0,5.0,4473.0,0.5106,NEU,
d5898a3b35d76731,2025-02-10 09:00:00+00:00,2025-02-12 21:06:00+00:00,CSCO,S09,16059,62.27,65.37349999999999,0.0,49839.10649999995,0.3559936178571425,TAKE_PROFIT,7.0,5.0,3606.0,0.5106,NEU,
852bfaf70c3ca4f5,2025-02-06 00:00:00+00:00,2025-02-21 15:06:00+00:00,AMZN,S09,4217,237.11,220.5023,0.0,-70034.67089999997,-1.9050218164285708,STOP_LOSS,7.0,5.0,22506.0,0.13045,NEU,
0729147dad3b82e3,2025-02-12 00:00:00+00:00,2025-02-18 09:00:00+00:00,NVDA,S09,7512,133.1061,139.751405,0.0,49919.53116000006,0.3565680797142861,TAKE_PROFIT,7.0,5.0,9180.0,0.20023,NEU,
18135a4008653955,2025-02-12 00:07:00+00:00,2025-02-12 21:06:00+00:00,CSCO,S09,16010,62.46,65.573,0.0,49839.12999999988,0.3559937857142848,TAKE_PROFIT,7.0,5.0,1259.0,0.5023,NEU,
43676a13ebbf52a1,2025-02-13 00:00:00+00:00,2025-02-14 14:38:00+00:00,NVDA,S09,7640,130.8894,137.42387000000002,0.0,49923.35080000021,0.3565953628571444,TAKE_PROFIT,7.0,5.0,2318.0,0.23418,NEU,
b15641ae05699033,2025-02-13 00:00:00+00:00,2025-02-14 09:00:00+00:00,TSLA,S09,2916,342.83,359.9615,0.0,49955.45400000005,0.3568246714285717,TAKE_PROFIT,7.0,5.0,1980.0,0.16565,NEU,
2f394e4b268797a0,2025-02-08 00:02:00+00:00,2025-02-18 16:00:00,TSM,S09,4868,205.42,202.34,0.0,-14993.439999999922,-0.1070959999999994,SENTIMENT_EOD_SELL,7.0,5.0,15358.0,0.29908,NEU,
cdbf583389bcd39b,2025-02-10 09:00:00+00:00,2025-02-18 16:00:00,ORCL,S09,5701,175.39999999999998,179.65,0.0,24229.250000000164,0.1730660714285726,SENTIMENT_EOD_SELL,7.0,5.0,11940.0,0.2997,NEU,
537ae8df09dca7f8,2025-02-13 00:02:00+00:00,2025-02-18 16:00:00,ADBE,S09,2160,462.77,463.72,0.0,2052.000000000098,0.0146571428571435,SENTIMENT_EOD_SELL,7.0,5.0,8158.0,0.46645,NEU,
b359aa1fd9fa9d72,2025-02-13 00:00:00+00:00,2025-02-18 16:00:00,QCOM,S09,5881,170.03,173.67000000000002,0.0,21406.840000000087,0.1529060000000006,SENTIMENT_EOD_SELL,7.0,5.0,8160.0,0.1700333333333333,NEU,
6e2d321ed227836f,2025-02-05 00:00:00+00:00,2025-02-19 09:30:00,AVGO,S09,4336,230.61,234.99,0.0,18991.680000000106,0.1356548571428578,SENTIMENT_MORNING_SELL,7.0,5.0,20730.0,0.36202,NEU,
569959cd757a0f60,2025-02-08 00:02:00+00:00,2025-02-24 15:07:00+00:00,META,S09,1399,714.51,664.4843,0.0,-69985.95430000004,-2.1014367264285725,STOP_LOSS,7.0,5.0,23945.0,0.11503,NEU,
f2b0017e255db09e,2025-02-13 00:01:00+00:00,2025-02-24 15:10:00+00:00,AAPL,S09,4220,236.96,248.798,0.0,49956.360000000095,0.118295442857143,TAKE_PROFIT,7.0,5.0,16749.0,0.25875,NEU,
45102ce62ed30486,2025-02-13 00:00:00+00:00,2025-02-24 15:07:00+00:00,AMZN,S09,4362,229.22,213.1646,0.0,-70033.65479999996,-0.4839556285714284,STOP_LOSS,7.0,5.0,16747.0,0.11755,NEU,
9daa395f1fe25ba7,2025-02-14 00:00:00+00:00,2025-02-18 13:49:00+00:00,NVDA,S09,7410,134.95,141.6875,0.0,49924.87500000009,0.3566062500000006,TAKE_PROFIT,7.0,5.0,6589.0,0.11412,NEU,
38e8398c62174fae,2025-02-14 00:00:00+00:00,2025-02-21 18:12:00+00:00,AVGO,S09,4255,235.01,218.5493,0.0,-70040.27850000001,-0.5002877035714287,STOP_LOSS,7.0,5.0,11172.0,0.257,NEU,
4301c20a2aadd1d4,2025-02-14 00:00:00+00:00,2025-02-24 14:57:00+00:00,TSLA,S09,2810,355.81,330.8933,0.0,-70015.92699999998,-0.5001137642857142,STOP_LOSS,7.0,5.0,15297.0,0.51506,NEU,
90f04c9829ccd308,2025-02-14 00:00:00+00:00,2025-02-19 16:00:00,CSCO,S09,15691,63.73,64.791,0.0,16648.150999999998,0.1189153642857142,SENTIMENT_EOD_SELL,7.0,5.0,8160.0,0.3314,NEU,
403ac26f5b599d35,2025-02-14 00:45:00+00:00,2025-02-19 16:00:00,QCOM,S09,5811,172.07999999999998,174.842,0.0,16049.982000000167,0.1146427285714297,SENTIMENT_EOD_SELL,7.0,5.0,8115.0,0.12765,NEU,
9e1c95c393c02c33,2025-02-14 00:00:00+00:00,2025-02-20 09:30:00,TSM,S09,4976,200.96,203.8585,0.0,14422.936000000203,0.1030209714285728,SENTIMENT_MORNING_SELL,7.0,5.0,9210.0,0.11858,NEU,
26bea95b462ae035,2025-02-14 09:00:00+00:00,2025-02-20 09:30:00,ORCL,S09,5720,174.82,174.24,0.0,-3317.599999999909,-0.0236971428571422,SENTIMENT_MORNING_SELL,7.0,5.0,8670.0,0.188,NEU,
cae8ec55416445c7,2025-02-15 00:01:00+00:00,2025-02-24 20:55:00+00:00,AMZN,S09,4372,228.69,212.6717,0.0,-70032.00760000004,-0.500228625714286,STOP_LOSS,7.0,5.0,14214.0,0.10844,NEU,
afce881676ec79b5,2025-02-15 00:03:00+00:00,2025-02-21 18:21:00+00:00,META,S09,1356,736.95,685.3535,0.0,-69964.85399999999,-0.4997489571428571,STOP_LOSS,7.0,5.0,9738.0,0.1381222222222222,NEU,
252afc6e74858762,2025-02-15 00:02:00+00:00,2025-02-21 19:20:00+00:00,AVGO,S09,4297,232.6695,216.372635,0.0,-70027.62890499999,-0.5001973493214286,STOP_LOSS,7.0,5.0,9798.0,0.210475,NEU,
af8aad805ed58148,2025-02-15 00:03:00+00:00,2025-02-25 10:25:00+00:00,QCOM,S09,5809,172.13,160.0709,0.0,-70051.3119,-0.5003665135714286,STOP_LOSS,7.0,5.0,15022.0,0.36776,NEU,
fd5457636b51a416,2025-02-03 09:00:00+00:00,2025-02-20 23:59:00+00:00,MSFT,S09,2450,408.01,416.25,0.0,20188.000000000025,0.1442000000000001,BACKTEST_END,7.0,5.0,25379.0,0.13399,NEU,
f32b555f50f3d20c,2025-02-12 00:00:00+00:00,2025-02-21 00:00:00+00:00,GOOGL,S09,5396,185.31,184.47,0.0,-4532.6400000000185,-0.0323760000000001,BACKTEST_END,7.0,5.0,12960.0,0.165275,NEU,
ea59242cbf9100af,2025-02-15 00:04:00+00:00,2025-02-21 00:00:00+00:00,AAPL,S09,4085,244.76,245.68,0.0,3758.200000000065,0.0268442857142861,BACKTEST_END,7.0,5.0,8636.0,0.15082,NEU,
0f518cb5b17a8cbb,2025-02-18 11:31:00+00:00,2025-02-20 23:38:00+00:00,ADBE,S09,2163,462.11,454.64,0.0,-16157.61000000006,-0.1154115000000004,BACKTEST_END,7.0,5.0,3607.0,0.34,NEU,
086572ff8ef7b0d5,2025-02-03 09:00:00+00:00,2025-02-04 21:05:00+00:00,AVGO,S10,4650,215.01,232.2008,0.0,79937.22000000012,0.5709801428571437,TAKE_PROFIT,7.0,8.0,2165.0,0.3835888888888889,NEU,
35180ffd213ebec5,2025-02-03 09:03:00+00:00,2025-02-12 21:06:00+00:00,CSCO,S10,16630,60.129999999999995,64.93039999999999,0.0,79830.65199999994,0.5702189428571425,TAKE_PROFIT,7.0,8.0,13683.0,0.6597,NEU,
76e6061105faef55,2025-02-03 09:00:00+00:00,2025-02-05 21:00:00+00:00,QCOM,S10,5927,168.7,182.186,0.0,79931.52200000011,0.5709394428571437,TAKE_PROFIT,7.0,8.0,3600.0,0.3005,NEU,
99ae2a4087d1a518,2025-02-03 09:00:00+00:00,2025-02-10 09:30:00,AAPL,S10,4295,232.8,232.12,0.0,-2920.599999999907,-0.0208614285714279,SENTIMENT_MORNING_SELL,7.0,8.0,10110.0,0.23779,NEU,
df3efa1307fee492,2025-02-03 09:00:00+00:00,2025-02-14 13:00:00+00:00,META,S10,1481,675.01,729.0008,0.0,79960.37480000005,2.2857390828571447,TAKE_PROFIT,7.0,8.0,16080.0,0.2333285714285714,NEU,
6caf0ecce43d24f0,2025-02-05 00:00:00+00:00,2025-02-05 13:41:00+00:00,GOOGL,S10,5247,190.56,205.79480000000004,0.0,79936.99560000018,0.5709785400000014,TAKE_PROFIT,7.0,8.0,821.0,0.24517,NEU,
be221d952754685e,2025-02-05 00:08:00+00:00,2025-02-12 21:07:00+00:00,CSCO,S10,16202,61.72,66.6476,0.0,79836.97519999997,0.5702641085714283,TAKE_PROFIT,7.0,8.0,11339.0,0.5106,NEU,
e389eb195149e6a9,2025-02-05 00:00:00+00:00,2025-02-10 16:00:00,AVGO,S10,4336,230.61,234.2,0.0,15566.240000000138,0.1111874285714295,SENTIMENT_EOD_SELL,7.0,8.0,8160.0,0.36202,NEU,
a3e9868778dc08bb,2025-02-05 00:04:00+00:00,2025-02-10 16:00:00,TSM,S10,4904,203.91,207.4,0.0,17114.960000000043,0.1222497142857146,SENTIMENT_EOD_SELL,7.0,8.0,8156.0,0.2462875,NEU,
95bda1fe2272ef4e,2025-02-06 00:00:00+00:00,2025-02-10 14:47:00+00:00,NVDA,S10,8032,124.5,134.45000000000002,0.0,79918.40000000014,0.5708457142857153,TAKE_PROFIT,7.0,8.0,6647.0,0.2409799999999999,NEU,
291aecf11d3bbe0c,2025-02-05 00:01:00+00:00,2025-02-11 16:00:00,MSFT,S10,2432,411.18,411.54,0.0,875.5200000000332,0.0062537142857145,SENTIMENT_EOD_SELL,7.0,8.0,9599.0,0.2003299999999999,NEU,
943e0716d90d733d,2025-02-05 00:12:00+00:00,2025-02-12 09:30:00,ORCL,S10,5969,167.51,172.58,0.0,30262.83000000013,0.2161630714285723,SENTIMENT_MORNING_SELL,7.0,8.0,10638.0,0.54825,NEU,
dc1fc4104b04aa89,2025-02-07 00:00:00+00:00,2025-02-11 14:30:00+00:00,TSLA,S10,2695,371.05,345.0665,0.0,-70025.53249999997,-0.5001823749999997,STOP_LOSS,7.0,8.0,6630.0,0.26808,NEU,
81bca04a4dd3b738,2025-02-06 00:00:00+00:00,2025-02-13 09:30:00,GOOGL,S10,5227,191.31,185.0099,0.0,-32930.62269999993,-0.235218733571428,SENTIMENT_MORNING_SELL,7.0,8.0,10650.0,0.23852,NEU,
3cf6a96e1a5e6a34,2025-02-05 00:04:00+00:00,2025-02-13 16:00:00,AAPL,S10,4307,232.14,241.39,0.0,39839.75000000013,0.2845696428571437,SENTIMENT_EOD_SELL,7.0,8.0,12476.0,0.22793,NEU,
7402fadff994b8ba,2025-02-10 13:27:00+00:00,2025-02-13 16:00:00,INTU,S10,1722,580.51,583.83,0.0,5717.040000000086,0.0408360000000006,SENTIMENT_EOD_SELL,7.0,8.0,4473.0,0.5106,NEU,
249619ab7af5ec4d,2025-02-03 09:00:00+00:00,2025-02-21 17:19:00+00:00,AMZN,S10,4277,233.78,217.4054,0.0,-70034.16420000007,-0.1625763857142858,STOP_LOSS,7.0,8.0,26419.0,0.28732,NEU,
28c1a36211f7a3e8,2025-02-06 00:00:00+00:00,2025-02-21 19:01:00+00:00,AVGO,S10,4264,234.51,218.0843,0.0,-70039.18480000003,-0.5018051350000001,STOP_LOSS,7.0,8.0,22741.0,0.39472,NEU,
e1ee8addb2847848,2025-02-07 00:09:00+00:00,2025-02-17 16:00:00,ADBE,S10,2295,435.6586,460.59,0.0,57217.563000000126,0.4086968785714294,SENTIMENT_EOD_SELL,7.0,8.0,15351.0,0.44464,NEU,
0537f1c233d8f786,2025-02-08 00:02:00+00:00,2025-02-18 09:30:00,ORCL,S10,5735,174.36,172.49,0.0,-10724.449999999862,-0.0766032142857133,SENTIMENT_MORNING_SELL,7.0,8.0,14968.0,0.42175,NEU,
ba50301b00329d72,2025-02-06 00:01:00+00:00,2025-02-18 16:00:00,TSM,S10,4799,208.36,202.34,0.0,-28889.979999999912,-0.2063569999999993,SENTIMENT_EOD_SELL,7.0,8.0,18239.0,0.3600571428571428,NEU,
59fa4b959d650847,2025-02-13 00:09:00+00:00,2025-02-18 16:00:00,ORCL,S10,5796,172.51,179.65,0.0,41383.44000000008,0.2955960000000006,SENTIMENT_EOD_SELL,7.0,8.0,8151.0,0.5106,NEU,
db3e26b4c9495652,2025-02-13 00:02:00+00:00,2025-02-18 16:00:00,ADBE,S10,2160,462.77,463.72,0.0,2052.000000000098,0.0146571428571435,SENTIMENT_EOD_SELL,7.0,8.0,8158.0,0.46645,NEU,
8486ad2dea0274f1,2025-02-10 09:00:00+00:00,2025-02-24 15:03:00+00:00,META,S10,1390,719.01,668.6692999999999,0.0,-69973.57300000012,-0.7766850857142871,STOP_LOSS,7.0,8.0,20523.0,0.22307,NEU,
e6a50be19d93bcdb,2025-02-14 00:00:00+00:00,2025-02-21 18:12:00+00:00,AVGO,S10,4255,235.01,218.5493,0.0,-70040.27850000001,-0.5002877035714287,STOP_LOSS,7.0,8.0,11172.0,0.257,NEU,
6ac869d99f9e8bbf,2025-02-14 00:00:00+00:00,2025-02-24 14:57:00+00:00,TSLA,S10,2810,355.81,330.8933,0.0,-70015.92699999998,-0.5001137642857142,STOP_LOSS,7.0,8.0,15297.0,0.51506,NEU,
cc6e5177b9c9f837,2025-02-15 00:02:00+00:00,2025-02-21 19:20:00+00:00,AVGO,S10,4297,232.6695,216.372635,0.0,-70027.62890499999,-0.5001973493214286,STOP_LOSS,7.0,8.0,9798.0,0.210475,NEU,
0b61d80954dbe7f0,2025-02-15 00:03:00+00:00,2025-02-25 10:25:00+00:00,QCOM,S10,5809,172.13,160.0709,0.0,-70051.3119,-0.5003665135714286,STOP_LOSS,7.0,8.0,15022.0,0.36776,NEU,
10521698b56a5887,2025-02-06 00:02:00+00:00,2025-02-20 16:00:00,CSCO,S10,15971,62.61,64.66,0.0,32740.549999999956,0.2338610714285711,SENTIMENT_EOD_SELL,7.0,8.0,21118.0,0.3697625,NEU,
d206fa43c6b3fc4e,2025-02-18 11:31:00+00:00,2025-02-20 16:00:00,ADBE,S10,2163,462.11,454.64,0.0,-16157.61000000006,-0.1154115000000004,SENTIMENT_EOD_SELL,7.0,8.0,3149.0,0.34,NEU,
09c4501b0775d951,2025-02-10 09:00:00+00:00,2025-02-20 23:59:00+00:00,MSFT,S10,2429,411.63,416.25,0.0,11221.98000000001,0.080157,BACKTEST_END,7.0,8.0,15299.0,0.27876,NEU,
c5bca2991ca6ff48,2025-02-12 00:00:00+00:00,2025-02-21 00:00:00+00:00,NVDA,S10,7512,133.1061,139.85000000000002,0.0,50660.17680000019,0.361858405714287,BACKTEST_END,7.0,8.0,12960.0,0.20023,NEU,
3e7d0eb509f4117b,2025-02-13 00:01:00+00:00,2025-02-21 00:00:00+00:00,AAPL,S10,4220,236.96,245.68,0.0,36798.40000000012,0.2628457142857151,BACKTEST_END,7.0,8.0,11519.0,0.25875,NEU,
ad98fc858f21b47f,2025-02-03 09:03:00+00:00,2025-02-07 16:00:00,CSCO,S11,16630,60.129999999999995,62.24,0.0,35089.30000000011,0.2506378571428579,SENTIMENT_EOD_SELL,7.0,12.0,6177.0,0.6597,NEU,
87c5e56d5336780e,2025-02-03 09:00:00+00:00,2025-02-10 09:30:00,AVGO,S11,4650,215.01,230.59,0.0,72447.00000000006,0.5174785714285719,SENTIMENT_MORNING_SELL,7.0,12.0,10110.0,0.3835888888888889,NEU,
9d9cd3c910b163ae,2025-02-05 00:00:00+00:00,2025-02-06 21:02:00+00:00,AMZN,S11,4189,238.67,221.9531,0.0,-70027.09410000005,-0.5001935292857146,STOP_LOSS,7.0,12.0,2702.0,0.31008,NEU,
a83cb5678d9e97ea,2025-02-05 00:00:00+00:00,2025-02-10 16:00:00,AVGO,S11,4336,230.61,234.2,0.0,15566.240000000138,0.1111874285714295,SENTIMENT_EOD_SELL,7.0,12.0,8160.0,0.36202,NEU,
491a53aba64bbd04,2025-02-03 09:00:00+00:00,2025-02-11 09:30:00,QCOM,S11,5927,168.7,167.41,0.0,-7645.829999999953,-0.054613071428571,SENTIMENT_MORNING_SELL,7.0,12.0,11550.0,0.3005,NEU,
9ca979ca1e347b23,2025-02-05 00:08:00+00:00,2025-02-11 09:30:00,CSCO,S11,16202,61.72,62.59,0.0,14095.740000000074,0.1006838571428576,SENTIMENT_MORNING_SELL,7.0,12.0,9202.0,0.5106,NEU,
a8a0bd17c7e51e2f,2025-02-05 00:00:00+00:00,2025-02-11 16:00:00,META,S11,1423,702.52,719.49,0.0,24148.31000000004,0.1724879285714288,SENTIMENT_EOD_SELL,7.0,12.0,9600.0,0.32633,NEU,
335b90db2d27a103,2025-02-05 00:12:00+00:00,2025-02-11 16:00:00,ORCL,S11,5969,167.51,177.39,0.0,58973.72000000014,0.4212408571428581,SENTIMENT_EOD_SELL,7.0,12.0,9588.0,0.54825,NEU,
7470bc55062d56cd,2025-02-06 00:02:00+00:00,2025-02-11 16:00:00,CSCO,S11,15971,62.61,62.42,0.0,-3034.489999999964,-0.0216749285714283,SENTIMENT_EOD_SELL,7.0,12.0,8158.0,0.3697625,NEU,
55788b80b0761c50,2025-02-07 00:52:00+00:00,2025-02-13 09:30:00,CSCO,S11,16002,62.489999999999995,62.25,0.0,-3840.479999999918,-0.0274319999999994,SENTIMENT_MORNING_SELL,7.0,12.0,9158.0,0.62225,NEU,
9401f4b81d7a403c,2025-02-08 00:02:00+00:00,2025-02-13 16:00:00,ORCL,S11,5735,174.36,173.16,0.0,-6881.9999999999345,-0.0491571428571423,SENTIMENT_EOD_SELL,7.0,12.0,8158.0,0.42175,NEU,
ac990885aad09a5b,2025-02-10 13:27:00+00:00,2025-02-13 16:00:00,INTU,S11,1722,580.51,583.83,0.0,5717.040000000086,0.0408360000000006,SENTIMENT_EOD_SELL,7.0,12.0,4473.0,0.5106,NEU,
e226fb1e2faccdfe,2025-02-06 00:01:00+00:00,2025-02-14 16:00:00,TSM,S11,4799,208.36,203.89,0.0,-21451.529999999857,-0.1532252142857132,SENTIMENT_EOD_SELL,7.0,12.0,12479.0,0.3600571428571428,NEU,
cfe00acc2174f744,2025-02-10 09:00:00+00:00,2025-02-14 16:00:00,QCOM,S11,5941,168.31,172.14,0.0,22754.030000000075,0.1625287857142862,SENTIMENT_EOD_SELL,7.0,12.0,6180.0,0.7096,NEU,
5097959dfd62720a,2025-02-06 00:00:00+00:00,2025-02-21 19:01:00+00:00,AVGO,S11,4264,234.51,218.0843,0.0,-70039.18480000003,-0.6970363121428574,STOP_LOSS,7.0,12.0,22741.0,0.39472,NEU,
1b3b3979a9564a77,2025-02-07 00:09:00+00:00,2025-02-17 16:00:00,ADBE,S11,2295,435.6586,460.59,0.0,57217.563000000126,0.4086968785714294,SENTIMENT_EOD_SELL,7.0,12.0,15351.0,0.44464,NEU,
3dbce641137791de,2025-02-12 14:30:00+00:00,2025-02-18 09:30:00,INTU,S11,1729,578.08,575.96,0.0,-3665.480000000008,-0.026182,SENTIMENT_MORNING_SELL,7.0,12.0,8340.0,0.7444,NEU,
7d4df3c2b06f0343,2025-02-12 00:18:00+00:00,2025-02-18 16:00:00,TSM,S11,4780,209.1693,202.34,0.0,-32644.05399999995,-0.2331718142857139,SENTIMENT_EOD_SELL,7.0,12.0,9582.0,0.403,NEU,
24300fced48f350c,2025-02-13 00:09:00+00:00,2025-02-18 16:00:00,ORCL,S11,5796,172.51,179.65,0.0,41383.44000000008,0.2955960000000006,SENTIMENT_EOD_SELL,7.0,12.0,8151.0,0.5106,NEU,
047b104ea03c3111,2025-02-14 00:00:00+00:00,2025-02-24 14:57:00+00:00,TSLA,S11,2810,355.81,330.8933,0.0,-70015.92699999998,-0.5001137642857142,STOP_LOSS,7.0,12.0,15297.0,0.51506,NEU,
800732221840905d,2025-02-13 00:02:00+00:00,2025-02-19 16:00:00,ADBE,S11,2160,462.77,456.98,0.0,-12506.39999999992,-0.089331428571428,SENTIMENT_EOD_SELL,7.0,12.0,9598.0,0.46645,NEU,
b9022780ff374815,2025-02-15 00:03:00+00:00,2025-02-25 10:25:00+00:00,QCOM,S11,5809,172.13,160.0709,0.0,-70051.3119,-0.5003665135714286,STOP_LOSS,7.0,12.0,15022.0,0.36776,NEU,
4cbdf470aef57dd7,2025-02-10 09:00:00+00:00,2025-02-20 16:00:00,CSCO,S11,16059,62.27,64.66,0.0,38381.01000000001,0.2741500714285715,SENTIMENT_EOD_SELL,7.0,12.0,14820.0,0.5106,NEU,
6d3103371ebe2266,2025-02-18 11:31:00+00:00,2025-02-20 16:00:00,ADBE,S11,2163,462.11,454.64,0.0,-16157.61000000006,-0.1154115000000004,SENTIMENT_EOD_SELL,7.0,12.0,3149.0,0.34,NEU,
e0c252edc908dfbb,2025-02-03 09:03:00+00:00,2025-02-07 16:00:00,CSCO,S12,16630,60.129999999999995,62.24,0.0,35089.30000000011,0.2506378571428579,SENTIMENT_EOD_SELL,7.0,20.0,6177.0,0.6597,NEU,
27400e798172cccd,2025-02-03 09:00:00+00:00,2025-02-10 09:30:00,AVGO,S12,4650,215.01,230.59,0.0,72447.00000000006,0.5174785714285719,SENTIMENT_MORNING_SELL,7.0,20.0,10110.0,0.3835888888888889,NEU,
6364acd793223bdc,2025-02-05 00:00:00+00:00,2025-02-06 21:02:00+00:00,AMZN,S12,4189,238.67,221.9531,0.0,-70027.09410000005,-0.5001935292857146,STOP_LOSS,7.0,20.0,2702.0,0.31008,NEU,
81323d3f4413d248,2025-02-05 00:00:00+00:00,2025-02-10 16:00:00,AVGO,S12,4336,230.61,234.2,0.0,15566.240000000138,0.1111874285714295,SENTIMENT_EOD_SELL,7.0,20.0,8160.0,0.36202,NEU,
47456c83f5c4c9b2,2025-02-03 09:00:00+00:00,2025-02-11 09:30:00,QCOM,S12,5927,168.7,167.41,0.0,-7645.829999999953,-0.054613071428571,SENTIMENT_MORNING_SELL,7.0,20.0,11550.0,0.3005,NEU,
381f3adc1d32a429,2025-02-05 00:08:00+00:00,2025-02-11 09:30:00,CSCO,S12,16202,61.72,62.59,0.0,14095.740000000074,0.1006838571428576,SENTIMENT_MORNING_SELL,7.0,20.0,9202.0,0.5106,NEU,
a6bba18ca09a1e60,2025-02-05 00:00:00+00:00,2025-02-11 16:00:00,META,S12,1423,702.52,719.49,0.0,24148.31000000004,0.1724879285714288,SENTIMENT_EOD_SELL,7.0,20.0,9600.0,0.32633,NEU,
7514cbbd373ec55b,2025-02-05 00:12:00+00:00,2025-02-11 16:00:00,ORCL,S12,5969,167.51,177.39,0.0,58973.72000000014,0.4212408571428581,SENTIMENT_EOD_SELL,7.0,20.0,9588.0,0.54825,NEU,
88d2b63702881316,2025-02-06 00:02:00+00:00,2025-02-11 16:00:00,CSCO,S12,15971,62.61,62.42,0.0,-3034.489999999964,-0.0216749285714283,SENTIMENT_EOD_SELL,7.0,20.0,8158.0,0.3697625,NEU,
fdbe03632f7fd1b0,2025-02-07 00:52:00+00:00,2025-02-13 09:30:00,CSCO,S12,16002,62.489999999999995,62.25,0.0,-3840.479999999918,-0.0274319999999994,SENTIMENT_MORNING_SELL,7.0,20.0,9158.0,0.62225,NEU,
25b7a3be524f7664,2025-02-08 00:02:00+00:00,2025-02-13 16:00:00,ORCL,S12,5735,174.36,173.16,0.0,-6881.9999999999345,-0.0491571428571423,SENTIMENT_EOD_SELL,7.0,20.0,8158.0,0.42175,NEU,
8d3d8886c43cc43b,2025-02-10 13:27:00+00:00,2025-02-13 16:00:00,INTU,S12,1722,580.51,583.83,0.0,5717.040000000086,0.0408360000000006,SENTIMENT_EOD_SELL,7.0,20.0,4473.0,0.5106,NEU,
49cf862e86ed8edf,2025-02-06 00:01:00+00:00,2025-02-14 16:00:00,TSM,S12,4799,208.36,203.89,0.0,-21451.529999999857,-0.1532252142857132,SENTIMENT_EOD_SELL,7.0,20.0,12479.0,0.3600571428571428,NEU,
25182cbf8408ba09,2025-02-10 09:00:00+00:00,2025-02-14 16:00:00,QCOM,S12,5941,168.31,172.14,0.0,22754.030000000075,0.1625287857142862,SENTIMENT_EOD_SELL,7.0,20.0,6180.0,0.7096,NEU,
6bef4c7cc1494473,2025-02-06 00:00:00+00:00,2025-02-21 19:01:00+00:00,AVGO,S12,4264,234.51,218.0843,0.0,-70039.18480000003,-0.6970363121428574,STOP_LOSS,7.0,20.0,22741.0,0.39472,NEU,
fa56374ecd5d8eeb,2025-02-07 00:09:00+00:00,2025-02-17 16:00:00,ADBE,S12,2295,435.6586,460.59,0.0,57217.563000000126,0.4086968785714294,SENTIMENT_EOD_SELL,7.0,20.0,15351.0,0.44464,NEU,
1ad2bc09ec5a60b5,2025-02-12 14:30:00+00:00,2025-02-18 09:30:00,INTU,S12,1729,578.08,575.96,0.0,-3665.480000000008,-0.026182,SENTIMENT_MORNING_SELL,7.0,20.0,8340.0,0.7444,NEU,
c44e0a1a209748a6,2025-02-12 00:18:00+00:00,2025-02-18 16:00:00,TSM,S12,4780,209.1693,202.34,0.0,-32644.05399999995,-0.2331718142857139,SENTIMENT_EOD_SELL,7.0,20.0,9582.0,0.403,NEU,
2ddeb286f9331f67,2025-02-13 00:09:00+00:00,2025-02-18 16:00:00,ORCL,S12,5796,172.51,179.65,0.0,41383.44000000008,0.2955960000000006,SENTIMENT_EOD_SELL,7.0,20.0,8151.0,0.5106,NEU,
af089633fe3f6238,2025-02-14 00:00:00+00:00,2025-02-24 14:57:00+00:00,TSLA,S12,2810,355.81,330.8933,0.0,-70015.92699999998,-0.5001137642857142,STOP_LOSS,7.0,20.0,15297.0,0.51506,NEU,
0add0f82af216133,2025-02-13 00:02:00+00:00,2025-02-19 16:00:00,ADBE,S12,2160,462.77,456.98,0.0,-12506.39999999992,-0.089331428571428,SENTIMENT_EOD_SELL,7.0,20.0,9598.0,0.46645,NEU,
d3f8768b8192bb69,2025-02-15 00:03:00+00:00,2025-02-25 10:25:00+00:00,QCOM,S12,5809,172.13,160.0709,0.0,-70051.3119,-0.5003665135714286,STOP_LOSS,7.0,20.0,15022.0,0.36776,NEU,
94dbcbcfcfcae0c9,2025-02-10 09:00:00+00:00,2025-02-20 16:00:00,CSCO,S12,16059,62.27,64.66,0.0,38381.01000000001,0.2741500714285715,SENTIMENT_EOD_SELL,7.0,20.0,14820.0,0.5106,NEU,
056b759c1efff225,2025-02-18 11:31:00+00:00,2025-02-20 16:00:00,ADBE,S12,2163,462.11,454.64,0.0,-16157.61000000006,-0.1154115000000004,SENTIMENT_EOD_SELL,7.0,20.0,3149.0,0.34,NEU,
15697810f5b05109,2025-02-03 09:00:00+00:00,2025-02-05 14:27:00+00:00,NVDA,S13,8619,116.02,121.811,0.0,49912.62899999997,0.3565187785714284,TAKE_PROFIT,10.0,5.0,3207.0,0.17293,NEU,
97129ebe6a9098c3,2025-02-03 09:00:00+00:00,2025-02-05 14:33:00+00:00,META,S13,1481,675.01,708.7505,0.0,49969.680499999995,0.3569262892857142,TAKE_PROFIT,10.0,5.0,3213.0,0.2333285714285714,NEU,
688a0cf20438f220,2025-02-03 09:00:00+00:00,2025-02-04 21:03:00+00:00,AVGO,S13,4650,215.01,225.7505,0.0,49943.32500000012,0.3567380357142866,TAKE_PROFIT,10.0,5.0,2163.0,0.3835888888888889,NEU,
ed53931e6ab029ec,2025-02-03 09:00:00+00:00,2025-02-06 21:47:00+00:00,TSM,S13,4966,201.36,211.418,0.0,49948.02800000011,0.3567716285714293,TAKE_PROFIT,10.0,5.0,5087.0,0.1806,NEU,
b0c4af2bd2bbfaff,2025-02-03 09:18:00+00:00,2025-02-10 15:01:00+00:00,ADBE,S13,2325,430.02,451.511,0.0,49966.5750000001,0.3569041071428578,TAKE_PROFIT,10.0,5.0,10423.0,0.1414,NEU,
d88ca34f483f6c81,2025-02-03 09:00:00+00:00,2025-02-05 21:00:00+00:00,QCOM,S13,5927,168.7,177.125,0.0,49934.975000000064,0.3566783928571433,TAKE_PROFIT,10.0,5.0,3600.0,0.3005,NEU,
af3156a32db4efc6,2025-02-03 09:00:00+00:00,2025-02-10 09:30:00,AMZN,S13,4277,233.78,238.65,0.0,20828.99000000002,0.1487785000000001,SENTIMENT_MORNING_SELL,10.0,5.0,10110.0,0.28732,NEU,
15e2d50ee6a48195,2025-02-03 09:00:00+00:00,2025-02-14 15:00:00+00:00,AAPL,S13,4295,232.8,244.43,0.0,49950.8500000001,0.4923643571428581,TAKE_PROFIT,10.0,5.0,16200.0,0.23779,NEU,
da4b429065ced4db,2025-02-05 00:00:00+00:00,2025-02-05 16:42:00+00:00,NVDA,S13,8452,118.31,124.2155,0.0,49913.28600000003,0.3565234714285716,TAKE_PROFIT,10.0,5.0,1002.0,0.19383,NEU,
2ead18665ed32f6a,2025-02-05 00:00:00+00:00,2025-02-14 16:11:00+00:00,META,S13,1423,702.52,737.636,0.0,49970.06799999998,0.356929057142857,TAKE_PROFIT,10.0,5.0,13931.0,0.32633,NEU,
af726fccafdddea7,2025-02-05 00:01:00+00:00,2025-02-10 21:02:00+00:00,TSLA,S13,2569,389.16,350.234,0.0,-100000.89399999996,-0.7142920999999999,STOP_LOSS,10.0,5.0,8461.0,0.18773,NEU,
47d7a0b911f14263,2025-02-05 00:12:00+00:00,2025-02-07 14:32:00+00:00,ORCL,S13,5969,167.51,175.87550000000002,0.0,49933.66950000016,0.356669067857144,TAKE_PROFIT,10.0,5.0,3740.0,0.54825,NEU,
58ff95eacac3a6ec,2025-02-05 00:25:00+00:00,2025-02-12 14:00:00+00:00,ADBE,S13,2268,440.77,462.7985,0.0,49960.63800000002,0.3568617000000001,TAKE_PROFIT,10.0,5.0,10895.0,0.1995333333333333,NEU,
391c86c46b607eae,2025-02-05 00:08:00+00:00,2025-02-12 21:06:00+00:00,CSCO,S13,16202,61.72,64.79599999999999,0.0,49837.35199999989,0.3559810857142849,TAKE_PROFIT,10.0,5.0,11338.0,0.5106,NEU,
1c51959fdffd6842,2025-02-05 00:00:00+00:00,2025-02-10 16:00:00,AMZN,S13,4189,238.67,232.5682,0.0,-25560.44019999987,-0.1825745728571419,SENTIMENT_EOD_SELL,10.0,5.0,8160.0,0.31008,NEU,
181c7a52ca09ffa7,2025-02-06 00:00:00+00:00,2025-02-10 09:00:00+00:00,NVDA,S13,8032,124.5,130.715,0.0,49918.88000000003,0.3565634285714287,TAKE_PROFIT,10.0,5.0,6300.0,0.2409799999999999,NEU,
a8ddd9dad84bf126,2025-02-06 00:02:00+00:00,2025-02-14 20:31:00+00:00,META,S13,1418,705.04,740.282,0.0,49973.156000000105,0.356951114285715,TAKE_PROFIT,10.0,5.0,12749.0,0.1024222222222222,NEU,
facb1f694737394f,2025-02-06 00:02:00+00:00,2025-02-12 21:06:00+00:00,CSCO,S13,15971,62.61,65.73049999999999,0.0,49837.50549999988,0.3559821821428563,TAKE_PROFIT,10.0,5.0,9904.0,0.3697625,NEU,
4008b4d98bf370b6,2025-02-07 00:00:00+00:00,2025-02-11 17:03:00+00:00,TSLA,S13,2695,371.05,333.935,0.0,-100024.92500000002,-0.7144637500000001,STOP_LOSS,10.0,5.0,6783.0,0.26808,NEU,
501ce5a516712b3f,2025-02-07 00:09:00+00:00,2025-02-11 14:50:00+00:00,ADBE,S13,2295,435.6586,457.43153,0.0,49968.87435000007,0.356920531071429,TAKE_PROFIT,10.0,5.0,6641.0,0.44464,NEU,
66e5e6c5c64f4268,2025-02-03 09:00:00+00:00,2025-02-13 09:30:00,GOOGL,S13,4999,200.02,185.0099,0.0,-75035.48989999983,-0.5359677849999988,SENTIMENT_MORNING_SELL,10.0,5.0,14430.0,0.14625,NEU,
f9c1eaf416806b0d,2025-02-05 00:04:00+00:00,2025-02-13 09:30:00,TSM,S13,4904,203.91,205.4,0.0,7306.960000000045,0.0521925714285717,SENTIMENT_MORNING_SELL,10.0,5.0,12086.0,0.2462875,NEU,
34ac15dbf3521611,2025-02-06 00:06:00+00:00,2025-02-18 16:26:00+00:00,ORCL,S13,5827,171.61,180.1805,0.0,49940.30350000006,0.1404949821428573,TAKE_PROFIT,10.0,5.0,18260.0,0.2292,NEU,
53feb71fde480281,2025-02-08 00:33:00+00:00,2025-02-12 21:06:00+00:00,CSCO,S13,16059,62.27,65.37349999999999,0.0,49839.10649999995,0.3559936178571425,TAKE_PROFIT,10.0,5.0,6993.0,0.28878,NEU,
535b36e83e838331,2025-02-10 13:27:00+00:00,2025-02-13 16:00:00,INTU,S13,1722,580.51,583.83,0.0,5717.040000000086,0.0408360000000006,SENTIMENT_EOD_SELL,10.0,5.0,4473.0,0.5106,NEU,
498940bcb36ca11f,2025-02-10 09:00:00+00:00,2025-02-12 21:06:00+00:00,CSCO,S13,16059,62.27,65.37349999999999,0.0,49839.10649999995,0.3559936178571425,TAKE_PROFIT,10.0,5.0,3606.0,0.5106,NEU,
13f66b57622025f2,2025-02-12 00:00:00+00:00,2025-02-18 09:00:00+00:00,NVDA,S13,7512,133.1061,139.751405,0.0,49919.53116000006,0.3565680797142861,TAKE_PROFIT,10.0,5.0,9180.0,0.20023,NEU,
990dc9f7e7b21feb,2025-02-12 00:07:00+00:00,2025-02-12 21:06:00+00:00,CSCO,S13,16010,62.46,65.573,0.0,49839.12999999988,0.3559937857142848,TAKE_PROFIT,10.0,5.0,1259.0,0.5023,NEU,
502b067110c8f911,2025-02-13 00:00:00+00:00,2025-02-14 14:38:00+00:00,NVDA,S13,7640,130.8894,137.42387000000002,0.0,49923.35080000021,0.3565953628571444,TAKE_PROFIT,10.0,5.0,2318.0,0.23418,NEU,
2487bda7d1c2783c,2025-02-13 00:00:00+00:00,2025-02-14 09:00:00+00:00,TSLA,S13,2916,342.83,359.9615,0.0,49955.45400000005,0.3568246714285717,TAKE_PROFIT,10.0,5.0,1980.0,0.16565,NEU,
9f84fa018ac8ffe9,2025-02-08 00:02:00+00:00,2025-02-18 16:00:00,TSM,S13,4868,205.42,202.34,0.0,-14993.439999999922,-0.1070959999999994,SENTIMENT_EOD_SELL,10.0,5.0,15358.0,0.29908,NEU,
9d578c5b62eaff9a,2025-02-10 09:00:00+00:00,2025-02-18 16:00:00,ORCL,S13,5701,175.39999999999998,179.65,0.0,24229.250000000164,0.1730660714285726,SENTIMENT_EOD_SELL,10.0,5.0,11940.0,0.2997,NEU,
8fd80adaf8502582,2025-02-13 00:02:00+00:00,2025-02-18 16:00:00,ADBE,S13,2160,462.77,463.72,0.0,2052.000000000098,0.0146571428571435,SENTIMENT_EOD_SELL,10.0,5.0,8158.0,0.46645,NEU,
d1e929f6356206c9,2025-02-13 00:00:00+00:00,2025-02-18 16:00:00,QCOM,S13,5881,170.03,173.67000000000002,0.0,21406.840000000087,0.1529060000000006,SENTIMENT_EOD_SELL,10.0,5.0,8160.0,0.1700333333333333,NEU,
3bda201ef4cf5e5f,2025-02-05 00:00:00+00:00,2025-02-19 09:30:00,AVGO,S13,4336,230.61,234.99,0.0,18991.680000000106,0.1356548571428578,SENTIMENT_MORNING_SELL,10.0,5.0,20730.0,0.36202,NEU,
c063eb6e27ce947a,2025-02-06 00:00:00+00:00,2025-02-24 15:06:00+00:00,AMZN,S13,4217,237.11,213.389,0.0,-100031.4569999999,-0.9964514357142848,STOP_LOSS,10.0,5.0,26826.0,0.13045,NEU,
36304fe7785f4424,2025-02-13 00:01:00+00:00,2025-02-24 15:10:00+00:00,AAPL,S13,4220,236.96,248.798,0.0,49956.360000000095,0.356577471428572,TAKE_PROFIT,10.0,5.0,16749.0,0.25875,NEU,
d4d2789297a1d767,2025-02-14 00:00:00+00:00,2025-02-18 13:49:00+00:00,NVDA,S13,7410,134.95,141.6875,0.0,49924.87500000009,0.3566062500000006,TAKE_PROFIT,10.0,5.0,6589.0,0.11412,NEU,
8d97a740991590f1,2025-02-14 00:00:00+00:00,2025-02-24 15:07:00+00:00,AVGO,S13,4255,235.01,211.499,0.0,-100039.30499999998,-0.7145664642857141,STOP_LOSS,10.0,5.0,15307.0,0.257,NEU,
26f177aba6720467,2025-02-14 00:00:00+00:00,2025-02-19 16:00:00,CSCO,S13,15691,63.73,64.791,0.0,16648.150999999998,0.1189153642857142,SENTIMENT_EOD_SELL,10.0,5.0,8160.0,0.3314,NEU,
c60581300f294e93,2025-02-14 00:45:00+00:00,2025-02-19 16:00:00,QCOM,S13,5811,172.07999999999998,174.842,0.0,16049.982000000167,0.1146427285714297,SENTIMENT_EOD_SELL,10.0,5.0,8115.0,0.12765,NEU,
84fec042b650e4d6,2025-02-14 00:00:00+00:00,2025-02-20 09:30:00,TSM,S13,4976,200.96,203.8585,0.0,14422.936000000203,0.1030209714285728,SENTIMENT_MORNING_SELL,10.0,5.0,9210.0,0.11858,NEU,
daed29fe6ee7347a,2025-02-14 09:00:00+00:00,2025-02-20 09:30:00,ORCL,S13,5720,174.82,174.24,0.0,-3317.599999999909,-0.0236971428571422,SENTIMENT_MORNING_SELL,10.0,5.0,8670.0,0.188,NEU,
9bbb4a1d1ddeb1fa,2025-02-08 00:02:00+00:00,2025-02-25 16:31:00+00:00,META,S13,1399,714.51,643.049,0.0,-99973.939,-2.9661419357142864,STOP_LOSS,10.0,5.0,25469.0,0.11503,NEU,
f2653daa95533606,2025-02-14 00:00:00+00:00,2025-02-25 14:37:00+00:00,TSLA,S13,2810,355.81,320.219,0.0,-100010.71000000002,-0.3556557785714286,STOP_LOSS,10.0,5.0,16717.0,0.51506,NEU,
e8e49a267628ef22,2025-02-15 00:01:00+00:00,2025-02-25 16:03:00+00:00,AMZN,S13,4372,228.69,205.811,0.0,-100026.98799999995,-0.7144784857142854,STOP_LOSS,10.0,5.0,15362.0,0.10844,NEU,
ff11fcbb9bc36894,2025-02-15 00:02:00+00:00,2025-02-24 20:54:00+00:00,AVGO,S13,4297,232.6695,209.39255,0.0,-100021.05415,-0.7144361010714285,STOP_LOSS,10.0,5.0,14212.0,0.210475,NEU,
27a6112b791bdcd0,2025-02-03 09:00:00+00:00,2025-02-20 23:59:00+00:00,MSFT,S13,2450,408.01,416.25,0.0,20188.000000000025,0.1442000000000001,BACKTEST_END,10.0,5.0,25379.0,0.13399,NEU,
b54fabea31404e8b,2025-02-12 00:00:00+00:00,2025-02-21 00:00:00+00:00,GOOGL,S13,5396,185.31,184.47,0.0,-4532.6400000000185,-0.0323760000000001,BACKTEST_END,10.0,5.0,12960.0,0.165275,NEU,
86424d17ae03e668,2025-02-15 00:04:00+00:00,2025-02-21 00:00:00+00:00,AAPL,S13,4085,244.76,245.68,0.0,3758.200000000065,0.0268442857142861,BACKTEST_END,10.0,5.0,8636.0,0.15082,NEU,
e2f987b8e5aa1ea1,2025-02-18 11:31:00+00:00,2025-02-20 23:38:00+00:00,ADBE,S13,2163,462.11,454.64,0.0,-16157.61000000006,-0.1154115000000004,BACKTEST_END,10.0,5.0,3607.0,0.34,NEU,
7dae00088dcfa8fe,2025-02-15 00:03:00+00:00,2025-02-20 23:55:00+00:00,QCOM,S13,5809,172.13,173.69,0.0,9062.040000000014,0.0647288571428572,BACKTEST_END,10.0,5.0,8632.0,0.36776,NEU,
b0de96b03872bfd4,2025-02-03 09:00:00+00:00,2025-02-04 21:05:00+00:00,AVGO,S14,4650,215.01,232.2008,0.0,79937.22000000012,0.5709801428571437,TAKE_PROFIT,10.0,8.0,2165.0,0.3835888888888889,NEU,
ada6cb0ece3998fa,2025-02-03 09:03:00+00:00,2025-02-12 21:06:00+00:00,CSCO,S14,16630,60.129999999999995,64.93039999999999,0.0,79830.65199999994,0.5702189428571425,TAKE_PROFIT,10.0,8.0,13683.0,0.6597,NEU,
3014f724999d18c2,2025-02-03 09:00:00+00:00,2025-02-05 21:00:00+00:00,QCOM,S14,5927,168.7,182.186,0.0,79931.52200000011,0.5709394428571437,TAKE_PROFIT,10.0,8.0,3600.0,0.3005,NEU,
80b1a3cd2e8463f5,2025-02-03 09:00:00+00:00,2025-02-10 09:30:00,AAPL,S14,4295,232.8,232.12,0.0,-2920.599999999907,-0.0208614285714279,SENTIMENT_MORNING_SELL,10.0,8.0,10110.0,0.23779,NEU,
5b937e930effc3f4,2025-02-03 09:00:00+00:00,2025-02-14 13:00:00+00:00,META,S14,1481,675.01,729.0008,0.0,79960.37480000005,2.2857390828571447,TAKE_PROFIT,10.0,8.0,16080.0,0.2333285714285714,NEU,
1e4170ab7eecc725,2025-02-05 00:00:00+00:00,2025-02-05 13:41:00+00:00,GOOGL,S14,5247,190.56,205.79480000000004,0.0,79936.99560000018,0.5709785400000014,TAKE_PROFIT,10.0,8.0,821.0,0.24517,NEU,
762c9a4f543e7d90,2025-02-05 00:08:00+00:00,2025-02-12 21:07:00+00:00,CSCO,S14,16202,61.72,66.6476,0.0,79836.97519999997,0.5702641085714283,TAKE_PROFIT,10.0,8.0,11339.0,0.5106,NEU,
2e686cf909604cd8,2025-02-05 00:00:00+00:00,2025-02-10 16:00:00,AVGO,S14,4336,230.61,234.2,0.0,15566.240000000138,0.1111874285714295,SENTIMENT_EOD_SELL,10.0,8.0,8160.0,0.36202,NEU,
6cdf6ca08fe39e57,2025-02-05 00:04:00+00:00,2025-02-10 16:00:00,TSM,S14,4904,203.91,207.4,0.0,17114.960000000043,0.1222497142857146,SENTIMENT_EOD_SELL,10.0,8.0,8156.0,0.2462875,NEU,
013905c07efa2afc,2025-02-06 00:00:00+00:00,2025-02-10 14:47:00+00:00,NVDA,S14,8032,124.5,134.45000000000002,0.0,79918.40000000014,0.5708457142857153,TAKE_PROFIT,10.0,8.0,6647.0,0.2409799999999999,NEU,
30663d2efa8c2b4a,2025-02-05 00:01:00+00:00,2025-02-11 16:00:00,MSFT,S14,2432,411.18,411.54,0.0,875.5200000000332,0.0062537142857145,SENTIMENT_EOD_SELL,10.0,8.0,9599.0,0.2003299999999999,NEU,
b8bcf8040d962bc1,2025-02-05 00:12:00+00:00,2025-02-12 09:30:00,ORCL,S14,5969,167.51,172.58,0.0,30262.83000000013,0.2161630714285723,SENTIMENT_MORNING_SELL,10.0,8.0,10638.0,0.54825,NEU,
da4cce5151a6ebd1,2025-02-07 00:00:00+00:00,2025-02-11 17:03:00+00:00,TSLA,S14,2695,371.05,333.935,0.0,-100024.92500000002,-0.7144637500000001,STOP_LOSS,10.0,8.0,6783.0,0.26808,NEU,
7b7d6d54e53a030c,2025-02-06 00:00:00+00:00,2025-02-13 09:30:00,GOOGL,S14,5227,191.31,185.0099,0.0,-32930.62269999993,-0.235218733571428,SENTIMENT_MORNING_SELL,10.0,8.0,10650.0,0.23852,NEU,
670bd57d2003e454,2025-02-05 00:04:00+00:00,2025-02-13 16:00:00,AAPL,S14,4307,232.14,241.39,0.0,39839.75000000013,0.2845696428571437,SENTIMENT_EOD_SELL,10.0,8.0,12476.0,0.22793,NEU,
4d08bd3d9f650074,2025-02-10 13:27:00+00:00,2025-02-13 16:00:00,INTU,S14,1722,580.51,583.83,0.0,5717.040000000086,0.0408360000000006,SENTIMENT_EOD_SELL,10.0,8.0,4473.0,0.5106,NEU,
ee0460191d52450b,2025-02-07 00:09:00+00:00,2025-02-17 16:00:00,ADBE,S14,2295,435.6586,460.59,0.0,57217.563000000126,0.4086968785714294,SENTIMENT_EOD_SELL,10.0,8.0,15351.0,0.44464,NEU,
ad95d1da500cc65b,2025-02-03 09:00:00+00:00,2025-02-18 09:30:00,AMZN,S14,4277,233.78,229.2,0.0,-19588.65999999993,-0.1399189999999995,SENTIMENT_MORNING_SELL,10.0,8.0,21630.0,0.28732,NEU,
014829314931ec86,2025-02-08 00:02:00+00:00,2025-02-18 09:30:00,ORCL,S14,5735,174.36,172.49,0.0,-10724.449999999862,-0.0766032142857133,SENTIMENT_MORNING_SELL,10.0,8.0,14968.0,0.42175,NEU,
147a9eb956425526,2025-02-06 00:01:00+00:00,2025-02-18 16:00:00,TSM,S14,4799,208.36,202.34,0.0,-28889.979999999912,-0.2063569999999993,SENTIMENT_EOD_SELL,10.0,8.0,18239.0,0.3600571428571428,NEU,
5e7546f7545466ce,2025-02-13 00:09:00+00:00,2025-02-18 16:00:00,ORCL,S14,5796,172.51,179.65,0.0,41383.44000000008,0.2955960000000006,SENTIMENT_EOD_SELL,10.0,8.0,8151.0,0.5106,NEU,
10a8fb7aa0290e77,2025-02-13 00:02:00+00:00,2025-02-18 16:00:00,ADBE,S14,2160,462.77,463.72,0.0,2052.000000000098,0.0146571428571435,SENTIMENT_EOD_SELL,10.0,8.0,8158.0,0.46645,NEU,
9ce3c12aff98418c,2025-02-06 00:00:00+00:00,2025-02-19 09:30:00,AVGO,S14,4264,234.51,234.99,0.0,2046.7200000000776,0.0146194285714291,SENTIMENT_MORNING_SELL,10.0,8.0,19290.0,0.39472,NEU,
265f18b168bf13c2,2025-02-14 00:00:00+00:00,2025-02-24 15:07:00+00:00,AVGO,S14,4255,235.01,211.499,0.0,-100039.30499999998,-0.7145664642857141,STOP_LOSS,10.0,8.0,15307.0,0.257,NEU,
f1bae7770a334e0f,2025-02-14 00:00:00+00:00,2025-02-19 16:00:00,TSLA,S14,2810,355.81,360.09000000000003,0.0,12026.800000000085,0.0859057142857148,SENTIMENT_EOD_SELL,10.0,8.0,8160.0,0.51506,NEU,
79e50600e426f20a,2025-02-10 09:00:00+00:00,2025-02-25 16:04:00+00:00,META,S14,1390,719.01,647.099,0.0,-99956.28999999992,-1.443356499999999,STOP_LOSS,10.0,8.0,22024.0,0.22307,NEU,
b68cb0e559ae48b9,2025-02-15 00:02:00+00:00,2025-02-24 20:54:00+00:00,AVGO,S14,4297,232.6695,209.39255,0.0,-100021.05415,-0.7144361010714285,STOP_LOSS,10.0,8.0,14212.0,0.210475,NEU,
31b68ec86b2cb092,2025-02-06 00:02:00+00:00,2025-02-20 16:00:00,CSCO,S14,15971,62.61,64.66,0.0,32740.549999999956,0.2338610714285711,SENTIMENT_EOD_SELL,10.0,8.0,21118.0,0.3697625,NEU,
087cc3a62d00a6c3,2025-02-18 11:31:00+00:00,2025-02-20 16:00:00,ADBE,S14,2163,462.11,454.64,0.0,-16157.61000000006,-0.1154115000000004,SENTIMENT_EOD_SELL,10.0,8.0,3149.0,0.34,NEU,
195f235af233a0a7,2025-02-15 00:03:00+00:00,2025-02-20 16:00:00,QCOM,S14,5809,172.13,173.69,0.0,9062.040000000014,0.0647288571428572,SENTIMENT_EOD_SELL,10.0,8.0,8157.0,0.36776,NEU,
8c26be3b8775a5b6,2025-02-10 09:00:00+00:00,2025-02-20 23:59:00+00:00,MSFT,S14,2429,411.63,416.25,0.0,11221.98000000001,0.080157,BACKTEST_END,10.0,8.0,15299.0,0.27876,NEU,
ac81509f1babcf43,2025-02-12 00:00:00+00:00,2025-02-21 00:00:00+00:00,NVDA,S14,7512,133.1061,139.85000000000002,0.0,50660.17680000019,0.361858405714287,BACKTEST_END,10.0,8.0,12960.0,0.20023,NEU,
3a5b74e0597d675a,2025-02-13 00:01:00+00:00,2025-02-21 00:00:00+00:00,AAPL,S14,4220,236.96,245.68,0.0,36798.40000000012,0.2628457142857151,BACKTEST_END,10.0,8.0,11519.0,0.25875,NEU,
380753e00dc8a3de,2025-02-03 09:00:00+00:00,2025-02-07 16:00:00,TSM,S16,4966,201.36,205.49,0.0,20509.58000000012,0.1464970000000008,SENTIMENT_EOD_SELL,10.0,20.0,6180.0,0.1806,NEU,
2734b04643a3aec4,2025-02-03 09:00:00+00:00,2025-02-10 09:30:00,AMZN,S16,4277,233.78,238.65,0.0,20828.99000000002,0.1487785000000001,SENTIMENT_MORNING_SELL,10.0,20.0,10110.0,0.28732,NEU,
17afc716d89d7eaa,2025-02-03 09:00:00+00:00,2025-02-10 09:30:00,META,S16,1481,675.01,702.5,0.0,40712.69000000002,0.2908049285714287,SENTIMENT_MORNING_SELL,10.0,20.0,10110.0,0.2333285714285714,NEU,
4ad226e317a3e21b,2025-02-03 09:00:00+00:00,2025-02-10 09:30:00,AVGO,S16,4650,215.01,230.59,0.0,72447.00000000006,0.5174785714285719,SENTIMENT_MORNING_SELL,10.0,20.0,10110.0,0.3835888888888889,NEU,
13b557de0ed25f1d,2025-02-03 09:00:00+00:00,2025-02-14 20:50:00+00:00,NVDA,S16,8619,116.02,139.21400000000003,0.0,199909.08600000016,0.9819345571428578,TAKE_PROFIT,10.0,20.0,16550.0,0.17293,NEU,
415f909d808a7f12,2025-02-05 00:01:00+00:00,2025-02-10 21:02:00+00:00,TSLA,S16,2569,389.16,350.234,0.0,-100000.89399999996,-0.7142920999999999,STOP_LOSS,10.0,20.0,8461.0,0.18773,NEU,
0c3b94f36f251e41,2025-02-05 00:00:00+00:00,2025-02-10 16:00:00,META,S16,1423,702.52,715.79,0.0,18883.209999999977,0.1348800714285712,SENTIMENT_EOD_SELL,10.0,20.0,8160.0,0.32633,NEU,
4da58e7091d9dc2d,2025-02-05 00:00:00+00:00,2025-02-10 16:00:00,AVGO,S16,4336,230.61,234.2,0.0,15566.240000000138,0.1111874285714295,SENTIMENT_EOD_SELL,10.0,20.0,8160.0,0.36202,NEU,
7a044e0b96cefe4d,2025-02-05 00:04:00+00:00,2025-02-10 16:00:00,TSM,S16,4904,203.91,207.4,0.0,17114.960000000043,0.1222497142857146,SENTIMENT_EOD_SELL,10.0,20.0,8156.0,0.2462875,NEU,
0b09e598724a97d4,2025-02-03 09:00:00+00:00,2025-02-11 09:30:00,QCOM,S16,5927,168.7,167.41,0.0,-7645.829999999953,-0.054613071428571,SENTIMENT_MORNING_SELL,10.0,20.0,11550.0,0.3005,NEU,
366e12c7a80fa0bb,2025-02-05 00:25:00+00:00,2025-02-12 09:30:00,ADBE,S16,2268,440.77,435.6386,0.0,-11638.015199999963,-0.0831286799999997,SENTIMENT_MORNING_SELL,10.0,20.0,10625.0,0.1995333333333333,NEU,
91a3a58f4884dfdf,2025-02-07 00:00:00+00:00,2025-02-11 17:03:00+00:00,TSLA,S16,2695,371.05,333.935,0.0,-100024.92500000002,-0.7144637500000001,STOP_LOSS,10.0,20.0,6783.0,0.26808,NEU,
e0deabe86a8c4d82,2025-02-05 00:01:00+00:00,2025-02-13 09:30:00,MSFT,S16,2432,411.18,409.64,0.0,-3745.2800000000498,-0.0267520000000003,SENTIMENT_MORNING_SELL,10.0,20.0,12089.0,0.2003299999999999,NEU,
de0e7d815c88555e,2025-02-05 00:00:00+00:00,2025-02-13 09:30:00,GOOGL,S16,5247,190.56,185.0099,0.0,-29121.374699999928,-0.2080098192857137,SENTIMENT_MORNING_SELL,10.0,20.0,12090.0,0.24517,NEU,
5a104017ea065f99,2025-02-05 00:12:00+00:00,2025-02-13 09:30:00,ORCL,S16,5969,167.51,174.34,0.0,40768.27000000008,0.2912019285714291,SENTIMENT_MORNING_SELL,10.0,20.0,12078.0,0.54825,NEU,
a296d90007ab531a,2025-02-10 13:27:00+00:00,2025-02-13 16:00:00,INTU,S16,1722,580.51,583.83,0.0,5717.040000000086,0.0408360000000006,SENTIMENT_EOD_SELL,10.0,20.0,4473.0,0.5106,NEU,
827984fff3df5ba8,2025-02-05 00:00:00+00:00,2025-02-21 19:29:00+00:00,AMZN,S16,4189,238.67,214.793,0.0,-100020.75299999992,-0.2370644999999998,STOP_LOSS,10.0,20.0,24209.0,0.31008,NEU,
5e964e0397a01cf8,2025-02-07 00:09:00+00:00,2025-02-17 16:00:00,ADBE,S16,2295,435.6586,460.59,0.0,57217.563000000126,0.4086968785714294,SENTIMENT_EOD_SELL,10.0,20.0,15351.0,0.44464,NEU,
40060135e70330d4,2025-02-06 00:01:00+00:00,2025-02-18 16:00:00,TSM,S16,4799,208.36,202.34,0.0,-28889.979999999912,-0.2063569999999993,SENTIMENT_EOD_SELL,10.0,20.0,18239.0,0.3600571428571428,NEU,
541837b18fd3a51c,2025-02-08 00:02:00+00:00,2025-02-18 16:00:00,ORCL,S16,5735,174.36,179.65,0.0,30338.15000000012,0.2167010714285722,SENTIMENT_EOD_SELL,10.0,20.0,15358.0,0.42175,NEU,
0a892958eac95538,2025-02-13 00:00:00+00:00,2025-02-18 16:00:00,TSLA,S16,2916,342.83,354.33,0.0,33534.0,0.2395285714285714,SENTIMENT_EOD_SELL,10.0,20.0,8160.0,0.16565,NEU,
05ca07c173d03cc1,2025-02-13 00:02:00+00:00,2025-02-18 16:00:00,ADBE,S16,2160,462.77,463.72,0.0,2052.000000000098,0.0146571428571435,SENTIMENT_EOD_SELL,10.0,20.0,8158.0,0.46645,NEU,
6d5aa668b75db2b1,2025-02-13 00:00:00+00:00,2025-02-18 16:00:00,QCOM,S16,5881,170.03,173.67000000000002,0.0,21406.840000000087,0.1529060000000006,SENTIMENT_EOD_SELL,10.0,20.0,8160.0,0.1700333333333333,NEU,
c4b2a6e224ff755f,2025-02-06 00:00:00+00:00,2025-02-19 09:30:00,AVGO,S16,4264,234.51,234.99,0.0,2046.7200000000776,0.0146194285714291,SENTIMENT_MORNING_SELL,10.0,20.0,19290.0,0.39472,NEU,
ef145262c2f6b7c4,2025-02-14 00:00:00+00:00,2025-02-24 15:07:00+00:00,AVGO,S16,4255,235.01,211.499,0.0,-100039.30499999998,-0.7145664642857141,STOP_LOSS,10.0,20.0,15307.0,0.257,NEU,
5398314ebcf143d6,2025-02-14 09:00:00+00:00,2025-02-20 09:30:00,ORCL,S16,5720,174.82,174.24,0.0,-3317.599999999909,-0.0236971428571422,SENTIMENT_MORNING_SELL,10.0,20.0,8670.0,0.188,NEU,
ccd8ef209a49df8e,2025-02-10 09:00:00+00:00,2025-02-25 16:04:00+00:00,META,S16,1390,719.01,647.099,0.0,-99956.28999999992,-2.9380779999999977,STOP_LOSS,10.0,20.0,22024.0,0.22307,NEU,
0d6eaa8b858ba977,2025-02-14 00:03:00+00:00,2025-02-25 15:29:00+00:00,AMZN,S16,4346,230.07,207.053,0.0,-100031.88199999998,-0.2285259285714285,STOP_LOSS,10.0,20.0,16766.0,0.19144,NEU,
052c79cdd47ee924,2025-02-14 00:00:00+00:00,2025-02-25 14:37:00+00:00,TSLA,S16,2810,355.81,320.219,0.0,-100010.71000000002,-1.104846328571429,STOP_LOSS,10.0,20.0,16717.0,0.51506,NEU,
93f66da8c2370864,2025-02-15 00:02:00+00:00,2025-02-24 20:54:00+00:00,AVGO,S16,4297,232.6695,209.39255,0.0,-100021.05415,-0.7144361010714285,STOP_LOSS,10.0,20.0,14212.0,0.210475,NEU,
ece042cdc8e30b94,2025-02-05 00:08:00+00:00,2025-02-20 16:00:00,CSCO,S16,16202,61.72,64.66,0.0,47633.87999999996,0.3402419999999997,SENTIMENT_EOD_SELL,10.0,20.0,22552.0,0.5106,NEU,
19dc6ac7a2dc8a0c,2025-02-18 11:31:00+00:00,2025-02-20 16:00:00,ADBE,S16,2163,462.11,454.64,0.0,-16157.61000000006,-0.1154115000000004,SENTIMENT_EOD_SELL,10.0,20.0,3149.0,0.34,NEU,
6e67a8fe63677fc3,2025-02-03 09:00:00+00:00,2025-02-21 00:00:00+00:00,AAPL,S16,4295,232.8,245.68,0.0,55319.6000000001,0.3951400000000006,BACKTEST_END,10.0,20.0,25380.0,0.23779,NEU,
b866da64b036b346,2025-02-06 00:00:00+00:00,2025-02-21 00:00:00+00:00,NVDA,S16,8032,124.5,139.85000000000002,0.0,123291.2000000002,0.8806514285714299,BACKTEST_END,10.0,20.0,21600.0,0.2409799999999999,NEU,
179366c8c1d12229,2025-02-10 09:00:00+00:00,2025-02-20 23:59:00+00:00,MSFT,S16,2429,411.63,416.25,0.0,11221.98000000001,0.080157,BACKTEST_END,10.0,20.0,15299.0,0.27876,NEU,
99c55929a0ee1b29,2025-02-12 00:00:00+00:00,2025-02-21 00:00:00+00:00,GOOGL,S16,5396,185.31,184.47,0.0,-4532.6400000000185,-0.0323760000000001,BACKTEST_END,10.0,20.0,12960.0,0.165275,NEU,
c6f05f26e2985fc6,2025-02-15 00:03:00+00:00,2025-02-20 23:55:00+00:00,QCOM,S16,5809,172.13,173.69,0.0,9062.040000000014,0.0647288571428572,BACKTEST_END,10.0,20.0,8632.0,0.36776,NEU,
38b79a5e18a8ab7c,2025-02-03 09:00:00+00:00,2025-02-05 15:01:00+00:00,NVDA,S17,8619,116.02,122.9712,0.0,59912.3928,0.4279456628571428,TAKE_PROFIT,4.0,6.0,3241.0,0.17293,NEU,
cc5aa7b82bdbc054,2025-02-03 09:00:00+00:00,2025-02-06 21:01:00+00:00,AMZN,S17,4277,233.78,224.4188,0.0,-40037.85239999999,-0.2859846599999999,STOP_LOSS,4.0,6.0,5041.0,0.28732,NEU,
703ab689cdb05d05,2025-02-03 09:00:00+00:00,2025-02-05 14:41:00+00:00,META,S17,1481,675.01,715.5006000000001,0.0,59966.578600000124,0.4283327042857152,TAKE_PROFIT,4.0,6.0,3221.0,0.2333285714285714,NEU,
88535557a2d3c4c5,2025-02-03 09:00:00+00:00,2025-02-04 21:04:00+00:00,AVGO,S17,4650,215.01,227.9006,0.0,59941.29000000003,0.4281520714285716,TAKE_PROFIT,4.0,6.0,2164.0,0.3835888888888889,NEU,
802c36bfd5d2925d,2025-02-03 09:00:00+00:00,2025-02-05 21:00:00+00:00,QCOM,S17,5927,168.7,178.812,0.0,59933.82400000014,0.4280987428571439,TAKE_PROFIT,4.0,6.0,3600.0,0.3005,NEU,
ae1c189b8ed2d719,2025-02-03 09:00:00+00:00,2025-02-07 16:00:00,TSM,S17,4966,201.36,205.49,0.0,20509.58000000012,0.1464970000000008,SENTIMENT_EOD_SELL,4.0,6.0,6180.0,0.1806,NEU,
49168492472b2d87,2025-02-05 00:00:00+00:00,2025-02-06 09:01:00+00:00,NVDA,S17,8452,118.31,125.3986,0.0,59912.8472,0.4279489085714285,TAKE_PROFIT,4.0,6.0,1981.0,0.19383,NEU,
abd045b65cba39eb,2025-02-05 00:00:00+00:00,2025-02-06 21:01:00+00:00,AMZN,S17,4189,238.67,229.1132,0.0,-40033.43520000004,-0.2859531085714288,STOP_LOSS,4.0,6.0,2701.0,0.31008,NEU,
04c0cb6d3765e2a1,2025-02-05 00:00:00+00:00,2025-02-05 13:41:00+00:00,GOOGL,S17,5247,190.56,201.9836,0.0,59939.62920000011,0.4281402085714293,TAKE_PROFIT,4.0,6.0,821.0,0.24517,NEU,
3cf559a2ed0fc52e,2025-02-05 00:01:00+00:00,2025-02-06 09:21:00+00:00,TSLA,S17,2569,389.16,373.5836,0.0,-40015.77159999994,-0.2858269399999996,STOP_LOSS,4.0,6.0,2000.0,0.18773,NEU,
72a5f647e099ec31,2025-02-05 00:12:00+00:00,2025-02-10 12:59:00+00:00,ORCL,S17,5969,167.51,177.5506,0.0,59932.34140000007,0.4280881528571433,TAKE_PROFIT,4.0,6.0,7967.0,0.54825,NEU,
2b1ef63ee098ad20,2025-02-05 00:08:00+00:00,2025-02-12 21:06:00+00:00,CSCO,S17,16202,61.72,65.4132,0.0,59837.22640000007,0.4274087600000005,TAKE_PROFIT,4.0,6.0,11338.0,0.5106,NEU,
b2825e13afb69f76,2025-02-05 00:00:00+00:00,2025-02-10 16:00:00,META,S17,1423,702.52,715.79,0.0,18883.209999999977,0.1348800714285712,SENTIMENT_EOD_SELL,4.0,6.0,8160.0,0.32633,NEU,
7fc00d8878d65edf,2025-02-05 00:00:00+00:00,2025-02-10 16:00:00,AVGO,S17,4336,230.61,234.2,0.0,15566.240000000138,0.1111874285714295,SENTIMENT_EOD_SELL,4.0,6.0,8160.0,0.36202,NEU,
a53a4aff2a4b5535,2025-02-05 00:04:00+00:00,2025-02-10 16:00:00,TSM,S17,4904,203.91,207.4,0.0,17114.960000000043,0.1222497142857146,SENTIMENT_EOD_SELL,4.0,6.0,8156.0,0.2462875,NEU,
e54579a73ac000b6,2025-02-06 00:00:00+00:00,2025-02-10 14:35:00+00:00,NVDA,S17,8032,124.5,131.96,0.0,59918.72000000007,0.4279908571428576,TAKE_PROFIT,4.0,6.0,6635.0,0.2409799999999999,NEU,
220ae1d6f4108088,2025-02-06 00:00:00+00:00,2025-02-07 17:18:00+00:00,GOOGL,S17,5227,191.31,183.6476,0.0,-40051.36479999995,-0.2860811771428568,STOP_LOSS,4.0,6.0,2478.0,0.23852,NEU,
04961327ccbe25f1,2025-02-06 00:00:00+00:00,2025-02-07 19:18:00+00:00,AVGO,S17,4264,234.51,225.1196,0.0,-40040.6656,-0.2860047542857143,STOP_LOSS,4.0,6.0,2598.0,0.39472,NEU,
8199b3d7fc94dacf,2025-02-06 00:01:00+00:00,2025-02-13 14:31:00+00:00,TSM,S17,4799,208.36,200.0156,0.0,-40044.77560000004,-0.2860341114285717,STOP_LOSS,4.0,6.0,10950.0,0.3600571428571428,NEU,
9e6e4db76428dce1,2025-02-06 00:02:00+00:00,2025-02-12 21:07:00+00:00,CSCO,S17,15971,62.61,66.3566,0.0,59836.94860000001,0.4274067757142858,TAKE_PROFIT,4.0,6.0,9905.0,0.3697625,NEU,
7281cf2655646dcf,2025-02-05 00:25:00+00:00,2025-02-12 09:30:00,ADBE,S17,2268,440.77,435.6386,0.0,-11638.015199999963,-0.0831286799999997,SENTIMENT_MORNING_SELL,4.0,6.0,10625.0,0.1995333333333333,NEU,
76b4301c7fbb9ed3,2025-02-07 00:00:00+00:00,2025-02-10 09:41:00+00:00,TSLA,S17,2695,371.05,356.198,0.0,-40026.14000000009,-0.2859010000000006,STOP_LOSS,4.0,6.0,4901.0,0.26808,NEU,
c2e7b2c03d863733,2025-02-07 00:09:00+00:00,2025-02-12 14:00:00+00:00,ADBE,S17,2295,435.6586,461.788116,0.0,59967.239220000054,0.4283374230000004,TAKE_PROFIT,4.0,6.0,8031.0,0.44464,NEU,
7d90ea953e60a14e,2025-02-07 00:52:00+00:00,2025-02-12 21:07:00+00:00,CSCO,S17,16002,62.489999999999995,66.2294,0.0,59837.87880000006,0.4274134200000004,TAKE_PROFIT,4.0,6.0,8415.0,0.62225,NEU,
45859285031ce414,2025-02-05 00:01:00+00:00,2025-02-13 09:30:00,MSFT,S17,2432,411.18,409.64,0.0,-3745.2800000000498,-0.0267520000000003,SENTIMENT_MORNING_SELL,4.0,6.0,12089.0,0.2003299999999999,NEU,
4b5b84edfb34a689,2025-02-06 00:06:00+00:00,2025-02-13 09:30:00,ORCL,S17,5827,171.61,174.34,0.0,15907.710000000106,0.1136265000000007,SENTIMENT_MORNING_SELL,4.0,6.0,10644.0,0.2292,NEU,
a1d5eaf247af2aec,2025-02-08 00:33:00+00:00,2025-02-12 21:06:00+00:00,CSCO,S17,16059,62.27,65.99619999999999,0.0,59839.04579999986,0.4274217557142847,TAKE_PROFIT,4.0,6.0,6993.0,0.28878,NEU,
710d119c568d7eb8,2025-02-10 13:27:00+00:00,2025-02-13 16:00:00,INTU,S17,1722,580.51,583.83,0.0,5717.040000000086,0.0408360000000006,SENTIMENT_EOD_SELL,4.0,6.0,4473.0,0.5106,NEU,
1fbaa0a3d9a25f53,2025-02-10 09:00:00+00:00,2025-02-12 21:06:00+00:00,CSCO,S17,16059,62.27,65.99619999999999,0.0,59839.04579999986,0.4274217557142847,TAKE_PROFIT,4.0,6.0,3606.0,0.5106,NEU,
19fa1c281560c560,2025-02-03 09:00:00+00:00,2025-02-20 14:31:00+00:00,AAPL,S17,4295,232.8,246.758,0.0,59949.61000000012,1.6010823000000032,TAKE_PROFIT,4.0,6.0,24811.0,0.23779,NEU,
7a47eb23e8dc14b6,2025-02-07 00:00:00+00:00,2025-02-21 15:27:00+00:00,AMZN,S17,4366,229.0397,219.868112,0.0,-40043.15320799994,-0.2813712175714281,STOP_LOSS,4.0,6.0,21087.0,0.19479,NEU,
8d6900848d0925ed,2025-02-07 00:00:00+00:00,2025-02-20 15:59:00+00:00,AVGO,S17,4307,232.16,222.8636,0.0,-40039.59480000002,-0.2899148742857144,STOP_LOSS,4.0,6.0,19679.0,0.429425,NEU,
62a691bfb2f7cbe0,2025-02-08 00:02:00+00:00,2025-02-21 19:20:00+00:00,TSM,S17,4868,205.42,197.1932,0.0,-40048.06239999999,-0.2530916257142856,STOP_LOSS,4.0,6.0,19878.0,0.29908,NEU,
ee0a4b9e3358a971,2025-02-10 09:00:00+00:00,2025-02-21 17:16:00+00:00,META,S17,1390,719.01,690.2396,0.0,-39990.85599999999,-1.0003879085714285,STOP_LOSS,4.0,6.0,16336.0,0.22307,NEU,
d1cd47542a136c36,2025-02-12 00:00:00+00:00,2025-02-18 12:31:00+00:00,NVDA,S17,7512,133.1061,141.082466,0.0,59918.4613920001,0.4279890099428579,TAKE_PROFIT,4.0,6.0,9391.0,0.20023,NEU,
f80e9954aab106fd,2025-02-12 00:07:00+00:00,2025-02-12 21:07:00+00:00,CSCO,S17,16010,62.46,66.1976,0.0,59838.97599999989,0.4274212571428564,TAKE_PROFIT,4.0,6.0,1260.0,0.5023,NEU,
692e5a6c39c1fcb5,2025-02-13 00:00:00+00:00,2025-02-14 20:34:00+00:00,NVDA,S17,7640,130.8894,138.732764,0.0,59923.300960000066,0.4280235782857147,TAKE_PROFIT,4.0,6.0,2674.0,0.23418,NEU,
102ac7ef5ebbbcf6,2025-02-13 00:03:00+00:00,2025-02-19 15:15:00+00:00,META,S17,1377,725.773,696.73208,0.0,-39989.34684000004,-0.285638191714286,STOP_LOSS,4.0,6.0,9552.0,0.27372,NEU,
01282978d90f9add,2025-02-13 00:00:00+00:00,2025-02-14 09:14:00+00:00,TSLA,S17,2916,342.83,363.3898,0.0,59952.37680000015,0.4282312628571439,TAKE_PROFIT,4.0,6.0,1994.0,0.16565,NEU,
91793222a1eed7d2,2025-02-13 00:02:00+00:00,2025-02-21 18:29:00+00:00,ADBE,S17,2160,462.77,444.2492,0.0,-40004.928000000014,-0.2857494857142858,STOP_LOSS,4.0,6.0,12627.0,0.46645,NEU,
18928f6c8e502956,2025-02-13 00:00:00+00:00,2025-02-13 14:56:00+00:00,CSCO,S17,15026,66.55000000000001,63.87800000000001,0.0,-40149.47200000006,-0.2867819428571433,STOP_LOSS,4.0,6.0,896.0,0.6124,NEU,
f5a764b7e6322ada,2025-02-08 00:02:00+00:00,2025-02-18 16:00:00,ORCL,S17,5735,174.36,179.65,0.0,30338.15000000012,0.2167010714285722,SENTIMENT_EOD_SELL,4.0,6.0,15358.0,0.42175,NEU,
00c2e412a5f74cd8,2025-02-13 00:00:00+00:00,2025-02-18 16:00:00,QCOM,S17,5881,170.03,173.67000000000002,0.0,21406.840000000087,0.1529060000000006,SENTIMENT_EOD_SELL,4.0,6.0,8160.0,0.1700333333333333,NEU,
87b860314022c87e,2025-02-14 00:03:00+00:00,2025-02-21 15:00:00+00:00,AMZN,S17,4346,230.07,220.8572,0.0,-40038.828799999945,-0.2859916342857139,STOP_LOSS,4.0,6.0,10977.0,0.19144,NEU,
0c40a7615e74c8e9,2025-02-14 00:00:00+00:00,2025-02-19 15:05:00+00:00,META,S17,1374,727.4,698.294,0.0,-39991.64399999999,-0.2856545999999999,STOP_LOSS,4.0,6.0,8105.0,0.23723,NEU,
a05afe7ff03a58f6,2025-02-14 00:00:00+00:00,2025-02-18 14:47:00+00:00,AVGO,S17,4255,235.01,225.5996,0.0,-40041.25200000005,-0.2860089428571432,STOP_LOSS,4.0,6.0,6647.0,0.257,NEU,
5c3e9ba5832b0e3f,2025-02-14 00:00:00+00:00,2025-02-21 17:10:00+00:00,TSLA,S17,2810,355.81,341.56759999999997,0.0,-40021.14400000009,-0.2858653142857149,STOP_LOSS,4.0,6.0,11110.0,0.51506,NEU,
da19b8217553f3d5,2025-02-14 09:00:00+00:00,2025-02-21 20:46:00+00:00,ORCL,S17,5720,174.82,167.8172,0.0,-40056.01600000005,-0.2861144000000003,STOP_LOSS,4.0,6.0,10786.0,0.188,NEU,
3dacb2496096bc56,2025-02-12 00:00:00+00:00,2025-02-25 11:10:00+00:00,GOOGL,S17,5396,185.31,177.8876,0.0,-40051.27040000005,-0.8318919885714298,STOP_LOSS,4.0,6.0,19390.0,0.165275,NEU,
c6bea8b2c1e2319d,2025-02-15 00:02:00+00:00,2025-02-20 15:59:00+00:00,AVGO,S17,4297,232.6695,223.35272,0.0,-40034.20365999998,-0.2859585975714284,STOP_LOSS,4.0,6.0,8157.0,0.210475,NEU,
8848b986a239f01f,2025-02-18 11:31:00+00:00,2025-02-21 18:31:00+00:00,ADBE,S17,2163,462.11,443.6156,0.0,-40003.38719999997,-0.2857384799999998,STOP_LOSS,4.0,6.0,4740.0,0.34,NEU,
58a1b17b92dec8d0,2025-02-15 00:03:00+00:00,2025-02-21 20:59:00+00:00,QCOM,S17,5809,172.13,165.2348,0.0,-40054.21679999994,-0.2861015485714281,STOP_LOSS,4.0,6.0,9896.0,0.36776,NEU,
333201b3c351f513,2025-02-14 00:00:00+00:00,2025-02-20 16:00:00,CSCO,S17,15691,63.73,64.66,0.0,14592.629999999996,0.1042330714285714,SENTIMENT_EOD_SELL,4.0,6.0,9600.0,0.3314,NEU,
885a836f6606d9aa,2025-02-10 09:00:00+00:00,2025-02-20 23:59:00+00:00,MSFT,S17,2429,411.63,416.25,0.0,11221.98000000001,0.080157,BACKTEST_END,4.0,6.0,15299.0,0.27876,NEU,
6b5e1c02a353e873,2025-02-13 00:01:00+00:00,2025-02-21 00:00:00+00:00,AAPL,S17,4220,236.96,245.68,0.0,36798.40000000012,0.2628457142857151,BACKTEST_END,4.0,6.0,11519.0,0.25875,NEU,
52022fd9ba00a427,2025-02-03 09:00:00+00:00,2025-02-06 13:13:00+00:00,NVDA,S18,8619,116.02,126.45180000000002,0.0,89911.68420000009,0.6422263157142863,TAKE_PROFIT,6.0,9.0,4573.0,0.17293,NEU,
12cc672aa2a6f6c9,2025-02-03 09:00:00+00:00,2025-02-04 22:02:00+00:00,GOOGL,S18,4999,200.02,188.0088,0.0,-60043.988800000014,-0.4288856342857143,STOP_LOSS,6.0,9.0,2222.0,0.14625,NEU,
b6bcf354939c93df,2025-02-03 09:00:00+00:00,2025-02-04 21:06:00+00:00,AVGO,S18,4650,215.01,234.3509,0.0,89935.18500000016,0.6423941785714298,TAKE_PROFIT,6.0,9.0,2166.0,0.3835888888888889,NEU,
44e217dc85ec02c1,2025-02-03 09:00:00+00:00,2025-02-05 21:00:00+00:00,QCOM,S18,5927,168.7,183.873,0.0,89930.37100000017,0.6423597928571441,TAKE_PROFIT,6.0,9.0,3600.0,0.3005,NEU,
3c0bbd2e649b808c,2025-02-03 09:00:00+00:00,2025-02-07 16:00:00,TSM,S18,4966,201.36,205.49,0.0,20509.58000000012,0.1464970000000008,SENTIMENT_EOD_SELL,6.0,9.0,6180.0,0.1806,NEU,
91a5c9d7e09d04ac,2025-02-03 09:18:00+00:00,2025-02-07 16:00:00,ADBE,S18,2325,430.02,433.06,0.0,7068.000000000047,0.0504857142857146,SENTIMENT_EOD_SELL,6.0,9.0,6162.0,0.1414,NEU,
2b55cf97c7510a6a,2025-02-03 09:00:00+00:00,2025-02-10 09:30:00,AMZN,S18,4277,233.78,238.65,0.0,20828.99000000002,0.1487785000000001,SENTIMENT_MORNING_SELL,6.0,9.0,10110.0,0.28732,NEU,
778156ab9a30ffac,2025-02-03 09:00:00+00:00,2025-02-10 09:30:00,META,S18,1481,675.01,702.5,0.0,40712.69000000002,0.2908049285714287,SENTIMENT_MORNING_SELL,6.0,9.0,10110.0,0.2333285714285714,NEU,
49663c78ba1ebcf7,2025-02-05 00:00:00+00:00,2025-02-06 21:30:00+00:00,NVDA,S18,8452,118.31,128.94790000000003,0.0,89911.53080000026,0.6422252200000018,TAKE_PROFIT,6.0,9.0,2730.0,0.19383,NEU,
eefa0e6396faa8c8,2025-02-05 00:00:00+00:00,2025-02-06 21:01:00+00:00,AMZN,S18,4189,238.67,224.3398,0.0,-60029.20779999996,-0.4287800557142854,STOP_LOSS,6.0,9.0,2701.0,0.31008,NEU,
8d1c2ea90bd6e962,2025-02-05 00:01:00+00:00,2025-02-06 14:54:00+00:00,TSLA,S18,2569,389.16,365.8004,0.0,-60010.8124,-0.42864866,STOP_LOSS,6.0,9.0,2333.0,0.18773,NEU,
855fb00b7a9090c6,2025-02-05 00:00:00+00:00,2025-02-10 16:00:00,META,S18,1423,702.52,715.79,0.0,18883.209999999977,0.1348800714285712,SENTIMENT_EOD_SELL,6.0,9.0,8160.0,0.32633,NEU,
968d040500a17d27,2025-02-05 00:25:00+00:00,2025-02-10 16:00:00,ADBE,S18,2268,440.77,450.7,0.0,22521.240000000016,0.1608660000000001,SENTIMENT_EOD_SELL,6.0,9.0,8135.0,0.1995333333333333,NEU,
33d9c377bdd1cce7,2025-02-06 00:00:00+00:00,2025-02-13 15:39:00+00:00,NVDA,S18,8032,124.5,135.69500000000002,0.0,89918.24000000018,0.6422731428571441,TAKE_PROFIT,6.0,9.0,11019.0,0.2409799999999999,NEU,
49d3bbb1544121ad,2025-02-06 00:00:00+00:00,2025-02-06 21:02:00+00:00,AMZN,S18,4217,237.11,222.8734,0.0,-60035.74220000005,-0.4288267300000003,STOP_LOSS,6.0,9.0,1262.0,0.13045,NEU,
4fe1fe395585dc64,2025-02-07 00:00:00+00:00,2025-02-10 21:11:00+00:00,TSLA,S18,2695,371.05,348.777,0.0,-60025.735000000066,-0.4287552500000005,STOP_LOSS,6.0,9.0,5591.0,0.26808,NEU,
2a6c81bafe24ada4,2025-02-05 00:00:00+00:00,2025-02-13 09:30:00,GOOGL,S18,5247,190.56,185.0099,0.0,-29121.374699999928,-0.2080098192857137,SENTIMENT_MORNING_SELL,6.0,9.0,12090.0,0.24517,NEU,
aaa08e1ab86b7670,2025-02-05 00:04:00+00:00,2025-02-13 09:30:00,TSM,S18,4904,203.91,205.4,0.0,7306.960000000045,0.0521925714285717,SENTIMENT_MORNING_SELL,6.0,9.0,12086.0,0.2462875,NEU,
93a7a90c8c535553,2025-02-10 13:27:00+00:00,2025-02-13 16:00:00,INTU,S18,1722,580.51,583.83,0.0,5717.040000000086,0.0408360000000006,SENTIMENT_EOD_SELL,6.0,9.0,4473.0,0.5106,NEU,
28c2e2734aecbfe1,2025-02-05 00:00:00+00:00,2025-02-21 19:20:00+00:00,AVGO,S18,4336,230.61,216.7634,0.0,-60038.85759999998,-0.1703131799999999,STOP_LOSS,6.0,9.0,24200.0,0.36202,NEU,
6a15cd34fbdbe097,2025-02-07 00:00:00+00:00,2025-02-21 19:23:00+00:00,AMZN,S18,4366,229.0397,215.28731799999997,0.0,-60042.89981200005,-0.4259309168000003,STOP_LOSS,6.0,9.0,21323.0,0.19479,NEU,
dc85ce6899445a76,2025-02-07 00:09:00+00:00,2025-02-17 16:00:00,ADBE,S18,2295,435.6586,460.59,0.0,57217.563000000126,0.4086968785714294,SENTIMENT_EOD_SELL,6.0,9.0,15351.0,0.44464,NEU,
9d6e45d3fdacdc1f,2025-02-13 00:00:00+00:00,2025-02-21 19:21:00+00:00,AMZN,S18,4362,229.22,215.4568,0.0,-60035.07840000005,-0.4288219885714289,STOP_LOSS,6.0,9.0,12681.0,0.11755,NEU,
a9cca782221a884a,2025-02-05 00:12:00+00:00,2025-02-18 16:00:00,ORCL,S18,5969,167.51,179.65,0.0,72463.66000000009,0.5175975714285721,SENTIMENT_EOD_SELL,6.0,9.0,19668.0,0.54825,NEU,
b780aced936c6048,2025-02-05 00:08:00+00:00,2025-02-18 16:00:00,CSCO,S18,16202,61.72,64.78999999999999,0.0,49740.13999999989,0.3552867142857135,SENTIMENT_EOD_SELL,6.0,9.0,19672.0,0.5106,NEU,
5613e5bae7e0bb74,2025-02-08 00:02:00+00:00,2025-02-18 16:00:00,TSM,S18,4868,205.42,202.34,0.0,-14993.439999999922,-0.1070959999999994,SENTIMENT_EOD_SELL,6.0,9.0,15358.0,0.29908,NEU,
59b134c7479f028d,2025-02-13 00:02:00+00:00,2025-02-18 16:00:00,ADBE,S18,2160,462.77,463.72,0.0,2052.000000000098,0.0146571428571435,SENTIMENT_EOD_SELL,6.0,9.0,8158.0,0.46645,NEU,
a8ac31aedfac2255,2025-02-13 00:00:00+00:00,2025-02-18 16:00:00,QCOM,S18,5881,170.03,173.67000000000002,0.0,21406.840000000087,0.1529060000000006,SENTIMENT_EOD_SELL,6.0,9.0,8160.0,0.1700333333333333,NEU,
bf5997052ccfb24a,2025-02-06 00:02:00+00:00,2025-02-24 15:57:00+00:00,META,S18,1418,705.04,662.7275999999999,0.0,-59998.98320000004,-1.7774230314285724,STOP_LOSS,6.0,9.0,26875.0,0.1024222222222222,NEU,
509b7815d57b310b,2025-02-14 00:03:00+00:00,2025-02-21 18:12:00+00:00,AMZN,S18,4346,230.07,216.2558,0.0,-60036.5132,-0.4288322371428572,STOP_LOSS,6.0,9.0,11169.0,0.19144,NEU,
7d40cad7da768550,2025-02-14 00:00:00+00:00,2025-02-21 17:16:00+00:00,AVGO,S18,4255,235.01,220.8994,0.0,-60040.603000000025,-0.4288614500000002,STOP_LOSS,6.0,9.0,11116.0,0.257,NEU,
67b696426462a8da,2025-02-14 00:45:00+00:00,2025-02-24 20:28:00+00:00,QCOM,S18,5811,172.07999999999998,161.74519999999998,0.0,-60055.522800000006,-0.42896802,STOP_LOSS,6.0,9.0,15583.0,0.12765,NEU,
4b4fcfb43cd1735b,2025-02-14 00:00:00+00:00,2025-02-19 16:00:00,CSCO,S18,15691,63.73,64.791,0.0,16648.150999999998,0.1189153642857142,SENTIMENT_EOD_SELL,6.0,9.0,8160.0,0.3314,NEU,
6eedbbe178d29a8c,2025-02-14 00:00:00+00:00,2025-02-20 09:30:00,TSM,S18,4976,200.96,203.8585,0.0,14422.936000000203,0.1030209714285728,SENTIMENT_MORNING_SELL,6.0,9.0,9210.0,0.11858,NEU,
97705ab4fa3e8fb1,2025-02-14 09:00:00+00:00,2025-02-20 09:30:00,ORCL,S18,5720,174.82,174.24,0.0,-3317.599999999909,-0.0236971428571422,SENTIMENT_MORNING_SELL,6.0,9.0,8670.0,0.188,NEU,
d5563e019d86a0c9,2025-02-12 00:00:00+00:00,2025-02-25 15:18:00+00:00,NVDA,S18,7512,133.1061,125.109734,0.0,-60068.70139200007,-0.3319063059000003,STOP_LOSS,6.0,9.0,19638.0,0.20023,NEU,
4d63fc8f40faeaea,2025-02-13 00:00:00+00:00,2025-02-25 14:31:00+00:00,TSLA,S18,2916,342.83,322.25019999999995,0.0,-60010.6968000001,-1.1042532685714304,STOP_LOSS,6.0,9.0,18151.0,0.16565,NEU,
850917c498c48794,2025-02-15 00:01:00+00:00,2025-02-21 19:29:00+00:00,AMZN,S18,4372,228.69,214.9586,0.0,-60033.68080000003,-0.4288120057142859,STOP_LOSS,6.0,9.0,9808.0,0.10844,NEU,
e6ed44a1ed52fe60,2025-02-15 00:03:00+00:00,2025-02-20 21:20:00+00:00,META,S18,1356,736.95,692.723,0.0,-59971.81200000012,-0.4283700857142866,STOP_LOSS,6.0,9.0,8477.0,0.1381222222222222,NEU,
648022c01d040148,2025-02-15 00:02:00+00:00,2025-02-21 18:11:00+00:00,AVGO,S18,4297,232.6695,218.69933,0.0,-60029.820489999984,-0.4287844320714284,STOP_LOSS,6.0,9.0,9729.0,0.210475,NEU,
ed1e61db7441d6bd,2025-02-15 00:03:00+00:00,2025-02-24 20:27:00+00:00,QCOM,S18,5809,172.13,161.7922,0.0,-60052.28019999993,-0.428944858571428,STOP_LOSS,6.0,9.0,14184.0,0.36776,NEU,
0b4ae5ded16f094c,2025-02-03 09:00:00+00:00,2025-02-20 23:59:00+00:00,MSFT,S18,2450,408.01,416.25,0.0,20188.000000000025,0.1442000000000001,BACKTEST_END,6.0,9.0,25379.0,0.13399,NEU,
dbb5bf8d401c9823,2025-02-03 09:00:00+00:00,2025-02-21 00:00:00+00:00,AAPL,S18,4295,232.8,245.68,0.0,55319.6000000001,0.3951400000000006,BACKTEST_END,6.0,9.0,25380.0,0.23779,NEU,
dceba85503f5ca96,2025-02-12 00:00:00+00:00,2025-02-21 00:00:00+00:00,GOOGL,S18,5396,185.31,184.47,0.0,-4532.6400000000185,-0.0323760000000001,BACKTEST_END,6.0,9.0,12960.0,0.165275,NEU,
95936f331ef8d3c4,2025-02-18 11:31:00+00:00,2025-02-20 23:38:00+00:00,ADBE,S18,2163,462.11,454.64,0.0,-16157.61000000006,-0.1154115000000004,BACKTEST_END,6.0,9.0,3607.0,0.34,NEU,
4d13768232b7a08e,2025-02-03 09:03:00+00:00,2025-02-07 16:00:00,CSCO,S19,16630,60.129999999999995,62.24,0.0,35089.30000000011,0.2506378571428579,SENTIMENT_EOD_SELL,8.0,15.0,6177.0,0.6597,NEU,
70de15bb01948937,2025-02-03 09:00:00+00:00,2025-02-10 09:30:00,AAPL,S19,4295,232.8,232.12,0.0,-2920.599999999907,-0.0208614285714279,SENTIMENT_MORNING_SELL,8.0,15.0,10110.0,0.23779,NEU,
a9c4723d8e0fdc5b,2025-02-03 09:00:00+00:00,2025-02-10 09:30:00,AVGO,S19,4650,215.01,230.59,0.0,72447.00000000006,0.5174785714285719,SENTIMENT_MORNING_SELL,8.0,15.0,10110.0,0.3835888888888889,NEU,
fee053a5e3dad50e,2025-02-05 00:00:00+00:00,2025-02-10 16:00:00,AVGO,S19,4336,230.61,234.2,0.0,15566.240000000138,0.1111874285714295,SENTIMENT_EOD_SELL,8.0,15.0,8160.0,0.36202,NEU,
948bf0ab30ed8d27,2025-02-05 00:04:00+00:00,2025-02-10 16:00:00,TSM,S19,4904,203.91,207.4,0.0,17114.960000000043,0.1222497142857146,SENTIMENT_EOD_SELL,8.0,15.0,8156.0,0.2462875,NEU,
e402d7ecf48b1373,2025-02-03 09:00:00+00:00,2025-02-11 09:30:00,QCOM,S19,5927,168.7,167.41,0.0,-7645.829999999953,-0.054613071428571,SENTIMENT_MORNING_SELL,8.0,15.0,11550.0,0.3005,NEU,
f99b02bc12b4c1f5,2025-02-03 09:00:00+00:00,2025-02-11 16:00:00,META,S19,1481,675.01,719.49,0.0,65874.88000000003,0.4705348571428573,SENTIMENT_EOD_SELL,8.0,15.0,11940.0,0.2333285714285714,NEU,
68cf1ad18a5c79ae,2025-02-05 00:01:00+00:00,2025-02-11 16:00:00,MSFT,S19,2432,411.18,411.54,0.0,875.5200000000332,0.0062537142857145,SENTIMENT_EOD_SELL,8.0,15.0,9599.0,0.2003299999999999,NEU,
551915bd5a91f300,2025-02-05 00:12:00+00:00,2025-02-12 09:30:00,ORCL,S19,5969,167.51,172.58,0.0,30262.83000000013,0.2161630714285723,SENTIMENT_MORNING_SELL,8.0,15.0,10638.0,0.54825,NEU,
69d4208f95f6365b,2025-02-07 00:00:00+00:00,2025-02-11 15:54:00+00:00,TSLA,S19,2695,371.05,341.35600000000005,0.0,-80025.32999999989,-0.5716094999999992,STOP_LOSS,8.0,15.0,6714.0,0.26808,NEU,
fefb1f74e7608daf,2025-02-05 00:00:00+00:00,2025-02-13 09:30:00,GOOGL,S19,5247,190.56,185.0099,0.0,-29121.374699999928,-0.2080098192857137,SENTIMENT_MORNING_SELL,8.0,15.0,12090.0,0.24517,NEU,
d557ff51a4b4b5ec,2025-02-06 00:00:00+00:00,2025-02-18 14:33:00+00:00,NVDA,S19,8032,124.5,143.165,0.0,149917.27999999994,0.3059726785714284,TAKE_PROFIT,8.0,15.0,18153.0,0.2409799999999999,NEU,
286de7a0a665d7c6,2025-02-05 00:04:00+00:00,2025-02-13 16:00:00,AAPL,S19,4307,232.14,241.39,0.0,39839.75000000013,0.2845696428571437,SENTIMENT_EOD_SELL,8.0,15.0,12476.0,0.22793,NEU,
04e4d15a9eaea530,2025-02-10 13:27:00+00:00,2025-02-13 16:00:00,INTU,S19,1722,580.51,583.83,0.0,5717.040000000086,0.0408360000000006,SENTIMENT_EOD_SELL,8.0,15.0,4473.0,0.5106,NEU,
76b12133ad29d8a2,2025-02-03 09:00:00+00:00,2025-02-21 19:29:00+00:00,AMZN,S19,4277,233.78,215.06760000000003,0.0,-80032.93479999989,-0.1857873999999997,STOP_LOSS,8.0,15.0,26549.0,0.28732,NEU,
90647c8195001620,2025-02-06 00:00:00+00:00,2025-02-21 19:20:00+00:00,AVGO,S19,4264,234.51,215.7392,0.0,-80038.69119999991,-0.5734479399999993,STOP_LOSS,8.0,15.0,22760.0,0.39472,NEU,
9de1bce4e4ba5133,2025-02-07 00:09:00+00:00,2025-02-17 16:00:00,ADBE,S19,2295,435.6586,460.59,0.0,57217.563000000126,0.4086968785714294,SENTIMENT_EOD_SELL,8.0,15.0,15351.0,0.44464,NEU,
187f1ed4e694096c,2025-02-08 00:02:00+00:00,2025-02-18 09:30:00,ORCL,S19,5735,174.36,172.49,0.0,-10724.449999999862,-0.0766032142857133,SENTIMENT_MORNING_SELL,8.0,15.0,14968.0,0.42175,NEU,
a7eb5d410b6a0724,2025-02-06 00:01:00+00:00,2025-02-18 16:00:00,TSM,S19,4799,208.36,202.34,0.0,-28889.979999999912,-0.2063569999999993,SENTIMENT_EOD_SELL,8.0,15.0,18239.0,0.3600571428571428,NEU,
8abe67a232c423de,2025-02-13 00:09:00+00:00,2025-02-18 16:00:00,ORCL,S19,5796,172.51,179.65,0.0,41383.44000000008,0.2955960000000006,SENTIMENT_EOD_SELL,8.0,15.0,8151.0,0.5106,NEU,
e9fbbf9062bccaa3,2025-02-13 00:02:00+00:00,2025-02-18 16:00:00,ADBE,S19,2160,462.77,463.72,0.0,2052.000000000098,0.0146571428571435,SENTIMENT_EOD_SELL,8.0,15.0,8158.0,0.46645,NEU,
4e1023dab59542f5,2025-02-14 00:00:00+00:00,2025-02-21 19:20:00+00:00,AVGO,S19,4255,235.01,216.1992,0.0,-80039.95399999988,-0.5717139571428563,STOP_LOSS,8.0,15.0,11240.0,0.257,NEU,
c82e133242dc7aba,2025-02-14 00:00:00+00:00,2025-02-24 15:01:00+00:00,TSLA,S19,2810,355.81,327.33520000000004,0.0,-80014.18799999988,-0.5715299142857134,STOP_LOSS,8.0,15.0,15301.0,0.51506,NEU,
4d82467b0e4c76fe,2025-02-10 09:00:00+00:00,2025-02-25 14:35:00+00:00,META,S19,1390,719.01,661.4792,0.0,-79967.812,-1.154725342857143,STOP_LOSS,8.0,15.0,21935.0,0.22307,NEU,
41b95f13f2224f59,2025-02-15 00:02:00+00:00,2025-02-24 14:57:00+00:00,AVGO,S19,4297,232.6695,214.04594000000003,0.0,-80025.43731999987,-0.5716102665714275,STOP_LOSS,8.0,15.0,13855.0,0.210475,NEU,
81f0060d019e606b,2025-02-05 00:08:00+00:00,2025-02-20 16:00:00,CSCO,S19,16202,61.72,64.66,0.0,47633.87999999996,0.3402419999999997,SENTIMENT_EOD_SELL,8.0,15.0,22552.0,0.5106,NEU,
a7f74818a1840d91,2025-02-18 11:31:00+00:00,2025-02-20 16:00:00,ADBE,S19,2163,462.11,454.64,0.0,-16157.61000000006,-0.1154115000000004,SENTIMENT_EOD_SELL,8.0,15.0,3149.0,0.34,NEU,
c62bde0b9d118477,2025-02-15 00:03:00+00:00,2025-02-20 16:00:00,QCOM,S19,5809,172.13,173.69,0.0,9062.040000000014,0.0647288571428572,SENTIMENT_EOD_SELL,8.0,15.0,8157.0,0.36776,NEU,
90f8c37af12492f6,2025-02-10 09:00:00+00:00,2025-02-20 23:59:00+00:00,MSFT,S19,2429,411.63,416.25,0.0,11221.98000000001,0.080157,BACKTEST_END,8.0,15.0,15299.0,0.27876,NEU,
ff134e488c5d5286,2025-02-12 00:00:00+00:00,2025-02-21 00:00:00+00:00,NVDA,S19,7512,133.1061,139.85000000000002,0.0,50660.17680000019,0.361858405714287,BACKTEST_END,8.0,15.0,12960.0,0.20023,NEU,
ca46fa737663df7e,2025-02-13 00:01:00+00:00,2025-02-21 00:00:00+00:00,AAPL,S19,4220,236.96,245.68,0.0,36798.40000000012,0.2628457142857151,BACKTEST_END,8.0,15.0,11519.0,0.25875,NEU,
