trade_id,open_time,close_time,symbol,strategy_id,qty,entry_price,exit_price,fees_usd,pnl_usd,pnl_pct,exit_reason,stop_pct,take_pct,holding_minutes,sentiment_score,sentiment_label,news_headline
551499083c4a466d,2025-01-02 09:00:00+00:00,2025-01-03 13:34:00+00:00,NVDA,S01,7521,132.95999999999998,139.59799999999998,0.0,49924.39800000004,0.3566028428571431,TAKE_PROFIT,3.0,5.0,1714.0,0.3014199999999999,NEU,
12bd7a8e4db56e9d,2025-01-02 09:00:00+00:00,2025-01-02 17:26:00+00:00,AAPL,S01,3978,251.37,243.8189,0.0,-30038.275799999963,-0.2145591128571425,STOP_LOSS,3.0,5.0,506.0,0.20869,NEU,
15a408f8f6d928cc,2025-01-02 09:00:00+00:00,2025-01-07 14:48:00+00:00,GOOGL,S01,5262,190.01,199.5005,0.0,49939.01100000014,0.3567072214285724,TAKE_PROFIT,3.0,5.0,7548.0,0.12491,NEU,
ecf092f34c32ec9e,2025-01-02 09:00:00+00:00,2025-01-07 15:42:00+00:00,AVGO,S01,4256,234.96,227.9012,0.0,-30042.25279999996,-0.2145875199999997,STOP_LOSS,3.0,5.0,7602.0,0.42483,NEU,
e18ce5b196935183,2025-01-02 09:00:00+00:00,2025-01-03 16:26:00+00:00,TSM,S01,5072,197.16,207.008,0.0,49949.05600000007,0.3567789714285719,TAKE_PROFIT,3.0,5.0,1886.0,0.3469888888888889,NEU,
7bf66226248b7822,2025-01-02 09:00:00+00:00,2025-01-02 14:01:00+00:00,TSLA,S01,2450,408.01,395.7597,0.0,-30013.234999999953,-0.2143802499999996,STOP_LOSS,3.0,5.0,301.0,0.18336,NEU,
8dd92a1752897148,2025-01-02 09:38:00+00:00,2025-01-07 15:07:00+00:00,ORCL,S01,5955,167.91,162.8627,0.0,-30056.67150000004,-0.214690510714286,STOP_LOSS,3.0,5.0,7529.0,0.346,NEU,
798af44c5246376b,2025-01-02 09:21:00+00:00,2025-01-03 13:49:00+00:00,ADBE,S01,2233,447.82,434.3754,0.0,-30021.791799999955,-0.2144413699999997,STOP_LOSS,3.0,5.0,1708.0,0.4617,NEU,
04eccad5aa8de23a,2025-01-02 14:30:00+00:00,2025-01-07 15:47:00+00:00,INTU,S01,1572,636.03,616.9390999999999,0.0,-30010.894800000053,-0.2143635342857147,STOP_LOSS,3.0,5.0,7277.0,0.3089,NEU,
3fb2a9e26afb6257,2025-01-02 09:04:00+00:00,2025-01-06 14:41:00+00:00,QCOM,S01,6475,154.42,162.131,0.0,49928.725000000086,0.3566337500000006,TAKE_PROFIT,3.0,5.0,6097.0,0.3394999999999999,NEU,
2e721753c3461ef5,2025-01-02 09:00:00+00:00,2025-01-07 16:00:00,AMZN,S01,4536,220.45,222.36,0.0,8663.760000000113,0.0618840000000008,SENTIMENT_EOD_SELL,3.0,5.0,7620.0,0.3823,NEU,
7b99c38b5d067854,2025-01-03 00:00:00+00:00,2025-01-03 18:35:00+00:00,NVDA,S01,7250,137.9299,144.81639500000003,0.0,49927.08875000018,0.3566220625000013,TAKE_PROFIT,3.0,5.0,1115.0,0.21545,NEU,
87d511d7b9cc96c1,2025-01-03 00:04:00+00:00,2025-01-10 15:10:00+00:00,AAPL,S01,4110,243.25,235.9425,0.0,-30033.82500000002,-0.2145273214285715,STOP_LOSS,3.0,5.0,10986.0,0.13585,NEU,
8f8db852326609da,2025-01-03 00:03:00+00:00,2025-01-07 14:30:00+00:00,GOOGL,S01,5295,188.85,198.2825,0.0,49945.08750000002,0.3567506250000002,TAKE_PROFIT,3.0,5.0,6627.0,0.33706,NEU,
992ab9b9990e77ac,2025-01-03 00:00:00+00:00,2025-01-06 20:50:00+00:00,META,S01,1672,598.01,627.9005000000001,0.0,49976.91600000015,0.3569779714285725,TAKE_PROFIT,3.0,5.0,5570.0,0.11423,NEU,
8e65fdd8731632a2,2025-01-03 00:02:00+00:00,2025-01-10 13:30:00+00:00,AVGO,S01,4316,231.65,224.6905,0.0,-30037.20199999996,-0.2145514428571425,STOP_LOSS,3.0,5.0,10888.0,0.27998,NEU,
3913ef7a54a4989f,2025-01-03 00:26:00+00:00,2025-01-06 09:00:00+00:00,TSM,S01,4956,201.77,211.8485,0.0,49949.0460000001,0.3567789000000007,TAKE_PROFIT,3.0,5.0,4834.0,0.514,NEU,
cecf398f5865467f,2025-01-03 00:00:00+00:00,2025-01-03 18:36:00+00:00,TSLA,S01,2622,381.26,400.313,0.0,49956.96599999999,0.3568354714285713,TAKE_PROFIT,3.0,5.0,1116.0,0.29534,NEU,
f96b372d7ec185bf,2025-01-03 00:07:00+00:00,2025-01-03 14:27:00+00:00,ADBE,S01,2268,440.76,427.5272,0.0,-30011.990399999995,-0.2143713599999999,STOP_LOSS,3.0,5.0,860.0,0.36422,NEU,
f90d346fadc3368d,2025-01-03 00:07:00+00:00,2025-01-06 14:36:00+00:00,QCOM,S01,6511,153.57,161.23850000000002,0.0,49929.60350000015,0.3566400250000011,TAKE_PROFIT,3.0,5.0,5189.0,0.3575,NEU,
b3f9e1c0a092c54a,2025-01-02 09:00:00+00:00,2025-01-14 20:10:00+00:00,MSFT,S01,2355,424.51,411.7647,0.0,-30015.18149999997,-0.5927474878571423,STOP_LOSS,3.0,5.0,17950.0,0.1790999999999999,NEU,
6f0ed6573e93af6d,2025-01-04 00:00:00+00:00,2025-01-06 16:15:00+00:00,NVDA,S01,6900,144.91,152.1455,0.0,49924.95000000001,0.3566067857142858,TAKE_PROFIT,3.0,5.0,3855.0,0.2487299999999999,NEU,
2a39786b3cbdb21f,2025-01-04 00:00:00+00:00,2025-01-06 21:08:00+00:00,META,S01,1655,604.11,634.3055,0.0,49973.55250000006,0.3569539464285718,TAKE_PROFIT,3.0,5.0,4148.0,0.38292,NEU,
bc4c3a72b0c2faab,2025-01-04 00:01:00+00:00,2025-01-10 13:30:00+00:00,AVGO,S01,4318,231.55,224.5935,0.0,-30038.167000000023,-0.2145583357142858,STOP_LOSS,3.0,5.0,9449.0,0.5477666666666666,NEU,
46a2a4b9925030c8,2025-01-04 00:06:00+00:00,2025-01-06 11:18:00+00:00,TSM,S01,4807,207.99,218.3795,0.0,49942.32650000013,0.3567309035714294,TAKE_PROFIT,3.0,5.0,3552.0,0.5411166666666666,NEU,
a53738026ae91dd5,2025-01-04 00:54:00+00:00,2025-01-07 20:35:00+00:00,ORCL,S01,6007,166.45999999999998,161.4562,0.0,-30057.826599999906,-0.2146987614285707,STOP_LOSS,3.0,5.0,5501.0,0.2671333333333333,NEU,
3bec7bed23bc1e93,2025-01-04 00:01:00+00:00,2025-01-08 12:35:00+00:00,ADBE,S01,2321,430.68,417.7496,0.0,-30011.458400000047,-0.2143675600000003,STOP_LOSS,3.0,5.0,6514.0,0.2365399999999999,NEU,
d4ca8e5fcb4525a6,2025-01-04 00:26:00+00:00,2025-01-09 16:00:00,CSCO,S01,17012,58.78,59.190000000000005,0.0,6974.920000000063,0.0498208571428575,SENTIMENT_EOD_SELL,3.0,5.0,8134.0,0.2113499999999999,NEU,
0e68b503e4fc276c,2025-01-04 00:18:00+00:00,2025-01-10 09:30:00,QCOM,S01,6331,157.92999999999998,158.23000000000002,0.0,1899.300000000252,0.0135664285714303,SENTIMENT_MORNING_SELL,3.0,5.0,9192.0,0.22765,NEU,
9aa4de26db7d0ebb,2025-01-06 09:00:00+00:00,2025-01-07 12:11:00+00:00,NVDA,S01,6848,146.01,153.3005,0.0,49925.344000000056,0.3566096000000003,TAKE_PROFIT,3.0,5.0,1631.0,0.19492,NEU,
76379c31e05ee8b2,2025-01-06 09:00:00+00:00,2025-01-13 09:33:00+00:00,MSFT,S01,2341,427.16,414.3352,0.0,-30022.85679999996,-0.2144489771428568,STOP_LOSS,3.0,5.0,10113.0,0.50612,NEU,
1b2d41f5989d4999,2025-01-06 09:00:00+00:00,2025-01-10 15:06:00+00:00,AAPL,S01,4100,243.9,236.573,0.0,-30040.699999999993,-0.2145764285714285,STOP_LOSS,3.0,5.0,6126.0,0.4261199999999999,NEU,
418b6ca535c398ed,2025-01-06 09:01:00+00:00,2025-01-06 21:10:00+00:00,META,S01,1652,605.3199999999999,635.576,0.0,49982.91200000014,0.357020800000001,TAKE_PROFIT,3.0,5.0,729.0,0.17253,NEU,
b150ced349758a81,2025-01-06 09:00:00+00:00,2025-01-08 11:33:00+00:00,AVGO,S01,4263,234.56,227.5132,0.0,-30040.50839999996,-0.2145750599999997,STOP_LOSS,3.0,5.0,3033.0,0.26281,NEU,
d3ba27bd46d32267,2025-01-06 09:00:00+00:00,2025-01-08 14:38:00+00:00,TSM,S01,4696,212.91,206.5127,0.0,-30041.720800000006,-0.21458372,STOP_LOSS,3.0,5.0,3218.0,0.11513,NEU,
4f33c070d12a585d,2025-01-06 09:00:00+00:00,2025-01-06 19:00:00+00:00,TSLA,S01,2408,415.21,402.7437,0.0,-30018.850399999978,-0.2144203599999997,STOP_LOSS,3.0,5.0,600.0,0.3354222222222222,NEU,
41bc90699ea7f7c0,2025-01-06 09:03:00+00:00,2025-01-07 19:39:00+00:00,ORCL,S01,5984,167.09,162.06730000000002,0.0,-30055.836799999917,-0.2146845485714279,STOP_LOSS,3.0,5.0,2076.0,0.3208,NEU,
4323003d4c10c138,2025-01-06 09:00:00+00:00,2025-01-08 12:24:00+00:00,ADBE,S01,2320,430.91,417.9727,0.0,-30014.535999999986,-0.2143895428571427,STOP_LOSS,3.0,5.0,3084.0,0.2456333333333333,NEU,
7761bce093b16456,2025-01-06 12:23:00+00:00,2025-01-07 20:21:00+00:00,INTU,S01,1582,632.01,613.0397,0.0,-30011.01459999992,-0.2143643899999994,STOP_LOSS,3.0,5.0,1918.0,0.5129333333333334,NEU,
945cf63a9ab338ef,2025-01-08 00:00:00+00:00,2025-01-10 13:30:00+00:00,NVDA,S01,7068,141.48,137.2256,0.0,-30070.09920000003,-0.214786422857143,STOP_LOSS,3.0,5.0,3690.0,0.23359,NEU,
9a1362fd45f24f51,2025-01-08 00:00:00+00:00,2025-01-10 15:07:00+00:00,AVGO,S01,4361,229.26,222.3722,0.0,-30037.69579999999,-0.2145549699999999,STOP_LOSS,3.0,5.0,3787.0,0.19122,NEU,
392686b0be7b3ff9,2025-01-08 00:04:00+00:00,2025-01-08 14:39:00+00:00,TSM,S01,4708,212.36,205.9792,0.0,-30040.80639999997,-0.2145771885714283,STOP_LOSS,3.0,5.0,875.0,0.1916,NEU,
1e75bae60427b9da,2025-01-08 00:00:00+00:00,2025-01-10 15:10:00+00:00,TSLA,S01,2534,394.51,382.6647,0.0,-30015.990200000026,-0.2143999300000001,STOP_LOSS,3.0,5.0,3790.0,0.2438499999999999,NEU,
ad10946d73e8a987,2025-01-08 00:15:00+00:00,2025-01-10 14:38:00+00:00,ORCL,S01,6176,161.89999999999998,157.033,0.0,-30058.59199999994,-0.2147042285714281,STOP_LOSS,3.0,5.0,3743.0,0.30224,NEU,
1ea0444feff80156,2025-01-08 00:03:00+00:00,2025-01-10 15:08:00+00:00,ADBE,S01,2375,421.01,408.3697,0.0,-30020.71250000006,-0.2144336607142861,STOP_LOSS,3.0,5.0,3785.0,0.4220333333333333,NEU,
8a4047fcc4931bf7,2025-01-08 00:00:00+00:00,2025-01-10 14:39:00+00:00,QCOM,S01,6210,161.01,156.1697,0.0,-30058.262999999908,-0.2147018785714279,STOP_LOSS,3.0,5.0,3759.0,0.17575,NEU,
5f0a473ad8658fcd,2025-01-09 00:00:00+00:00,2025-01-10 15:08:00+00:00,NVDA,S01,7225,138.39999999999998,134.23799999999997,0.0,-30070.450000000044,-0.2147889285714289,STOP_LOSS,3.0,5.0,2348.0,0.27538,NEU,
4d496b3514f8cfa5,2025-01-09 00:00:00+00:00,2025-01-10 16:15:00+00:00,AAPL,S01,4126,242.32,235.0404,0.0,-30035.62959999995,-0.214540211428571,STOP_LOSS,3.0,5.0,2415.0,0.15086,NEU,
5c967df08d6c3a03,2025-01-09 00:00:00+00:00,2025-01-10 15:09:00+00:00,AVGO,S01,4379,228.36,221.4992,0.0,-30043.44319999993,-0.2145960228571423,STOP_LOSS,3.0,5.0,2349.0,0.3892333333333333,NEU,
fa74eebb99c9cd21,2025-01-09 00:06:00+00:00,2025-01-13 09:35:00+00:00,TSM,S01,4832,206.9191,200.701527,0.0,-30043.312735999934,-0.2145950909714281,STOP_LOSS,3.0,5.0,6329.0,0.5329666666666667,NEU,
c0333d633e5ecbfe,2025-01-09 00:00:00+00:00,2025-01-10 15:10:00+00:00,TSLA,S01,2539,393.81,381.9857,0.0,-30021.897699999983,-0.2144421264285713,STOP_LOSS,3.0,5.0,2350.0,0.25189,NEU,
e9d0f0ffebfdd979,2025-01-09 00:02:00+00:00,2025-01-13 09:16:00+00:00,QCOM,S01,6296,158.82999999999998,154.05509999999998,0.0,-30062.770400000016,-0.2147340742857144,STOP_LOSS,3.0,5.0,6314.0,0.5813,NEU,
ad94648f24f5c751,2025-01-09 00:38:00+00:00,2025-01-15 09:30:00,CSCO,S01,16934,59.05,59.190000000000005,0.0,2370.76000000013,0.0169340000000009,SENTIMENT_MORNING_SELL,3.0,5.0,9172.0,0.4253,NEU,
5728798b08a7b7cc,2025-01-10 09:00:00+00:00,2025-01-10 14:38:00+00:00,NVDA,S01,7193,139.01,134.8297,0.0,-30068.897899999916,-0.2147778421428565,STOP_LOSS,3.0,5.0,338.0,0.39033,NEU,
b1d7b0d84eddee50,2025-01-10 09:00:00+00:00,2025-01-10 15:06:00+00:00,AAPL,S01,4107,243.45,236.1365,0.0,-30036.544500000015,-0.2145467464285715,STOP_LOSS,3.0,5.0,366.0,0.14652,NEU,
412310a614636695,2025-01-10 09:00:00+00:00,2025-01-13 09:00:00+00:00,AVGO,S01,4392,227.68,220.8396,0.0,-30043.036799999947,-0.2145931199999996,STOP_LOSS,3.0,5.0,4320.0,0.4066285714285714,NEU,
6b798d2cd6818640,2025-01-10 09:00:00+00:00,2025-01-10 15:10:00+00:00,TSLA,S01,2527,395.66,383.7802,0.0,-30020.25459999997,-0.2144303899999997,STOP_LOSS,3.0,5.0,370.0,0.13952,NEU,
7d23b86305ad7761,2025-01-10 09:00:00+00:00,2025-01-15 16:00:00,CSCO,S01,16889,59.21,60.07,0.0,14524.53999999999,0.1037467142857142,SENTIMENT_EOD_SELL,3.0,5.0,7620.0,0.43445,NEU,
e773eb90ead50fc1,2025-01-03 00:00:00+00:00,2025-01-21 14:35:00+00:00,AMZN,S01,4546,219.95,230.9375,0.0,49949.175000000054,1.325484910714287,TAKE_PROFIT,3.0,5.0,26795.0,0.42433,NEU,
bef6eeed91f7ebb1,2025-01-04 00:02:00+00:00,2025-01-21 14:31:00+00:00,GOOGL,S01,5211,191.8695,201.452975,0.0,49939.48822500011,0.3111891239285721,TAKE_PROFIT,3.0,5.0,25349.0,0.2469599999999999,NEU,
16a52e472fa7fda1,2025-01-11 00:00:00+00:00,2025-01-13 09:43:00+00:00,NVDA,S01,7363,135.81,131.72570000000002,0.0,-30072.700899999887,-0.2148050064285706,STOP_LOSS,3.0,5.0,3463.0,0.19964,NEU,
f3b216a6213a30df,2025-01-11 00:04:00+00:00,2025-01-13 09:44:00+00:00,AVGO,S01,4474,223.49,216.7753,0.0,-30041.56779999997,-0.2145826271428569,STOP_LOSS,3.0,5.0,3460.0,0.2857833333333333,NEU,
4ca69c647ea90daf,2025-01-11 00:13:00+00:00,2025-01-13 09:26:00+00:00,TSM,S01,4793,208.6286,202.359742,0.0,-30046.636393999972,-0.2146188313857141,STOP_LOSS,3.0,5.0,3433.0,0.2226624999999999,NEU,
50db0782cffc3bb1,2025-01-13 13:13:00+00:00,2025-01-17 16:01:00+00:00,INTU,S01,1611,620.41,601.7877,0.0,-30000.52529999999,-0.2142894664285713,STOP_LOSS,3.0,5.0,5928.0,0.3818,NEU,
d62860673d00e7f7,2025-01-11 00:34:00+00:00,2025-01-15 18:42:00+00:00,QCOM,S01,6361,157.20499999999998,165.05525,0.0,49935.44025000011,0.3566817160714293,TAKE_PROFIT,3.0,5.0,6848.0,0.4729,NEU,
cf23a92a2d0640d7,2025-01-08 00:04:00+00:00,2025-01-22 16:56:00+00:00,MSFT,S01,2363,423.15,444.2975,0.0,49971.54250000008,0.9608517678571444,TAKE_PROFIT,3.0,5.0,21172.0,0.34174,NEU,
3e488757e8bc1510,2025-01-13 09:00:00+00:00,2025-01-13 14:24:00+00:00,NVDA,S01,7506,133.20999999999998,129.2037,0.0,-30071.287799999864,-0.2147949128571419,STOP_LOSS,3.0,5.0,324.0,0.2448,NEU,
78876d0cda4c2594,2025-01-13 09:00:00+00:00,2025-01-16 21:11:00+00:00,AAPL,S01,4255,235.01,227.9497,0.0,-30041.57649999993,-0.2145826892857138,STOP_LOSS,3.0,5.0,5051.0,0.1774,NEU,
747b8f3c34b14741,2025-01-13 09:00:00+00:00,2025-01-21 10:26:00+00:00,AMZN,S01,4592,217.74,228.617,0.0,49947.184000000045,0.3567656000000003,TAKE_PROFIT,3.0,5.0,11606.0,0.2091299999999999,NEU,
6fcb5fbaee2a2af4,2025-01-13 09:00:00+00:00,2025-01-21 14:30:00+00:00,GOOGL,S01,5241,190.8,200.33,0.0,49946.73000000016,0.3567623571428582,TAKE_PROFIT,3.0,5.0,11850.0,0.1972499999999999,NEU,
42fb6faea90de5d3,2025-01-13 09:00:00+00:00,2025-01-13 21:02:00+00:00,TSLA,S01,2591,385.91,405.1955,0.0,49968.730500000034,0.3569195035714288,TAKE_PROFIT,3.0,5.0,722.0,0.4012166666666666,NEU,
cc2119aae825a243,2025-01-13 09:02:00+00:00,2025-01-15 13:45:00+00:00,QCOM,S01,6450,155.01999999999998,162.761,0.0,49929.45000000009,0.3566389285714292,TAKE_PROFIT,3.0,5.0,3163.0,0.467475,NEU,
cd86290f70b6cf50,2025-01-02 09:00:00+00:00,2025-01-03 14:55:00+00:00,NVDA,S02,7521,132.95999999999998,143.58679999999998,0.0,79924.16280000002,0.5708868771428572,TAKE_PROFIT,3.0,8.0,1795.0,0.3014199999999999,NEU,
b81336c66ceea97a,2025-01-02 09:00:00+00:00,2025-01-02 17:26:00+00:00,AAPL,S02,3978,251.37,243.8189,0.0,-30038.275799999963,-0.2145591128571425,STOP_LOSS,3.0,8.0,506.0,0.20869,NEU,
0b340f7cb91763f0,2025-01-02 09:00:00+00:00,2025-01-07 15:42:00+00:00,AVGO,S02,4256,234.96,227.9012,0.0,-30042.25279999996,-0.2145875199999997,STOP_LOSS,3.0,8.0,7602.0,0.42483,NEU,
7aca05474ed0287e,2025-01-02 09:00:00+00:00,2025-01-06 09:00:00+00:00,TSM,S02,5072,197.16,212.9228,0.0,79948.92160000013,0.5710637257142867,TAKE_PROFIT,3.0,8.0,5760.0,0.3469888888888889,NEU,
4135b38bfd9d649b,2025-01-02 09:00:00+00:00,2025-01-02 14:01:00+00:00,TSLA,S02,2450,408.01,395.7597,0.0,-30013.234999999953,-0.2143802499999996,STOP_LOSS,3.0,8.0,301.0,0.18336,NEU,
effcf4aa82b67af9,2025-01-02 09:38:00+00:00,2025-01-07 15:07:00+00:00,ORCL,S02,5955,167.91,162.8627,0.0,-30056.67150000004,-0.214690510714286,STOP_LOSS,3.0,8.0,7529.0,0.346,NEU,
1dfda5f92d05247a,2025-01-02 09:21:00+00:00,2025-01-03 13:49:00+00:00,ADBE,S02,2233,447.82,434.3754,0.0,-30021.791799999955,-0.2144413699999997,STOP_LOSS,3.0,8.0,1708.0,0.4617,NEU,
c065258fb565535d,2025-01-02 14:30:00+00:00,2025-01-07 15:47:00+00:00,INTU,S02,1572,636.03,616.9390999999999,0.0,-30010.894800000053,-0.2143635342857147,STOP_LOSS,3.0,8.0,7277.0,0.3089,NEU,
a15d6de1ebb8bc21,2025-01-02 09:00:00+00:00,2025-01-07 16:00:00,AMZN,S02,4536,220.45,222.36,0.0,8663.760000000113,0.0618840000000008,SENTIMENT_EOD_SELL,3.0,8.0,7620.0,0.3823,NEU,
7be01701f566414a,2025-01-03 00:00:00+00:00,2025-01-06 14:32:00+00:00,NVDA,S02,7250,137.9299,148.954292,0.0,79926.84200000005,0.5709060142857146,TAKE_PROFIT,3.0,8.0,5192.0,0.21545,NEU,
1766b649c3455932,2025-01-03 00:04:00+00:00,2025-01-10 15:10:00+00:00,AAPL,S02,4110,243.25,235.9425,0.0,-30033.82500000002,-0.2145273214285715,STOP_LOSS,3.0,8.0,10986.0,0.13585,NEU,
128ca8b6edcc9f4b,2025-01-03 00:02:00+00:00,2025-01-10 13:30:00+00:00,AVGO,S02,4316,231.65,224.6905,0.0,-30037.20199999996,-0.2145514428571425,STOP_LOSS,3.0,8.0,10888.0,0.27998,NEU,
888a745880ff332b,2025-01-03 00:26:00+00:00,2025-01-06 11:15:00+00:00,TSM,S02,4956,201.77,217.9016,0.0,79948.2096000001,0.5710586400000007,TAKE_PROFIT,3.0,8.0,4969.0,0.514,NEU,
0a48355c1a4fd9de,2025-01-03 00:00:00+00:00,2025-01-03 20:54:00+00:00,TSLA,S02,2622,381.26,411.7508,0.0,79946.8776000001,0.5710491257142865,TAKE_PROFIT,3.0,8.0,1254.0,0.29534,NEU,
9b015e517aa2c109,2025-01-03 00:07:00+00:00,2025-01-03 14:27:00+00:00,ADBE,S02,2268,440.76,427.5272,0.0,-30011.990399999995,-0.2143713599999999,STOP_LOSS,3.0,8.0,860.0,0.36422,NEU,
f21e7f5e927f4ea4,2025-01-02 09:00:00+00:00,2025-01-14 20:10:00+00:00,MSFT,S02,2355,424.51,411.7647,0.0,-30015.18149999997,-0.2064738599999997,STOP_LOSS,3.0,8.0,17950.0,0.1790999999999999,NEU,
b40163285a143533,2025-01-04 00:00:00+00:00,2025-01-07 15:42:00+00:00,NVDA,S02,6900,144.91,140.55270000000002,0.0,-30065.369999999868,-0.2147526428571419,STOP_LOSS,3.0,8.0,5262.0,0.2487299999999999,NEU,
bf269642f62bf09e,2025-01-04 00:01:00+00:00,2025-01-10 13:30:00+00:00,AVGO,S02,4318,231.55,224.5935,0.0,-30038.167000000023,-0.2145583357142858,STOP_LOSS,3.0,8.0,9449.0,0.5477666666666666,NEU,
043d9c07df79a922,2025-01-04 00:06:00+00:00,2025-01-13 09:33:00+00:00,TSM,S02,4807,207.99,201.7403,0.0,-30042.307899999952,-0.2145879135714282,STOP_LOSS,3.0,8.0,13527.0,0.5411166666666666,NEU,
f2499cfee7370407,2025-01-04 00:54:00+00:00,2025-01-07 20:35:00+00:00,ORCL,S02,6007,166.45999999999998,161.4562,0.0,-30057.826599999906,-0.2146987614285707,STOP_LOSS,3.0,8.0,5501.0,0.2671333333333333,NEU,
ef93d44646b3a679,2025-01-04 00:01:00+00:00,2025-01-08 12:35:00+00:00,ADBE,S02,2321,430.68,417.7496,0.0,-30011.458400000047,-0.2143675600000003,STOP_LOSS,3.0,8.0,6514.0,0.2365399999999999,NEU,
e24a543e53e5640e,2025-01-04 00:26:00+00:00,2025-01-09 16:00:00,CSCO,S02,17012,58.78,59.190000000000005,0.0,6974.920000000063,0.0498208571428575,SENTIMENT_EOD_SELL,3.0,8.0,8134.0,0.2113499999999999,NEU,
74db8cb911f89757,2025-01-02 09:04:00+00:00,2025-01-10 09:30:00,QCOM,S02,6475,154.42,158.23000000000002,0.0,24669.7500000002,0.1762125000000014,SENTIMENT_MORNING_SELL,3.0,8.0,11546.0,0.3394999999999999,NEU,
7959def7576b1993,2025-01-06 09:00:00+00:00,2025-01-07 15:36:00+00:00,NVDA,S02,6848,146.01,141.6197,0.0,-30064.774399999973,-0.2147483885714284,STOP_LOSS,3.0,8.0,1836.0,0.19492,NEU,
0d01c3d5fcfd0aa6,2025-01-06 09:00:00+00:00,2025-01-13 09:33:00+00:00,MSFT,S02,2341,427.16,414.3352,0.0,-30022.85679999996,-0.2144489771428568,STOP_LOSS,3.0,8.0,10113.0,0.50612,NEU,
01292fb6c1ab121d,2025-01-06 09:00:00+00:00,2025-01-10 15:06:00+00:00,AAPL,S02,4100,243.9,236.573,0.0,-30040.699999999993,-0.2145764285714285,STOP_LOSS,3.0,8.0,6126.0,0.4261199999999999,NEU,
6721f2beacfa62d8,2025-01-06 09:00:00+00:00,2025-01-08 11:33:00+00:00,AVGO,S02,4263,234.56,227.5132,0.0,-30040.50839999996,-0.2145750599999997,STOP_LOSS,3.0,8.0,3033.0,0.26281,NEU,
e6343a5380c21362,2025-01-06 09:00:00+00:00,2025-01-08 14:38:00+00:00,TSM,S02,4696,212.91,206.5127,0.0,-30041.720800000006,-0.21458372,STOP_LOSS,3.0,8.0,3218.0,0.11513,NEU,
e81da4ee9638dab8,2025-01-06 09:00:00+00:00,2025-01-06 19:00:00+00:00,TSLA,S02,2408,415.21,402.7437,0.0,-30018.850399999978,-0.2144203599999997,STOP_LOSS,3.0,8.0,600.0,0.3354222222222222,NEU,
fc397d3318cb9444,2025-01-06 09:03:00+00:00,2025-01-07 19:39:00+00:00,ORCL,S02,5984,167.09,162.06730000000002,0.0,-30055.836799999917,-0.2146845485714279,STOP_LOSS,3.0,8.0,2076.0,0.3208,NEU,
df4f035f6f514e8a,2025-01-06 09:00:00+00:00,2025-01-08 12:24:00+00:00,ADBE,S02,2320,430.91,417.9727,0.0,-30014.535999999986,-0.2143895428571427,STOP_LOSS,3.0,8.0,3084.0,0.2456333333333333,NEU,
e81c40224254f860,2025-01-06 12:23:00+00:00,2025-01-07 20:21:00+00:00,INTU,S02,1582,632.01,613.0397,0.0,-30011.01459999992,-0.2143643899999994,STOP_LOSS,3.0,8.0,1918.0,0.5129333333333334,NEU,
cb1c11e9aecc6b14,2025-01-03 00:00:00+00:00,2025-01-13 09:30:00,META,S02,1672,598.01,617.99,0.0,33406.56000000003,0.2386182857142859,SENTIMENT_MORNING_SELL,3.0,8.0,14970.0,0.11423,NEU,
a778904e3fef44e9,2025-01-08 00:00:00+00:00,2025-01-10 13:30:00+00:00,NVDA,S02,7068,141.48,137.2256,0.0,-30070.09920000003,-0.214786422857143,STOP_LOSS,3.0,8.0,3690.0,0.23359,NEU,
f895ce860075079e,2025-01-08 00:00:00+00:00,2025-01-10 15:07:00+00:00,AVGO,S02,4361,229.26,222.3722,0.0,-30037.69579999999,-0.2145549699999999,STOP_LOSS,3.0,8.0,3787.0,0.19122,NEU,
0e7c8833748b582a,2025-01-08 00:04:00+00:00,2025-01-08 14:39:00+00:00,TSM,S02,4708,212.36,205.9792,0.0,-30040.80639999997,-0.2145771885714283,STOP_LOSS,3.0,8.0,875.0,0.1916,NEU,
f45e34919496648f,2025-01-08 00:00:00+00:00,2025-01-10 15:10:00+00:00,TSLA,S02,2534,394.51,382.6647,0.0,-30015.990200000026,-0.2143999300000001,STOP_LOSS,3.0,8.0,3790.0,0.2438499999999999,NEU,
a1be5b303cec390c,2025-01-08 00:15:00+00:00,2025-01-10 14:38:00+00:00,ORCL,S02,6176,161.89999999999998,157.033,0.0,-30058.59199999994,-0.2147042285714281,STOP_LOSS,3.0,8.0,3743.0,0.30224,NEU,
f6ed09885ec9034e,2025-01-08 00:03:00+00:00,2025-01-10 15:08:00+00:00,ADBE,S02,2375,421.01,408.3697,0.0,-30020.71250000006,-0.2144336607142861,STOP_LOSS,3.0,8.0,3785.0,0.4220333333333333,NEU,
8de3117477e9094d,2025-01-08 00:00:00+00:00,2025-01-10 14:39:00+00:00,QCOM,S02,6210,161.01,156.1697,0.0,-30058.262999999908,-0.2147018785714279,STOP_LOSS,3.0,8.0,3759.0,0.17575,NEU,
6869818d3416d65f,2025-01-09 00:00:00+00:00,2025-01-10 15:08:00+00:00,NVDA,S02,7225,138.39999999999998,134.23799999999997,0.0,-30070.450000000044,-0.2147889285714289,STOP_LOSS,3.0,8.0,2348.0,0.27538,NEU,
b14ef62381ccfda6,2025-01-09 00:00:00+00:00,2025-01-10 16:15:00+00:00,AAPL,S02,4126,242.32,235.0404,0.0,-30035.62959999995,-0.214540211428571,STOP_LOSS,3.0,8.0,2415.0,0.15086,NEU,
b05189574d081e36,2025-01-09 00:00:00+00:00,2025-01-10 15:09:00+00:00,AVGO,S02,4379,228.36,221.4992,0.0,-30043.44319999993,-0.2145960228571423,STOP_LOSS,3.0,8.0,2349.0,0.3892333333333333,NEU,
177305debd568697,2025-01-09 00:06:00+00:00,2025-01-13 09:35:00+00:00,TSM,S02,4832,206.9191,200.701527,0.0,-30043.312735999934,-0.2145950909714281,STOP_LOSS,3.0,8.0,6329.0,0.5329666666666667,NEU,
9bf85700d74f476d,2025-01-09 00:00:00+00:00,2025-01-10 15:10:00+00:00,TSLA,S02,2539,393.81,381.9857,0.0,-30021.897699999983,-0.2144421264285713,STOP_LOSS,3.0,8.0,2350.0,0.25189,NEU,
2a6d58e4f7031099,2025-01-09 00:02:00+00:00,2025-01-13 09:16:00+00:00,QCOM,S02,6296,158.82999999999998,154.05509999999998,0.0,-30062.770400000016,-0.2147340742857144,STOP_LOSS,3.0,8.0,6314.0,0.5813,NEU,
c80aa034a9f4680e,2025-01-09 00:38:00+00:00,2025-01-15 09:30:00,CSCO,S02,16934,59.05,59.190000000000005,0.0,2370.76000000013,0.0169340000000009,SENTIMENT_MORNING_SELL,3.0,8.0,9172.0,0.4253,NEU,
1add5110bdb587b4,2025-01-10 09:00:00+00:00,2025-01-10 14:38:00+00:00,NVDA,S02,7193,139.01,134.8297,0.0,-30068.897899999916,-0.2147778421428565,STOP_LOSS,3.0,8.0,338.0,0.39033,NEU,
7a6590cd29ef99b5,2025-01-10 09:00:00+00:00,2025-01-10 15:06:00+00:00,AAPL,S02,4107,243.45,236.1365,0.0,-30036.544500000015,-0.2145467464285715,STOP_LOSS,3.0,8.0,366.0,0.14652,NEU,
7a554c1db908ff35,2025-01-10 09:00:00+00:00,2025-01-13 09:00:00+00:00,AVGO,S02,4392,227.68,220.8396,0.0,-30043.036799999947,-0.2145931199999996,STOP_LOSS,3.0,8.0,4320.0,0.4066285714285714,NEU,
4c1c1cdb619db8c1,2025-01-10 09:00:00+00:00,2025-01-10 15:10:00+00:00,TSLA,S02,2527,395.66,383.7802,0.0,-30020.25459999997,-0.2144303899999997,STOP_LOSS,3.0,8.0,370.0,0.13952,NEU,
337fbb7257f5d98f,2025-01-10 09:00:00+00:00,2025-01-15 16:00:00,CSCO,S02,16889,59.21,60.07,0.0,14524.53999999999,0.1037467142857142,SENTIMENT_EOD_SELL,3.0,8.0,7620.0,0.43445,NEU,
48d8d7ae74f6e876,2025-01-11 00:00:00+00:00,2025-01-13 09:43:00+00:00,NVDA,S02,7363,135.81,131.72570000000002,0.0,-30072.700899999887,-0.2148050064285706,STOP_LOSS,3.0,8.0,3463.0,0.19964,NEU,
41ce3ee3657e9e92,2025-01-11 00:04:00+00:00,2025-01-13 09:44:00+00:00,AVGO,S02,4474,223.49,216.7753,0.0,-30041.56779999997,-0.2145826271428569,STOP_LOSS,3.0,8.0,3460.0,0.2857833333333333,NEU,
35ceb5be7efcf8ba,2025-01-11 00:13:00+00:00,2025-01-13 09:26:00+00:00,TSM,S02,4793,208.6286,202.359742,0.0,-30046.636393999972,-0.2146188313857141,STOP_LOSS,3.0,8.0,3433.0,0.2226624999999999,NEU,
5d9ac43ee6ab3019,2025-01-13 13:13:00+00:00,2025-01-17 16:01:00+00:00,INTU,S02,1611,620.41,601.7877,0.0,-30000.52529999999,-0.2142894664285713,STOP_LOSS,3.0,8.0,5928.0,0.3818,NEU,
ce319886d2ff05fe,2025-01-11 00:34:00+00:00,2025-01-22 14:31:00+00:00,QCOM,S02,6361,157.20499999999998,169.7714,0.0,79934.8704000001,0.5709633600000008,TAKE_PROFIT,3.0,8.0,16677.0,0.4729,NEU,
4e5c8a9c3724643a,2025-01-13 09:00:00+00:00,2025-01-13 14:24:00+00:00,NVDA,S02,7506,133.20999999999998,129.2037,0.0,-30071.287799999864,-0.2147949128571419,STOP_LOSS,3.0,8.0,324.0,0.2448,NEU,
917c6828aacb028e,2025-01-13 09:00:00+00:00,2025-01-16 21:11:00+00:00,AAPL,S02,4255,235.01,227.9497,0.0,-30041.57649999993,-0.2145826892857138,STOP_LOSS,3.0,8.0,5051.0,0.1774,NEU,
b80962cabedd96a1,2025-01-13 09:00:00+00:00,2025-01-14 13:34:00+00:00,TSLA,S02,2591,385.91,416.7728,0.0,79965.51480000014,0.5711822485714295,TAKE_PROFIT,3.0,8.0,1714.0,0.4012166666666666,NEU,
28d5b94379beadd8,2025-01-02 09:00:00+00:00,2025-01-17 16:00:00,GOOGL,S02,5262,190.01,196.3748,0.0,33491.577600000164,0.2392255542857154,SENTIMENT_EOD_SELL,3.0,8.0,22020.0,0.12491,NEU,
05aa3819b120a958,2025-01-03 00:00:00+00:00,2025-01-18 00:00:00+00:00,AMZN,S02,4546,219.95,226.29,0.0,28821.640000000145,0.2058688571428581,BACKTEST_END,3.0,8.0,21600.0,0.42433,NEU,
fe57490eeed44fb9,2025-01-08 00:04:00+00:00,2025-01-17 23:58:00+00:00,MSFT,S02,2363,423.15,429.79,0.0,15690.320000000102,0.112073714285715,BACKTEST_END,3.0,8.0,14394.0,0.34174,NEU,
bc51f6fc22629c7c,2025-01-02 09:00:00+00:00,2025-01-06 14:32:00+00:00,NVDA,S03,7521,132.95999999999998,148.9052,0.0,119923.84920000022,0.8565989228571445,TAKE_PROFIT,3.0,12.0,6092.0,0.3014199999999999,NEU,
0d4030bd251cde55,2025-01-02 09:00:00+00:00,2025-01-02 17:26:00+00:00,AAPL,S03,3978,251.37,243.8189,0.0,-30038.275799999963,-0.2145591128571425,STOP_LOSS,3.0,12.0,506.0,0.20869,NEU,
3383f31f2cbb7e7a,2025-01-02 09:00:00+00:00,2025-01-07 15:42:00+00:00,AVGO,S03,4256,234.96,227.9012,0.0,-30042.25279999996,-0.2145875199999997,STOP_LOSS,3.0,12.0,7602.0,0.42483,NEU,
ead0e13c89f9f545,2025-01-02 09:00:00+00:00,2025-01-06 14:30:00+00:00,TSM,S03,5072,197.16,220.80920000000003,0.0,119948.74240000018,0.8567767314285726,TAKE_PROFIT,3.0,12.0,6090.0,0.3469888888888889,NEU,
6a8c5429b4f7b964,2025-01-02 09:38:00+00:00,2025-01-07 15:07:00+00:00,ORCL,S03,5955,167.91,162.8627,0.0,-30056.67150000004,-0.214690510714286,STOP_LOSS,3.0,12.0,7529.0,0.346,NEU,
49eb5684c4aa51ad,2025-01-02 09:21:00+00:00,2025-01-03 13:49:00+00:00,ADBE,S03,2233,447.82,434.3754,0.0,-30021.791799999955,-0.2144413699999997,STOP_LOSS,3.0,12.0,1708.0,0.4617,NEU,
2ede7fdd1dae8e9e,2025-01-02 14:30:00+00:00,2025-01-07 15:47:00+00:00,INTU,S03,1572,636.03,616.9390999999999,0.0,-30010.894800000053,-0.2143635342857147,STOP_LOSS,3.0,12.0,7277.0,0.3089,NEU,
3cf39b2b25242ad0,2025-01-03 00:00:00+00:00,2025-01-13 09:00:00+00:00,NVDA,S03,7250,137.9299,133.782003,0.0,-30072.25325,-0.2148018089285714,STOP_LOSS,3.0,12.0,14940.0,0.21545,NEU,
e7606973edb518a6,2025-01-03 00:02:00+00:00,2025-01-10 13:30:00+00:00,AVGO,S03,4316,231.65,224.6905,0.0,-30037.20199999996,-0.2145514428571425,STOP_LOSS,3.0,12.0,10888.0,0.27998,NEU,
8f6d48ebd226c42a,2025-01-03 00:07:00+00:00,2025-01-03 14:27:00+00:00,ADBE,S03,2268,440.76,427.5272,0.0,-30011.990399999995,-0.2143713599999999,STOP_LOSS,3.0,12.0,860.0,0.36422,NEU,
cb4820ea735d8f7c,2025-01-04 00:00:00+00:00,2025-01-07 15:42:00+00:00,NVDA,S03,6900,144.91,140.55270000000002,0.0,-30065.369999999868,-0.2147526428571419,STOP_LOSS,3.0,12.0,5262.0,0.2487299999999999,NEU,
c08a9496911a374a,2025-01-04 00:01:00+00:00,2025-01-10 13:30:00+00:00,AVGO,S03,4318,231.55,224.5935,0.0,-30038.167000000023,-0.2145583357142858,STOP_LOSS,3.0,12.0,9449.0,0.5477666666666666,NEU,
cc3173550a3819d6,2025-01-04 00:54:00+00:00,2025-01-07 20:35:00+00:00,ORCL,S03,6007,166.45999999999998,161.4562,0.0,-30057.826599999906,-0.2146987614285707,STOP_LOSS,3.0,12.0,5501.0,0.2671333333333333,NEU,
463ae4115bd69215,2025-01-04 00:01:00+00:00,2025-01-08 12:35:00+00:00,ADBE,S03,2321,430.68,417.7496,0.0,-30011.458400000047,-0.2143675600000003,STOP_LOSS,3.0,12.0,6514.0,0.2365399999999999,NEU,
f66c6211a8708db4,2025-01-04 00:26:00+00:00,2025-01-09 16:00:00,CSCO,S03,17012,58.78,59.190000000000005,0.0,6974.920000000063,0.0498208571428575,SENTIMENT_EOD_SELL,3.0,12.0,8134.0,0.2113499999999999,NEU,
3ad27dde82530d11,2025-01-02 09:04:00+00:00,2025-01-10 09:30:00,QCOM,S03,6475,154.42,158.23000000000002,0.0,24669.7500000002,0.1762125000000014,SENTIMENT_MORNING_SELL,3.0,12.0,11546.0,0.3394999999999999,NEU,
49dcd305220aedba,2025-01-03 00:00:00+00:00,2025-01-10 09:30:00,TSLA,S03,2622,381.26,415.19,0.0,88964.46000000002,0.6354604285714287,SENTIMENT_MORNING_SELL,3.0,12.0,10650.0,0.29534,NEU,
647e1c6ab9a9c201,2025-01-06 09:00:00+00:00,2025-01-10 15:06:00+00:00,AAPL,S03,4100,243.9,236.573,0.0,-30040.699999999993,-0.2145764285714285,STOP_LOSS,3.0,12.0,6126.0,0.4261199999999999,NEU,
9fba49bcb32353a1,2025-01-06 09:00:00+00:00,2025-01-08 11:33:00+00:00,AVGO,S03,4263,234.56,227.5132,0.0,-30040.50839999996,-0.2145750599999997,STOP_LOSS,3.0,12.0,3033.0,0.26281,NEU,
de5adab85a48b848,2025-01-06 09:00:00+00:00,2025-01-06 19:00:00+00:00,TSLA,S03,2408,415.21,402.7437,0.0,-30018.850399999978,-0.2144203599999997,STOP_LOSS,3.0,12.0,600.0,0.3354222222222222,NEU,
245e5d9031c3e3c3,2025-01-06 09:03:00+00:00,2025-01-07 19:39:00+00:00,ORCL,S03,5984,167.09,162.06730000000002,0.0,-30055.836799999917,-0.2146845485714279,STOP_LOSS,3.0,12.0,2076.0,0.3208,NEU,
e51e12ba503d2316,2025-01-06 09:00:00+00:00,2025-01-08 12:24:00+00:00,ADBE,S03,2320,430.91,417.9727,0.0,-30014.535999999986,-0.2143895428571427,STOP_LOSS,3.0,12.0,3084.0,0.2456333333333333,NEU,
a7fb204969e6851c,2025-01-06 12:23:00+00:00,2025-01-07 20:21:00+00:00,INTU,S03,1582,632.01,613.0397,0.0,-30011.01459999992,-0.2143643899999994,STOP_LOSS,3.0,12.0,1918.0,0.5129333333333334,NEU,
aa30ee626ec44824,2025-01-06 09:11:00+00:00,2025-01-10 16:00:00,CSCO,S03,16963,58.95,58.8092,0.0,-2388.3903999998574,-0.0170599314285704,SENTIMENT_EOD_SELL,3.0,12.0,6169.0,0.63775,NEU,
63beeb8af4c824c2,2025-01-04 00:00:00+00:00,2025-01-13 09:30:00,META,S03,1655,604.11,617.99,0.0,22971.39999999999,0.1640814285714285,SENTIMENT_MORNING_SELL,3.0,12.0,13530.0,0.38292,NEU,
56cbf9e81d0b5ae2,2025-01-08 00:00:00+00:00,2025-01-10 13:30:00+00:00,NVDA,S03,7068,141.48,137.2256,0.0,-30070.09920000003,-0.214786422857143,STOP_LOSS,3.0,12.0,3690.0,0.23359,NEU,
0871989abb821c6c,2025-01-08 00:00:00+00:00,2025-01-10 15:10:00+00:00,TSLA,S03,2534,394.51,382.6647,0.0,-30015.990200000026,-0.2143999300000001,STOP_LOSS,3.0,12.0,3790.0,0.2438499999999999,NEU,
d2aef1f6d40f36e4,2025-01-08 00:15:00+00:00,2025-01-10 14:38:00+00:00,ORCL,S03,6176,161.89999999999998,157.033,0.0,-30058.59199999994,-0.2147042285714281,STOP_LOSS,3.0,12.0,3743.0,0.30224,NEU,
b1eb8191d729ead2,2025-01-08 00:03:00+00:00,2025-01-10 15:08:00+00:00,ADBE,S03,2375,421.01,408.3697,0.0,-30020.71250000006,-0.2144336607142861,STOP_LOSS,3.0,12.0,3785.0,0.4220333333333333,NEU,
28a5f392d89c1544,2025-01-02 09:00:00+00:00,2025-01-13 16:00:00,AMZN,S03,4536,220.45,219.26,0.0,-5397.839999999861,-0.038555999999999,SENTIMENT_EOD_SELL,3.0,12.0,16260.0,0.3823,NEU,
90ade393b8c8e8cb,2025-01-03 00:03:00+00:00,2025-01-14 09:30:00,GOOGL,S03,5295,188.85,193.57,0.0,24992.400000000143,0.1785171428571438,SENTIMENT_MORNING_SELL,3.0,12.0,16407.0,0.33706,NEU,
f0799aac8fb62e24,2025-01-03 00:26:00+00:00,2025-01-14 09:30:00,TSM,S03,4956,201.77,206.8991,0.0,25419.81960000011,0.1815701400000008,SENTIMENT_MORNING_SELL,3.0,12.0,16384.0,0.514,NEU,
9e2ea73a0a7f9f5b,2025-01-09 00:00:00+00:00,2025-01-10 15:08:00+00:00,NVDA,S03,7225,138.39999999999998,134.23799999999997,0.0,-30070.450000000044,-0.2147889285714289,STOP_LOSS,3.0,12.0,2348.0,0.27538,NEU,
ac154f33e06c36c0,2025-01-09 00:00:00+00:00,2025-01-10 15:09:00+00:00,AVGO,S03,4379,228.36,221.4992,0.0,-30043.44319999993,-0.2145960228571423,STOP_LOSS,3.0,12.0,2349.0,0.3892333333333333,NEU,
948d62c8e4a7331e,2025-01-09 00:06:00+00:00,2025-01-13 09:35:00+00:00,TSM,S03,4832,206.9191,200.701527,0.0,-30043.312735999934,-0.2145950909714281,STOP_LOSS,3.0,12.0,6329.0,0.5329666666666667,NEU,
253649c65816da93,2025-01-09 00:00:00+00:00,2025-01-10 15:10:00+00:00,TSLA,S03,2539,393.81,381.9857,0.0,-30021.897699999983,-0.2144421264285713,STOP_LOSS,3.0,12.0,2350.0,0.25189,NEU,
0be08c998fc2c2c3,2025-01-10 14:25:00+00:00,2025-01-17 17:02:00+00:00,INTU,S03,1625,615.03,596.5690999999999,0.0,-29998.96250000006,-0.214278303571429,STOP_LOSS,3.0,12.0,10237.0,0.6808,NEU,
e7e5278340b17f61,2025-01-09 00:02:00+00:00,2025-01-13 09:16:00+00:00,QCOM,S03,6296,158.82999999999998,154.05509999999998,0.0,-30062.770400000016,-0.2147340742857144,STOP_LOSS,3.0,12.0,6314.0,0.5813,NEU,
c77096974646962d,2025-01-03 00:06:00+00:00,2025-01-14 16:00:00,MSFT,S03,2389,418.43,415.99,0.0,-5829.159999999994,-0.0416368571428571,SENTIMENT_EOD_SELL,3.0,12.0,16794.0,0.4357499999999999,NEU,
af60fa07177837dd,2025-01-10 09:00:00+00:00,2025-01-10 14:38:00+00:00,NVDA,S03,7193,139.01,134.8297,0.0,-30068.897899999916,-0.2147778421428565,STOP_LOSS,3.0,12.0,338.0,0.39033,NEU,
8b6275665e5e2dfd,2025-01-10 09:00:00+00:00,2025-01-13 09:00:00+00:00,AVGO,S03,4392,227.68,220.8396,0.0,-30043.036799999947,-0.2145931199999996,STOP_LOSS,3.0,12.0,4320.0,0.4066285714285714,NEU,
76f84cae675653f3,2025-01-09 00:38:00+00:00,2025-01-15 16:00:00,CSCO,S03,16934,59.05,60.07,0.0,17272.68000000005,0.123376285714286,SENTIMENT_EOD_SELL,3.0,12.0,9562.0,0.4253,NEU,
db4d910ec8399093,2025-01-11 00:04:00+00:00,2025-01-13 09:44:00+00:00,AVGO,S03,4474,223.49,216.7753,0.0,-30041.56779999997,-0.2145826271428569,STOP_LOSS,3.0,12.0,3460.0,0.2857833333333333,NEU,
206a08053e1f3c73,2025-01-11 00:13:00+00:00,2025-01-13 09:26:00+00:00,TSM,S03,4793,208.6286,202.359742,0.0,-30046.636393999972,-0.2146188313857141,STOP_LOSS,3.0,12.0,3433.0,0.2226624999999999,NEU,
cf406e97d8a973a2,2025-01-13 13:13:00+00:00,2025-01-17 16:01:00+00:00,INTU,S03,1611,620.41,601.7877,0.0,-30000.52529999999,-0.2142894664285713,STOP_LOSS,3.0,12.0,5928.0,0.3818,NEU,
9fdf246217f0d3da,2025-01-11 00:13:00+00:00,2025-01-17 09:30:00,ADBE,S03,2464,405.84,404.99,0.0,-2094.399999999916,-0.0149599999999993,SENTIMENT_MORNING_SELL,3.0,12.0,9197.0,0.603,NEU,
848ce59eaf89c9f2,2025-01-13 09:00:00+00:00,2025-01-13 14:24:00+00:00,NVDA,S03,7506,133.20999999999998,129.2037,0.0,-30071.287799999864,-0.2147949128571419,STOP_LOSS,3.0,12.0,324.0,0.2448,NEU,
7622944bbe873a1d,2025-01-13 09:00:00+00:00,2025-01-17 15:13:00+00:00,TSLA,S03,2591,385.91,432.2092,0.0,119961.22720000012,0.8568659085714294,TAKE_PROFIT,3.0,12.0,6133.0,0.4012166666666666,NEU,
7c3fc55404350824,2025-01-09 00:00:00+00:00,2025-01-17 16:00:00,AMZN,S03,4509,221.7565,226.29,0.0,20441.551500000143,0.1460110821428581,SENTIMENT_EOD_SELL,3.0,12.0,12480.0,0.34605,NEU,
015c1a2d4ce04a1c,2025-01-11 00:33:00+00:00,2025-01-17 23:58:00+00:00,MSFT,S03,2386,419.01,429.79,0.0,25721.08000000007,0.1837220000000005,BACKTEST_END,3.0,12.0,10045.0,0.22202,NEU,
932822681952ac4b,2025-01-11 00:34:00+00:00,2025-01-18 00:00:00+00:00,QCOM,S03,6361,157.20499999999998,164.55,0.0,46721.54500000017,0.3337253214285727,BACKTEST_END,3.0,12.0,10046.0,0.4729,NEU,
6089024adf7867f0,2025-01-02 09:00:00+00:00,2025-01-02 17:26:00+00:00,AAPL,S04,3978,251.37,243.8189,0.0,-30038.275799999963,-0.2145591128571425,STOP_LOSS,3.0,20.0,506.0,0.20869,NEU,
a100bcf8b7df8068,2025-01-02 09:00:00+00:00,2025-01-07 15:42:00+00:00,AVGO,S04,4256,234.96,227.9012,0.0,-30042.25279999996,-0.2145875199999997,STOP_LOSS,3.0,20.0,7602.0,0.42483,NEU,
5794354a94439f46,2025-01-02 09:38:00+00:00,2025-01-07 15:07:00+00:00,ORCL,S04,5955,167.91,162.8627,0.0,-30056.67150000004,-0.214690510714286,STOP_LOSS,3.0,20.0,7529.0,0.346,NEU,
17c0908c2366edc5,2025-01-02 09:21:00+00:00,2025-01-03 13:49:00+00:00,ADBE,S04,2233,447.82,434.3754,0.0,-30021.791799999955,-0.2144413699999997,STOP_LOSS,3.0,20.0,1708.0,0.4617,NEU,
dccebf5f717ecafd,2025-01-02 14:30:00+00:00,2025-01-07 15:47:00+00:00,INTU,S04,1572,636.03,616.9390999999999,0.0,-30010.894800000053,-0.2143635342857147,STOP_LOSS,3.0,20.0,7277.0,0.3089,NEU,
36b1d78f0f862cbc,2025-01-03 00:02:00+00:00,2025-01-10 13:30:00+00:00,AVGO,S04,4316,231.65,224.6905,0.0,-30037.20199999996,-0.2145514428571425,STOP_LOSS,3.0,20.0,10888.0,0.27998,NEU,
a7656f20a30baee8,2025-01-03 00:07:00+00:00,2025-01-03 14:27:00+00:00,ADBE,S04,2268,440.76,427.5272,0.0,-30011.990399999995,-0.2143713599999999,STOP_LOSS,3.0,20.0,860.0,0.36422,NEU,
93522a73bdf25836,2025-01-04 00:01:00+00:00,2025-01-10 13:30:00+00:00,AVGO,S04,4318,231.55,224.5935,0.0,-30038.167000000023,-0.2145583357142858,STOP_LOSS,3.0,20.0,9449.0,0.5477666666666666,NEU,
27e9cfaba7de8419,2025-01-04 00:54:00+00:00,2025-01-07 20:35:00+00:00,ORCL,S04,6007,166.45999999999998,161.4562,0.0,-30057.826599999906,-0.2146987614285707,STOP_LOSS,3.0,20.0,5501.0,0.2671333333333333,NEU,
2082c3b57dc8d641,2025-01-04 00:01:00+00:00,2025-01-08 12:35:00+00:00,ADBE,S04,2321,430.68,417.7496,0.0,-30011.458400000047,-0.2143675600000003,STOP_LOSS,3.0,20.0,6514.0,0.2365399999999999,NEU,
fbe5e7680640e182,2025-01-04 00:26:00+00:00,2025-01-09 16:00:00,CSCO,S04,17012,58.78,59.190000000000005,0.0,6974.920000000063,0.0498208571428575,SENTIMENT_EOD_SELL,3.0,20.0,8134.0,0.2113499999999999,NEU,
280d6a675398bb8e,2025-01-02 09:04:00+00:00,2025-01-10 09:30:00,QCOM,S04,6475,154.42,158.23000000000002,0.0,24669.7500000002,0.1762125000000014,SENTIMENT_MORNING_SELL,3.0,20.0,11546.0,0.3394999999999999,NEU,
5687b9fca1679bfe,2025-01-03 00:00:00+00:00,2025-01-10 09:30:00,TSLA,S04,2622,381.26,415.19,0.0,88964.46000000002,0.6354604285714287,SENTIMENT_MORNING_SELL,3.0,20.0,10650.0,0.29534,NEU,
9f46498f9ce5a7f8,2025-01-06 09:00:00+00:00,2025-01-10 15:06:00+00:00,AAPL,S04,4100,243.9,236.573,0.0,-30040.699999999993,-0.2145764285714285,STOP_LOSS,3.0,20.0,6126.0,0.4261199999999999,NEU,
f65fc4d4c2faa6f5,2025-01-06 09:00:00+00:00,2025-01-08 11:33:00+00:00,AVGO,S04,4263,234.56,227.5132,0.0,-30040.50839999996,-0.2145750599999997,STOP_LOSS,3.0,20.0,3033.0,0.26281,NEU,
360c8c9f3f5b7cc1,2025-01-06 09:00:00+00:00,2025-01-06 19:00:00+00:00,TSLA,S04,2408,415.21,402.7437,0.0,-30018.850399999978,-0.2144203599999997,STOP_LOSS,3.0,20.0,600.0,0.3354222222222222,NEU,
d6fa891455ae67f0,2025-01-06 09:03:00+00:00,2025-01-07 19:39:00+00:00,ORCL,S04,5984,167.09,162.06730000000002,0.0,-30055.836799999917,-0.2146845485714279,STOP_LOSS,3.0,20.0,2076.0,0.3208,NEU,
46a7f8cd45fbba0b,2025-01-06 09:00:00+00:00,2025-01-08 12:24:00+00:00,ADBE,S04,2320,430.91,417.9727,0.0,-30014.535999999986,-0.2143895428571427,STOP_LOSS,3.0,20.0,3084.0,0.2456333333333333,NEU,
17870c8e94987ca3,2025-01-06 12:23:00+00:00,2025-01-07 20:21:00+00:00,INTU,S04,1582,632.01,613.0397,0.0,-30011.01459999992,-0.2143643899999994,STOP_LOSS,3.0,20.0,1918.0,0.5129333333333334,NEU,
7a2ebc521f4263ae,2025-01-06 09:11:00+00:00,2025-01-10 16:00:00,CSCO,S04,16963,58.95,58.8092,0.0,-2388.3903999998574,-0.0170599314285704,SENTIMENT_EOD_SELL,3.0,20.0,6169.0,0.63775,NEU,
69e7a9bf38f89916,2025-01-04 00:00:00+00:00,2025-01-13 09:30:00,META,S04,1655,604.11,617.99,0.0,22971.39999999999,0.1640814285714285,SENTIMENT_MORNING_SELL,3.0,20.0,13530.0,0.38292,NEU,
a54f036ea877099c,2025-01-08 00:00:00+00:00,2025-01-10 15:10:00+00:00,TSLA,S04,2534,394.51,382.6647,0.0,-30015.990200000026,-0.2143999300000001,STOP_LOSS,3.0,20.0,3790.0,0.2438499999999999,NEU,
85e2629aa3c2fc3b,2025-01-08 00:15:00+00:00,2025-01-10 14:38:00+00:00,ORCL,S04,6176,161.89999999999998,157.033,0.0,-30058.59199999994,-0.2147042285714281,STOP_LOSS,3.0,20.0,3743.0,0.30224,NEU,
cc617496459a614a,2025-01-08 00:03:00+00:00,2025-01-10 15:08:00+00:00,ADBE,S04,2375,421.01,408.3697,0.0,-30020.71250000006,-0.2144336607142861,STOP_LOSS,3.0,20.0,3785.0,0.4220333333333333,NEU,
674ae5cc0dcfc944,2025-01-02 09:00:00+00:00,2025-01-13 16:00:00,NVDA,S04,7521,132.95999999999998,135.1217,0.0,16258.145700000185,0.1161296121428584,SENTIMENT_EOD_SELL,3.0,20.0,16260.0,0.3014199999999999,NEU,
e9863738cca654a0,2025-01-02 09:00:00+00:00,2025-01-13 16:00:00,AMZN,S04,4536,220.45,219.26,0.0,-5397.839999999861,-0.038555999999999,SENTIMENT_EOD_SELL,3.0,20.0,16260.0,0.3823,NEU,
59e471c78fcb596b,2025-01-02 09:00:00+00:00,2025-01-14 09:30:00,TSM,S04,5072,197.16,206.8991,0.0,49396.715200000035,0.3528336800000002,SENTIMENT_MORNING_SELL,3.0,20.0,17310.0,0.3469888888888889,NEU,
a48a70deba493c39,2025-01-03 00:03:00+00:00,2025-01-14 09:30:00,GOOGL,S04,5295,188.85,193.57,0.0,24992.400000000143,0.1785171428571438,SENTIMENT_MORNING_SELL,3.0,20.0,16407.0,0.33706,NEU,
5553676ee1e45709,2025-01-09 00:00:00+00:00,2025-01-10 15:08:00+00:00,NVDA,S04,7225,138.39999999999998,134.23799999999997,0.0,-30070.450000000044,-0.2147889285714289,STOP_LOSS,3.0,20.0,2348.0,0.27538,NEU,
e491c3ef8c5b5591,2025-01-09 00:00:00+00:00,2025-01-10 15:09:00+00:00,AVGO,S04,4379,228.36,221.4992,0.0,-30043.44319999993,-0.2145960228571423,STOP_LOSS,3.0,20.0,2349.0,0.3892333333333333,NEU,
d8db5a27392ad094,2025-01-09 00:06:00+00:00,2025-01-13 09:35:00+00:00,TSM,S04,4832,206.9191,200.701527,0.0,-30043.312735999934,-0.2145950909714281,STOP_LOSS,3.0,20.0,6329.0,0.5329666666666667,NEU,
d5f4fdbf7d4c31c3,2025-01-09 00:00:00+00:00,2025-01-10 15:10:00+00:00,TSLA,S04,2539,393.81,381.9857,0.0,-30021.897699999983,-0.2144421264285713,STOP_LOSS,3.0,20.0,2350.0,0.25189,NEU,
40d7c09800de08f4,2025-01-10 14:25:00+00:00,2025-01-17 17:02:00+00:00,INTU,S04,1625,615.03,596.5690999999999,0.0,-29998.96250000006,-0.214278303571429,STOP_LOSS,3.0,20.0,10237.0,0.6808,NEU,
8736d3f8c7a07caa,2025-01-09 00:02:00+00:00,2025-01-13 09:16:00+00:00,QCOM,S04,6296,158.82999999999998,154.05509999999998,0.0,-30062.770400000016,-0.2147340742857144,STOP_LOSS,3.0,20.0,6314.0,0.5813,NEU,
8fdaf467b67ac2a4,2025-01-03 00:06:00+00:00,2025-01-14 16:00:00,MSFT,S04,2389,418.43,415.99,0.0,-5829.159999999994,-0.0416368571428571,SENTIMENT_EOD_SELL,3.0,20.0,16794.0,0.4357499999999999,NEU,
2c1260b2d41fe541,2025-01-10 09:00:00+00:00,2025-01-10 14:38:00+00:00,NVDA,S04,7193,139.01,134.8297,0.0,-30068.897899999916,-0.2147778421428565,STOP_LOSS,3.0,20.0,338.0,0.39033,NEU,
0958c7d7a589c223,2025-01-10 09:00:00+00:00,2025-01-13 09:00:00+00:00,AVGO,S04,4392,227.68,220.8396,0.0,-30043.036799999947,-0.2145931199999996,STOP_LOSS,3.0,20.0,4320.0,0.4066285714285714,NEU,
bb72fba687ef537e,2025-01-09 00:38:00+00:00,2025-01-15 16:00:00,CSCO,S04,16934,59.05,60.07,0.0,17272.68000000005,0.123376285714286,SENTIMENT_EOD_SELL,3.0,20.0,9562.0,0.4253,NEU,
7c442a2223e9b348,2025-01-11 00:04:00+00:00,2025-01-13 09:44:00+00:00,AVGO,S04,4474,223.49,216.7753,0.0,-30041.56779999997,-0.2145826271428569,STOP_LOSS,3.0,20.0,3460.0,0.2857833333333333,NEU,
8a80b0a05b33549b,2025-01-11 00:13:00+00:00,2025-01-13 09:26:00+00:00,TSM,S04,4793,208.6286,202.359742,0.0,-30046.636393999972,-0.2146188313857141,STOP_LOSS,3.0,20.0,3433.0,0.2226624999999999,NEU,
19920ceffd73fe2d,2025-01-13 13:13:00+00:00,2025-01-17 16:01:00+00:00,INTU,S04,1611,620.41,601.7877,0.0,-30000.52529999999,-0.2142894664285713,STOP_LOSS,3.0,20.0,5928.0,0.3818,NEU,
ddcd6648bf66972e,2025-01-11 00:13:00+00:00,2025-01-17 09:30:00,ADBE,S04,2464,405.84,404.99,0.0,-2094.399999999916,-0.0149599999999993,SENTIMENT_MORNING_SELL,3.0,20.0,9197.0,0.603,NEU,
806b8af3c754e317,2025-01-13 09:00:00+00:00,2025-01-13 14:24:00+00:00,NVDA,S04,7506,133.20999999999998,129.2037,0.0,-30071.287799999864,-0.2147949128571419,STOP_LOSS,3.0,20.0,324.0,0.2448,NEU,
0d9efac1f8626942,2025-01-09 00:00:00+00:00,2025-01-17 16:00:00,AMZN,S04,4509,221.7565,226.29,0.0,20441.551500000143,0.1460110821428581,SENTIMENT_EOD_SELL,3.0,20.0,12480.0,0.34605,NEU,
976600798423435c,2025-01-13 09:00:00+00:00,2025-01-17 16:00:00,TSLA,S04,2591,385.91,427.69,0.0,108251.98000000008,0.7732284285714291,SENTIMENT_EOD_SELL,3.0,20.0,6180.0,0.4012166666666666,NEU,
58c2df3ab3b1171d,2025-01-11 00:33:00+00:00,2025-01-17 23:58:00+00:00,MSFT,S04,2386,419.01,429.79,0.0,25721.08000000007,0.1837220000000005,BACKTEST_END,3.0,20.0,10045.0,0.22202,NEU,
c6f500ebf99d4002,2025-01-11 00:34:00+00:00,2025-01-18 00:00:00+00:00,QCOM,S04,6361,157.20499999999998,164.55,0.0,46721.54500000017,0.3337253214285727,BACKTEST_END,3.0,20.0,10046.0,0.4729,NEU,
6130b497459c2daf,2025-01-02 09:00:00+00:00,2025-01-03 13:34:00+00:00,NVDA,S05,7521,132.95999999999998,139.59799999999998,0.0,49924.39800000004,0.3566028428571431,TAKE_PROFIT,5.0,5.0,1714.0,0.3014199999999999,NEU,
fceef56178f00df3,2025-01-02 09:00:00+00:00,2025-01-10 14:31:00+00:00,AAPL,S05,3978,251.37,238.7915,0.0,-50037.272999999965,-0.3574090928571426,STOP_LOSS,5.0,5.0,11851.0,0.20869,NEU,
c277378ba6799e37,2025-01-02 09:00:00+00:00,2025-01-07 14:48:00+00:00,GOOGL,S05,5262,190.01,199.5005,0.0,49939.01100000014,0.3567072214285724,TAKE_PROFIT,5.0,5.0,7548.0,0.12491,NEU,
759579eb4f3245d3,2025-01-02 09:00:00+00:00,2025-01-10 15:04:00+00:00,AVGO,S05,4256,234.96,223.20199999999997,0.0,-50042.04800000004,-0.3574432000000003,STOP_LOSS,5.0,5.0,11884.0,0.42483,NEU,
db5ae09f0c95e1ac,2025-01-02 09:00:00+00:00,2025-01-03 16:26:00+00:00,TSM,S05,5072,197.16,207.008,0.0,49949.05600000007,0.3567789714285719,TAKE_PROFIT,5.0,5.0,1886.0,0.3469888888888889,NEU,
697026aaf5e658d2,2025-01-02 09:00:00+00:00,2025-01-02 14:03:00+00:00,TSLA,S05,2450,408.01,387.5995,0.0,-50005.725000000035,-0.3571837500000002,STOP_LOSS,5.0,5.0,303.0,0.18336,NEU,
2c9812728b7cbcb8,2025-01-02 09:38:00+00:00,2025-01-10 14:21:00+00:00,ORCL,S05,5955,167.91,159.5045,0.0,-50054.75249999994,-0.3575339464285709,STOP_LOSS,5.0,5.0,11803.0,0.346,NEU,
e8964d4a27a31679,2025-01-02 09:21:00+00:00,2025-01-03 14:30:00+00:00,ADBE,S05,2233,447.82,425.419,0.0,-50021.43300000003,-0.3572959500000002,STOP_LOSS,5.0,5.0,1749.0,0.4617,NEU,
e41fb60a2218e155,2025-01-02 09:04:00+00:00,2025-01-06 14:41:00+00:00,QCOM,S05,6475,154.42,162.131,0.0,49928.725000000086,0.3566337500000006,TAKE_PROFIT,5.0,5.0,6097.0,0.3394999999999999,NEU,
4422e2e1983084ae,2025-01-02 09:00:00+00:00,2025-01-07 16:00:00,AMZN,S05,4536,220.45,222.36,0.0,8663.760000000113,0.0618840000000008,SENTIMENT_EOD_SELL,5.0,5.0,7620.0,0.3823,NEU,
fbfda67d75fdd984,2025-01-02 14:30:00+00:00,2025-01-07 16:00:00,INTU,S05,1572,636.03,615.42,0.0,-32398.92000000002,-0.2314208571428572,SENTIMENT_EOD_SELL,5.0,5.0,7290.0,0.3089,NEU,
b3b645b165ef31b5,2025-01-03 00:00:00+00:00,2025-01-03 18:35:00+00:00,NVDA,S05,7250,137.9299,144.81639500000003,0.0,49927.08875000018,0.3566220625000013,TAKE_PROFIT,5.0,5.0,1115.0,0.21545,NEU,
f3815757220d248a,2025-01-03 00:04:00+00:00,2025-01-13 14:36:00+00:00,AAPL,S05,4110,243.25,231.0775,0.0,-50028.97500000006,-0.3573498214285718,STOP_LOSS,5.0,5.0,15272.0,0.13585,NEU,
5232971333994ff6,2025-01-03 00:03:00+00:00,2025-01-07 14:30:00+00:00,GOOGL,S05,5295,188.85,198.2825,0.0,49945.08750000002,0.3567506250000002,TAKE_PROFIT,5.0,5.0,6627.0,0.33706,NEU,
51ffc15de629d236,2025-01-03 00:00:00+00:00,2025-01-06 20:50:00+00:00,META,S05,1672,598.01,627.9005000000001,0.0,49976.91600000015,0.3569779714285725,TAKE_PROFIT,5.0,5.0,5570.0,0.11423,NEU,
e938e394097c1333,2025-01-03 00:02:00+00:00,2025-01-13 09:00:00+00:00,AVGO,S05,4316,231.65,220.0575,0.0,-50033.23,-0.3573802142857143,STOP_LOSS,5.0,5.0,14938.0,0.27998,NEU,
e75d7573e0c33323,2025-01-03 00:26:00+00:00,2025-01-06 09:00:00+00:00,TSM,S05,4956,201.77,211.8485,0.0,49949.0460000001,0.3567789000000007,TAKE_PROFIT,5.0,5.0,4834.0,0.514,NEU,
6427fafcfd52fefd,2025-01-03 00:00:00+00:00,2025-01-03 18:36:00+00:00,TSLA,S05,2622,381.26,400.313,0.0,49956.96599999999,0.3568354714285713,TAKE_PROFIT,5.0,5.0,1116.0,0.29534,NEU,
48adc2c80536e0f3,2025-01-03 00:07:00+00:00,2025-01-08 12:19:00+00:00,ADBE,S05,2268,440.76,418.712,0.0,-50004.864,-0.3571776,STOP_LOSS,5.0,5.0,7932.0,0.36422,NEU,
fb1bfa6b1cb1a9c8,2025-01-03 00:07:00+00:00,2025-01-06 14:36:00+00:00,QCOM,S05,6511,153.57,161.23850000000002,0.0,49929.60350000015,0.3566400250000011,TAKE_PROFIT,5.0,5.0,5189.0,0.3575,NEU,
9d64a71b69a955cf,2025-01-04 00:00:00+00:00,2025-01-06 16:15:00+00:00,NVDA,S05,6900,144.91,152.1455,0.0,49924.95000000001,0.3566067857142858,TAKE_PROFIT,5.0,5.0,3855.0,0.2487299999999999,NEU,
bd2efd1c00238162,2025-01-04 00:00:00+00:00,2025-01-06 21:08:00+00:00,META,S05,1655,604.11,634.3055,0.0,49973.55250000006,0.3569539464285718,TAKE_PROFIT,5.0,5.0,4148.0,0.38292,NEU,
73515be5bf3f9f6b,2025-01-04 00:01:00+00:00,2025-01-13 09:01:00+00:00,AVGO,S05,4318,231.55,219.9625,0.0,-50034.825000000026,-0.3573916071428573,STOP_LOSS,5.0,5.0,13500.0,0.5477666666666666,NEU,
60f478e718e88196,2025-01-04 00:06:00+00:00,2025-01-06 11:18:00+00:00,TSM,S05,4807,207.99,218.3795,0.0,49942.32650000013,0.3567309035714294,TAKE_PROFIT,5.0,5.0,3552.0,0.5411166666666666,NEU,
267dc46c18ec306e,2025-01-04 00:54:00+00:00,2025-01-10 14:35:00+00:00,ORCL,S05,6007,166.45999999999998,158.12699999999998,0.0,-50056.33099999999,-0.3575452214285713,STOP_LOSS,5.0,5.0,9461.0,0.2671333333333333,NEU,
e6b5ef4051ae30c8,2025-01-04 00:01:00+00:00,2025-01-10 14:28:00+00:00,ADBE,S05,2321,430.68,409.136,0.0,-50003.62399999996,-0.3571687428571425,STOP_LOSS,5.0,5.0,9507.0,0.2365399999999999,NEU,
2bdc61c0a8df9a08,2025-01-04 00:26:00+00:00,2025-01-09 16:00:00,CSCO,S05,17012,58.78,59.190000000000005,0.0,6974.920000000063,0.0498208571428575,SENTIMENT_EOD_SELL,5.0,5.0,8134.0,0.2113499999999999,NEU,
481f700deee2908a,2025-01-04 00:18:00+00:00,2025-01-10 09:30:00,QCOM,S05,6331,157.92999999999998,158.23000000000002,0.0,1899.300000000252,0.0135664285714303,SENTIMENT_MORNING_SELL,5.0,5.0,9192.0,0.22765,NEU,
679dc90869f8d342,2025-01-06 09:00:00+00:00,2025-01-07 12:11:00+00:00,NVDA,S05,6848,146.01,153.3005,0.0,49925.344000000056,0.3566096000000003,TAKE_PROFIT,5.0,5.0,1631.0,0.19492,NEU,
016a34dc3843a9e8,2025-01-06 09:00:00+00:00,2025-01-13 14:31:00+00:00,AAPL,S05,4100,243.9,231.69499999999996,0.0,-50040.50000000005,-0.3574321428571432,STOP_LOSS,5.0,5.0,10411.0,0.4261199999999999,NEU,
c08cbcf74de4102b,2025-01-06 09:01:00+00:00,2025-01-06 21:10:00+00:00,META,S05,1652,605.3199999999999,635.576,0.0,49982.91200000014,0.357020800000001,TAKE_PROFIT,5.0,5.0,729.0,0.17253,NEU,
c7488a661aeaf23d,2025-01-06 09:00:00+00:00,2025-01-10 15:04:00+00:00,AVGO,S05,4263,234.56,222.822,0.0,-50039.094,-0.3574220999999999,STOP_LOSS,5.0,5.0,6124.0,0.26281,NEU,
5dc68bc2b92e5916,2025-01-06 09:00:00+00:00,2025-01-13 09:26:00+00:00,TSM,S05,4696,212.91,202.2545,0.0,-50038.22799999995,-0.3574159142857139,STOP_LOSS,5.0,5.0,10106.0,0.11513,NEU,
4c02319806967a86,2025-01-06 09:00:00+00:00,2025-01-07 15:30:00+00:00,TSLA,S05,2408,415.21,394.4394999999999,0.0,-50015.36400000007,-0.3572526000000005,STOP_LOSS,5.0,5.0,1830.0,0.3354222222222222,NEU,
9a289807f3411a86,2025-01-06 09:03:00+00:00,2025-01-10 14:28:00+00:00,ORCL,S05,5984,167.09,158.7255,0.0,-50053.167999999954,-0.3575226285714282,STOP_LOSS,5.0,5.0,6085.0,0.3208,NEU,
bfa13dc9cb2046ae,2025-01-06 09:00:00+00:00,2025-01-10 14:28:00+00:00,ADBE,S05,2320,430.91,409.3545,0.0,-50008.75999999999,-0.3572054285714285,STOP_LOSS,5.0,5.0,6088.0,0.2456333333333333,NEU,
3967ca73b3482564,2025-01-06 12:23:00+00:00,2025-01-10 16:00:00,INTU,S05,1582,632.01,623.42,0.0,-13589.38000000005,-0.0970670000000003,SENTIMENT_EOD_SELL,5.0,5.0,5977.0,0.5129333333333334,NEU,
a38e697b11872b58,2025-01-02 09:00:00+00:00,2025-01-13 09:30:00,MSFT,S05,2355,424.51,423.13,0.0,-3249.899999999989,-0.0232135714285713,SENTIMENT_MORNING_SELL,5.0,5.0,15870.0,0.1790999999999999,NEU,
77422f3727fb8dea,2025-01-08 00:00:00+00:00,2025-01-10 15:01:00+00:00,NVDA,S05,7068,141.48,134.396,0.0,-50069.71200000002,-0.3576408000000001,STOP_LOSS,5.0,5.0,3781.0,0.23359,NEU,
bff83d25d43799a4,2025-01-08 00:00:00+00:00,2025-01-13 09:04:00+00:00,AVGO,S05,4361,229.26,217.787,0.0,-50033.753000000055,-0.3573839500000004,STOP_LOSS,5.0,5.0,7744.0,0.19122,NEU,
78596057b991fd26,2025-01-08 00:04:00+00:00,2025-01-13 09:33:00+00:00,TSM,S05,4708,212.36,201.732,0.0,-50036.62399999993,-0.3574044571428567,STOP_LOSS,5.0,5.0,7769.0,0.1916,NEU,
c2693826940a9d94,2025-01-08 00:00:00+00:00,2025-01-14 09:01:00+00:00,TSLA,S05,2534,394.51,414.2255,0.0,49959.07700000005,0.3568505500000004,TAKE_PROFIT,5.0,5.0,9181.0,0.2438499999999999,NEU,
a808b5518afdc79f,2025-01-08 00:15:00+00:00,2025-01-13 09:05:00+00:00,ORCL,S05,6176,161.89999999999998,153.795,0.0,-50056.47999999994,-0.3575462857142852,STOP_LOSS,5.0,5.0,7730.0,0.30224,NEU,
d74d1611ca4e3a9b,2025-01-08 00:03:00+00:00,2025-01-13 16:00:00,ADBE,S05,2375,421.01,410.1099,0.0,-25887.73750000002,-0.1849124107142858,SENTIMENT_EOD_SELL,5.0,5.0,8157.0,0.4220333333333333,NEU,
965fe736af10c47b,2025-01-09 00:00:00+00:00,2025-01-13 10:18:00+00:00,NVDA,S05,7225,138.39999999999998,131.46999999999997,0.0,-50069.25000000005,-0.3576375000000004,STOP_LOSS,5.0,5.0,6378.0,0.27538,NEU,
5d8fe54010244609,2025-01-09 00:00:00+00:00,2025-01-13 14:38:00+00:00,AAPL,S05,4126,242.32,230.194,0.0,-50031.87600000002,-0.357370542857143,STOP_LOSS,5.0,5.0,6638.0,0.15086,NEU,
ad74169eab55a135,2025-01-09 00:00:00+00:00,2025-01-13 09:43:00+00:00,AVGO,S05,4379,228.36,216.932,0.0,-50043.211999999985,-0.3574515142857142,STOP_LOSS,5.0,5.0,6343.0,0.3892333333333333,NEU,
34250327c1c88af4,2025-01-09 00:06:00+00:00,2025-01-16 09:00:00+00:00,TSM,S05,4832,206.9191,217.255055,0.0,49943.33456000006,0.3567381040000004,TAKE_PROFIT,5.0,5.0,10614.0,0.5329666666666667,NEU,
ab24bd7c0d402053,2025-01-09 00:00:00+00:00,2025-01-14 09:00:00+00:00,TSLA,S05,2539,393.81,413.49050000000005,0.0,49968.78950000013,0.3569199250000009,TAKE_PROFIT,5.0,5.0,7740.0,0.25189,NEU,
68017d41c4b2faa6,2025-01-09 00:38:00+00:00,2025-01-15 09:30:00,CSCO,S05,16934,59.05,59.190000000000005,0.0,2370.76000000013,0.0169340000000009,SENTIMENT_MORNING_SELL,5.0,5.0,9172.0,0.4253,NEU,
015f647953dd68c2,2025-01-10 09:00:00+00:00,2025-01-13 09:16:00+00:00,NVDA,S05,7193,139.01,132.0495,0.0,-50066.87649999997,-0.3576205464285712,STOP_LOSS,5.0,5.0,4336.0,0.39033,NEU,
14933d9402766817,2025-01-10 09:00:00+00:00,2025-01-13 14:34:00+00:00,AAPL,S05,4107,243.45,231.2675,0.0,-50033.52750000002,-0.3573823392857144,STOP_LOSS,5.0,5.0,4654.0,0.14652,NEU,
d73fc8151a1dbb5e,2025-01-10 09:00:00+00:00,2025-01-13 09:53:00+00:00,AVGO,S05,4392,227.68,216.28599999999997,0.0,-50042.448000000026,-0.3574460571428573,STOP_LOSS,5.0,5.0,4373.0,0.4066285714285714,NEU,
05f739671d1f2548,2025-01-10 09:00:00+00:00,2025-01-14 13:33:00+00:00,TSLA,S05,2527,395.66,415.433,0.0,49966.371000000065,0.3569026500000005,TAKE_PROFIT,5.0,5.0,6033.0,0.13952,NEU,
771b3322e771470b,2025-01-10 09:00:00+00:00,2025-01-15 16:00:00,CSCO,S05,16889,59.21,60.07,0.0,14524.53999999999,0.1037467142857142,SENTIMENT_EOD_SELL,5.0,5.0,7620.0,0.43445,NEU,
e15b52d9db0a1245,2025-01-03 00:00:00+00:00,2025-01-21 14:35:00+00:00,AMZN,S05,4546,219.95,230.9375,0.0,49949.175000000054,1.325484910714287,TAKE_PROFIT,5.0,5.0,26795.0,0.42433,NEU,
18e7b5af0f6154e3,2025-01-04 00:02:00+00:00,2025-01-21 14:31:00+00:00,GOOGL,S05,5211,191.8695,201.452975,0.0,49939.48822500011,0.3111891239285721,TAKE_PROFIT,5.0,5.0,25349.0,0.2469599999999999,NEU,
104d8cbc863f3c44,2025-01-11 00:00:00+00:00,2025-01-21 22:29:00+00:00,NVDA,S05,7363,135.81,142.59050000000002,0.0,49924.82150000013,0.3566058678571437,TAKE_PROFIT,5.0,5.0,15749.0,0.19964,NEU,
d731c4f25c09a6c7,2025-01-11 00:04:00+00:00,2025-01-16 09:00:00+00:00,AVGO,S05,4474,223.49,234.6545,0.0,49949.97300000002,0.3567855214285715,TAKE_PROFIT,5.0,5.0,7736.0,0.2857833333333333,NEU,
58cf00b2cbe2d55a,2025-01-11 00:13:00+00:00,2025-01-16 09:00:00+00:00,TSM,S05,4793,208.6286,219.05003,0.0,49949.913990000074,0.356785099928572,TAKE_PROFIT,5.0,5.0,7727.0,0.2226624999999999,NEU,
9ba55d20a1cef26c,2025-01-08 00:04:00+00:00,2025-01-22 16:56:00+00:00,MSFT,S05,2363,423.15,444.2975,0.0,49971.54250000008,0.2433473035714289,TAKE_PROFIT,5.0,5.0,21172.0,0.34174,NEU,
0e942a703ce45d05,2025-01-08 00:00:00+00:00,2025-01-22 14:30:00+00:00,QCOM,S05,6210,161.01,169.0505,0.0,49931.505000000056,0.1357121535714287,TAKE_PROFIT,5.0,5.0,21030.0,0.17575,NEU,
adba7d7afaeaf32a,2025-01-13 09:00:00+00:00,2025-01-16 09:00:00+00:00,NVDA,S05,7506,133.20999999999998,139.8605,0.0,49918.653000000166,0.3565618071428583,TAKE_PROFIT,5.0,5.0,4320.0,0.2448,NEU,
31daed56c6fdec5c,2025-01-13 09:00:00+00:00,2025-01-21 14:31:00+00:00,AAPL,S05,4255,235.01,223.2495,0.0,-50040.927500000034,-0.3574351964285717,STOP_LOSS,5.0,5.0,11851.0,0.1774,NEU,
cf27f6150d0ae736,2025-01-13 09:00:00+00:00,2025-01-21 10:26:00+00:00,AMZN,S05,4592,217.74,228.617,0.0,49947.184000000045,0.3567656000000003,TAKE_PROFIT,5.0,5.0,11606.0,0.2091299999999999,NEU,
7db6fecc0ae8aa98,2025-01-13 09:00:00+00:00,2025-01-21 14:30:00+00:00,GOOGL,S05,5241,190.8,200.33,0.0,49946.73000000016,0.3567623571428582,TAKE_PROFIT,5.0,5.0,11850.0,0.1972499999999999,NEU,
c15de0d1b060cad8,2025-01-13 09:00:00+00:00,2025-01-13 21:02:00+00:00,TSLA,S05,2591,385.91,405.1955,0.0,49968.730500000034,0.3569195035714288,TAKE_PROFIT,5.0,5.0,722.0,0.4012166666666666,NEU,
e3ccab13a373f7a4,2025-01-13 13:13:00+00:00,2025-01-17 22:18:00+00:00,INTU,S05,1611,620.41,601.0600000000001,0.0,-31172.849999999853,-0.2226632142857132,BACKTEST_END,5.0,5.0,6305.0,0.3818,NEU,
c3fb5e2a71713512,2025-01-02 09:00:00+00:00,2025-01-03 14:55:00+00:00,NVDA,S06,7521,132.95999999999998,143.58679999999998,0.0,79924.16280000002,0.5708868771428572,TAKE_PROFIT,5.0,8.0,1795.0,0.3014199999999999,NEU,
2ae3af4a57cebac2,2025-01-02 09:00:00+00:00,2025-01-10 14:31:00+00:00,AAPL,S06,3978,251.37,238.7915,0.0,-50037.272999999965,-0.3574090928571426,STOP_LOSS,5.0,8.0,11851.0,0.20869,NEU,
258e036792f44b99,2025-01-02 09:00:00+00:00,2025-01-10 15:04:00+00:00,AVGO,S06,4256,234.96,223.20199999999997,0.0,-50042.04800000004,-0.3574432000000003,STOP_LOSS,5.0,8.0,11884.0,0.42483,NEU,
5f60748c85b8ebfe,2025-01-02 09:00:00+00:00,2025-01-06 09:00:00+00:00,TSM,S06,5072,197.16,212.9228,0.0,79948.92160000013,0.5710637257142867,TAKE_PROFIT,5.0,8.0,5760.0,0.3469888888888889,NEU,
68535db92383d23e,2025-01-02 09:38:00+00:00,2025-01-10 14:21:00+00:00,ORCL,S06,5955,167.91,159.5045,0.0,-50054.75249999994,-0.3575339464285709,STOP_LOSS,5.0,8.0,11803.0,0.346,NEU,
6cd59be1045bd0c1,2025-01-02 09:21:00+00:00,2025-01-03 14:30:00+00:00,ADBE,S06,2233,447.82,425.419,0.0,-50021.43300000003,-0.3572959500000002,STOP_LOSS,5.0,8.0,1749.0,0.4617,NEU,
3f059e7d50f3f6da,2025-01-02 14:30:00+00:00,2025-01-07 16:00:00,INTU,S06,1572,636.03,615.42,0.0,-32398.92000000002,-0.2314208571428572,SENTIMENT_EOD_SELL,5.0,8.0,7290.0,0.3089,NEU,
154d5f0b85e3d887,2025-01-03 00:00:00+00:00,2025-01-06 14:32:00+00:00,NVDA,S06,7250,137.9299,148.954292,0.0,79926.84200000005,0.5709060142857146,TAKE_PROFIT,5.0,8.0,5192.0,0.21545,NEU,
c2a3faea3b029dfd,2025-01-03 00:02:00+00:00,2025-01-13 09:00:00+00:00,AVGO,S06,4316,231.65,220.0575,0.0,-50033.23,-0.3573802142857143,STOP_LOSS,5.0,8.0,14938.0,0.27998,NEU,
822d2feeda1a5ef0,2025-01-03 00:26:00+00:00,2025-01-06 11:15:00+00:00,TSM,S06,4956,201.77,217.9016,0.0,79948.2096000001,0.5710586400000007,TAKE_PROFIT,5.0,8.0,4969.0,0.514,NEU,
6606164104f32737,2025-01-03 00:00:00+00:00,2025-01-03 20:54:00+00:00,TSLA,S06,2622,381.26,411.7508,0.0,79946.8776000001,0.5710491257142865,TAKE_PROFIT,5.0,8.0,1254.0,0.29534,NEU,
e97cb67f19b06d4d,2025-01-03 00:07:00+00:00,2025-01-08 12:19:00+00:00,ADBE,S06,2268,440.76,418.712,0.0,-50004.864,-0.3571776,STOP_LOSS,5.0,8.0,7932.0,0.36422,NEU,
13ac486b63cf4fe8,2025-01-04 00:00:00+00:00,2025-01-08 15:56:00+00:00,NVDA,S06,6900,144.91,137.6545,0.0,-50062.94999999989,-0.3575924999999992,STOP_LOSS,5.0,8.0,6716.0,0.2487299999999999,NEU,
3b928601df1c2418,2025-01-04 00:01:00+00:00,2025-01-13 09:01:00+00:00,AVGO,S06,4318,231.55,219.9625,0.0,-50034.825000000026,-0.3573916071428573,STOP_LOSS,5.0,8.0,13500.0,0.5477666666666666,NEU,
5f6be3e44be48370,2025-01-04 00:54:00+00:00,2025-01-10 14:35:00+00:00,ORCL,S06,6007,166.45999999999998,158.12699999999998,0.0,-50056.33099999999,-0.3575452214285713,STOP_LOSS,5.0,8.0,9461.0,0.2671333333333333,NEU,
ff78c294c4855891,2025-01-04 00:01:00+00:00,2025-01-10 14:28:00+00:00,ADBE,S06,2321,430.68,409.136,0.0,-50003.62399999996,-0.3571687428571425,STOP_LOSS,5.0,8.0,9507.0,0.2365399999999999,NEU,
9863df9968c2632b,2025-01-04 00:26:00+00:00,2025-01-09 16:00:00,CSCO,S06,17012,58.78,59.190000000000005,0.0,6974.920000000063,0.0498208571428575,SENTIMENT_EOD_SELL,5.0,8.0,8134.0,0.2113499999999999,NEU,
e7e2f5178e0020bf,2025-01-02 09:04:00+00:00,2025-01-10 09:30:00,QCOM,S06,6475,154.42,158.23000000000002,0.0,24669.7500000002,0.1762125000000014,SENTIMENT_MORNING_SELL,5.0,8.0,11546.0,0.3394999999999999,NEU,
c5615973ff2f0ddb,2025-01-06 09:00:00+00:00,2025-01-13 14:31:00+00:00,AAPL,S06,4100,243.9,231.69499999999996,0.0,-50040.50000000005,-0.3574321428571432,STOP_LOSS,5.0,8.0,10411.0,0.4261199999999999,NEU,
1ca6e3ea8bc0c30a,2025-01-06 09:00:00+00:00,2025-01-10 15:04:00+00:00,AVGO,S06,4263,234.56,222.822,0.0,-50039.094,-0.3574220999999999,STOP_LOSS,5.0,8.0,6124.0,0.26281,NEU,
238a299fbe74f1ff,2025-01-06 09:00:00+00:00,2025-01-07 15:30:00+00:00,TSLA,S06,2408,415.21,394.4394999999999,0.0,-50015.36400000007,-0.3572526000000005,STOP_LOSS,5.0,8.0,1830.0,0.3354222222222222,NEU,
724a63be9b968eae,2025-01-06 09:03:00+00:00,2025-01-10 14:28:00+00:00,ORCL,S06,5984,167.09,158.7255,0.0,-50053.167999999954,-0.3575226285714282,STOP_LOSS,5.0,8.0,6085.0,0.3208,NEU,
97e902d2aed4b9f5,2025-01-06 09:00:00+00:00,2025-01-10 14:28:00+00:00,ADBE,S06,2320,430.91,409.3545,0.0,-50008.75999999999,-0.3572054285714285,STOP_LOSS,5.0,8.0,6088.0,0.2456333333333333,NEU,
23e7a6914001dab9,2025-01-06 09:11:00+00:00,2025-01-10 16:00:00,CSCO,S06,16963,58.95,58.8092,0.0,-2388.3903999998574,-0.0170599314285704,SENTIMENT_EOD_SELL,5.0,8.0,6169.0,0.63775,NEU,
9802b28ab42efd91,2025-01-06 12:23:00+00:00,2025-01-10 16:00:00,INTU,S06,1582,632.01,623.42,0.0,-13589.38000000005,-0.0970670000000003,SENTIMENT_EOD_SELL,5.0,8.0,5977.0,0.5129333333333334,NEU,
813ccc0c9bba2ccf,2025-01-04 00:00:00+00:00,2025-01-13 09:30:00,META,S06,1655,604.11,617.99,0.0,22971.39999999999,0.1640814285714285,SENTIMENT_MORNING_SELL,5.0,8.0,13530.0,0.38292,NEU,
59341b71e5471f1e,2025-01-08 00:00:00+00:00,2025-01-10 15:01:00+00:00,NVDA,S06,7068,141.48,134.396,0.0,-50069.71200000002,-0.3576408000000001,STOP_LOSS,5.0,8.0,3781.0,0.23359,NEU,
d68ea3f20abc55f3,2025-01-08 00:00:00+00:00,2025-01-15 20:10:00+00:00,TSLA,S06,2534,394.51,426.0608,0.0,79949.7272000001,0.5710694800000007,TAKE_PROFIT,5.0,8.0,11290.0,0.2438499999999999,NEU,
cca95310bdc4898c,2025-01-08 00:15:00+00:00,2025-01-13 09:05:00+00:00,ORCL,S06,6176,161.89999999999998,153.795,0.0,-50056.47999999994,-0.3575462857142852,STOP_LOSS,5.0,8.0,7730.0,0.30224,NEU,
c814ec54097c5180,2025-01-02 09:00:00+00:00,2025-01-13 16:00:00,AMZN,S06,4536,220.45,219.26,0.0,-5397.839999999861,-0.038555999999999,SENTIMENT_EOD_SELL,5.0,8.0,16260.0,0.3823,NEU,
0d5f708127e26369,2025-01-08 00:03:00+00:00,2025-01-13 16:00:00,ADBE,S06,2375,421.01,410.1099,0.0,-25887.73750000002,-0.1849124107142858,SENTIMENT_EOD_SELL,5.0,8.0,8157.0,0.4220333333333333,NEU,
bb6c8aeb51b31e01,2025-01-03 00:03:00+00:00,2025-01-14 09:30:00,GOOGL,S06,5295,188.85,193.57,0.0,24992.400000000143,0.1785171428571438,SENTIMENT_MORNING_SELL,5.0,8.0,16407.0,0.33706,NEU,
b15ea7ad923b9d5f,2025-01-04 00:06:00+00:00,2025-01-14 09:30:00,TSM,S06,4807,207.99,206.8991,0.0,-5243.956299999887,-0.0374568307142849,SENTIMENT_MORNING_SELL,5.0,8.0,14964.0,0.5411166666666666,NEU,
ae7b0abf08ee1876,2025-01-09 00:00:00+00:00,2025-01-13 10:18:00+00:00,NVDA,S06,7225,138.39999999999998,131.46999999999997,0.0,-50069.25000000005,-0.3576375000000004,STOP_LOSS,5.0,8.0,6378.0,0.27538,NEU,
51206c2bf1aa3541,2025-01-09 00:00:00+00:00,2025-01-13 09:43:00+00:00,AVGO,S06,4379,228.36,216.932,0.0,-50043.211999999985,-0.3574515142857142,STOP_LOSS,5.0,8.0,6343.0,0.3892333333333333,NEU,
7def78c1f809f2bc,2025-01-09 00:00:00+00:00,2025-01-15 19:57:00+00:00,TSLA,S06,2539,393.81,425.30480000000006,0.0,79965.29720000013,0.5711806942857153,TAKE_PROFIT,5.0,8.0,9837.0,0.25189,NEU,
a2ad86b0d92b8658,2025-01-03 00:06:00+00:00,2025-01-14 16:00:00,MSFT,S06,2389,418.43,415.99,0.0,-5829.159999999994,-0.0416368571428571,SENTIMENT_EOD_SELL,5.0,8.0,16794.0,0.4357499999999999,NEU,
7ccbccdda2da8aef,2025-01-09 00:06:00+00:00,2025-01-14 16:00:00,TSM,S06,4832,206.9191,202.24,0.0,-22609.41119999989,-0.1614957942857135,SENTIMENT_EOD_SELL,5.0,8.0,8154.0,0.5329666666666667,NEU,
6adc340cfaf30454,2025-01-10 09:00:00+00:00,2025-01-13 09:16:00+00:00,NVDA,S06,7193,139.01,132.0495,0.0,-50066.87649999997,-0.3576205464285712,STOP_LOSS,5.0,8.0,4336.0,0.39033,NEU,
2eea172df67118c8,2025-01-10 09:00:00+00:00,2025-01-13 09:53:00+00:00,AVGO,S06,4392,227.68,216.28599999999997,0.0,-50042.448000000026,-0.3574460571428573,STOP_LOSS,5.0,8.0,4373.0,0.4066285714285714,NEU,
36fa9abb38695b8c,2025-01-09 00:38:00+00:00,2025-01-15 16:00:00,CSCO,S06,16934,59.05,60.07,0.0,17272.68000000005,0.123376285714286,SENTIMENT_EOD_SELL,5.0,8.0,9562.0,0.4253,NEU,
3e7d32eb7a06f27b,2025-01-11 00:04:00+00:00,2025-01-21 09:11:00+00:00,AVGO,S06,4474,223.49,241.3592,0.0,79946.80080000016,0.5710485771428583,TAKE_PROFIT,5.0,8.0,14947.0,0.2857833333333333,NEU,
d9497d3a7f3c96cd,2025-01-11 00:13:00+00:00,2025-01-21 17:51:00+00:00,ADBE,S06,2464,405.84,438.2972,0.0,79974.54080000013,0.571246720000001,TAKE_PROFIT,5.0,8.0,15458.0,0.603,NEU,
b9806196df8d3bad,2025-01-09 00:02:00+00:00,2025-01-22 14:52:00+00:00,QCOM,S06,6296,158.82999999999998,171.5264,0.0,79936.53440000008,0.2234566400000002,TAKE_PROFIT,5.0,8.0,19610.0,0.5813,NEU,
1350844f3126b51f,2025-01-11 00:13:00+00:00,2025-01-22 17:27:00+00:00,TSM,S06,4793,208.6286,225.308888,0.0,79948.6203840001,0.750136380342858,TAKE_PROFIT,5.0,8.0,16874.0,0.2226624999999999,NEU,
0a980e740ffa9795,2025-01-13 09:00:00+00:00,2025-01-21 22:41:00+00:00,NVDA,S06,7506,133.20999999999998,143.8568,0.0,79914.8808000001,0.5708205771428579,TAKE_PROFIT,5.0,8.0,12341.0,0.2448,NEU,
0d493e84fc293bc3,2025-01-13 09:00:00+00:00,2025-01-14 13:34:00+00:00,TSLA,S06,2591,385.91,416.7728,0.0,79965.51480000014,0.5711822485714295,TAKE_PROFIT,5.0,8.0,1714.0,0.4012166666666666,NEU,
c40533e58bff4584,2025-01-09 00:00:00+00:00,2025-01-17 16:00:00,AMZN,S06,4509,221.7565,226.29,0.0,20441.551500000143,0.1460110821428581,SENTIMENT_EOD_SELL,5.0,8.0,12480.0,0.34605,NEU,
0e7045d1e5322c17,2025-01-10 14:25:00+00:00,2025-01-17 22:18:00+00:00,INTU,S06,1625,615.03,601.0600000000001,0.0,-22701.249999999854,-0.1621517857142847,BACKTEST_END,5.0,8.0,10553.0,0.6808,NEU,
d05c266af37e8c68,2025-01-11 00:33:00+00:00,2025-01-17 23:58:00+00:00,MSFT,S06,2386,419.01,429.79,0.0,25721.08000000007,0.1837220000000005,BACKTEST_END,5.0,8.0,10045.0,0.22202,NEU,
46eb5510bc89a1ce,2025-01-02 09:00:00+00:00,2025-01-06 14:32:00+00:00,NVDA,S07,7521,132.95999999999998,148.9052,0.0,119923.84920000022,0.8565989228571445,TAKE_PROFIT,5.0,12.0,6092.0,0.3014199999999999,NEU,
68b5d74903e442a0,2025-01-02 09:00:00+00:00,2025-01-10 14:31:00+00:00,AAPL,S07,3978,251.37,238.7915,0.0,-50037.272999999965,-0.3574090928571426,STOP_LOSS,5.0,12.0,11851.0,0.20869,NEU,
ae74eb6241ed2ef8,2025-01-02 09:00:00+00:00,2025-01-10 15:04:00+00:00,AVGO,S07,4256,234.96,223.20199999999997,0.0,-50042.04800000004,-0.3574432000000003,STOP_LOSS,5.0,12.0,11884.0,0.42483,NEU,
ea2723e0d2efc82e,2025-01-02 09:00:00+00:00,2025-01-06 14:30:00+00:00,TSM,S07,5072,197.16,220.80920000000003,0.0,119948.74240000018,0.8567767314285726,TAKE_PROFIT,5.0,12.0,6090.0,0.3469888888888889,NEU,
2439d119aa6b0f3d,2025-01-02 09:38:00+00:00,2025-01-10 14:21:00+00:00,ORCL,S07,5955,167.91,159.5045,0.0,-50054.75249999994,-0.3575339464285709,STOP_LOSS,5.0,12.0,11803.0,0.346,NEU,
8e5c07eaf64ea108,2025-01-02 09:21:00+00:00,2025-01-03 14:30:00+00:00,ADBE,S07,2233,447.82,425.419,0.0,-50021.43300000003,-0.3572959500000002,STOP_LOSS,5.0,12.0,1749.0,0.4617,NEU,
7c425b6bee5c5da9,2025-01-02 14:30:00+00:00,2025-01-07 16:00:00,INTU,S07,1572,636.03,615.42,0.0,-32398.92000000002,-0.2314208571428572,SENTIMENT_EOD_SELL,5.0,12.0,7290.0,0.3089,NEU,
826e15097a224b55,2025-01-03 00:00:00+00:00,2025-01-13 12:09:00+00:00,NVDA,S07,7250,137.9299,131.023405,0.0,-50072.088750000046,-0.3576577767857146,STOP_LOSS,5.0,12.0,15129.0,0.21545,NEU,
15d16127b64ee6ea,2025-01-03 00:02:00+00:00,2025-01-13 09:00:00+00:00,AVGO,S07,4316,231.65,220.0575,0.0,-50033.23,-0.3573802142857143,STOP_LOSS,5.0,12.0,14938.0,0.27998,NEU,
4698986f3df46f6a,2025-01-03 00:07:00+00:00,2025-01-08 12:19:00+00:00,ADBE,S07,2268,440.76,418.712,0.0,-50004.864,-0.3571776,STOP_LOSS,5.0,12.0,7932.0,0.36422,NEU,
862fc9908df9eae7,2025-01-04 00:00:00+00:00,2025-01-08 15:56:00+00:00,NVDA,S07,6900,144.91,137.6545,0.0,-50062.94999999989,-0.3575924999999992,STOP_LOSS,5.0,12.0,6716.0,0.2487299999999999,NEU,
7db2d24748327a2f,2025-01-04 00:01:00+00:00,2025-01-13 09:01:00+00:00,AVGO,S07,4318,231.55,219.9625,0.0,-50034.825000000026,-0.3573916071428573,STOP_LOSS,5.0,12.0,13500.0,0.5477666666666666,NEU,
91c66e98443b8d4b,2025-01-04 00:54:00+00:00,2025-01-10 14:35:00+00:00,ORCL,S07,6007,166.45999999999998,158.12699999999998,0.0,-50056.33099999999,-0.3575452214285713,STOP_LOSS,5.0,12.0,9461.0,0.2671333333333333,NEU,
2d2254d6abdd2e69,2025-01-04 00:01:00+00:00,2025-01-10 14:28:00+00:00,ADBE,S07,2321,430.68,409.136,0.0,-50003.62399999996,-0.3571687428571425,STOP_LOSS,5.0,12.0,9507.0,0.2365399999999999,NEU,
803afcc97adde24a,2025-01-04 00:26:00+00:00,2025-01-09 16:00:00,CSCO,S07,17012,58.78,59.190000000000005,0.0,6974.920000000063,0.0498208571428575,SENTIMENT_EOD_SELL,5.0,12.0,8134.0,0.2113499999999999,NEU,
074216514992d9b6,2025-01-02 09:04:00+00:00,2025-01-10 09:30:00,QCOM,S07,6475,154.42,158.23000000000002,0.0,24669.7500000002,0.1762125000000014,SENTIMENT_MORNING_SELL,5.0,12.0,11546.0,0.3394999999999999,NEU,
6fa1762b7e10c674,2025-01-03 00:00:00+00:00,2025-01-10 09:30:00,TSLA,S07,2622,381.26,415.19,0.0,88964.46000000002,0.6354604285714287,SENTIMENT_MORNING_SELL,5.0,12.0,10650.0,0.29534,NEU,
d74df223df5bfcb1,2025-01-06 09:00:00+00:00,2025-01-13 14:31:00+00:00,AAPL,S07,4100,243.9,231.69499999999996,0.0,-50040.50000000005,-0.3574321428571432,STOP_LOSS,5.0,12.0,10411.0,0.4261199999999999,NEU,
e9149aa12ac35491,2025-01-06 09:00:00+00:00,2025-01-10 15:04:00+00:00,AVGO,S07,4263,234.56,222.822,0.0,-50039.094,-0.3574220999999999,STOP_LOSS,5.0,12.0,6124.0,0.26281,NEU,
89952a1eaca38de4,2025-01-06 09:00:00+00:00,2025-01-07 15:30:00+00:00,TSLA,S07,2408,415.21,394.4394999999999,0.0,-50015.36400000007,-0.3572526000000005,STOP_LOSS,5.0,12.0,1830.0,0.3354222222222222,NEU,
fa3a6c0f3e44e903,2025-01-06 09:03:00+00:00,2025-01-10 14:28:00+00:00,ORCL,S07,5984,167.09,158.7255,0.0,-50053.167999999954,-0.3575226285714282,STOP_LOSS,5.0,12.0,6085.0,0.3208,NEU,
9eb6ca6ade177941,2025-01-06 09:00:00+00:00,2025-01-10 14:28:00+00:00,ADBE,S07,2320,430.91,409.3545,0.0,-50008.75999999999,-0.3572054285714285,STOP_LOSS,5.0,12.0,6088.0,0.2456333333333333,NEU,
d36dce1ce3f34bc1,2025-01-06 09:11:00+00:00,2025-01-10 16:00:00,CSCO,S07,16963,58.95,58.8092,0.0,-2388.3903999998574,-0.0170599314285704,SENTIMENT_EOD_SELL,5.0,12.0,6169.0,0.63775,NEU,
9f397bd55a5b3882,2025-01-06 12:23:00+00:00,2025-01-10 16:00:00,INTU,S07,1582,632.01,623.42,0.0,-13589.38000000005,-0.0970670000000003,SENTIMENT_EOD_SELL,5.0,12.0,5977.0,0.5129333333333334,NEU,
2430f5b2c6ffb8d7,2025-01-04 00:00:00+00:00,2025-01-13 09:30:00,META,S07,1655,604.11,617.99,0.0,22971.39999999999,0.1640814285714285,SENTIMENT_MORNING_SELL,5.0,12.0,13530.0,0.38292,NEU,
d28632799e35676e,2025-01-08 00:00:00+00:00,2025-01-10 15:01:00+00:00,NVDA,S07,7068,141.48,134.396,0.0,-50069.71200000002,-0.3576408000000001,STOP_LOSS,5.0,12.0,3781.0,0.23359,NEU,
7945677530aa7763,2025-01-08 00:15:00+00:00,2025-01-13 09:05:00+00:00,ORCL,S07,6176,161.89999999999998,153.795,0.0,-50056.47999999994,-0.3575462857142852,STOP_LOSS,5.0,12.0,7730.0,0.30224,NEU,
2e694274a784867c,2025-01-02 09:00:00+00:00,2025-01-13 16:00:00,AMZN,S07,4536,220.45,219.26,0.0,-5397.839999999861,-0.038555999999999,SENTIMENT_EOD_SELL,5.0,12.0,16260.0,0.3823,NEU,
7a1d34e2ca613808,2025-01-08 00:03:00+00:00,2025-01-13 16:00:00,ADBE,S07,2375,421.01,410.1099,0.0,-25887.73750000002,-0.1849124107142858,SENTIMENT_EOD_SELL,5.0,12.0,8157.0,0.4220333333333333,NEU,
16fd333c6d0d3a5d,2025-01-03 00:03:00+00:00,2025-01-14 09:30:00,GOOGL,S07,5295,188.85,193.57,0.0,24992.400000000143,0.1785171428571438,SENTIMENT_MORNING_SELL,5.0,12.0,16407.0,0.33706,NEU,
b4ddb4d2b9f1d315,2025-01-03 00:26:00+00:00,2025-01-14 09:30:00,TSM,S07,4956,201.77,206.8991,0.0,25419.81960000011,0.1815701400000008,SENTIMENT_MORNING_SELL,5.0,12.0,16384.0,0.514,NEU,
9bdd3e5a13a2fc5e,2025-01-09 00:00:00+00:00,2025-01-13 10:18:00+00:00,NVDA,S07,7225,138.39999999999998,131.46999999999997,0.0,-50069.25000000005,-0.3576375000000004,STOP_LOSS,5.0,12.0,6378.0,0.27538,NEU,
c67c153c5a7cd1c6,2025-01-09 00:00:00+00:00,2025-01-13 09:43:00+00:00,AVGO,S07,4379,228.36,216.932,0.0,-50043.211999999985,-0.3574515142857142,STOP_LOSS,5.0,12.0,6343.0,0.3892333333333333,NEU,
89453d12fd78d5b0,2025-01-03 00:06:00+00:00,2025-01-14 16:00:00,MSFT,S07,2389,418.43,415.99,0.0,-5829.159999999994,-0.0416368571428571,SENTIMENT_EOD_SELL,5.0,12.0,16794.0,0.4357499999999999,NEU,
e854a617ecf250cf,2025-01-09 00:06:00+00:00,2025-01-14 16:00:00,TSM,S07,4832,206.9191,202.24,0.0,-22609.41119999989,-0.1614957942857135,SENTIMENT_EOD_SELL,5.0,12.0,8154.0,0.5329666666666667,NEU,
c22297111948ff03,2025-01-10 09:00:00+00:00,2025-01-13 09:16:00+00:00,NVDA,S07,7193,139.01,132.0495,0.0,-50066.87649999997,-0.3576205464285712,STOP_LOSS,5.0,12.0,4336.0,0.39033,NEU,
5d93f30a84b865c6,2025-01-10 09:00:00+00:00,2025-01-13 09:53:00+00:00,AVGO,S07,4392,227.68,216.28599999999997,0.0,-50042.448000000026,-0.3574460571428573,STOP_LOSS,5.0,12.0,4373.0,0.4066285714285714,NEU,
0ebcc91861f8443f,2025-01-08 00:00:00+00:00,2025-01-15 16:00:00,TSLA,S07,2534,394.51,427.55,0.0,83723.36000000006,0.5980240000000003,SENTIMENT_EOD_SELL,5.0,12.0,11040.0,0.2438499999999999,NEU,
3ea18b847be4bcd0,2025-01-09 00:38:00+00:00,2025-01-15 16:00:00,CSCO,S07,16934,59.05,60.07,0.0,17272.68000000005,0.123376285714286,SENTIMENT_EOD_SELL,5.0,12.0,9562.0,0.4253,NEU,
96ffdc1f001e1d1d,2025-01-11 00:13:00+00:00,2025-01-17 09:30:00,ADBE,S07,2464,405.84,404.99,0.0,-2094.399999999916,-0.0149599999999993,SENTIMENT_MORNING_SELL,5.0,12.0,9197.0,0.603,NEU,
cf8af3e513c8bd5e,2025-01-13 09:00:00+00:00,2025-01-17 15:13:00+00:00,TSLA,S07,2591,385.91,432.2092,0.0,119961.22720000012,0.8568659085714294,TAKE_PROFIT,5.0,12.0,6133.0,0.4012166666666666,NEU,
fe8855ef4ebc570a,2025-01-09 00:00:00+00:00,2025-01-17 16:00:00,AMZN,S07,4509,221.7565,226.29,0.0,20441.551500000143,0.1460110821428581,SENTIMENT_EOD_SELL,5.0,12.0,12480.0,0.34605,NEU,
913f52b51ebc4e59,2025-01-10 14:25:00+00:00,2025-01-17 22:18:00+00:00,INTU,S07,1625,615.03,601.0600000000001,0.0,-22701.249999999854,-0.1621517857142847,BACKTEST_END,5.0,12.0,10553.0,0.6808,NEU,
305c889638b8cd01,2025-01-09 00:02:00+00:00,2025-01-18 00:00:00+00:00,QCOM,S07,6296,158.82999999999998,164.55,0.0,36013.12000000017,0.2572365714285726,BACKTEST_END,5.0,12.0,12958.0,0.5813,NEU,
c77cbbff7f18251b,2025-01-11 00:33:00+00:00,2025-01-17 23:58:00+00:00,MSFT,S07,2386,419.01,429.79,0.0,25721.08000000007,0.1837220000000005,BACKTEST_END,5.0,12.0,10045.0,0.22202,NEU,
22aaef4d0571571d,2025-01-11 00:04:00+00:00,2025-01-17 23:58:00+00:00,AVGO,S07,4474,223.49,237.75,0.0,63799.240000000085,0.4557088571428577,BACKTEST_END,5.0,12.0,10074.0,0.2857833333333333,NEU,
d032b83e82f07322,2025-01-11 00:13:00+00:00,2025-01-18 00:00:00+00:00,TSM,S07,4793,208.6286,210.84,0.0,10599.240200000124,0.0757088585714294,BACKTEST_END,5.0,12.0,10067.0,0.2226624999999999,NEU,
71d1670681fa3e76,2025-01-13 09:00:00+00:00,2025-01-18 00:00:00+00:00,NVDA,S07,7506,133.20999999999998,137.66,0.0,33401.70000000013,0.2385835714285723,BACKTEST_END,5.0,12.0,6660.0,0.2448,NEU,
0db12cd59b16393b,2025-01-02 09:00:00+00:00,2025-01-10 15:04:00+00:00,AVGO,S08,4256,234.96,223.20199999999997,0.0,-50042.04800000004,-0.3574432000000003,STOP_LOSS,5.0,20.0,11884.0,0.42483,NEU,
bdd79117f0311ee6,2025-01-02 09:38:00+00:00,2025-01-10 14:21:00+00:00,ORCL,S08,5955,167.91,159.5045,0.0,-50054.75249999994,-0.3575339464285709,STOP_LOSS,5.0,20.0,11803.0,0.346,NEU,
3d0e43135b91e873,2025-01-02 09:21:00+00:00,2025-01-03 14:30:00+00:00,ADBE,S08,2233,447.82,425.419,0.0,-50021.43300000003,-0.3572959500000002,STOP_LOSS,5.0,20.0,1749.0,0.4617,NEU,
f63631a6a130e26a,2025-01-02 14:30:00+00:00,2025-01-07 16:00:00,INTU,S08,1572,636.03,615.42,0.0,-32398.92000000002,-0.2314208571428572,SENTIMENT_EOD_SELL,5.0,20.0,7290.0,0.3089,NEU,
ef6aafe2023ab587,2025-01-03 00:07:00+00:00,2025-01-08 12:19:00+00:00,ADBE,S08,2268,440.76,418.712,0.0,-50004.864,-0.3571776,STOP_LOSS,5.0,20.0,7932.0,0.36422,NEU,
08066d286b673af4,2025-01-02 09:00:00+00:00,2025-01-08 16:00:00,NVDA,S08,7521,132.95999999999998,138.35000000000002,0.0,40538.19000000032,0.2895585000000023,SENTIMENT_EOD_SELL,5.0,20.0,9060.0,0.3014199999999999,NEU,
1ce83428c0b31982,2025-01-02 09:04:00+00:00,2025-01-09 09:30:00,QCOM,S08,6475,154.42,157.91,0.0,22597.75000000006,0.1614125000000004,SENTIMENT_MORNING_SELL,5.0,20.0,10106.0,0.3394999999999999,NEU,
3c1a08e9376658d7,2025-01-04 00:01:00+00:00,2025-01-13 09:01:00+00:00,AVGO,S08,4318,231.55,219.9625,0.0,-50034.825000000026,-0.3573916071428573,STOP_LOSS,5.0,20.0,13500.0,0.5477666666666666,NEU,
58da91e9c5087a62,2025-01-04 00:00:00+00:00,2025-01-09 16:00:00,META,S08,1655,604.11,608.6291,0.0,7479.110499999968,0.0534222178571426,SENTIMENT_EOD_SELL,5.0,20.0,8160.0,0.38292,NEU,
875187ac48020ee3,2025-01-03 00:03:00+00:00,2025-01-10 09:30:00,GOOGL,S08,5295,188.85,192.79,0.0,20862.300000000138,0.1490164285714295,SENTIMENT_MORNING_SELL,5.0,20.0,10647.0,0.33706,NEU,
9cd96b81f00867fa,2025-01-06 09:00:00+00:00,2025-01-13 14:31:00+00:00,AAPL,S08,4100,243.9,231.69499999999996,0.0,-50040.50000000005,-0.3574321428571432,STOP_LOSS,5.0,20.0,10411.0,0.4261199999999999,NEU,
591f5e507a4e4180,2025-01-06 09:00:00+00:00,2025-01-07 15:30:00+00:00,TSLA,S08,2408,415.21,394.4394999999999,0.0,-50015.36400000007,-0.3572526000000005,STOP_LOSS,5.0,20.0,1830.0,0.3354222222222222,NEU,
0fd0b737f15ce7c3,2025-01-06 09:03:00+00:00,2025-01-10 14:28:00+00:00,ORCL,S08,5984,167.09,158.7255,0.0,-50053.167999999954,-0.3575226285714282,STOP_LOSS,5.0,20.0,6085.0,0.3208,NEU,
d16ea3ca52291cc9,2025-01-06 09:00:00+00:00,2025-01-10 16:00:00,GOOGL,S08,5186,192.81,191.76,0.0,-5445.299999999912,-0.0388949999999993,SENTIMENT_EOD_SELL,5.0,20.0,6180.0,0.36315,NEU,
ad6af2126495c718,2025-01-06 09:11:00+00:00,2025-01-10 16:00:00,CSCO,S08,16963,58.95,58.8092,0.0,-2388.3903999998574,-0.0170599314285704,SENTIMENT_EOD_SELL,5.0,20.0,6169.0,0.63775,NEU,
2f9e06b93dda1c4a,2025-01-06 12:23:00+00:00,2025-01-10 16:00:00,INTU,S08,1582,632.01,623.42,0.0,-13589.38000000005,-0.0970670000000003,SENTIMENT_EOD_SELL,5.0,20.0,5977.0,0.5129333333333334,NEU,
c17969f2c9bd4225,2025-01-02 09:00:00+00:00,2025-01-13 09:30:00,AMZN,S08,4536,220.45,222.2953,0.0,8370.28080000004,0.0597877200000002,SENTIMENT_MORNING_SELL,5.0,20.0,15870.0,0.3823,NEU,
55f1959ce30952f0,2025-01-08 00:15:00+00:00,2025-01-13 09:05:00+00:00,ORCL,S08,6176,161.89999999999998,153.795,0.0,-50056.47999999994,-0.3575462857142852,STOP_LOSS,5.0,20.0,7730.0,0.30224,NEU,
6686011f598bfdc7,2025-01-08 00:03:00+00:00,2025-01-13 16:00:00,ADBE,S08,2375,421.01,410.1099,0.0,-25887.73750000002,-0.1849124107142858,SENTIMENT_EOD_SELL,5.0,20.0,8157.0,0.4220333333333333,NEU,
aae3c709a650b096,2025-01-02 09:00:00+00:00,2025-01-14 09:30:00,TSM,S08,5072,197.16,206.8991,0.0,49396.715200000035,0.3528336800000002,SENTIMENT_MORNING_SELL,5.0,20.0,17310.0,0.3469888888888889,NEU,
27ab039dc1441468,2025-01-03 00:06:00+00:00,2025-01-14 09:30:00,MSFT,S08,2389,418.43,423.84,0.0,12924.49000000006,0.0923177857142861,SENTIMENT_MORNING_SELL,5.0,20.0,16404.0,0.4357499999999999,NEU,
3d6b3d5d56149713,2025-01-09 00:00:00+00:00,2025-01-13 09:43:00+00:00,AVGO,S08,4379,228.36,216.932,0.0,-50043.211999999985,-0.3574515142857142,STOP_LOSS,5.0,20.0,6343.0,0.3892333333333333,NEU,
8dc42d81a46de193,2025-01-09 00:06:00+00:00,2025-01-14 16:00:00,TSM,S08,4832,206.9191,202.24,0.0,-22609.41119999989,-0.1614957942857135,SENTIMENT_EOD_SELL,5.0,20.0,8154.0,0.5329666666666667,NEU,
f16712dead63142b,2025-01-09 00:38:00+00:00,2025-01-14 16:00:00,CSCO,S08,16934,59.05,59.4,0.0,5926.900000000024,0.0423350000000001,SENTIMENT_EOD_SELL,5.0,20.0,8122.0,0.4253,NEU,
e0868df5ce6aae17,2025-01-10 09:00:00+00:00,2025-01-13 09:16:00+00:00,NVDA,S08,7193,139.01,132.0495,0.0,-50066.87649999997,-0.3576205464285712,STOP_LOSS,5.0,20.0,4336.0,0.39033,NEU,
52d5edb0d2743e2c,2025-01-10 09:00:00+00:00,2025-01-13 09:53:00+00:00,AVGO,S08,4392,227.68,216.28599999999997,0.0,-50042.448000000026,-0.3574460571428573,STOP_LOSS,5.0,20.0,4373.0,0.4066285714285714,NEU,
256b36a82eb9994a,2025-01-09 00:02:00+00:00,2025-01-15 16:00:00,QCOM,S08,6296,158.82999999999998,164.9778,0.0,38706.54880000011,0.2764753485714294,SENTIMENT_EOD_SELL,5.0,20.0,9598.0,0.5813,NEU,
4e446531613e9e73,2025-01-10 09:00:00+00:00,2025-01-15 16:00:00,CSCO,S08,16889,59.21,60.07,0.0,14524.53999999999,0.1037467142857142,SENTIMENT_EOD_SELL,5.0,20.0,7620.0,0.43445,NEU,
8725225f1d3fa939,2025-01-11 00:22:00+00:00,2025-01-16 16:00:00,ORCL,S08,6472,154.51,159.56,0.0,32683.600000000075,0.2334542857142862,SENTIMENT_EOD_SELL,5.0,20.0,8138.0,0.7946500000000001,NEU,
4efe84dc2587a79b,2025-01-09 00:00:00+00:00,2025-01-17 09:30:00,AMZN,S08,4509,221.7565,217.72,0.0,-18200.578499999952,-0.1300041321428568,SENTIMENT_MORNING_SELL,5.0,20.0,12090.0,0.34605,NEU,
cce59a494665f2b0,2025-01-13 09:00:00+00:00,2025-01-17 16:00:00,TSM,S08,4881,204.84,210.84,0.0,29286.0,0.2091857142857142,SENTIMENT_EOD_SELL,5.0,20.0,6180.0,0.7845,NEU,
cc18d5726692211f,2025-01-13 09:00:00+00:00,2025-01-17 16:00:00,TSLA,S08,2591,385.91,427.69,0.0,108251.98000000008,0.7732284285714291,SENTIMENT_EOD_SELL,5.0,20.0,6180.0,0.4012166666666666,NEU,
8d273e75bc874e0f,2025-01-10 14:25:00+00:00,2025-01-17 22:18:00+00:00,INTU,S08,1625,615.03,601.0600000000001,0.0,-22701.249999999854,-0.1621517857142847,BACKTEST_END,5.0,20.0,10553.0,0.6808,NEU,
18542a0e74ddbe5c,2025-01-11 00:13:00+00:00,2025-01-17 23:53:00+00:00,ADBE,S08,2464,405.84,430.8954,0.0,61736.50560000005,0.4409750400000003,BACKTEST_END,5.0,20.0,10060.0,0.603,NEU,
7e8c5b2e5222a6c0,2025-01-11 00:34:00+00:00,2025-01-18 00:00:00+00:00,QCOM,S08,6361,157.20499999999998,164.55,0.0,46721.54500000017,0.3337253214285727,BACKTEST_END,5.0,20.0,10046.0,0.4729,NEU,
f929b61997aa09e9,2025-01-02 09:00:00+00:00,2025-01-03 13:34:00+00:00,NVDA,S09,7521,132.95999999999998,139.59799999999998,0.0,49924.39800000004,0.3566028428571431,TAKE_PROFIT,7.0,5.0,1714.0,0.3014199999999999,NEU,
70d1cf8f78770efc,2025-01-02 09:00:00+00:00,2025-01-10 16:26:00+00:00,AAPL,S09,3978,251.37,233.7641,0.0,-70036.27020000007,-0.5002590728571433,STOP_LOSS,7.0,5.0,11966.0,0.20869,NEU,
616a2c2ff1b79e73,2025-01-02 09:00:00+00:00,2025-01-07 14:48:00+00:00,GOOGL,S09,5262,190.01,199.5005,0.0,49939.01100000014,0.3567072214285724,TAKE_PROFIT,7.0,5.0,7548.0,0.12491,NEU,
78ad852f1da297e6,2025-01-02 09:00:00+00:00,2025-01-03 16:26:00+00:00,TSM,S09,5072,197.16,207.008,0.0,49949.05600000007,0.3567789714285719,TAKE_PROFIT,7.0,5.0,1886.0,0.3469888888888889,NEU,
54538dd258efb814,2025-01-02 09:00:00+00:00,2025-01-02 14:35:00+00:00,TSLA,S09,2450,408.01,379.4393,0.0,-69998.21499999997,-0.4999872499999997,STOP_LOSS,7.0,5.0,335.0,0.18336,NEU,
9facd971db4eab56,2025-01-02 09:38:00+00:00,2025-01-10 14:43:00+00:00,ORCL,S09,5955,167.91,156.1463,0.0,-70052.8335,-0.5003773821428571,STOP_LOSS,7.0,5.0,11825.0,0.346,NEU,
951338ddb85b7f63,2025-01-02 09:21:00+00:00,2025-01-08 12:38:00+00:00,ADBE,S09,2233,447.82,416.4625999999999,0.0,-70021.07420000009,-0.5001505300000006,STOP_LOSS,7.0,5.0,8837.0,0.4617,NEU,
9c8f5ebca93447e2,2025-01-02 09:04:00+00:00,2025-01-06 14:41:00+00:00,QCOM,S09,6475,154.42,162.131,0.0,49928.725000000086,0.3566337500000006,TAKE_PROFIT,7.0,5.0,6097.0,0.3394999999999999,NEU,
5d97a3b9db38c350,2025-01-02 09:00:00+00:00,2025-01-07 16:00:00,AMZN,S09,4536,220.45,222.36,0.0,8663.760000000113,0.0618840000000008,SENTIMENT_EOD_SELL,7.0,5.0,7620.0,0.3823,NEU,
6d274d6b4497fc99,2025-01-02 14:30:00+00:00,2025-01-07 16:00:00,INTU,S09,1572,636.03,615.42,0.0,-32398.92000000002,-0.2314208571428572,SENTIMENT_EOD_SELL,7.0,5.0,7290.0,0.3089,NEU,
77ee885487fb8d71,2025-01-02 09:00:00+00:00,2025-01-13 09:02:00+00:00,AVGO,S09,4256,234.96,218.5028,0.0,-70041.8432,-0.7611454999999999,STOP_LOSS,7.0,5.0,15842.0,0.42483,NEU,
410af8053b2ceea4,2025-01-03 00:00:00+00:00,2025-01-03 18:35:00+00:00,NVDA,S09,7250,137.9299,144.81639500000003,0.0,49927.08875000018,0.3566220625000013,TAKE_PROFIT,7.0,5.0,1115.0,0.21545,NEU,
d78743569714e2db,2025-01-03 00:03:00+00:00,2025-01-07 14:30:00+00:00,GOOGL,S09,5295,188.85,198.2825,0.0,49945.08750000002,0.3567506250000002,TAKE_PROFIT,7.0,5.0,6627.0,0.33706,NEU,
d4bc8f787d17eb00,2025-01-03 00:00:00+00:00,2025-01-06 20:50:00+00:00,META,S09,1672,598.01,627.9005000000001,0.0,49976.91600000015,0.3569779714285725,TAKE_PROFIT,7.0,5.0,5570.0,0.11423,NEU,
c35b9045cbf3921e,2025-01-03 00:26:00+00:00,2025-01-06 09:00:00+00:00,TSM,S09,4956,201.77,211.8485,0.0,49949.0460000001,0.3567789000000007,TAKE_PROFIT,7.0,5.0,4834.0,0.514,NEU,
cebd769a778606fe,2025-01-03 00:00:00+00:00,2025-01-03 18:36:00+00:00,TSLA,S09,2622,381.26,400.313,0.0,49956.96599999999,0.3568354714285713,TAKE_PROFIT,7.0,5.0,1116.0,0.29534,NEU,
f578fdb3e1a2cd12,2025-01-03 00:07:00+00:00,2025-01-10 14:28:00+00:00,ADBE,S09,2268,440.76,409.8968,0.0,-69997.73760000001,-0.49998384,STOP_LOSS,7.0,5.0,10941.0,0.36422,NEU,
f432d6ae0579934a,2025-01-03 00:07:00+00:00,2025-01-06 14:36:00+00:00,QCOM,S09,6511,153.57,161.23850000000002,0.0,49929.60350000015,0.3566400250000011,TAKE_PROFIT,7.0,5.0,5189.0,0.3575,NEU,
ed0fb00b7fa4e11a,2025-01-04 00:00:00+00:00,2025-01-06 16:15:00+00:00,NVDA,S09,6900,144.91,152.1455,0.0,49924.95000000001,0.3566067857142858,TAKE_PROFIT,7.0,5.0,3855.0,0.2487299999999999,NEU,
25e69df6435c4c61,2025-01-04 00:00:00+00:00,2025-01-06 21:08:00+00:00,META,S09,1655,604.11,634.3055,0.0,49973.55250000006,0.3569539464285718,TAKE_PROFIT,7.0,5.0,4148.0,0.38292,NEU,
8d8ca5a6e491c41f,2025-01-04 00:06:00+00:00,2025-01-06 11:18:00+00:00,TSM,S09,4807,207.99,218.3795,0.0,49942.32650000013,0.3567309035714294,TAKE_PROFIT,7.0,5.0,3552.0,0.5411166666666666,NEU,
48e4f8d02a10a495,2025-01-04 00:54:00+00:00,2025-01-10 15:55:00+00:00,ORCL,S09,6007,166.45999999999998,154.79779999999997,0.0,-70054.83540000008,-0.500391681428572,STOP_LOSS,7.0,5.0,9541.0,0.2671333333333333,NEU,
1edfe0d4d29d4c75,2025-01-04 00:26:00+00:00,2025-01-09 16:00:00,CSCO,S09,17012,58.78,59.190000000000005,0.0,6974.920000000063,0.0498208571428575,SENTIMENT_EOD_SELL,7.0,5.0,8134.0,0.2113499999999999,NEU,
7c4e45cbca7eb2cf,2025-01-04 00:01:00+00:00,2025-01-10 09:30:00,AVGO,S09,4318,231.55,234.54,0.0,12910.820000000162,0.092220142857144,SENTIMENT_MORNING_SELL,7.0,5.0,9209.0,0.5477666666666666,NEU,
15d5607457ca8175,2025-01-04 00:18:00+00:00,2025-01-10 09:30:00,QCOM,S09,6331,157.92999999999998,158.23000000000002,0.0,1899.300000000252,0.0135664285714303,SENTIMENT_MORNING_SELL,7.0,5.0,9192.0,0.22765,NEU,
0f1091d355aa5cfe,2025-01-06 09:00:00+00:00,2025-01-07 12:11:00+00:00,NVDA,S09,6848,146.01,153.3005,0.0,49925.344000000056,0.3566096000000003,TAKE_PROFIT,7.0,5.0,1631.0,0.19492,NEU,
59cabd576de9e0ba,2025-01-06 09:01:00+00:00,2025-01-06 21:10:00+00:00,META,S09,1652,605.3199999999999,635.576,0.0,49982.91200000014,0.357020800000001,TAKE_PROFIT,7.0,5.0,729.0,0.17253,NEU,
b2c7032477bbbd58,2025-01-06 09:00:00+00:00,2025-01-13 09:03:00+00:00,AVGO,S09,4263,234.56,218.1308,0.0,-70037.67960000003,-0.5002691400000002,STOP_LOSS,7.0,5.0,10083.0,0.26281,NEU,
cfc218968da4f09d,2025-01-06 09:00:00+00:00,2025-01-10 15:00:00+00:00,TSLA,S09,2408,415.21,386.1353,0.0,-70011.87760000002,-0.5000848400000002,STOP_LOSS,7.0,5.0,6120.0,0.3354222222222222,NEU,
ae7c16bfa31e846d,2025-01-06 09:03:00+00:00,2025-01-10 15:40:00+00:00,ORCL,S09,5984,167.09,155.3837,0.0,-70050.49919999999,-0.5003607085714284,STOP_LOSS,7.0,5.0,6157.0,0.3208,NEU,
bf3fc9e05190f016,2025-01-06 12:23:00+00:00,2025-01-10 16:00:00,INTU,S09,1582,632.01,623.42,0.0,-13589.38000000005,-0.0970670000000003,SENTIMENT_EOD_SELL,7.0,5.0,5977.0,0.5129333333333334,NEU,
b02050af78475072,2025-01-02 09:00:00+00:00,2025-01-13 09:30:00,MSFT,S09,2355,424.51,423.13,0.0,-3249.899999999989,-0.0232135714285713,SENTIMENT_MORNING_SELL,7.0,5.0,15870.0,0.1790999999999999,NEU,
15b7575acfbe75fc,2025-01-06 09:00:00+00:00,2025-01-13 09:30:00,TSM,S09,4696,212.91,212.34,0.0,-2676.719999999968,-0.0191194285714283,SENTIMENT_MORNING_SELL,7.0,5.0,10110.0,0.11513,NEU,
5b72a7ce9e49364f,2025-01-08 00:00:00+00:00,2025-01-13 10:18:00+00:00,NVDA,S09,7068,141.48,131.5664,0.0,-70069.32480000002,-0.5004951771428573,STOP_LOSS,7.0,5.0,7818.0,0.23359,NEU,
599b093e2d4efe24,2025-01-08 00:00:00+00:00,2025-01-14 09:01:00+00:00,TSLA,S09,2534,394.51,414.2255,0.0,49959.07700000005,0.3568505500000004,TAKE_PROFIT,7.0,5.0,9181.0,0.2438499999999999,NEU,
ef5d7494cb201242,2025-01-04 00:01:00+00:00,2025-01-13 16:00:00,ADBE,S09,2321,430.68,410.1099,0.0,-47743.20210000006,-0.3410228721428576,SENTIMENT_EOD_SELL,7.0,5.0,13919.0,0.2365399999999999,NEU,
36a42c8bcc8361fb,2025-01-08 00:00:00+00:00,2025-01-13 16:00:00,AVGO,S09,4361,229.26,228.04,0.0,-5320.419999999871,-0.038002999999999,SENTIMENT_EOD_SELL,7.0,5.0,8160.0,0.19122,NEU,
c8a7131713215a48,2025-01-03 00:04:00+00:00,2025-01-14 09:30:00,AAPL,S09,4110,243.25,242.3,0.0,-3904.499999999953,-0.0278892857142853,SENTIMENT_MORNING_SELL,7.0,5.0,16406.0,0.13585,NEU,
98c34f15175a4244,2025-01-08 00:04:00+00:00,2025-01-14 09:30:00,TSM,S09,4708,212.36,206.8991,0.0,-25709.91719999991,-0.183642265714285,SENTIMENT_MORNING_SELL,7.0,5.0,9206.0,0.1916,NEU,
aaaf2f527ca57074,2025-01-09 00:06:00+00:00,2025-01-16 09:00:00+00:00,TSM,S09,4832,206.9191,217.255055,0.0,49943.33456000006,0.3567381040000004,TAKE_PROFIT,7.0,5.0,10614.0,0.5329666666666667,NEU,
df5f52a3be0d390e,2025-01-09 00:00:00+00:00,2025-01-14 09:00:00+00:00,TSLA,S09,2539,393.81,413.49050000000005,0.0,49968.78950000013,0.3569199250000009,TAKE_PROFIT,7.0,5.0,7740.0,0.25189,NEU,
14d2ae928ef5a9f4,2025-01-09 00:00:00+00:00,2025-01-14 16:00:00,AAPL,S09,4126,242.32,233.34,0.0,-37051.47999999996,-0.2646534285714282,SENTIMENT_EOD_SELL,7.0,5.0,8160.0,0.15086,NEU,
f19d0a639edef006,2025-01-09 00:00:00+00:00,2025-01-15 09:30:00,AVGO,S09,4379,228.36,227.66,0.0,-3065.29999999995,-0.0218949999999996,SENTIMENT_MORNING_SELL,7.0,5.0,9210.0,0.3892333333333333,NEU,
c4af537b5dc7a68b,2025-01-09 00:38:00+00:00,2025-01-15 09:30:00,CSCO,S09,16934,59.05,59.190000000000005,0.0,2370.76000000013,0.0169340000000009,SENTIMENT_MORNING_SELL,7.0,5.0,9172.0,0.4253,NEU,
0b8a618af4aa26f5,2025-01-10 09:00:00+00:00,2025-01-14 13:33:00+00:00,TSLA,S09,2527,395.66,415.433,0.0,49966.371000000065,0.3569026500000005,TAKE_PROFIT,7.0,5.0,6033.0,0.13952,NEU,
0e494ca4a489850a,2025-01-08 00:15:00+00:00,2025-01-15 16:00:00,ORCL,S09,6176,161.89999999999998,159.39,0.0,-15501.75999999977,-0.1107268571428554,SENTIMENT_EOD_SELL,7.0,5.0,11025.0,0.30224,NEU,
31e6771979c17308,2025-01-10 09:00:00+00:00,2025-01-15 16:00:00,CSCO,S09,16889,59.21,60.07,0.0,14524.53999999999,0.1037467142857142,SENTIMENT_EOD_SELL,7.0,5.0,7620.0,0.43445,NEU,
7acacfa253c1e898,2025-01-03 00:00:00+00:00,2025-01-21 14:35:00+00:00,AMZN,S09,4546,219.95,230.9375,0.0,49949.175000000054,1.325484910714287,TAKE_PROFIT,7.0,5.0,26795.0,0.42433,NEU,
8e8c82e158bb6d1e,2025-01-04 00:02:00+00:00,2025-01-21 14:31:00+00:00,GOOGL,S09,5211,191.8695,201.452975,0.0,49939.48822500011,0.3111891239285721,TAKE_PROFIT,7.0,5.0,25349.0,0.2469599999999999,NEU,
b0c6cb157cb49f96,2025-01-10 09:00:00+00:00,2025-01-21 11:27:00+00:00,AAPL,S09,4107,243.45,226.3985,0.0,-70030.51050000002,-0.6346811892857144,STOP_LOSS,7.0,5.0,15987.0,0.14652,NEU,
975100a350e99521,2025-01-10 09:00:00+00:00,2025-01-21 09:03:00+00:00,AVGO,S09,4392,227.68,239.054,0.0,49954.6080000001,0.3336644142857149,TAKE_PROFIT,7.0,5.0,15843.0,0.4066285714285714,NEU,
8290093ad376404a,2025-01-11 00:13:00+00:00,2025-01-16 09:00:00+00:00,TSM,S09,4793,208.6286,219.05003,0.0,49949.913990000074,0.356785099928572,TAKE_PROFIT,7.0,5.0,7727.0,0.2226624999999999,NEU,
ef464d5ab1173c6e,2025-01-08 00:04:00+00:00,2025-01-22 16:56:00+00:00,MSFT,S09,2363,423.15,444.2975,0.0,49971.54250000008,0.2433473035714289,TAKE_PROFIT,7.0,5.0,21172.0,0.34174,NEU,
b7daba2be610786e,2025-01-08 00:00:00+00:00,2025-01-22 14:30:00+00:00,QCOM,S09,6210,161.01,169.0505,0.0,49931.505000000056,0.1357121535714287,TAKE_PROFIT,7.0,5.0,21030.0,0.17575,NEU,
a423405f6040ff12,2025-01-09 00:00:00+00:00,2025-01-22 12:16:00+00:00,NVDA,S09,7225,138.39999999999998,145.31,0.0,49924.75000000018,0.3065078571428583,TAKE_PROFIT,7.0,5.0,19456.0,0.27538,NEU,
715dfffca5364fb4,2025-01-13 09:00:00+00:00,2025-01-21 10:26:00+00:00,AMZN,S09,4592,217.74,228.617,0.0,49947.184000000045,0.3567656000000003,TAKE_PROFIT,7.0,5.0,11606.0,0.2091299999999999,NEU,
2962701040a1ea23,2025-01-13 09:00:00+00:00,2025-01-21 14:30:00+00:00,GOOGL,S09,5241,190.8,200.33,0.0,49946.73000000016,0.3567623571428582,TAKE_PROFIT,7.0,5.0,11850.0,0.1972499999999999,NEU,
25ff3ed0fdb11cc0,2025-01-13 09:00:00+00:00,2025-01-13 21:02:00+00:00,TSLA,S09,2591,385.91,405.1955,0.0,49968.730500000034,0.3569195035714288,TAKE_PROFIT,7.0,5.0,722.0,0.4012166666666666,NEU,
60ce70a71505a65b,2025-01-13 09:00:00+00:00,2025-01-17 16:00:00,AAPL,S09,4255,235.01,229.8126,0.0,-22114.936999999947,-0.1579638357142853,SENTIMENT_EOD_SELL,7.0,5.0,6180.0,0.1774,NEU,
d169d6dcb741b7c0,2025-01-13 13:13:00+00:00,2025-01-17 22:18:00+00:00,INTU,S09,1611,620.41,601.0600000000001,0.0,-31172.849999999853,-0.2226632142857132,BACKTEST_END,7.0,5.0,6305.0,0.3818,NEU,
b44e6a224633cb6f,2025-01-02 09:00:00+00:00,2025-01-03 14:55:00+00:00,NVDA,S10,7521,132.95999999999998,143.58679999999998,0.0,79924.16280000002,0.5708868771428572,TAKE_PROFIT,7.0,8.0,1795.0,0.3014199999999999,NEU,
13e7191d922f4d7c,2025-01-02 09:00:00+00:00,2025-01-10 16:26:00+00:00,AAPL,S10,3978,251.37,233.7641,0.0,-70036.27020000007,-0.5002590728571433,STOP_LOSS,7.0,8.0,11966.0,0.20869,NEU,
70629e301161939a,2025-01-02 09:00:00+00:00,2025-01-06 09:00:00+00:00,TSM,S10,5072,197.16,212.9228,0.0,79948.92160000013,0.5710637257142867,TAKE_PROFIT,7.0,8.0,5760.0,0.3469888888888889,NEU,
308ce65a3a3142e4,2025-01-02 09:38:00+00:00,2025-01-10 14:43:00+00:00,ORCL,S10,5955,167.91,156.1463,0.0,-70052.8335,-0.5003773821428571,STOP_LOSS,7.0,8.0,11825.0,0.346,NEU,
8e91b0aa5a4c7612,2025-01-02 09:21:00+00:00,2025-01-08 12:38:00+00:00,ADBE,S10,2233,447.82,416.4625999999999,0.0,-70021.07420000009,-0.5001505300000006,STOP_LOSS,7.0,8.0,8837.0,0.4617,NEU,
c4daf9a54d44b691,2025-01-02 14:30:00+00:00,2025-01-07 16:00:00,INTU,S10,1572,636.03,615.42,0.0,-32398.92000000002,-0.2314208571428572,SENTIMENT_EOD_SELL,7.0,8.0,7290.0,0.3089,NEU,
a5965d8960bfc06d,2025-01-02 09:00:00+00:00,2025-01-13 09:02:00+00:00,AVGO,S10,4256,234.96,218.5028,0.0,-70041.8432,-0.7611454999999999,STOP_LOSS,7.0,8.0,15842.0,0.42483,NEU,
f56bd326bef80634,2025-01-03 00:00:00+00:00,2025-01-06 14:32:00+00:00,NVDA,S10,7250,137.9299,148.954292,0.0,79926.84200000005,0.5709060142857146,TAKE_PROFIT,7.0,8.0,5192.0,0.21545,NEU,
1cfcdfaea1b0a081,2025-01-03 00:26:00+00:00,2025-01-06 11:15:00+00:00,TSM,S10,4956,201.77,217.9016,0.0,79948.2096000001,0.5710586400000007,TAKE_PROFIT,7.0,8.0,4969.0,0.514,NEU,
0087637941040ac8,2025-01-03 00:00:00+00:00,2025-01-03 20:54:00+00:00,TSLA,S10,2622,381.26,411.7508,0.0,79946.8776000001,0.5710491257142865,TAKE_PROFIT,7.0,8.0,1254.0,0.29534,NEU,
1e9b2dd7b7fb81e4,2025-01-03 00:07:00+00:00,2025-01-10 14:28:00+00:00,ADBE,S10,2268,440.76,409.8968,0.0,-69997.73760000001,-0.49998384,STOP_LOSS,7.0,8.0,10941.0,0.36422,NEU,
c3c6911ad2606cda,2025-01-04 00:00:00+00:00,2025-01-10 14:48:00+00:00,NVDA,S10,6900,144.91,134.7563,0.0,-70060.52999999991,-0.5004323571428565,STOP_LOSS,7.0,8.0,9528.0,0.2487299999999999,NEU,
584ae8a99c73a49b,2025-01-04 00:54:00+00:00,2025-01-10 15:55:00+00:00,ORCL,S10,6007,166.45999999999998,154.79779999999997,0.0,-70054.83540000008,-0.500391681428572,STOP_LOSS,7.0,8.0,9541.0,0.2671333333333333,NEU,
a6527e5d25b38af6,2025-01-04 00:26:00+00:00,2025-01-09 16:00:00,CSCO,S10,17012,58.78,59.190000000000005,0.0,6974.920000000063,0.0498208571428575,SENTIMENT_EOD_SELL,7.0,8.0,8134.0,0.2113499999999999,NEU,
dea1673a1b49b5f9,2025-01-02 09:04:00+00:00,2025-01-10 09:30:00,QCOM,S10,6475,154.42,158.23000000000002,0.0,24669.7500000002,0.1762125000000014,SENTIMENT_MORNING_SELL,7.0,8.0,11546.0,0.3394999999999999,NEU,
4924362d1b19285e,2025-01-04 00:01:00+00:00,2025-01-10 09:30:00,AVGO,S10,4318,231.55,234.54,0.0,12910.820000000162,0.092220142857144,SENTIMENT_MORNING_SELL,7.0,8.0,9209.0,0.5477666666666666,NEU,
a3cf73d5738250f8,2025-01-06 09:00:00+00:00,2025-01-13 09:03:00+00:00,AVGO,S10,4263,234.56,218.1308,0.0,-70037.67960000003,-0.5002691400000002,STOP_LOSS,7.0,8.0,10083.0,0.26281,NEU,
8ae606359e906c95,2025-01-06 09:00:00+00:00,2025-01-10 15:00:00+00:00,TSLA,S10,2408,415.21,386.1353,0.0,-70011.87760000002,-0.5000848400000002,STOP_LOSS,7.0,8.0,6120.0,0.3354222222222222,NEU,
3674bca243fceddb,2025-01-06 09:03:00+00:00,2025-01-10 15:40:00+00:00,ORCL,S10,5984,167.09,155.3837,0.0,-70050.49919999999,-0.5003607085714284,STOP_LOSS,7.0,8.0,6157.0,0.3208,NEU,
e8485f8fc24790fc,2025-01-06 09:11:00+00:00,2025-01-10 16:00:00,CSCO,S10,16963,58.95,58.8092,0.0,-2388.3903999998574,-0.0170599314285704,SENTIMENT_EOD_SELL,7.0,8.0,6169.0,0.63775,NEU,
cc20f01ea92cefcb,2025-01-06 12:23:00+00:00,2025-01-10 16:00:00,INTU,S10,1582,632.01,623.42,0.0,-13589.38000000005,-0.0970670000000003,SENTIMENT_EOD_SELL,7.0,8.0,5977.0,0.5129333333333334,NEU,
132c7f41420c5b8f,2025-01-04 00:00:00+00:00,2025-01-13 09:30:00,META,S10,1655,604.11,617.99,0.0,22971.39999999999,0.1640814285714285,SENTIMENT_MORNING_SELL,7.0,8.0,13530.0,0.38292,NEU,
c961ef2c0a7887e7,2025-01-08 00:00:00+00:00,2025-01-13 10:18:00+00:00,NVDA,S10,7068,141.48,131.5664,0.0,-70069.32480000002,-0.5004951771428573,STOP_LOSS,7.0,8.0,7818.0,0.23359,NEU,
e284c26c6f6d3a96,2025-01-08 00:00:00+00:00,2025-01-15 20:10:00+00:00,TSLA,S10,2534,394.51,426.0608,0.0,79949.7272000001,0.5710694800000007,TAKE_PROFIT,7.0,8.0,11290.0,0.2438499999999999,NEU,
443ec6041761c6ae,2025-01-02 09:00:00+00:00,2025-01-13 16:00:00,AMZN,S10,4536,220.45,219.26,0.0,-5397.839999999861,-0.038555999999999,SENTIMENT_EOD_SELL,7.0,8.0,16260.0,0.3823,NEU,
aa8e5521e674db76,2025-01-04 00:01:00+00:00,2025-01-13 16:00:00,ADBE,S10,2321,430.68,410.1099,0.0,-47743.20210000006,-0.3410228721428576,SENTIMENT_EOD_SELL,7.0,8.0,13919.0,0.2365399999999999,NEU,
b6e7e5b8e02ee366,2025-01-08 00:15:00+00:00,2025-01-13 16:00:00,ORCL,S10,6176,161.89999999999998,154.58,0.0,-45208.31999999978,-0.3229165714285699,SENTIMENT_EOD_SELL,7.0,8.0,8145.0,0.30224,NEU,
5ffc977164be5c82,2025-01-03 00:03:00+00:00,2025-01-14 09:30:00,GOOGL,S10,5295,188.85,193.57,0.0,24992.400000000143,0.1785171428571438,SENTIMENT_MORNING_SELL,7.0,8.0,16407.0,0.33706,NEU,
90b9e960cc3f3b65,2025-01-04 00:06:00+00:00,2025-01-14 09:30:00,TSM,S10,4807,207.99,206.8991,0.0,-5243.956299999887,-0.0374568307142849,SENTIMENT_MORNING_SELL,7.0,8.0,14964.0,0.5411166666666666,NEU,
d4f970563542281f,2025-01-06 09:00:00+00:00,2025-01-14 09:30:00,AAPL,S10,4100,243.9,242.3,0.0,-6559.99999999986,-0.0468571428571418,SENTIMENT_MORNING_SELL,7.0,8.0,11550.0,0.4261199999999999,NEU,
28cab01daa0c60b1,2025-01-09 00:00:00+00:00,2025-01-15 19:57:00+00:00,TSLA,S10,2539,393.81,425.30480000000006,0.0,79965.29720000013,0.5711806942857153,TAKE_PROFIT,7.0,8.0,9837.0,0.25189,NEU,
9f3f262cf94d6389,2025-01-03 00:06:00+00:00,2025-01-14 16:00:00,MSFT,S10,2389,418.43,415.99,0.0,-5829.159999999994,-0.0416368571428571,SENTIMENT_EOD_SELL,7.0,8.0,16794.0,0.4357499999999999,NEU,
8f3662a0aa4af831,2025-01-09 00:06:00+00:00,2025-01-14 16:00:00,TSM,S10,4832,206.9191,202.24,0.0,-22609.41119999989,-0.1614957942857135,SENTIMENT_EOD_SELL,7.0,8.0,8154.0,0.5329666666666667,NEU,
167616de32d4e36c,2025-01-09 00:38:00+00:00,2025-01-15 16:00:00,CSCO,S10,16934,59.05,60.07,0.0,17272.68000000005,0.123376285714286,SENTIMENT_EOD_SELL,7.0,8.0,9562.0,0.4253,NEU,
f2405339cac2264b,2025-01-11 00:13:00+00:00,2025-01-21 17:51:00+00:00,ADBE,S10,2464,405.84,438.2972,0.0,79974.54080000013,0.571246720000001,TAKE_PROFIT,7.0,8.0,15458.0,0.603,NEU,
e59e739e7c7dd5be,2025-01-09 00:00:00+00:00,2025-01-22 13:32:00+00:00,AVGO,S10,4379,228.36,246.6188,0.0,79955.28520000016,0.3213548800000006,TAKE_PROFIT,7.0,8.0,19532.0,0.3892333333333333,NEU,
aafeeca17b80c08b,2025-01-09 00:02:00+00:00,2025-01-22 14:52:00+00:00,QCOM,S10,6296,158.82999999999998,171.5264,0.0,79936.53440000008,0.3971252542857146,TAKE_PROFIT,7.0,8.0,19610.0,0.5813,NEU,
96299e4a0e2b290b,2025-01-11 00:13:00+00:00,2025-01-22 17:27:00+00:00,TSM,S10,4793,208.6286,225.308888,0.0,79948.6203840001,0.750136380342858,TAKE_PROFIT,7.0,8.0,16874.0,0.2226624999999999,NEU,
3a5b214c8b9e3024,2025-01-13 09:00:00+00:00,2025-01-14 13:34:00+00:00,TSLA,S10,2591,385.91,416.7728,0.0,79965.51480000014,0.5711822485714295,TAKE_PROFIT,7.0,8.0,1714.0,0.4012166666666666,NEU,
9b6100c48bf753aa,2025-01-09 00:00:00+00:00,2025-01-17 16:00:00,AMZN,S10,4509,221.7565,226.29,0.0,20441.551500000143,0.1460110821428581,SENTIMENT_EOD_SELL,7.0,8.0,12480.0,0.34605,NEU,
22394fb4852d7295,2025-01-09 00:00:00+00:00,2025-01-18 00:00:00+00:00,NVDA,S10,7225,138.39999999999998,137.66,0.0,-5346.49999999986,-0.0381892857142847,BACKTEST_END,7.0,8.0,12960.0,0.27538,NEU,
53a04c8a69ab2770,2025-01-10 14:25:00+00:00,2025-01-17 22:18:00+00:00,INTU,S10,1625,615.03,601.0600000000001,0.0,-22701.249999999854,-0.1621517857142847,BACKTEST_END,7.0,8.0,10553.0,0.6808,NEU,
2fa0075e9c4769e4,2025-01-11 00:33:00+00:00,2025-01-17 23:58:00+00:00,MSFT,S10,2386,419.01,429.79,0.0,25721.08000000007,0.1837220000000005,BACKTEST_END,7.0,8.0,10045.0,0.22202,NEU,
49d0e2b68e7c2aa7,2025-01-02 09:00:00+00:00,2025-01-06 14:32:00+00:00,NVDA,S11,7521,132.95999999999998,148.9052,0.0,119923.84920000022,0.8565989228571445,TAKE_PROFIT,7.0,12.0,6092.0,0.3014199999999999,NEU,
b73f09af8e910706,2025-01-02 09:00:00+00:00,2025-01-06 14:30:00+00:00,TSM,S11,5072,197.16,220.80920000000003,0.0,119948.74240000018,0.8567767314285726,TAKE_PROFIT,7.0,12.0,6090.0,0.3469888888888889,NEU,
f93465a0e2dccf9f,2025-01-02 09:38:00+00:00,2025-01-10 14:43:00+00:00,ORCL,S11,5955,167.91,156.1463,0.0,-70052.8335,-0.5003773821428571,STOP_LOSS,7.0,12.0,11825.0,0.346,NEU,
f3d4c716374412ba,2025-01-02 09:21:00+00:00,2025-01-08 12:38:00+00:00,ADBE,S11,2233,447.82,416.4625999999999,0.0,-70021.07420000009,-0.5001505300000006,STOP_LOSS,7.0,12.0,8837.0,0.4617,NEU,
ad1252eae7ad422e,2025-01-02 14:30:00+00:00,2025-01-07 16:00:00,INTU,S11,1572,636.03,615.42,0.0,-32398.92000000002,-0.2314208571428572,SENTIMENT_EOD_SELL,7.0,12.0,7290.0,0.3089,NEU,
8d4957221e162334,2025-01-02 09:00:00+00:00,2025-01-13 09:02:00+00:00,AVGO,S11,4256,234.96,218.5028,0.0,-70041.8432,-0.7611454999999999,STOP_LOSS,7.0,12.0,15842.0,0.42483,NEU,
e4d2348e6871e5ac,2025-01-03 00:07:00+00:00,2025-01-10 14:28:00+00:00,ADBE,S11,2268,440.76,409.8968,0.0,-69997.73760000001,-0.49998384,STOP_LOSS,7.0,12.0,10941.0,0.36422,NEU,
eedfe350bb3e9e3b,2025-01-02 09:04:00+00:00,2025-01-09 09:30:00,QCOM,S11,6475,154.42,157.91,0.0,22597.75000000006,0.1614125000000004,SENTIMENT_MORNING_SELL,7.0,12.0,10106.0,0.3394999999999999,NEU,
6848ed95ae6e9ef1,2025-01-04 00:00:00+00:00,2025-01-09 16:00:00,META,S11,1655,604.11,608.6291,0.0,7479.110499999968,0.0534222178571426,SENTIMENT_EOD_SELL,7.0,12.0,8160.0,0.38292,NEU,
28f024cf7119be45,2025-01-03 00:03:00+00:00,2025-01-10 09:30:00,GOOGL,S11,5295,188.85,192.79,0.0,20862.300000000138,0.1490164285714295,SENTIMENT_MORNING_SELL,7.0,12.0,10647.0,0.33706,NEU,
d6310515e2e936b7,2025-01-06 09:00:00+00:00,2025-01-10 15:00:00+00:00,TSLA,S11,2408,415.21,386.1353,0.0,-70011.87760000002,-0.5000848400000002,STOP_LOSS,7.0,12.0,6120.0,0.3354222222222222,NEU,
7fe4749caf520c46,2025-01-06 09:03:00+00:00,2025-01-10 15:40:00+00:00,ORCL,S11,5984,167.09,155.3837,0.0,-70050.49919999999,-0.5003607085714284,STOP_LOSS,7.0,12.0,6157.0,0.3208,NEU,
ef23d46f06376b9e,2025-01-06 09:00:00+00:00,2025-01-10 16:00:00,AAPL,S11,4100,243.9,237.0,0.0,-28289.999999999905,-0.2020714285714279,SENTIMENT_EOD_SELL,7.0,12.0,6180.0,0.4261199999999999,NEU,
e1c129924b99131f,2025-01-06 09:00:00+00:00,2025-01-10 16:00:00,GOOGL,S11,5186,192.81,191.76,0.0,-5445.299999999912,-0.0388949999999993,SENTIMENT_EOD_SELL,7.0,12.0,6180.0,0.36315,NEU,
e4dd377c7edf4d14,2025-01-06 09:11:00+00:00,2025-01-10 16:00:00,CSCO,S11,16963,58.95,58.8092,0.0,-2388.3903999998574,-0.0170599314285704,SENTIMENT_EOD_SELL,7.0,12.0,6169.0,0.63775,NEU,
e02505563c1d2294,2025-01-06 12:23:00+00:00,2025-01-10 16:00:00,INTU,S11,1582,632.01,623.42,0.0,-13589.38000000005,-0.0970670000000003,SENTIMENT_EOD_SELL,7.0,12.0,5977.0,0.5129333333333334,NEU,
0a3f9874eed85ef9,2025-01-02 09:00:00+00:00,2025-01-13 09:30:00,AMZN,S11,4536,220.45,222.2953,0.0,8370.28080000004,0.0597877200000002,SENTIMENT_MORNING_SELL,7.0,12.0,15870.0,0.3823,NEU,
6cccb9d6a4caeeb3,2025-01-04 00:01:00+00:00,2025-01-13 16:00:00,AVGO,S11,4318,231.55,228.04,0.0,-15156.179999999838,-0.1082584285714274,SENTIMENT_EOD_SELL,7.0,12.0,13919.0,0.5477666666666666,NEU,
37cb54048f2df233,2025-01-08 00:15:00+00:00,2025-01-13 16:00:00,ORCL,S11,6176,161.89999999999998,154.58,0.0,-45208.31999999978,-0.3229165714285699,SENTIMENT_EOD_SELL,7.0,12.0,8145.0,0.30224,NEU,
7eb21ffdd9593f8a,2025-01-08 00:03:00+00:00,2025-01-13 16:00:00,ADBE,S11,2375,421.01,410.1099,0.0,-25887.73750000002,-0.1849124107142858,SENTIMENT_EOD_SELL,7.0,12.0,8157.0,0.4220333333333333,NEU,
f759db5466479a70,2025-01-03 00:06:00+00:00,2025-01-14 09:30:00,MSFT,S11,2389,418.43,423.84,0.0,12924.49000000006,0.0923177857142861,SENTIMENT_MORNING_SELL,7.0,12.0,16404.0,0.4357499999999999,NEU,
9c0868aaaf96beb2,2025-01-03 00:26:00+00:00,2025-01-14 09:30:00,TSM,S11,4956,201.77,206.8991,0.0,25419.81960000011,0.1815701400000008,SENTIMENT_MORNING_SELL,7.0,12.0,16384.0,0.514,NEU,
512b30cb495aa888,2025-01-09 00:06:00+00:00,2025-01-14 16:00:00,TSM,S11,4832,206.9191,202.24,0.0,-22609.41119999989,-0.1614957942857135,SENTIMENT_EOD_SELL,7.0,12.0,8154.0,0.5329666666666667,NEU,
b9621750e5fb7946,2025-01-09 00:38:00+00:00,2025-01-14 16:00:00,CSCO,S11,16934,59.05,59.4,0.0,5926.900000000024,0.0423350000000001,SENTIMENT_EOD_SELL,7.0,12.0,8122.0,0.4253,NEU,
422f3a97d59e1c43,2025-01-10 09:00:00+00:00,2025-01-13 14:24:00+00:00,NVDA,S11,7193,139.01,129.2693,0.0,-70064.85510000003,-0.5004632507142859,STOP_LOSS,7.0,12.0,4644.0,0.39033,NEU,
520f6956921253a7,2025-01-09 00:02:00+00:00,2025-01-15 16:00:00,QCOM,S11,6296,158.82999999999998,164.9778,0.0,38706.54880000011,0.2764753485714294,SENTIMENT_EOD_SELL,7.0,12.0,9598.0,0.5813,NEU,
b53b82dba975dae8,2025-01-10 09:00:00+00:00,2025-01-15 16:00:00,CSCO,S11,16889,59.21,60.07,0.0,14524.53999999999,0.1037467142857142,SENTIMENT_EOD_SELL,7.0,12.0,7620.0,0.43445,NEU,
7f09c6ab10916df0,2025-01-11 00:22:00+00:00,2025-01-21 20:38:00+00:00,ORCL,S11,6472,154.51,173.0412,0.0,119933.92640000008,0.8566709028571434,TAKE_PROFIT,7.0,12.0,15616.0,0.7946500000000001,NEU,
4271de1b75d434d7,2025-01-09 00:00:00+00:00,2025-01-17 09:30:00,AMZN,S11,4509,221.7565,217.72,0.0,-18200.578499999952,-0.1300041321428568,SENTIMENT_MORNING_SELL,7.0,12.0,12090.0,0.34605,NEU,
fbc8d3158e0187ee,2025-01-09 00:00:00+00:00,2025-01-17 09:30:00,AVGO,S11,4379,228.36,221.99,0.0,-27894.229999999898,-0.1992444999999992,SENTIMENT_MORNING_SELL,7.0,12.0,12090.0,0.3892333333333333,NEU,
c62ea0f3899a9266,2025-01-13 09:00:00+00:00,2025-01-17 15:13:00+00:00,TSLA,S11,2591,385.91,432.2092,0.0,119961.22720000012,0.8568659085714294,TAKE_PROFIT,7.0,12.0,6133.0,0.4012166666666666,NEU,
e6eb9a6adba1bae9,2025-01-13 09:00:00+00:00,2025-01-17 16:00:00,TSM,S11,4881,204.84,210.84,0.0,29286.0,0.2091857142857142,SENTIMENT_EOD_SELL,7.0,12.0,6180.0,0.7845,NEU,
fae04b8ce4a5143c,2025-01-10 14:25:00+00:00,2025-01-17 22:18:00+00:00,INTU,S11,1625,615.03,601.0600000000001,0.0,-22701.249999999854,-0.1621517857142847,BACKTEST_END,7.0,12.0,10553.0,0.6808,NEU,
fd2005ba330960b2,2025-01-11 00:13:00+00:00,2025-01-17 23:53:00+00:00,ADBE,S11,2464,405.84,430.8954,0.0,61736.50560000005,0.4409750400000003,BACKTEST_END,7.0,12.0,10060.0,0.603,NEU,
b0fc526ec44bdd9d,2025-01-11 00:34:00+00:00,2025-01-18 00:00:00+00:00,QCOM,S11,6361,157.20499999999998,164.55,0.0,46721.54500000017,0.3337253214285727,BACKTEST_END,7.0,12.0,10046.0,0.4729,NEU,
3bd833251c377e14,2025-01-02 09:38:00+00:00,2025-01-10 14:43:00+00:00,ORCL,S12,5955,167.91,156.1463,0.0,-70052.8335,-0.5003773821428571,STOP_LOSS,7.0,20.0,11825.0,0.346,NEU,
b1a17c2b377490ac,2025-01-02 09:21:00+00:00,2025-01-08 12:38:00+00:00,ADBE,S12,2233,447.82,416.4625999999999,0.0,-70021.07420000009,-0.5001505300000006,STOP_LOSS,7.0,20.0,8837.0,0.4617,NEU,
06ed272a9614ec90,2025-01-02 14:30:00+00:00,2025-01-07 16:00:00,INTU,S12,1572,636.03,615.42,0.0,-32398.92000000002,-0.2314208571428572,SENTIMENT_EOD_SELL,7.0,20.0,7290.0,0.3089,NEU,
d465e5fbaecdcf35,2025-01-02 09:00:00+00:00,2025-01-13 09:02:00+00:00,AVGO,S12,4256,234.96,218.5028,0.0,-70041.8432,-0.7611454999999999,STOP_LOSS,7.0,20.0,15842.0,0.42483,NEU,
679912f371860b57,2025-01-03 00:07:00+00:00,2025-01-10 14:28:00+00:00,ADBE,S12,2268,440.76,409.8968,0.0,-69997.73760000001,-0.49998384,STOP_LOSS,7.0,20.0,10941.0,0.36422,NEU,
6aaf6d195beec109,2025-01-02 09:00:00+00:00,2025-01-08 16:00:00,NVDA,S12,7521,132.95999999999998,138.35000000000002,0.0,40538.19000000032,0.2895585000000023,SENTIMENT_EOD_SELL,7.0,20.0,9060.0,0.3014199999999999,NEU,
512c445874066f66,2025-01-02 09:04:00+00:00,2025-01-09 09:30:00,QCOM,S12,6475,154.42,157.91,0.0,22597.75000000006,0.1614125000000004,SENTIMENT_MORNING_SELL,7.0,20.0,10106.0,0.3394999999999999,NEU,
5eae746820cef408,2025-01-04 00:00:00+00:00,2025-01-09 16:00:00,META,S12,1655,604.11,608.6291,0.0,7479.110499999968,0.0534222178571426,SENTIMENT_EOD_SELL,7.0,20.0,8160.0,0.38292,NEU,
7ccabc2611df6c44,2025-01-03 00:03:00+00:00,2025-01-10 09:30:00,GOOGL,S12,5295,188.85,192.79,0.0,20862.300000000138,0.1490164285714295,SENTIMENT_MORNING_SELL,7.0,20.0,10647.0,0.33706,NEU,
a0664c3dd011e6c9,2025-01-06 09:00:00+00:00,2025-01-10 15:00:00+00:00,TSLA,S12,2408,415.21,386.1353,0.0,-70011.87760000002,-0.5000848400000002,STOP_LOSS,7.0,20.0,6120.0,0.3354222222222222,NEU,
34b626f576e4a186,2025-01-06 09:03:00+00:00,2025-01-10 15:40:00+00:00,ORCL,S12,5984,167.09,155.3837,0.0,-70050.49919999999,-0.5003607085714284,STOP_LOSS,7.0,20.0,6157.0,0.3208,NEU,
43e322904a3357a5,2025-01-06 09:00:00+00:00,2025-01-10 16:00:00,AAPL,S12,4100,243.9,237.0,0.0,-28289.999999999905,-0.2020714285714279,SENTIMENT_EOD_SELL,7.0,20.0,6180.0,0.4261199999999999,NEU,
b4a5448ba5ab8ed7,2025-01-06 09:00:00+00:00,2025-01-10 16:00:00,GOOGL,S12,5186,192.81,191.76,0.0,-5445.299999999912,-0.0388949999999993,SENTIMENT_EOD_SELL,7.0,20.0,6180.0,0.36315,NEU,
c732f4c26371f3e6,2025-01-06 09:11:00+00:00,2025-01-10 16:00:00,CSCO,S12,16963,58.95,58.8092,0.0,-2388.3903999998574,-0.0170599314285704,SENTIMENT_EOD_SELL,7.0,20.0,6169.0,0.63775,NEU,
01e19b03b97d4ee5,2025-01-06 12:23:00+00:00,2025-01-10 16:00:00,INTU,S12,1582,632.01,623.42,0.0,-13589.38000000005,-0.0970670000000003,SENTIMENT_EOD_SELL,7.0,20.0,5977.0,0.5129333333333334,NEU,
54e8f3be4494cc0c,2025-01-02 09:00:00+00:00,2025-01-13 09:30:00,AMZN,S12,4536,220.45,222.2953,0.0,8370.28080000004,0.0597877200000002,SENTIMENT_MORNING_SELL,7.0,20.0,15870.0,0.3823,NEU,
7f82449f628fff26,2025-01-04 00:01:00+00:00,2025-01-13 16:00:00,AVGO,S12,4318,231.55,228.04,0.0,-15156.179999999838,-0.1082584285714274,SENTIMENT_EOD_SELL,7.0,20.0,13919.0,0.5477666666666666,NEU,
32b5d3687d1d0b8d,2025-01-08 00:15:00+00:00,2025-01-13 16:00:00,ORCL,S12,6176,161.89999999999998,154.58,0.0,-45208.31999999978,-0.3229165714285699,SENTIMENT_EOD_SELL,7.0,20.0,8145.0,0.30224,NEU,
a7abb438a36b33b7,2025-01-08 00:03:00+00:00,2025-01-13 16:00:00,ADBE,S12,2375,421.01,410.1099,0.0,-25887.73750000002,-0.1849124107142858,SENTIMENT_EOD_SELL,7.0,20.0,8157.0,0.4220333333333333,NEU,
5f73c89c616d5350,2025-01-02 09:00:00+00:00,2025-01-14 09:30:00,TSM,S12,5072,197.16,206.8991,0.0,49396.715200000035,0.3528336800000002,SENTIMENT_MORNING_SELL,7.0,20.0,17310.0,0.3469888888888889,NEU,
3a4482560f60f928,2025-01-03 00:06:00+00:00,2025-01-14 09:30:00,MSFT,S12,2389,418.43,423.84,0.0,12924.49000000006,0.0923177857142861,SENTIMENT_MORNING_SELL,7.0,20.0,16404.0,0.4357499999999999,NEU,
441171c97731367c,2025-01-09 00:06:00+00:00,2025-01-14 16:00:00,TSM,S12,4832,206.9191,202.24,0.0,-22609.41119999989,-0.1614957942857135,SENTIMENT_EOD_SELL,7.0,20.0,8154.0,0.5329666666666667,NEU,
baf61411fc40bfa7,2025-01-09 00:38:00+00:00,2025-01-14 16:00:00,CSCO,S12,16934,59.05,59.4,0.0,5926.900000000024,0.0423350000000001,SENTIMENT_EOD_SELL,7.0,20.0,8122.0,0.4253,NEU,
e79d9a982390fb97,2025-01-10 09:00:00+00:00,2025-01-13 14:24:00+00:00,NVDA,S12,7193,139.01,129.2693,0.0,-70064.85510000003,-0.5004632507142859,STOP_LOSS,7.0,20.0,4644.0,0.39033,NEU,
9ce04b175733d931,2025-01-09 00:02:00+00:00,2025-01-15 16:00:00,QCOM,S12,6296,158.82999999999998,164.9778,0.0,38706.54880000011,0.2764753485714294,SENTIMENT_EOD_SELL,7.0,20.0,9598.0,0.5813,NEU,
b105d29dcea9d50a,2025-01-10 09:00:00+00:00,2025-01-15 16:00:00,CSCO,S12,16889,59.21,60.07,0.0,14524.53999999999,0.1037467142857142,SENTIMENT_EOD_SELL,7.0,20.0,7620.0,0.43445,NEU,
bca8230a9427f489,2025-01-11 00:22:00+00:00,2025-01-16 16:00:00,ORCL,S12,6472,154.51,159.56,0.0,32683.600000000075,0.2334542857142862,SENTIMENT_EOD_SELL,7.0,20.0,8138.0,0.7946500000000001,NEU,
0e35302463c2ca5f,2025-01-09 00:00:00+00:00,2025-01-17 09:30:00,AMZN,S12,4509,221.7565,217.72,0.0,-18200.578499999952,-0.1300041321428568,SENTIMENT_MORNING_SELL,7.0,20.0,12090.0,0.34605,NEU,
bf02a011bd06a84b,2025-01-09 00:00:00+00:00,2025-01-17 09:30:00,AVGO,S12,4379,228.36,221.99,0.0,-27894.229999999898,-0.1992444999999992,SENTIMENT_MORNING_SELL,7.0,20.0,12090.0,0.3892333333333333,NEU,
17e8035c1d91ff90,2025-01-13 09:00:00+00:00,2025-01-17 16:00:00,TSM,S12,4881,204.84,210.84,0.0,29286.0,0.2091857142857142,SENTIMENT_EOD_SELL,7.0,20.0,6180.0,0.7845,NEU,
78b859f25600fcda,2025-01-13 09:00:00+00:00,2025-01-17 16:00:00,TSLA,S12,2591,385.91,427.69,0.0,108251.98000000008,0.7732284285714291,SENTIMENT_EOD_SELL,7.0,20.0,6180.0,0.4012166666666666,NEU,
05f39a518b761f7c,2025-01-10 14:25:00+00:00,2025-01-17 22:18:00+00:00,INTU,S12,1625,615.03,601.0600000000001,0.0,-22701.249999999854,-0.1621517857142847,BACKTEST_END,7.0,20.0,10553.0,0.6808,NEU,
984043882b54b288,2025-01-11 00:13:00+00:00,2025-01-17 23:53:00+00:00,ADBE,S12,2464,405.84,430.8954,0.0,61736.50560000005,0.4409750400000003,BACKTEST_END,7.0,20.0,10060.0,0.603,NEU,
65fef0f6252d1f84,2025-01-11 00:34:00+00:00,2025-01-18 00:00:00+00:00,QCOM,S12,6361,157.20499999999998,164.55,0.0,46721.54500000017,0.3337253214285727,BACKTEST_END,7.0,20.0,10046.0,0.4729,NEU,
